0.000000e+00 7.751877e-01 1.704176e+00 1.456205e+00 -1.249754e+00 1.862167e+00 1.886630e+00
0.000000e+00 -3.834806e-01 7.239127e-01 -1.492294e+00 -9.009822e-01 5.088177e-01 4.282489e-01
0.000000e+00 1.161410e+00 -1.063626e+00 2.768051e-01 -9.009822e-01 -5.322202e-01 -5.453313e-01
0.000000e+00 2.742182e-03 -1.005963e+00 -9.025945e-01 -9.009822e-01 -1.000687e+00 -9.867225e-01
0.000000e+00 7.751877e-01 3.202750e-01 8.665048e-01 1.453332e-01 5.608696e-01 6.322377e-01
0.000000e+00 -7.697033e-01 4.932626e-01 1.456205e+00 4.941050e-01 3.006101e-01 2.330584e-01
0.000000e+00 7.751877e-01 2.049499e-01 -9.025945e-01 4.941050e-01 4.047139e-01 4.621870e-01
0.000000e+00 1.161410e+00 -1.409601e+00 -1.492294e+00 4.941050e-01 -6.883759e-01 -8.965079e-01
0.000000e+00 2.742182e-03 4.356000e-01 8.665048e-01 -9.009822e-01 3.006101e-01 4.110067e-01
0.000000e+00 -3.834806e-01 1.127550e+00 -1.492294e+00 -1.598526e+00 7.170252e-01 7.783790e-01
0.000000e+00 1.161410e+00 1.242875e+00 -1.492294e+00 1.453332e-01 1.497804e+00 1.528240e+00
0.000000e+00 1.161410e+00 5.509251e-01 -3.128947e-01 -9.009822e-01 9.252328e-01 9.120175e-01
0.000000e+00 -7.697033e-01 -1.294276e+00 1.456205e+00 -9.009822e-01 -1.469154e+00 -1.448699e+00
0.000000e+00 3.889649e-01 -1.294276e+00 -1.492294e+00 -9.009822e-01 -1.156843e+00 -1.127942e+00
0.000000e+00 2.742182e-03 5.509251e-01 2.768051e-01 1.191649e+00 6.649733e-01 5.532967e-01
0.000000e+00 -1.155926e+00 1.472874e-01 -1.492294e+00 -5.522104e-01 -6.363240e-01 -3.873747e-01
0.000000e+00 1.161410e+00 2.049499e-01 8.665048e-01 -2.034386e-01 6.129215e-01 6.644120e-01
0.000000e+00 3.889649e-01 7.815752e-01 2.768051e-01 -9.009822e-01 7.690771e-01 8.520583e-01
0.000000e+00 -1.155926e+00 -8.906381e-01 -1.492294e+00 1.540420e+00 -1.312999e+00 -1.278964e+00
0.000000e+00 2.742182e-03 3.202750e-01 2.768051e-01 -1.598526e+00 4.047139e-01 2.599379e-01
0.000000e+00 -1.542149e+00 1.704176e+00 -1.492294e+00 -5.522104e-01 8.211290e-01 8.935910e-01
0.000000e+00 3.889649e-01 1.531188e+00 1.456205e+00 -1.598526e+00 1.549856e+00 1.569382e+00
0.000000e+00 1.547633e+00 2.626125e-01 2.768051e-01 4.941050e-01 9.252328e-01 8.612010e-01
0.000000e+00 -1.542149e+00 8.969003e-01 -9.025945e-01 4.941050e-01 9.240252e-02 2.079233e-01
0.000000e+00 -7.697033e-01 -4.870004e-01 -3.128947e-01 -5.522104e-01 -1.052739e+00 -7.718101e-01
0.000000e+00 7.751877e-01 -4.293379e-01 2.768051e-01 -2.034386e-01 -3.240126e-01 -9.089907e-02
0.000000e+00 -3.834806e-01 5.509251e-01 8.665048e-01 1.540420e+00 5.608696e-01 4.400504e-01
0.000000e+00 1.547633e+00 8.392377e-01 -3.128947e-01 4.941050e-01 1.445752e+00 1.365743e+00
0.000000e+00 -7.697033e-01 1.415863e+00 -3.128947e-01 1.453332e-01 9.772847e-01 9.954087e-01
0.000000e+00 2.742182e-03 1.185213e+00 -1.492294e+00 -5.522104e-01 9.772847e-01 1.010166e+00
0.000000e+00 -7.697033e-01 -4.870004e-01 2.768051e-01 -5.522104e-01 -8.445316e-01 -7.470146e-01
0.000000e+00 7.751877e-01 -1.467263e+00 1.456205e+00 -1.249754e+00 -1.000687e+00 -1.024724e+00
0.000000e+00 2.742182e-03 3.196234e-02 -3.128947e-01 1.540420e+00 1.444544e-01 6.230082e-02
0.000000e+00 1.547633e+00 -1.005963e+00 8.665048e-01 -1.249754e+00 -4.281164e-01 -3.295604e-01
0.000000e+00 7.751877e-01 -1.410252e-01 1.456205e+00 -5.522104e-01 2.485582e-01 2.131574e-01
0.000000e+00 -1.155926e+00 1.588851e+00 1.456205e+00 -2.034386e-01 9.772847e-01 1.070148e+00
0.000000e+00 -3.834806e-01 -6.023255e-01 8.665048e-01 -5.522104e-01 -6.883759e-01 -6.798419e-01
0.000000e+00 1.547633e+00 1.472874e-01 8.665048e-01 -9.009822e-01 6.649733e-01 7.393170e-01
0.000000e+00 -1.155926e+00 -8.329756e-01 -1.492294e+00 -1.249754e+00 -1.208895e+00 -1.307654e+00
0.000000e+00 1.547633e+00 -8.336272e-02 -9.025945e-01 -5.522104e-01 4.567658e-01 4.633988e-01
0.000000e+00 2.742182e-03 -4.293379e-01 2.768051e-01 -2.034386e-01 -5.322202e-01 -3.873885e-01
0.000000e+00 -1.155926e+00 -3.716754e-01 -3.128947e-01 -1.598526e+00 -8.445316e-01 -8.447963e-01
0.000000e+00 -3.834806e-01 2.049499e-01 2.768051e-01 -1.598526e+00 1.444544e-01 5.825718e-03
0.000000e+00 7.751877e-01 -1.351938e+00 1.456205e+00 1.453332e-01 -1.000687e+00 -8.780447e-01
0.000000e+00 1.161410e+00 4.356000e-01 -3.128947e-01 -2.034386e-01 8.211290e-01 8.265560e-01
0.000000e+00 -7.697033e-01 3.779375e-01 -1.492294e+00 -5.522104e-01 -6.375316e-02 -2.739512e-02
0.000000e+00 -1.542149e+00 -1.524926e+00 2.768051e-01 -1.598526e+00 -1.989673e+00 -2.026920e+00
0.000000e+00 -3.834806e-01 2.049499e-01 -1.492294e+00 4.941050e-01 -6.375316e-02 -7.342574e-03
0.000000e+00 -1.155926e+00 6.662501e-01 -1.492294e+00 -5.522104e-01 1.444544e-01 8.902876e-02
0.000000e+00 1.161410e+00 -4.870004e-01 2.768051e-01 -9.009822e-01 -1.158051e-01 -1.599406e-02
0.000000e+00 -3.834806e-01 -1.467263e+00 2.768051e-01 4.941050e-01 -1.469154e+00 -1.468034e+00
0.000000e+00 -1.155926e+00 1.127550e+00 -3.128947e-01 -1.249754e+00 5.088177e-01 5.416834e-01
0.000000e+00 3.889649e-01 6.662501e-01 1.456205e+00 1.540420e+00 1.029337e+00 8.672027e-01
0.000000e+00 3.889649e-01 -4.293379e-01 1.456205e+00 -1.598526e+00 -1.678569e-01 -2.303649e-01
0.000000e+00 -3.834806e-01 1.358200e+00 8.665048e-01 -5.522104e-01 1.185492e+00 1.119905e+00
0.000000e+00 3.889649e-01 1.704176e+00 -1.492294e+00 8.428768e-01 1.862167e+00 1.675627e+00
0.000000e+00 -1.155926e+00 -8.906381e-01 1.456205e+00 1.453332e-01 -1.156843e+00 -1.195799e+00
0.000000e+00 -1.155926e+00 3.196234e-02 -9.025945e-01 1.191649e+00 -4.281164e-01 -4.174317e-01
0.000000e+00 -3.834806e-01 1.646513e+00 -3.128947e-01 -1.598526e+00 1.185492e+00 1.304373e+00
0.000000e+00 1.161410e+00 -1.236613e+00 -3.128947e-01 -1.598526e+00 -8.965834e-01 -7.493338e-01
0.000000e+00 7.751877e-01 7.239127e-01 8.665048e-01 -2.034386e-01 7.690771e-01 9.925708e-01
0.000000e+00 1.547633e+00 1.588851e+00 8.665048e-01 1.453332e-01 2.226530e+00 2.093269e+00
0.000000e+00 1.161410e+00 1.300538e+00 -1.492294e+00 8.428768e-01 1.653959e+00 1.601580e+00
0.000000e+00 2.742182e-03 -3.140128e-01 -3.128947e-01 -9.009822e-01 -3.240126e-01 -3.267225e-01
0.000000e+00 -1.155926e+00 -3.140128e-01 -3.128947e-01 1.453332e-01 -7.404278e-01 -7.408476e-01
0.000000e+00 2.742182e-03 1.069888e+00 -9.025945e-01 -9.009822e-01 8.211290e-01 9.188914e-01
0.000000e+00 1.161410e+00 -5.446629e-01 -1.492294e+00 8.428768e-01 -6.375316e-02 -9.229907e-02
0.000000e+00 1.547633e+00 -1.236613e+00 -1.492294e+00 -5.522104e-01 -6.883759e-01 -6.200710e-01
0.000000e+00 1.547633e+00 1.415863e+00 1.456205e+00 -1.249754e+00 1.862167e+00 1.918451e+00
0.000000e+00 -1.542149e+00 1.012225e+00 8.665048e-01 1.191649e+00 3.006101e-01 4.085831e-01
0.000000e+00 1.547633e+00 4.356000e-01 1.456205e+00 1.540420e+00 9.772847e-01 1.100202e+00
0.000000e+00 7.751877e-01 -4.870004e-01 -1.492294e+00 8.428768e-01 -6.375316e-02 -1.876101e-01
0.000000e+00 1.547633e+00 7.239127e-01 -9.025945e-01 1.453332e-01 1.341648e+00 1.224877e+00
0.000000e+00 1.161410e+00 -4.293379e-01 -1.492294e+00 -9.009822e-01 -1.678569e-01 -3.744662e-02
0.000000e+00 -1.542149e+00 1.069888e+00 1.456205e+00 -1.249754e+00 5.088177e-01 4.148912e-01
0.000000e+00 1.161410e+00 -1.524926e+00 2.768051e-01 -5.522104e-01 -1.000687e+00 -9.585980e-01
0.000000e+00 1.161410e+00 -8.336272e-02 2.768051e-01 -5.522104e-01 3.006101e-01 3.647450e-01
0.000000e+00 -7.697033e-01 -8.906381e-01 -9.025945e-01 -1.598526e+00 -1.052739e+00 -1.197751e+00
0.000000e+00 -1.542149e+00 -1.697914e+00 8.665048e-01 1.191649e+00 -2.093777e+00 -2.079302e+00
0.000000e+00 1.161410e+00 1.358200e+00 -3.128947e-01 1.540420e+00 1.706011e+00 1.724511e+00
0.000000e+00 -7.697033e-01 -2.570019e-02 -1.492294e+00 8.428768e-01 -5.322202e-01 -3.571192e-01
0.000000e+00 -7.697033e-01 -8.336272e-02 1.456205e+00 4.941050e-01 -3.240126e-01 -2.962788e-01
0.000000e+00 -1.542149e+00 -6.023255e-01 8.665048e-01 1.453332e-01 -1.156843e+00 -1.104170e+00
0.000000e+00 2.742182e-03 1.472874e-01 1.456205e+00 -9.009822e-01 2.485582e-01 1.711336e-01
0.000000e+00 7.751877e-01 6.085876e-01 8.665048e-01 -5.522104e-01 8.211290e-01 8.765003e-01
0.000000e+00 1.547633e+00 7.815752e-01 -1.492294e+00 -1.249754e+00 1.341648e+00 1.212203e+00
0.000000e+00 7.751877e-01 3.202750e-01 -3.128947e-01 4.941050e-01 6.129215e-01 5.928499e-01
0.000000e+00 1.547633e+00 1.704176e+00 -1.492294e+00 -1.249754e+00 2.070374e+00 2.059143e+00
0.000000e+00 1.161410e+00 -4.870004e-01 -3.128947e-01 1.540420e+00 1.444544e-01 3.063149e-02
0.000000e+00 -1.155926e+00 -1.005963e+00 1.456205e+00 -1.598526e+00 -1.365050e+00 -1.352681e+00
0.000000e+00 -1.542149e+00 -1.351938e+00 -9.025945e-01 1.453332e-01 -1.781466e+00 -1.866695e+00
0.000000e+00 7.751877e-01 -1.294276e+00 -3.128947e-01 -5.522104e-01 -8.965834e-01 -9.199033e-01
0.000000e+00 7.751877e-01 -1.410252e-01 8.665048e-01 8.428768e-01 2.485582e-01 2.291740e-01
0.000000e+00 1.161410e+00 8.392377e-01 -9.025945e-01 -1.598526e+00 1.081388e+00 1.131485e+00
0.000000e+00 2.742182e-03 7.239127e-01 1.456205e+00 1.191649e+00 7.170252e-01 7.616887e-01
0.000000e+00 -7.697033e-01 -1.236613e+00 2.768051e-01 1.453332e-01 -1.312999e+00 -1.414747e+00
0.000000e+00 1.161410e+00 -3.140128e-01 -9.025945e-01 -1.249754e+00 9.240252e-02 8.301325e-02
0.000000e+00 3.889649e-01 1.473526e+00 -3.128947e-01 8.428768e-01 1.341648e+00 1.513483e+00
0.000000e+00 -7.697033e-01 -8.329756e-01 -9.025945e-01 -2.034386e-01 -1.000687e+00 -1.104005e+00
0.000000e+00 -1.542149e+00 -1.178951e+00 1.456205e+00 -2.034386e-01 -1.573258e+00 -1.618915e+00
0.000000e+00 -7.697033e-01 -1.121288e+00 -9.025945e-01 -2.034386e-01 -1.469154e+00 -1.368673e+00
0.000000e+00 2.742182e-03 3.196234e-02 1.456205e+00 4.941050e-01 3.006101e-01 1.060781e-01
0.000000e+00 -7.697033e-01 -1.063626e+00 2.768051e-01 4.941050e-01 -1.104791e+00 -1.245743e+00
0.000000e+00 -1.542149e+00 1.704176e+00 -3.128947e-01 1.540420e+00 1.081388e+00 1.004400e+00
0.000000e+00 2.742182e-03 3.196234e-02 8.665048e-01 4.941050e-01 9.240252e-02 8.128268e-02
0.000000e+00 7.751877e-01 -9.483006e-01 -9.025945e-01 1.540420e+00 -5.322202e-01 -5.658784e-01
0.000000e+00 7.751877e-01 1.185213e+00 -1.492294e+00 -1.249754e+00 1.081388e+00 1.286250e+00
0.000000e+00 1.547633e+00 7.815752e-01 8.665048e-01 8.428768e-01 1.445752e+00 1.372603e+00
0.000000e+00 -7.697033e-01 8.962487e-02 -9.025945e-01 -1.598526e+00 -2.719607e-01 -2.978773e-01
0.000000e+00 7.751877e-01 1.127550e+00 8.665048e-01 -1.249754e+00 1.341648e+00 1.332498e+00
0.000000e+00 -1.542149e+00 1.300538e+00 -1.492294e+00 4.941050e-01 5.608696e-01 5.536640e-01
0.000000e+00 -3.834806e-01 -7.753131e-01 8.665048e-01 -5.522104e-01 -8.965834e-01 -8.386431e-01
0.000000e+00 -3.834806e-01 2.626125e-01 8.665048e-01 1.540420e+00 4.035063e-02 1.753818e-01
0.000000e+00 2.742182e-03 -1.697914e+00 -1.492294e+00 1.540420e+00 -1.573258e+00 -1.575302e+00
0.000000e+00 7.751877e-01 -8.336272e-02 -1.492294e+00 1.191649e+00 4.035063e-02 1.931290e-01
0.000000e+00 7.751877e-01 1.185213e+00 -1.492294e+00 1.191649e+00 1.393700e+00 1.357671e+00
0.000000e+00 -3.834806e-01 -1.524926e+00 2.768051e-01 -9.009822e-01 -1.677362e+00 -1.561780e+00
0.000000e+00 7.751877e-01 -4.293379e-01 1.456205e+00 -9.009822e-01 4.035063e-02 -6.171421e-02
0.000000e+00 -7.697033e-01 -1.410252e-01 1.456205e+00 1.191649e+00 -4.801683e-01 -3.288065e-01
0.000000e+00 3.889649e-01 -8.329756e-01 -1.492294e+00 1.540420e+00 -6.363240e-01 -6.330511e-01
0.000000e+00 -1.155926e+00 -1.063626e+00 1.456205e+00 8.428768e-01 -1.312999e+00 -1.334194e+00
0.000000e+00 1.547633e+00 1.300538e+00 8.665048e-01 -1.598526e+00 1.914219e+00 1.777585e+00
0.000000e+00 2.742182e-03 -5.446629e-01 -1.492294e+00 1.453332e-01 -5.322202e-01 -5.574392e-01
0.000000e+00 3.889649e-01 8.392377e-01 -9.025945e-01 4.941050e-01 7.690771e-01 8.962132e-01
0.000000e+00 -3.834806e-01 -7.753131e-01 -1.492294e+00 8.428768e-01 -1.000687e+00 -8.970128e-01
0.000000e+00 7.751877e-01 5.509251e-01 -1.492294e+00 -1.249754e+00 8.211290e-01 7.039789e-01
0.000000e+00 1.547633e+00 -1.005963e+00 1.456205e+00 -1.598526e+00 -3.240126e-01 -3.149680e-01
0.000000e+00 7.751877e-01 1.242875e+00 -3.128947e-01 -5.522104e-01 1.393700e+00 1.409180e+00
0.000000e+00 -1.542149e+00 1.588851e+00 8.665048e-01 -1.598526e+00 8.211290e-01 8.562963e-01
0.000000e+00 -1.542149e+00 8.962487e-02 1.456205e+00 -1.249754e+00 -6.363240e-01 -4.849820e-01
0.000000e+00 1.547633e+00 3.779375e-01 8.665048e-01 -9.009822e-01 1.133440e+00 9.510519e-01
0.000000e+00 1.547633e+00 1.127550e+00 -9.025945e-01 -5.522104e-01 1.601907e+00 1.575007e+00
0.000000e+00 -3.834806e-01 -8.906381e-01 2.768051e-01 1.453332e-01 -1.104791e+00 -9.489000e-01
0.000000e+00 1.547633e+00 -1.063626e+00 -3.128947e-01 8.428768e-01 -3.240126e-01 -3.708670e-01
0.000000e+00 -7.697033e-01 1.069888e+00 -9.025945e-01 1.191649e+00 7.170252e-01 6.836199e-01
0.000000e+00 7.751877e-01 1.531188e+00 -9.025945e-01 -5.522104e-01 1.497804e+00 1.649054e+00
0.000000e+00 3.889649e-01 -8.906381e-01 8.665048e-01 -1.598526e+00 -7.404278e-01 -6.786301e-01
0.000000e+00 1.161410e+00 2.049499e-01 -3.128947e-01 -2.034386e-01 6.649733e-01 6.148211e-01
0.000000e+00 1.547633e+00 -1.409601e+00 8.665048e-01 -2.034386e-01 -5.842721e-01 -6.694875e-01
0.000000e+00 2.742182e-03 -7.753131e-01 2.768051e-01 1.191649e+00 -7.404278e-01 -6.641788e-01
0.000000e+00 -1.542149e+00 1.012225e+00 8.665048e-01 1.453332e-01 1.444544e-01 3.779741e-01
0.000000e+00 -7.697033e-01 1.069888e+00 -1.492294e+00 -2.034386e-01 6.649733e-01 6.180125e-01
0.000000e+00 1.161410e+00 1.531188e+00 8.665048e-01 1.540420e+00 2.018323e+00 1.932903e+00
0.000000e+00 3.889649e-01 -6.023255e-01 -1.492294e+00 1.540420e+00 -4.281164e-01 -4.213162e-01
0.000000e+00 1.161410e+00 -1.236613e+00 -9.025945e-01 -2.034386e-01 -7.924797e-01 -7.333173e-01
0.000000e+00 1.547633e+00 1.646513e+00 2.768051e-01 8.428768e-01 2.330634e+00 2.141813e+00
0.000000e+00 -3.834806e-01 -1.467263e+00 1.456205e+00 -1.598526e+00 -1.677362e+00 -1.479661e+00
0.000000e+00 -1.542149e+00 -4.293379e-01 -1.492294e+00 -2.034386e-01 -1.000687e+00 -1.054754e+00
0.000000e+00 -1.542149e+00 1.472874e-01 2.768051e-01 -1.598526e+00 -4.281164e-01 -4.918422e-01
0.000000e+00 -3.834806e-01 4.356000e-01 8.665048e-01 4.941050e-01 2.485582e-01 3.035740e-01
0.000000e+00 7.751877e-01 1.473526e+00 1.456205e+00 4.941050e-01 1.445752e+00 1.725911e+00
0.000000e+00 -1.155926e+00 -9.483006e-01 8.665048e-01 1.540420e+00 -1.156843e+00 -1.232716e+00
0.000000e+00 -7.697033e-01 -7.753131e-01 -9.025945e-01 8.428768e-01 -1.000687e+00 -1.020462e+00
0.000000e+00 -1.542149e+00 1.531188e+00 8.665048e-01 4.941050e-01 9.772847e-01 8.645805e-01
0.000000e+00 2.742182e-03 -6.599880e-01 -1.492294e+00 1.191649e+00 -6.883759e-01 -6.326977e-01
0.000000e+00 -1.542149e+00 1.472874e-01 -9.025945e-01 8.428768e-01 -4.281164e-01 -4.700120e-01
0.000000e+00 1.161410e+00 -1.697914e+00 2.768051e-01 8.428768e-01 -1.260947e+00 -1.076587e+00
0.000000e+00 -1.542149e+00 -1.005963e+00 -9.025945e-01 -9.009822e-01 -1.521206e+00 -1.579701e+00
0.000000e+00 -1.542149e+00 8.969003e-01 2.768051e-01 1.540420e+00 1.444544e-01 2.881232e-01
0.000000e+00 -1.155926e+00 -1.986878e-01 -3.128947e-01 -5.522104e-01 -6.883759e-01 -6.553862e-01
0.000000e+00 -1.155926e+00 -1.409601e+00 -1.492294e+00 -5.522104e-01 -1.937621e+00 -1.816585e+00
0.000000e+00 3.889649e-01 1.646513e+00 -1.492294e+00 -1.598526e+00 1.549856e+00 1.551272e+00
0.000000e+00 7.751877e-01 -1.409601e+00 2.768051e-01 1.453332e-01 -1.000687e+00 -9.805693e-01
0.000000e+00 2.742182e-03 1.472874e-01 8.665048e-01 -1.249754e+00 1.444544e-01 1.361351e-01
0.000000e+00 -1.542149e+00 -2.570019e-02 1.456205e+00 1.191649e+00 -5.322202e-01 -5.194285e-01
0.000000e+00 -1.542149e+00 8.969003e-01 8.665048e-01 -1.598526e+00 2.485582e-01 2.210916e-01
0.000000e+00 -7.697033e-01 2.626125e-01 -3.128947e-01 -1.598526e+00 4.035063e-02 -1.142807e-01
0.000000e+00 -1.155926e+00 -4.293379e-01 2.768051e-01 1.540420e+00 -6.883759e-01 -7.811077e-01
0.000000e+00 2.742182e-03 -1.178951e+00 -3.128947e-01 1.453332e-01 -1.156843e+00 -1.090119e+00
0.000000e+00 3.889649e-01 1.185213e+00 2.768051e-01 -1.598526e+00 1.133440e+00 1.202188e+00
0.000000e+00 7.751877e-01 -6.599880e-01 -3.128947e-01 -9.009822e-01 -2.199088e-01 -3.478354e-01
0.000000e+00 -3.834806e-01 1.185213e+00 2.768051e-01 1.540420e+00 8.731809e-01 9.975259e-01
0.000000e+00 7.751877e-01 -1.410252e-01 -1.492294e+00 -1.249754e+00 9.240252e-02 6.877427e-02
0.000000e+00 1.161410e+00 -4.293379e-01 -3.128947e-01 1.191649e+00 -1.158051e-01 7.336221e-02
0.000000e+00 -1.542149e+00 -1.524926e+00 -3.128947e-01 -2.034386e-01 -2.041725e+00 -2.010903e+00
0.000000e+00 3.889649e-01 -6.023255e-01 2.768051e-01 1.453332e-01 -5.322202e-01 -3.877419e-01
0.000000e+00 1.161410e+00 -6.599880e-01 -9.025945e-01 -1.249754e+00 -3.240126e-01 -2.345891e-01
0.000000e+00 2.742182e-03 6.662501e-01 -9.025945e-01 8.428768e-01 6.129215e-01 5.993703e-01
0.000000e+00 -3.834806e-01 -1.986878e-01 -1.492294e+00 1.453332e-01 -3.240126e-01 -3.880816e-01
0.000000e+00 -1.155926e+00 1.531188e+00 8.665048e-01 8.428768e-01 9.252328e-01 1.023028e+00
0.000000e+00 3.889649e-01 2.049499e-01 8.665048e-01 8.428768e-01 5.088177e-01 3.985316e-01
0.000000e+00 3.889649e-01 -1.524926e+00 -1.492294e+00 -1.598526e+00 -1.469154e+00 -1.360083e+00
0.000000e+00 -1.542149e+00 1.473526e+00 8.665048e-01 4.941050e-01 8.731809e-01 8.116468e-01
0.000000e+00 1.547633e+00 4.356000e-01 1.456205e+00 -1.249754e+00 9.772847e-01 1.018578e+00
0.000000e+00 3.889649e-01 -1.351938e+00 1.456205e+00 8.428768e-01 -8.965834e-01 -1.005883e+00
0.000000e+00 -7.697033e-01 1.012225e+00 1.456205e+00 -1.249754e+00 6.129215e-01 6.584469e-01
0.000000e+00 -3.834806e-01 -1.351938e+00 1.456205e+00 -5.522104e-01 -1.417102e+00 -1.343185e+00
0.000000e+00 -3.834806e-01 1.127550e+00 2.768051e-01 -1.249754e+00 9.252328e-01 8.629682e-01
0.000000e+00 -7.697033e-01 1.242875e+00 -9.025945e-01 4.941050e-01 8.731809e-01 8.220151e-01
0.000000e+00 -7.697033e-01 -2.563503e-01 -1.492294e+00 -2.034386e-01 -6.883759e-01 -5.994630e-01
0.000000e+00 -7.697033e-01 -2.563503e-01 2.768051e-01 1.191649e+00 -4.281164e-01 -4.842648e-01
0.000000e+00 -3.834806e-01 1.358200e+00 1.456205e+00 -2.034386e-01 1.133440e+00 1.154903e+00
0.000000e+00 7.751877e-01 -6.599880e-01 -1.492294e+00 8.428768e-01 -3.240126e-01 -3.464112e-01
0.000000e+00 -3.834806e-01 -1.236613e+00 -9.025945e-01 -1.249754e+00 -1.312999e+00 -1.356905e+00
0.000000e+00 1.547633e+00 -6.023255e-01 8.665048e-01 -9.009822e-01 -6.375316e-02 5.117864e-02
0.000000e+00 -1.542149e+00 6.662501e-01 2.768051e-01 1.453332e-01 4.035063e-02 3.557632e-02
0.000000e+00 1.161410e+00 8.392377e-01 -9.025945e-01 4.941050e-01 1.029337e+00 1.192703e+00
0.000000e+00 7.751877e-01 1.127550e+00 -1.492294e+00 1.540420e+00 1.185492e+00 1.314940e+00
0.000000e+00 -1.155926e+00 -8.329756e-01 -3.128947e-01 8.428768e-01 -1.208895e+00 -1.196845e+00
0.000000e+00 1.161410e+00 1.358200e+00 2.768051e-01 -9.009822e-01 1.758063e+00 1.677885e+00
0.000000e+00 -1.542149e+00 -7.753131e-01 -1.492294e+00 4.941050e-01 -1.365050e+00 -1.351950e+00
0.000000e+00 1.547633e+00 -4.870004e-01 -1.492294e+00 8.428768e-01 9.240252e-02 1.088794e-01
0.000000e+00 1.547633e+00 -1.005963e+00 -9.025945e-01 1.540420e+00 -3.760645e-01 -3.223227e-01
0.000000e+00 -1.155926e+00 -1.063626e+00 -1.492294e+00 1.453332e-01 -1.469154e+00 -1.478577e+00
0.000000e+00 7.751877e-01 -1.178951e+00 2.768051e-01 -5.522104e-01 -8.965834e-01 -7.892404e-01
0.000000e+00 -7.697033e-01 -1.697914e+00 1.456205e+00 1.453332e-01 -1.937621e+00 -1.788626e+00
0.000000e+00 7.751877e-01 8.962487e-02 2.768051e-01 1.191649e+00 5.608696e-01 4.263164e-01
0.000000e+00 1.547633e+00 -2.570019e-02 -1.492294e+00 -9.009822e-01 5.088177e-01 4.813341e-01
0.000000e+00 -3.834806e-01 -1.294276e+00 -9.025945e-01 -1.249754e+00 -1.469154e+00 -1.409839e+00
0.000000e+00 -1.542149e+00 -5.446629e-01 2.768051e-01 -2.034386e-01 -1.156843e+00 -1.086235e+00
0.000000e+00 -1.155926e+00 -4.870004e-01 -3.128947e-01 4.941050e-01 -9.486353e-01 -8.894458e-01
0.000000e+00 -1.542149e+00 -7.176505e-01 1.456205e+00 -9.009822e-01 -1.365050e+00 -1.215851e+00
0.000000e+00 2.742182e-03 -1.640251e+00 8.665048e-01 -2.034386e-01 -1.521206e+00 -1.474201e+00
0.000000e+00 2.742182e-03 1.012225e+00 -9.025945e-01 -5.522104e-01 8.731809e-01 8.761607e-01
0.000000e+00 7.751877e-01 7.815752e-01 -9.025945e-01 4.941050e-01 1.133440e+00 9.915242e-01
0.000000e+00 1.547633e+00 -1.236613e+00 8.665048e-01 -1.249754e+00 -5.322202e-01 -5.412953e-01
0.000000e+00 1.547633e+00 -1.582588e+00 8.665048e-01 4.941050e-01 -7.404278e-01 -8.078826e-01
0.000000e+00 -7.697033e-01 1.358200e+00 2.768051e-01 -1.249754e+00 9.252328e-01 9.264584e-01
0.000000e+00 -7.697033e-01 -2.563503e-01 -1.492294e+00 -9.009822e-01 -6.363240e-01 -6.198690e-01
0.000000e+00 -7.697033e-01 -5.446629e-01 -1.492294e+00 -2.034386e-01 -8.445316e-01 -8.641316e-01
0.000000e+00 -3.834806e-01 -2.570019e-02 -3.128947e-01 4.941050e-01 -6.375316e-02 -1.694866e-01
0.000000e+00 1.161410e+00 -1.410252e-01 1.456205e+00 1.453332e-01 3.526620e-01 3.818081e-01
0.000000e+00 3.889649e-01 3.202750e-01 -1.492294e+00 4.941050e-01 4.047139e-01 3.950143e-01
0.000000e+00 1.161410e+00 -2.563503e-01 -3.128947e-01 1.453332e-01 1.965063e-01 2.015544e-01
0.000000e+00 -1.542149e+00 2.049499e-01 -3.128947e-01 -1.598526e+00 -4.801683e-01 -4.637039e-01
0.000000e+00 1.161410e+00 -1.294276e+00 -9.025945e-01 -2.034386e-01 -6.883759e-01 -7.862510e-01
0.000000e+00 -3.834806e-01 -1.178951e+00 -9.025945e-01 -1.598526e+00 -1.312999e+00 -1.314174e+00
0.000000e+00 -1.542149e+00 1.012225e+00 1.456205e+00 4.941050e-01 4.047139e-01 4.129725e-01
0.000000e+00 1.161410e+00 1.415863e+00 2.768051e-01 -5.522104e-01 1.758063e+00 1.741022e+00
0.000000e+00 -3.834806e-01 7.239127e-01 8.665048e-01 -2.034386e-01 3.526620e-01 5.478366e-01
0.000000e+00 3.889649e-01 1.127550e+00 8.665048e-01 -1.598526e+00 1.133440e+00 1.174050e+00
0.000000e+00 1.161410e+00 1.358200e+00 1.456205e+00 8.428768e-01 1.706011e+00 1.778491e+00
0.000000e+00 -3.834806e-01 -9.483006e-01 -3.128947e-01 -5.522104e-01 -1.052739e+00 -1.047035e+00
0.000000e+00 -7.697033e-01 5.509251e-01 1.456205e+00 -9.009822e-01 2.485582e-01 2.451802e-01
0.000000e+00 1.547633e+00 1.415863e+00 8.665048e-01 -1.598526e+00 1.914219e+00 1.883453e+00
0.000000e+00 -7.697033e-01 -8.906381e-01 -3.128947e-01 -5.522104e-01 -8.965834e-01 -1.142346e+00
0.000000e+00 1.547633e+00 -7.753131e-01 8.665048e-01 -9.009822e-01 4.035063e-02 -1.076225e-01
0.000000e+00 -1.155926e+00 1.300538e+00 2.768051e-01 8.428768e-01 7.690771e-01 7.864979e-01
0.000000e+00 -1.155926e+00 -7.176505e-01 -9.025945e-01 1.191649e+00 -1.052739e+00 -1.105570e+00
0.000000e+00 -1.155926e+00 8.962487e-02 -9.025945e-01 -2.034386e-01 -4.281164e-01 -4.053100e-01
0.000000e+00 3.889649e-01 4.356000e-01 -3.128947e-01 1.191649e+00 5.608696e-01 5.708786e-01
0.000000e+00 -7.697033e-01 -4.293379e-01 1.456205e+00 -1.598526e+00 -6.363240e-01 -6.750991e-01
0.000000e+00 1.547633e+00 8.969003e-01 8.665048e-01 4.941050e-01 1.341648e+00 1.468267e+00
0.000000e+00 -3.834806e-01 -4.293379e-01 -1.492294e+00 4.941050e-01 -6.363240e-01 -5.896135e-01
0.000000e+00 -1.542149e+00 2.626125e-01 2.768051e-01 1.453332e-01 -4.801683e-01 -3.349597e-01
0.000000e+00 -3.834806e-01 4.932626e-01 8.665048e-01 -5.522104e-01 3.006101e-01 3.258987e-01
0.000000e+00 -1.542149e+00 -8.906381e-01 -1.492294e+00 1.191649e+00 -1.469154e+00 -1.437411e+00
0.000000e+00 2.742182e-03 1.300538e+00 2.768051e-01 -9.009822e-01 1.133440e+00 1.180217e+00
0.000000e+00 -3.834806e-01 -3.716754e-01 2.768051e-01 -1.598526e+00 -6.363240e-01 -5.235115e-01
0.000000e+00 1.161410e+00 -1.410252e-01 -9.025945e-01 -1.249754e+00 2.485582e-01 2.418144e-01
0.000000e+00 1.161410e+00 -8.329756e-01 -3.128947e-01 -9.009822e-01 -3.760645e-01 -3.583918e-01
0.000000e+00 7.751877e-01 -8.329756e-01 8.665048e-01 -1.249754e+00 -4.281164e-01 -4.672487e-01
0.000000e+00 -7.697033e-01 5.509251e-01 2.768051e-01 1.453332e-01 2.485582e-01 2.261983e-01
0.000000e+00 -1.542149e+00 4.932626e-01 8.665048e-01 4.941050e-01 -1.158051e-01 -8.822642e-02
0.000000e+00 -1.542149e+00 -1.409601e+00 2.768051e-01 -2.034386e-01 -1.885569e+00 -1.880241e+00
0.000000e+00 -7.697033e-01 -1.640251e+00 1.456205e+00 -2.034386e-01 -1.677362e+00 -1.745895e+00
0.000000e+00 3.889649e-01 1.358200e+00 -9.025945e-01 4.941050e-01 1.341648e+00 1.372617e+00
0.000000e+00 7.751877e-01 -1.005963e+00 -3.128947e-01 1.453332e-01 -7.404278e-01 -6.348287e-01
0.000000e+00 3.889649e-01 7.815752e-01 -1.492294e+00 8.428768e-01 8.211290e-01 8.286871e-01
0.000000e+00 3.889649e-01 9.545628e-01 -1.492294e+00 1.191649e+00 1.029337e+00 9.976912e-01
0.000000e+00 3.889649e-01 1.646513e+00 1.456205e+00 -1.249754e+00 1.758063e+00 1.685452e+00
0.000000e+00 -7.697033e-01 -1.236613e+00 -9.025945e-01 -1.249754e+00 -1.417102e+00 -1.505150e+00
0.000000e+00 3.889649e-01 2.049499e-01 2.768051e-01 -1.598526e+00 2.485582e-01 3.023152e-01
0.000000e+00 1.161410e+00 -7.753131e-01 -9.025945e-01 4.941050e-01 -6.375316e-02 -2.894415e-01
0.000000e+00 -1.155926e+00 -1.986878e-01 -3.128947e-01 -5.522104e-01 -7.404278e-01 -6.553862e-01
0.000000e+00 2.742182e-03 -8.336272e-02 -1.492294e+00 1.191649e+00 -1.678569e-01 -1.033605e-01
0.000000e+00 -1.542149e+00 3.779375e-01 8.665048e-01 1.453332e-01 -1.158051e-01 -2.042969e-01
0.000000e+00 -1.542149e+00 7.239127e-01 -1.492294e+00 4.941050e-01 -1.678569e-01 2.432676e-02
0.000000e+00 2.742182e-03 -4.870004e-01 -3.128947e-01 4.941050e-01 -4.281164e-01 -4.447116e-01
0.000000e+00 -7.697033e-01 1.185213e+00 2.768051e-01 8.428768e-01 8.211290e-01 8.288752e-01
0.000000e+00 -3.834806e-01 -3.716754e-01 -9.025945e-01 -5.522104e-01 -6.883759e-01 -5.424933e-01
0.000000e+00 -7.697033e-01 -1.351938e+00 -1.492294e+00 -9.009822e-01 -1.781466e+00 -1.625610e+00
0.000000e+00 -1.542149e+00 2.049499e-01 -1.492294e+00 -9.009822e-01 -3.760645e-01 -4.928887e-01
0.000000e+00 -1.542149e+00 1.012225e+00 8.665048e-01 1.540420e+00 4.567658e-01 4.187861e-01
0.000000e+00 2.742182e-03 -1.063626e+00 -9.025945e-01 8.428768e-01 -8.965834e-01 -9.886413e-01
0.000000e+00 3.889649e-01 -4.293379e-01 8.665048e-01 -9.009822e-01 -3.240126e-01 -2.347544e-01
0.000000e+00 -7.697033e-01 -8.906381e-01 8.665048e-01 8.428768e-01 -1.052739e+00 -1.051943e+00
0.000000e+00 1.547633e+00 1.472874e-01 2.768051e-01 -1.249754e+00 9.252328e-01 7.043186e-01
0.000000e+00 2.742182e-03 1.531188e+00 -1.492294e+00 -2.034386e-01 1.341648e+00 1.337972e+00
0.000000e+00 1.161410e+00 -1.005963e+00 1.456205e+00 -2.034386e-01 -4.281164e-01 -4.224007e-01
0.000000e+00 -1.542149e+00 -4.293379e-01 -9.025945e-01 4.941050e-01 -1.000687e+00 -1.009552e+00
0.000000e+00 2.742182e-03 4.356000e-01 2.768051e-01 -2.034386e-01 4.047139e-01 4.066173e-01
0.000000e+00 -7.697033e-01 8.962487e-02 1.456205e+00 1.191649e+00 -1.678569e-01 -1.170716e-01
0.000000e+00 -1.542149e+00 8.392377e-01 2.768051e-01 -9.009822e-01 1.444544e-01 1.637685e-01
0.000000e+00 -3.834806e-01 1.127550e+00 2.768051e-01 1.191649e+00 1.133440e+00 9.343892e-01
0.000000e+00 2.742182e-03 2.626125e-01 -3.128947e-01 -1.598526e+00 1.444544e-01 1.822087e-01
0.000000e+00 7.751877e-01 -1.697914e+00 -3.128947e-01 -9.009822e-01 -1.156843e+00 -1.300642e+00
0.000000e+00 -1.542149e+00 9.545628e-01 2.768051e-01 -5.522104e-01 6.129215e-01 2.798389e-01
0.000000e+00 -7.697033e-01 1.588851e+00 -3.128947e-01 1.453332e-01 1.081388e+00 1.154210e+00
0.000000e+00 -1.155926e+00 8.392377e-01 -9.025945e-01 1.540420e+00 3.526620e-01 3.338433e-01
0.000000e+00 1.547633e+00 -1.467263e+00 -1.492294e+00 8.428768e-01 -9.486353e-01 -7.909939e-01
0.000000e+00 3.889649e-01 1.531188e+00 1.456205e+00 4.941050e-01 1.601907e+00 1.630600e+00
0.000000e+00 -7.697033e-01 -1.005963e+00 -9.025945e-01 8.428768e-01 -9.486353e-01 -1.232197e+00
0.000000e+00 1.161410e+00 1.358200e+00 -1.492294e+00 1.453332e-01 1.706011e+00 1.634108e+00
0.000000e+00 1.161410e+00 -1.467263e+00 -3.128947e-01 1.453332e-01 -8.965834e-01 -9.100537e-01
0.000000e+00 -1.155926e+00 1.704176e+00 1.456205e+00 1.453332e-01 1.081388e+00 1.186219e+00
0.000000e+00 3.889649e-01 8.962487e-02 -9.025945e-01 -9.009822e-01 9.240252e-02 1.672629e-01
0.000000e+00 7.751877e-01 1.185213e+00 8.665048e-01 1.540420e+00 1.393700e+00 1.467056e+00
0.000000e+00 -1.155926e+00 -5.446629e-01 2.768051e-01 -5.522104e-01 -1.052739e+00 -9.481931e-01
0.000000e+00 -1.155926e+00 -3.716754e-01 -1.492294e+00 1.453332e-01 -7.404278e-01 -8.433722e-01
0.000000e+00 -1.542149e+00 1.704176e+00 -1.492294e+00 4.941050e-01 1.029337e+00 9.242000e-01
0.000000e+00 1.161410e+00 -7.176505e-01 8.665048e-01 -9.009822e-01 -2.199088e-01 -2.029335e-01
0.000000e+00 -1.542149e+00 -5.446629e-01 8.665048e-01 -5.522104e-01 -1.104791e+00 -1.071642e+00
0.000000e+00 1.547633e+00 1.358200e+00 2.768051e-01 1.453332e-01 1.914219e+00 1.856739e+00
0.000000e+00 3.889649e-01 -1.178951e+00 -3.128947e-01 -1.598526e+00 -8.445316e-01 -9.928896e-01
0.000000e+00 7.751877e-01 -3.716754e-01 -9.025945e-01 4.941050e-01 4.035063e-02 -6.715020e-02
0.000000e+00 7.751877e-01 5.509251e-01 -9.025945e-01 -1.598526e+00 7.170252e-01 7.185713e-01
0.000000e+00 -7.697033e-01 9.545628e-01 -9.025945e-01 1.540420e+00 7.170252e-01 5.879555e-01
0.000000e+00 -1.155926e+00 -5.446629e-01 -3.128947e-01 1.191649e+00 -7.924797e-01 -9.219735e-01
0.000000e+00 1.547633e+00 -3.140128e-01 2.768051e-01 1.540420e+00 4.047139e-01 3.624728e-01
0.000000e+00 1.161410e+00 1.242875e+00 -9.025945e-01 1.191649e+00 1.601907e+00 1.583645e+00
0.000000e+00 7.751877e-01 1.704176e+00 -1.492294e+00 1.191649e+00 1.758063e+00 1.834074e+00
0.000000e+00 1.547633e+00 1.531188e+00 -1.492294e+00 -5.522104e-01 2.018323e+00 1.920748e+00
0.000000e+00 -3.834806e-01 1.646513e+00 -1.492294e+00 -1.249754e+00 1.237544e+00 1.264985e+00
0.000000e+00 -3.834806e-01 -4.293379e-01 8.665048e-01 4.941050e-01 -5.842721e-01 -4.904318e-01
0.000000e+00 -1.542149e+00 -4.870004e-01 8.665048e-01 -5.522104e-01 -1.156843e+00 -1.018709e+00
0.000000e+00 1.161410e+00 -1.524926e+00 -3.128947e-01 -2.034386e-01 -1.000687e+00 -9.731905e-01
0.000000e+00 -7.697033e-01 2.049499e-01 -9.025945e-01 -1.598526e+00 -2.719607e-01 -1.920098e-01
0.000000e+00 7.751877e-01 1.473526e+00 8.665048e-01 1.540420e+00 2.018323e+00 1.731724e+00
0.000000e+00 -1.155926e+00 -1.409601e+00 -1.492294e+00 1.453332e-01 -1.729414e+00 -1.796179e+00
0.000000e+00 -1.155926e+00 -1.410252e-01 8.665048e-01 4.941050e-01 -5.842721e-01 -5.222526e-01
0.000000e+00 7.751877e-01 3.196234e-02 -1.492294e+00 -9.009822e-01 2.485582e-01 2.377784e-01
0.000000e+00 3.889649e-01 2.626125e-01 -9.025945e-01 1.540420e+00 4.567658e-01 3.974850e-01
0.000000e+00 -7.697033e-01 4.932626e-01 -3.128947e-01 -1.249754e+00 1.444544e-01 1.076572e-01
0.000000e+00 1.547633e+00 6.662501e-01 2.768051e-01 1.540420e+00 1.185492e+00 1.262346e+00
0.000000e+00 3.889649e-01 -4.293379e-01 2.768051e-01 4.941050e-01 -2.199088e-01 -2.187378e-01
0.000000e+00 3.889649e-01 -1.409601e+00 -1.492294e+00 -1.598526e+00 -1.312999e+00 -1.254215e+00
0.000000e+00 -1.542149e+00 -8.329756e-01 8.665048e-01 -1.249754e+00 -1.365050e+00 -1.356717e+00
0.000000e+00 -3.834806e-01 -1.640251e+00 8.665048e-01 -9.009822e-01 -1.729414e+00 -1.642852e+00
0.000000e+00 3.889649e-01 -3.716754e-01 -1.492294e+00 -5.522104e-01 -2.199088e-01 -2.707993e-01
0.000000e+00 3.889649e-01 -7.753131e-01 -9.025945e-01 -2.034386e-01 -5.322202e-01 -6.063370e-01
0.000000e+00 2.742182e-03 8.392377e-01 -1.492294e+00 -5.522104e-01 7.690771e-01 6.925641e-01
0.000000e+00 -1.542149e+00 -1.697914e+00 -9.025945e-01 1.540420e+00 -2.354036e+00 -2.143485e+00
0.000000e+00 1.161410e+00 -1.409601e+00 -3.128947e-01 -9.009822e-01 -8.965834e-01 -8.877290e-01
0.000000e+00 2.742182e-03 -1.467263e+00 -3.128947e-01 -1.598526e+00 -1.312999e+00 -1.405803e+00
0.000000e+00 2.742182e-03 1.531188e+00 -1.492294e+00 4.941050e-01 1.393700e+00 1.358378e+00
0.000000e+00 7.751877e-01 8.392377e-01 -3.128947e-01 1.540420e+00 9.772847e-01 1.099862e+00
0.000000e+00 -3.834806e-01 1.704176e+00 8.665048e-01 1.453332e-01 1.653959e+00 1.457913e+00
0.000000e+00 3.889649e-01 1.415863e+00 -9.025945e-01 -1.249754e+00 1.133440e+00 1.374535e+00
0.000000e+00 -3.834806e-01 1.127550e+00 2.768051e-01 -1.249754e+00 8.731809e-01 8.629682e-01
0.000000e+00 -7.697033e-01 -8.336272e-02 2.768051e-01 -9.009822e-01 -2.199088e-01 -3.866816e-01
0.000000e+00 7.751877e-01 -1.063626e+00 -3.128947e-01 8.428768e-01 -7.924797e-01 -6.673564e-01
0.000000e+00 1.161410e+00 4.932626e-01 -9.025945e-01 8.428768e-01 8.731809e-01 8.853033e-01
0.000000e+00 -3.834806e-01 9.545628e-01 8.665048e-01 1.540420e+00 6.649733e-01 8.105865e-01
0.000000e+00 -1.155926e+00 -1.582588e+00 2.768051e-01 1.540420e+00 -1.729414e+00 -1.839782e+00
0.000000e+00 -7.697033e-01 1.012225e+00 8.665048e-01 1.540420e+00 6.129215e-01 7.152755e-01
0.000000e+00 -1.542149e+00 -1.697914e+00 8.665048e-01 1.540420e+00 -1.937621e+00 -2.069099e+00
0.000000e+00 1.161410e+00 -1.986878e-01 2.768051e-01 8.428768e-01 4.567658e-01 2.996895e-01
0.000000e+00 -7.697033e-01 1.012225e+00 2.768051e-01 4.941050e-01 5.608696e-01 6.598711e-01
0.000000e+00 7.751877e-01 -3.716754e-01 -3.128947e-01 -1.249754e+00 -2.719607e-01 -9.336976e-02
0.000000e+00 2.742182e-03 7.815752e-01 -9.025945e-01 -1.598526e+00 6.649733e-01 6.338168e-01
0.000000e+00 2.742182e-03 -6.599880e-01 -1.492294e+00 1.453332e-01 -5.842721e-01 -6.633067e-01
0.000000e+00 7.751877e-01 1.646513e+00 -9.025945e-01 8.428768e-01 1.810115e+00 1.795733e+00
0.000000e+00 1.547633e+00 -1.294276e+00 -1.492294e+00 -1.598526e+00 -7.404278e-01 -7.036137e-01
0.000000e+00 2.742182e-03 1.415863e+00 2.768051e-01 -9.009822e-01 1.445752e+00 1.286085e+00
0.000000e+00 -1.542149e+00 7.815752e-01 8.665048e-01 -1.598526e+00 9.240252e-02 1.152242e-01
0.000000e+00 -1.542149e+00 9.545628e-01 -9.025945e-01 1.540420e+00 4.567658e-01 2.914661e-01
0.000000e+00 -1.155926e+00 -1.640251e+00 8.665048e-01 1.191649e+00 -1.937621e+00 -1.878123e+00
0.000000e+00 3.889649e-01 -2.570019e-02 -9.025945e-01 4.941050e-01 3.526620e-01 1.022074e-01
0.000000e+00 1.547633e+00 -2.570019e-02 1.456205e+00 8.428768e-01 5.608696e-01 6.563262e-01
0.000000e+00 1.161410e+00 1.069888e+00 -9.025945e-01 1.191649e+00 1.549856e+00 1.424844e+00
0.000000e+00 2.742182e-03 4.932626e-01 8.665048e-01 -9.009822e-01 3.526620e-01 4.639405e-01
0.000000e+00 -1.542149e+00 8.392377e-01 1.456205e+00 1.540420e+00 3.526620e-01 2.847803e-01
0.000000e+00 7.751877e-01 8.962487e-02 -3.128947e-01 -1.249754e+00 3.526620e-01 3.301000e-01
0.000000e+00 2.742182e-03 -1.697914e+00 2.768051e-01 1.453332e-01 -1.521206e+00 -1.541727e+00
0.000000e+00 3.889649e-01 4.356000e-01 -3.128947e-01 -2.034386e-01 5.608696e-01 5.300666e-01
0.000000e+00 7.751877e-01 -1.005963e+00 -3.128947e-01 -5.522104e-01 -6.363240e-01 -6.552347e-01
0.000000e+00 -7.697033e-01 -1.121288e+00 -9.025945e-01 1.453332e-01 -1.312999e+00 -1.358470e+00
0.000000e+00 -7.697033e-01 -1.178951e+00 2.768051e-01 1.453332e-01 -1.573258e+00 -1.361813e+00
0.000000e+00 2.742182e-03 1.012225e+00 1.456205e+00 -9.009822e-01 1.133440e+00 9.651394e-01
0.000000e+00 3.889649e-01 1.646513e+00 -9.025945e-01 -1.249754e+00 1.706011e+00 1.586270e+00
0.000000e+00 1.547633e+00 -2.563503e-01 -1.492294e+00 1.191649e+00 3.526620e-01 3.308172e-01
0.000000e+00 2.742182e-03 1.473526e+00 -9.025945e-01 8.428768e-01 1.393700e+00 1.340442e+00
0.000000e+00 -1.542149e+00 1.415863e+00 1.456205e+00 -5.522104e-01 9.252328e-01 7.528995e-01
0.000000e+00 -3.834806e-01 -6.023255e-01 8.665048e-01 1.453332e-01 -5.842721e-01 -6.594360e-01
0.000000e+00 2.742182e-03 -7.753131e-01 -9.025945e-01 -9.009822e-01 -7.924797e-01 -7.749877e-01
0.000000e+00 2.742182e-03 -7.753131e-01 -1.492294e+00 8.428768e-01 -8.445316e-01 -7.487681e-01
0.000000e+00 7.751877e-01 -1.524926e+00 -9.025945e-01 -9.009822e-01 -1.104791e+00 -1.166637e+00
0.000000e+00 -3.834806e-01 -1.467263e+00 1.456205e+00 -1.249754e+00 -1.469154e+00 -1.469458e+00
0.000000e+00 -1.542149e+00 1.704176e+00 -1.492294e+00 4.941050e-01 9.252328e-01 9.242000e-01
0.000000e+00 2.742182e-03 -4.293379e-01 2.768051e-01 -9.009822e-01 -4.801683e-01 -4.077945e-01
0.000000e+00 7.751877e-01 8.969003e-01 1.456205e+00 1.191649e+00 1.185492e+00 1.216979e+00
0.000000e+00 3.889649e-01 1.242875e+00 -9.025945e-01 -9.009822e-01 1.289596e+00 1.225937e+00
0.000000e+00 2.742182e-03 -1.178951e+00 -1.492294e+00 8.428768e-01 -1.156843e+00 -1.119304e+00
0.000000e+00 -3.834806e-01 8.969003e-01 1.456205e+00 -1.249754e+00 6.649733e-01 7.008242e-01
0.000000e+00 -1.155926e+00 -1.410252e-01 2.768051e-01 1.191649e+00 -5.322202e-01 -5.266421e-01
0.000000e+00 -3.834806e-01 1.472874e-01 8.665048e-01 -1.598526e+00 4.035063e-02 -2.231258e-02
0.000000e+00 -7.697033e-01 7.239127e-01 -3.128947e-01 -9.009822e-01 1.444544e-01 3.295951e-01
0.000000e+00 -1.542149e+00 -2.563503e-01 -1.492294e+00 -1.249754e+00 -9.486353e-01 -9.265615e-01
0.000000e+00 1.161410e+00 1.415863e+00 8.665048e-01 4.941050e-01 1.706011e+00 1.796426e+00
0.000000e+00 2.742182e-03 1.127550e+00 2.768051e-01 -2.034386e-01 1.029337e+00 1.041822e+00
0.000000e+00 -3.834806e-01 1.012225e+00 8.665048e-01 8.428768e-01 7.690771e-01 8.431142e-01
0.000000e+00 1.161410e+00 -8.336272e-02 -9.025945e-01 -1.249754e+00 3.526620e-01 2.947481e-01
0.000000e+00 7.751877e-01 -1.986878e-01 -3.128947e-01 8.428768e-01 9.240252e-02 1.266494e-01
0.000000e+00 -1.155926e+00 -7.176505e-01 -1.492294e+00 4.941050e-01 -1.208895e+00 -1.150772e+00
0.000000e+00 -1.542149e+00 5.509251e-01 1.456205e+00 -2.034386e-01 -1.158051e-01 -3.090327e-02
0.000000e+00 -3.834806e-01 1.704176e+00 2.768051e-01 -1.249754e+00 1.393700e+00 1.392305e+00
0.000000e+00 1.161410e+00 -1.178951e+00 -3.128947e-01 1.540420e+00 -7.404278e-01 -6.045731e-01
0.000000e+00 -1.155926e+00 1.588851e+00 2.768051e-01 4.941050e-01 1.029337e+00 1.040964e+00
0.000000e+00 -7.697033e-01 6.662501e-01 8.665048e-01 1.540420e+00 4.047139e-01 3.976732e-01
0.000000e+00 -1.542149e+00 -1.467263e+00 2.768051e-01 -5.522104e-01 -1.989673e+00 -1.943377e+00
0.000000e+00 -1.542149e+00 -1.178951e+00 2.768051e-01 -5.522104e-01 -1.625310e+00 -1.678709e+00
0.000000e+00 -7.697033e-01 1.127550e+00 8.665048e-01 8.428768e-01 7.170252e-01 8.007369e-01
0.000000e+00 2.742182e-03 -5.446629e-01 8.665048e-01 1.453332e-01 -4.281164e-01 -4.582575e-01
0.000000e+00 -7.697033e-01 -3.716754e-01 -3.128947e-01 1.191649e+00 -6.363240e-01 -6.149276e-01
0.000000e+00 -1.542149e+00 4.356000e-01 -1.492294e+00 -1.249754e+00 -3.760645e-01 -2.913568e-01
0.000000e+00 -1.542149e+00 -1.582588e+00 8.665048e-01 -2.034386e-01 -1.989673e+00 -2.014246e+00
0.000000e+00 1.161410e+00 5.509251e-01 -3.128947e-01 1.453332e-01 1.029337e+00 9.426265e-01
0.000000e+00 -1.155926e+00 3.196234e-02 2.768051e-01 8.428768e-01 -6.375316e-02 -3.780439e-01
0.000000e+00 -7.697033e-01 6.085876e-01 2.768051e-01 -5.522104e-01 1.965063e-01 2.587260e-01
0.000000e+00 -1.155926e+00 3.779375e-01 1.456205e+00 4.941050e-01 4.035063e-02 -2.105372e-02
0.000000e+00 -7.697033e-01 -1.640251e+00 -9.025945e-01 4.941050e-01 -1.833518e+00 -1.824671e+00
0.000000e+00 7.751877e-01 -1.640251e+00 8.665048e-01 -5.522104e-01 -1.104791e+00 -1.187915e+00
0.000000e+00 -1.542149e+00 4.932626e-01 -3.128947e-01 -1.598526e+00 -6.375316e-02 -1.990353e-01
0.000000e+00 1.161410e+00 1.069888e+00 1.456205e+00 -9.009822e-01 1.445752e+00 1.462807e+00
0.000000e+00 -1.155926e+00 6.662501e-01 -3.128947e-01 -1.249754e+00 1.965063e-01 1.182136e-01
0.000000e+00 -7.697033e-01 7.815752e-01 -1.492294e+00 -9.009822e-01 4.047139e-01 3.329379e-01
0.000000e+00 1.547633e+00 2.049499e-01 1.456205e+00 -2.034386e-01 8.731809e-01 8.374521e-01
0.000000e+00 7.751877e-01 6.662501e-01 -3.128947e-01 -1.598526e+00 7.690771e-01 8.492342e-01
0.000000e+00 -3.834806e-01 -6.023255e-01 8.665048e-01 -2.034386e-01 -7.404278e-01 -6.696390e-01
0.000000e+00 2.742182e-03 1.472874e-01 -3.128947e-01 -1.249754e+00 -6.375316e-02 8.654429e-02
0.000000e+00 -1.155926e+00 -1.524926e+00 -9.025945e-01 -5.522104e-01 -1.781466e+00 -1.897657e+00
0.000000e+00 1.161410e+00 8.392377e-01 2.768051e-01 1.453332e-01 1.445752e+00 1.232090e+00
0.000000e+00 -3.834806e-01 7.815752e-01 2.768051e-01 1.191649e+00 4.567658e-01 6.167869e-01
0.000000e+00 1.547633e+00 -1.121288e+00 1.456205e+00 1.540420e+00 -2.199088e-01 -3.290084e-01
0.000000e+00 2.742182e-03 6.662501e-01 -3.128947e-01 1.453332e-01 5.608696e-01 6.037598e-01
0.000000e+00 1.547633e+00 9.545628e-01 -3.128947e-01 1.540420e+00 1.445752e+00 1.502219e+00
0.000000e+00 -3.834806e-01 -1.467263e+00 -3.128947e-01 -1.249754e+00 -1.521206e+00 -1.543845e+00
0.000000e+00 2.742182e-03 -3.140128e-01 -3.128947e-01 8.428768e-01 -3.240126e-01 -2.757075e-01
0.000000e+00 1.547633e+00 1.069888e+00 -9.025945e-01 -2.034386e-01 1.549856e+00 1.532276e+00
0.000000e+00 1.161410e+00 1.704176e+00 8.665048e-01 1.191649e+00 2.070374e+00 2.081501e+00
0.000000e+00 -7.697033e-01 3.779375e-01 -9.025945e-01 1.540420e+00 4.035063e-02 5.861829e-02
0.000000e+00 -1.542149e+00 2.049499e-01 -9.025945e-01 1.191649e+00 -2.719607e-01 -4.068753e-01
0.000000e+00 -7.697033e-01 -1.236613e+00 -9.025945e-01 -5.522104e-01 -1.677362e+00 -1.484744e+00
0.000000e+00 -3.834806e-01 -1.409601e+00 2.768051e-01 -1.598526e+00 -1.521206e+00 -1.476318e+00
0.000000e+00 -1.155926e+00 -7.176505e-01 -9.025945e-01 1.191649e+00 -1.312999e+00 -1.105570e+00
0.000000e+00 -1.542149e+00 -9.483006e-01 -3.128947e-01 1.191649e+00 -1.417102e+00 -1.440754e+00
0.000000e+00 7.751877e-01 -6.599880e-01 -9.025945e-01 8.428768e-01 -3.760645e-01 -3.216158e-01
0.000000e+00 1.161410e+00 -9.483006e-01 -3.128947e-01 -2.034386e-01 -4.801683e-01 -4.438533e-01
0.000000e+00 7.751877e-01 5.509251e-01 1.456205e+00 -2.034386e-01 9.252328e-01 8.585650e-01
0.000000e+00 2.742182e-03 -7.753131e-01 8.665048e-01 1.540420e+00 -5.322202e-01 -6.291804e-01
0.000000e+00 -1.542149e+00 1.704176e+00 2.768051e-01 1.453332e-01 1.081388e+00 9.883833e-01
0.000000e+00 7.751877e-01 2.626125e-01 8.665048e-01 -1.598526e+00 8.211290e-01 5.282890e-01
0.000000e+00 7.751877e-01 -8.336272e-02 1.456205e+00 1.191649e+00 2.485582e-01 3.171061e-01
0.000000e+00 1.547633e+00 6.662501e-01 8.665048e-01 -2.034386e-01 1.133440e+00 1.236126e+00
0.000000e+00 -7.697033e-01 -7.753131e-01 2.768051e-01 4.941050e-01 -1.000687e+00 -9.810743e-01
0.000000e+00 1.547633e+00 1.646513e+00 -3.128947e-01 8.428768e-01 2.122426e+00 2.117018e+00
0.000000e+00 -1.542149e+00 7.239127e-01 1.456205e+00 -2.034386e-01 3.526620e-01 1.278979e-01
0.000000e+00 -1.542149e+00 -1.294276e+00 1.456205e+00 -9.009822e-01 -1.729414e+00 -1.745188e+00
0.000000e+00 -3.834806e-01 -1.697914e+00 -3.128947e-01 1.453332e-01 -1.781466e+00 -1.714767e+00
0.000000e+00 1.547633e+00 8.392377e-01 -3.128947e-01 4.941050e-01 1.237544e+00 1.365743e+00
0.000000e+00 3.889649e-01 1.300538e+00 2.768051e-01 -5.522104e-01 1.393700e+00 1.338665e+00
0.000000e+00 -7.697033e-01 3.202750e-01 -9.025945e-01 1.191649e+00 -1.170127e-02 -4.518430e-03
0.000000e+00 -1.542149e+00 -1.351938e+00 -1.492294e+00 -5.522104e-01 -1.729414e+00 -1.911896e+00
0.000000e+00 -3.834806e-01 8.969003e-01 -9.025945e-01 1.540420e+00 7.690771e-01 6.832665e-01
0.000000e+00 1.547633e+00 -1.467263e+00 -9.025945e-01 -1.249754e+00 -9.486353e-01 -8.274164e-01
0.000000e+00 -7.697033e-01 -3.716754e-01 8.665048e-01 1.191649e+00 -6.883759e-01 -5.653368e-01
0.000000e+00 1.547633e+00 -1.410252e-01 -1.492294e+00 -5.522104e-01 4.567658e-01 3.856697e-01
0.000000e+00 7.751877e-01 7.239127e-01 -3.128947e-01 -5.522104e-01 8.731809e-01 9.327769e-01
0.000000e+00 -3.834806e-01 -7.753131e-01 -9.025945e-01 1.540420e+00 -6.883759e-01 -8.518114e-01
0.000000e+00 -7.697033e-01 3.779375e-01 2.768051e-01 -1.598526e+00 4.035063e-02 1.638216e-02
0.000000e+00 2.742182e-03 -6.023255e-01 -9.025945e-01 -1.249754e+00 -6.363240e-01 -6.263895e-01
0.000000e+00 2.742182e-03 -1.582588e+00 -3.128947e-01 -9.009822e-01 -1.625310e+00 -1.491264e+00
0.000000e+00 -7.697033e-01 3.779375e-01 -9.025945e-01 4.941050e-01 -1.170127e-02 2.800930e-02
0.000000e+00 1.547633e+00 -2.563503e-01 1.456205e+00 1.191649e+00 4.567658e-01 4.547944e-01
0.000000e+00 -3.834806e-01 -8.906381e-01 8.665048e-01 -2.034386e-01 -1.104791e+00 -9.343076e-01
0.000000e+00 2.742182e-03 1.185213e+00 8.665048e-01 -5.522104e-01 1.185492e+00 1.109348e+00
0.000000e+00 -3.834806e-01 1.012225e+00 -9.025945e-01 -1.249754e+00 8.211290e-01 7.075099e-01
0.000000e+00 2.742182e-03 -1.294276e+00 8.665048e-01 4.941050e-01 -1.156843e+00 -1.136193e+00
0.000000e+00 7.751877e-01 -1.005963e+00 2.768051e-01 1.453332e-01 -4.801683e-01 -6.100333e-01
0.000000e+00 1.547633e+00 1.012225e+00 -1.492294e+00 4.941050e-01 1.601907e+00 1.474953e+00
0.000000e+00 7.751877e-01 -1.582588e+00 -9.025945e-01 8.428768e-01 -1.104791e+00 -1.168555e+00
0.000000e+00 2.742182e-03 -1.697914e+00 2.768051e-01 1.191649e+00 -1.521206e+00 -1.511118e+00
0.000000e+00 7.751877e-01 -1.236613e+00 1.456205e+00 1.540420e+00 -5.842721e-01 -7.313653e-01
0.000000e+00 2.742182e-03 3.196234e-02 2.768051e-01 -2.034386e-01 -1.158051e-01 3.608126e-02
0.000000e+00 -7.697033e-01 6.085876e-01 2.768051e-01 -2.034386e-01 3.006101e-01 2.689290e-01
0.000000e+00 7.751877e-01 1.358200e+00 1.456205e+00 -5.522104e-01 1.497804e+00 1.589434e+00
0.000000e+00 -1.155926e+00 -2.563503e-01 -3.128947e-01 -9.009822e-01 -7.924797e-01 -7.185229e-01
0.000000e+00 1.547633e+00 -7.753131e-01 -9.025945e-01 4.941050e-01 -1.158051e-01 -1.411968e-01
0.000000e+00 -1.542149e+00 1.473526e+00 -9.025945e-01 -2.034386e-01 6.129215e-01 7.168546e-01
0.000000e+00 3.889649e-01 2.049499e-01 -9.025945e-01 4.941050e-01 1.444544e-01 3.139423e-01
0.000000e+00 7.751877e-01 -1.236613e+00 -1.492294e+00 -1.249754e+00 -7.404278e-01 -9.369664e-01
0.000000e+00 1.161410e+00 1.473526e+00 2.768051e-01 1.191649e+00 1.758063e+00 1.844970e+00
0.000000e+00 1.547633e+00 1.185213e+00 -9.025945e-01 1.191649e+00 1.549856e+00 1.678956e+00
0.000000e+00 -1.155926e+00 -1.005963e+00 8.665048e-01 1.191649e+00 -1.156843e+00 -1.295852e+00
0.000000e+00 -1.155926e+00 -1.467263e+00 -3.128947e-01 -2.034386e-01 -1.833518e+00 -1.809725e+00
0.000000e+00 2.742182e-03 6.085876e-01 1.456205e+00 1.540420e+00 5.608696e-01 6.660243e-01
0.000000e+00 2.742182e-03 -1.005963e+00 1.456205e+00 1.191649e+00 -8.965834e-01 -8.263229e-01
0.000000e+00 3.889649e-01 -1.697914e+00 -1.492294e+00 -1.598526e+00 -1.573258e+00 -1.518884e+00
0.000000e+00 -7.697033e-01 -3.140128e-01 1.456205e+00 -1.249754e+00 -6.363240e-01 -5.590286e-01
0.000000e+00 1.161410e+00 9.545628e-01 -3.128947e-01 1.540420e+00 1.237544e+00 1.353974e+00
0.000000e+00 -1.542149e+00 -1.524926e+00 2.768051e-01 -2.034386e-01 -2.041725e+00 -1.986108e+00
0.000000e+00 3.889649e-01 3.202750e-01 1.456205e+00 -2.034386e-01 6.129215e-01 4.985854e-01
0.000000e+00 -3.834806e-01 1.242875e+00 1.456205e+00 1.453332e-01 1.289596e+00 1.059239e+00
0.000000e+00 -1.542149e+00 -1.178951e+00 8.665048e-01 8.428768e-01 -1.521206e+00 -1.613101e+00
0.000000e+00 7.751877e-01 -1.410252e-01 2.768051e-01 -1.598526e+00 9.240252e-02 1.329575e-01
0.000000e+00 1.547633e+00 1.531188e+00 -9.025945e-01 1.540420e+00 1.862167e+00 2.006761e+00
0.000000e+00 -3.834806e-01 -1.409601e+00 -3.128947e-01 1.191649e+00 -1.365050e+00 -1.419490e+00
0.000000e+00 -3.834806e-01 -1.986878e-01 1.456205e+00 -5.522104e-01 -3.760645e-01 -2.845105e-01
0.000000e+00 3.889649e-01 1.473526e+00 8.665048e-01 8.428768e-01 1.497804e+00 1.563073e+00
0.000000e+00 -7.697033e-01 -1.063626e+00 -3.128947e-01 -2.034386e-01 -1.156843e+00 -1.290944e+00
0.000000e+00 3.889649e-01 1.242875e+00 -1.492294e+00 -1.598526e+00 1.393700e+00 1.180736e+00
0.000000e+00 7.751877e-01 1.012225e+00 8.665048e-01 1.191649e+00 1.341648e+00 1.298051e+00
0.000000e+00 -7.697033e-01 -1.582588e+00 -1.492294e+00 8.428768e-01 -1.625310e+00 -1.786330e+00
0.000000e+00 7.751877e-01 8.969003e-01 1.456205e+00 -2.034386e-01 1.341648e+00 1.176167e+00
0.000000e+00 -7.697033e-01 1.472874e-01 8.665048e-01 -5.522104e-01 -6.375316e-02 -1.399483e-01
0.000000e+00 -1.155926e+00 -1.178951e+00 -9.025945e-01 8.428768e-01 -1.573258e+00 -1.539243e+00
0.000000e+00 -3.834806e-01 3.196234e-02 -3.128947e-01 1.191649e+00 -1.158051e-01 -9.614689e-02
0.000000e+00 1.161410e+00 -8.906381e-01 -3.128947e-01 4.941050e-01 -3.760645e-01 -3.705135e-01
0.000000e+00 1.547633e+00 -1.351938e+00 2.768051e-01 -5.522104e-01 -7.924797e-01 -6.515522e-01
0.000000e+00 7.751877e-01 3.202750e-01 8.665048e-01 4.941050e-01 5.608696e-01 6.424407e-01
0.000000e+00 -1.542149e+00 -9.483006e-01 8.665048e-01 1.453332e-01 -1.365050e+00 -1.421772e+00
0.000000e+00 -7.697033e-01 1.473526e+00 -1.492294e+00 -9.009822e-01 9.252328e-01 9.681426e-01
0.000000e+00 1.547633e+00 1.012225e+00 8.665048e-01 1.540420e+00 1.758063e+00 1.604744e+00
0.000000e+00 -1.542149e+00 -9.483006e-01 -3.128947e-01 -9.009822e-01 -1.469154e+00 -1.501972e+00
0.000000e+00 1.547633e+00 -1.582588e+00 8.665048e-01 -1.598526e+00 -7.924797e-01 -8.691006e-01
0.000000e+00 1.161410e+00 1.069888e+00 2.768051e-01 -2.034386e-01 1.445752e+00 1.433622e+00
0.000000e+00 -1.542149e+00 1.300538e+00 2.768051e-01 8.428768e-01 7.170252e-01 6.382532e-01
0.000000e+00 3.889649e-01 8.969003e-01 -3.128947e-01 1.453332e-01 8.731809e-01 9.637394e-01
0.000000e+00 2.742182e-03 1.127550e+00 -3.128947e-01 8.428768e-01 1.133440e+00 1.047636e+00
0.000000e+00 3.889649e-01 -1.582588e+00 -3.128947e-01 4.941050e-01 -1.208895e+00 -1.302208e+00
0.000000e+00 2.742182e-03 -4.870004e-01 8.665048e-01 -1.249754e+00 -3.240126e-01 -4.461358e-01
0.000000e+00 3.889649e-01 -6.599880e-01 8.665048e-01 8.428768e-01 -5.842721e-01 -3.954742e-01
0.000000e+00 2.742182e-03 2.626125e-01 -9.025945e-01 -5.522104e-01 9.240252e-02 1.880223e-01
0.000000e+00 2.742182e-03 -1.063626e+00 1.456205e+00 -2.034386e-01 -1.104791e+00 -9.200686e-01
0.000000e+00 -3.834806e-01 1.358200e+00 1.456205e+00 8.428768e-01 1.081388e+00 1.185512e+00
0.000000e+00 -7.697033e-01 -1.467263e+00 -1.492294e+00 -2.034386e-01 -1.729414e+00 -1.711071e+00
0.000000e+00 -7.697033e-01 -1.178951e+00 8.665048e-01 -2.034386e-01 -1.312999e+00 -1.347221e+00
0.000000e+00 -3.834806e-01 6.085876e-01 -9.025945e-01 1.453332e-01 6.129215e-01 3.777859e-01
0.000000e+00 1.547633e+00 1.472874e-01 -9.025945e-01 4.941050e-01 8.211290e-01 7.057427e-01
0.000000e+00 -1.155926e+00 -1.005963e+00 2.768051e-01 1.191649e+00 -1.365050e+00 -1.320648e+00
0.000000e+00 1.547633e+00 2.626125e-01 8.665048e-01 4.941050e-01 9.772847e-01 8.859964e-01
0.000000e+00 -1.542149e+00 1.185213e+00 -9.025945e-01 1.453332e-01 6.129215e-01 4.623889e-01
0.000000e+00 -1.542149e+00 8.962487e-02 2.768051e-01 1.540420e+00 -4.801683e-01 -4.529489e-01
0.000000e+00 2.742182e-03 -1.121288e+00 -1.492294e+00 -5.522104e-01 -1.104791e+00 -1.107182e+00
0.000000e+00 3.889649e-01 1.012225e+00 2.768051e-01 1.540420e+00 1.081388e+00 1.135214e+00
0.000000e+00 3.889649e-01 4.356000e-01 -1.492294e+00 -1.249754e+00 4.567658e-01 4.498668e-01
0.000000e+00 -7.697033e-01 -3.716754e-01 1.456205e+00 1.191649e+00 -4.801683e-01 -5.405414e-01
0.000000e+00 7.751877e-01 2.626125e-01 1.456205e+00 1.540420e+00 6.649733e-01 6.449114e-01
0.000000e+00 1.547633e+00 -6.599880e-01 -3.128947e-01 -2.034386e-01 1.444544e-01 -3.093994e-02
0.000000e+00 1.161410e+00 -1.409601e+00 -3.128947e-01 -2.034386e-01 -7.404278e-01 -8.673230e-01
0.000000e+00 3.889649e-01 5.509251e-01 2.768051e-01 -9.009822e-01 4.567658e-01 6.403235e-01
0.000000e+00 1.161410e+00 1.358200e+00 -3.128947e-01 -9.009822e-01 1.497804e+00 1.653090e+00
0.000000e+00 2.742182e-03 8.392377e-01 8.665048e-01 -1.598526e+00 7.690771e-01 7.611368e-01
0.000000e+00 1.161410e+00 7.815752e-01 2.768051e-01 -2.034386e-01 1.133440e+00 1.168954e+00
0.000000e+00 -3.834806e-01 6.662501e-01 -9.025945e-01 -9.009822e-01 2.485582e-01 4.001106e-01
0.000000e+00 1.161410e+00 2.626125e-01 8.665048e-01 -1.249754e+00 5.088177e-01 6.867367e-01
0.000000e+00 -1.155926e+00 -1.524926e+00 2.768051e-01 1.191649e+00 -1.781466e+00 -1.797051e+00
0.000000e+00 2.742182e-03 1.472874e-01 1.456205e+00 1.540420e+00 2.485582e-01 2.425545e-01
0.000000e+00 1.547633e+00 -1.005963e+00 -1.492294e+00 1.453332e-01 -3.760645e-01 -3.879301e-01
0.000000e+00 -3.834806e-01 1.473526e+00 -3.128947e-01 -9.009822e-01 1.133440e+00 1.165978e+00
0.000000e+00 3.889649e-01 3.202750e-01 -3.128947e-01 4.941050e-01 4.047139e-01 4.446051e-01
0.000000e+00 -1.542149e+00 1.358200e+00 -3.128947e-01 1.191649e+00 6.649733e-01 6.765945e-01
0.000000e+00 1.547633e+00 7.239127e-01 2.768051e-01 1.191649e+00 1.341648e+00 1.305077e+00
0.000000e+00 -1.542149e+00 -6.599880e-01 8.665048e-01 -1.598526e+00 -1.365050e+00 -1.208119e+00
0.000000e+00 2.742182e-03 7.239127e-01 -1.492294e+00 -1.249754e+00 5.608696e-01 5.662906e-01
0.000000e+00 -3.834806e-01 -1.063626e+00 -3.128947e-01 8.428768e-01 -1.000687e+00 -1.112091e+00
0.000000e+00 -7.697033e-01 -1.121288e+00 8.665048e-01 -1.598526e+00 -1.365050e+00 -1.335099e+00
0.000000e+00 3.889649e-01 -1.409601e+00 -9.025945e-01 -9.009822e-01 -1.208895e+00 -1.209014e+00
0.000000e+00 -1.155926e+00 -1.063626e+00 1.456205e+00 4.941050e-01 -1.260947e+00 -1.344397e+00
0.000000e+00 -7.697033e-01 -1.986878e-01 -9.025945e-01 8.428768e-01 -5.322202e-01 -4.911249e-01
0.000000e+00 2.742182e-03 6.085876e-01 -1.492294e+00 -2.034386e-01 5.088177e-01 4.910322e-01
0.000000e+00 1.547633e+00 -3.140128e-01 -3.128947e-01 -1.249754e+00 9.240252e-02 2.560534e-01
0.000000e+00 -1.155926e+00 6.662501e-01 -9.025945e-01 -9.009822e-01 1.444544e-01 1.036212e-01
0.000000e+00 1.161410e+00 -1.582588e+00 1.456205e+00 1.191649e+00 -8.965834e-01 -9.109259e-01
0.000000e+00 -1.155926e+00 -1.582588e+00 8.665048e-01 1.540420e+00 -1.729414e+00 -1.814987e+00
0.000000e+00 2.742182e-03 -6.023255e-01 8.665048e-01 4.941050e-01 -3.760645e-01 -5.009882e-01
0.000000e+00 7.751877e-01 -1.410252e-01 -9.025945e-01 -1.598526e+00 1.965063e-01 8.336670e-02
0.000000e+00 1.161410e+00 -4.293379e-01 -3.128947e-01 -9.009822e-01 1.444544e-01 1.214423e-02
0.000000e+00 -1.542149e+00 1.012225e+00 1.456205e+00 1.191649e+00 3.526620e-01 4.333785e-01
0.000000e+00 3.889649e-01 -1.582588e+00 -1.492294e+00 4.941050e-01 -1.312999e+00 -1.351798e+00
0.000000e+00 -1.542149e+00 6.662501e-01 -3.128947e-01 -1.249754e+00 4.035063e-02 -3.003110e-02
0.000000e+00 -1.155926e+00 -3.716754e-01 2.768051e-01 1.453332e-01 -7.924797e-01 -7.689859e-01
0.000000e+00 -1.542149e+00 7.239127e-01 -9.025945e-01 1.191649e+00 1.965063e-01 6.952818e-02
0.000000e+00 2.742182e-03 5.509251e-01 2.768051e-01 -5.522104e-01 5.088177e-01 5.022817e-01
0.000000e+00 1.547633e+00 -1.409601e+00 -9.025945e-01 1.540420e+00 -6.363240e-01 -6.928587e-01
0.000000e+00 3.889649e-01 -6.023255e-01 -1.492294e+00 -1.249754e+00 -3.760645e-01 -5.029402e-01
0.000000e+00 -1.542149e+00 -1.121288e+00 -3.128947e-01 -9.009822e-01 -1.625310e+00 -1.660773e+00
0.000000e+00 -1.542149e+00 8.962487e-02 1.456205e+00 4.941050e-01 -2.199088e-01 -4.339670e-01
0.000000e+00 -1.155926e+00 1.704176e+00 -3.128947e-01 -5.522104e-01 1.341648e+00 1.091427e+00
0.000000e+00 1.547633e+00 -1.986878e-01 -9.025945e-01 4.941050e-01 3.526620e-01 3.881404e-01
0.000000e+00 -7.697033e-01 -5.446629e-01 8.665048e-01 -2.034386e-01 -6.363240e-01 -7.649499e-01
0.000000e+00 -1.542149e+00 7.815752e-01 2.768051e-01 8.428768e-01 4.047139e-01 1.618498e-01
0.000000e+00 2.742182e-03 1.012225e+00 1.456205e+00 8.428768e-01 9.252328e-01 1.016154e+00
0.000000e+00 7.751877e-01 1.127550e+00 1.456205e+00 -2.034386e-01 1.081388e+00 1.387902e+00
0.000000e+00 3.889649e-01 -1.005963e+00 -3.128947e-01 4.941050e-01 -6.363240e-01 -7.728704e-01
0.000000e+00 -1.542149e+00 -4.870004e-01 -3.128947e-01 1.453332e-01 -1.104791e+00 -1.047894e+00
0.000000e+00 2.742182e-03 2.626125e-01 -9.025945e-01 8.428768e-01 9.240252e-02 2.288343e-01
0.000000e+00 2.742182e-03 9.545628e-01 8.665048e-01 1.191649e+00 8.731809e-01 9.486282e-01
0.000000e+00 3.889649e-01 -4.870004e-01 2.768051e-01 -2.034386e-01 -4.281164e-01 -2.920775e-01
0.000000e+00 -7.697033e-01 -1.410252e-01 8.665048e-01 4.941050e-01 -1.678569e-01 -3.740079e-01
0.000000e+00 2.742182e-03 -5.446629e-01 1.456205e+00 -1.598526e+00 -3.240126e-01 -4.844771e-01
0.000000e+00 7.751877e-01 8.969003e-01 8.665048e-01 8.428768e-01 1.133440e+00 1.181981e+00
0.000000e+00 2.742182e-03 -7.176505e-01 -9.025945e-01 -9.009822e-01 -7.404278e-01 -7.220539e-01
0.000000e+00 2.742182e-03 3.196234e-02 8.665048e-01 -1.598526e+00 4.035063e-02 2.006470e-02
0.000000e+00 2.742182e-03 1.704176e+00 2.768051e-01 1.453332e-01 1.758063e+00 1.581362e+00
0.000000e+00 -7.697033e-01 8.969003e-01 1.456205e+00 8.428768e-01 5.088177e-01 6.137975e-01
0.000000e+00 -1.542149e+00 3.779375e-01 -1.492294e+00 -9.009822e-01 -3.240126e-01 -3.340876e-01
0.000000e+00 2.742182e-03 -5.446629e-01 1.456205e+00 -1.598526e+00 -3.760645e-01 -4.844771e-01
0.000000e+00 1.547633e+00 -9.483006e-01 -1.492294e+00 -9.009822e-01 -4.281164e-01 -3.656054e-01
0.000000e+00 -1.542149e+00 -3.140128e-01 2.768051e-01 -2.034386e-01 -9.486353e-01 -8.744999e-01
0.000000e+00 -7.697033e-01 -1.986878e-01 1.456205e+00 8.428768e-01 -3.760645e-01 -3.919432e-01
0.000000e+00 -3.834806e-01 5.509251e-01 1.456205e+00 1.191649e+00 3.006101e-01 4.546429e-01
0.000000e+00 -1.542149e+00 1.704176e+00 1.456205e+00 1.191649e+00 1.133440e+00 1.068583e+00
0.000000e+00 -1.542149e+00 1.704176e+00 1.456205e+00 -5.522104e-01 1.029337e+00 1.017568e+00
0.000000e+00 1.161410e+00 -4.293379e-01 -9.025945e-01 8.428768e-01 9.240252e-02 3.836379e-02
0.000000e+00 -1.155926e+00 3.196234e-02 -3.128947e-01 -2.034386e-01 -5.322202e-01 -4.334483e-01
0.000000e+00 1.161410e+00 9.545628e-01 1.456205e+00 -9.009822e-01 1.393700e+00 1.356940e+00
0.000000e+00 7.751877e-01 1.704176e+00 -9.025945e-01 -2.034386e-01 1.810115e+00 1.818058e+00
0.000000e+00 -1.155926e+00 -8.336272e-02 2.768051e-01 -1.249754e+00 -6.883759e-01 -5.451293e-01
0.000000e+00 3.889649e-01 9.545628e-01 1.456205e+00 1.453332e-01 9.772847e-01 1.091059e+00
0.000000e+00 3.889649e-01 -2.570019e-02 8.665048e-01 -1.598526e+00 2.485582e-01 1.153757e-01
0.000000e+00 -7.697033e-01 1.185213e+00 1.456205e+00 1.453332e-01 9.252328e-01 8.580601e-01
0.000000e+00 -1.155926e+00 -2.563503e-01 1.456205e+00 -2.034386e-01 -7.924797e-01 -6.237306e-01
0.000000e+00 -1.542149e+00 -6.023255e-01 -1.492294e+00 1.191649e+00 -1.208895e+00 -1.172743e+00
0.000000e+00 3.889649e-01 4.356000e-01 8.665048e-01 4.941050e-01 6.129215e-01 6.000634e-01
0.000000e+00 2.742182e-03 -6.599880e-01 1.456205e+00 1.453332e-01 -4.801683e-01 -5.393295e-01
0.000000e+00 1.547633e+00 -1.986878e-01 1.456205e+00 4.941050e-01 5.088177e-01 4.873221e-01
0.000000e+00 -1.542149e+00 -3.140128e-01 1.456205e+00 1.540420e+00 -6.883759e-01 -7.738941e-01
0.000000e+00 7.751877e-01 5.509251e-01 -9.025945e-01 -2.034386e-01 7.170252e-01 7.593833e-01
0.000000e+00 2.742182e-03 4.356000e-01 2.768051e-01 -1.598526e+00 3.526620e-01 3.658053e-01
0.000000e+00 2.742182e-03 1.242875e+00 -1.492294e+00 1.191649e+00 1.029337e+00 1.114115e+00
0.000000e+00 -1.155926e+00 -4.293379e-01 1.456205e+00 -2.034386e-01 -7.924797e-01 -7.825318e-01
0.000000e+00 -7.697033e-01 -8.336272e-02 2.768051e-01 -5.522104e-01 -6.363240e-01 -3.764786e-01
0.000000e+00 7.751877e-01 -8.906381e-01 -1.492294e+00 1.453332e-01 -6.883759e-01 -5.785521e-01
0.000000e+00 3.889649e-01 1.646513e+00 -1.492294e+00 -2.034386e-01 1.497804e+00 1.592084e+00
0.000000e+00 -1.155926e+00 -1.582588e+00 -1.492294e+00 -1.598526e+00 -2.093777e+00 -2.005995e+00
0.000000e+00 3.889649e-01 -1.178951e+00 1.456205e+00 -1.249754e+00 -8.445316e-01 -9.083003e-01
0.000000e+00 -1.155926e+00 -8.906381e-01 -9.025945e-01 -5.522104e-01 -1.521206e+00 -1.315386e+00
0.000000e+00 -1.155926e+00 1.473526e+00 1.456205e+00 8.428768e-01 9.252328e-01 9.948900e-01
0.000000e+00 -1.155926e+00 -8.329756e-01 1.456205e+00 -2.034386e-01 -1.104791e+00 -1.153068e+00
0.000000e+00 -7.697033e-01 -7.753131e-01 2.768051e-01 4.941050e-01 -1.104791e+00 -9.810743e-01
0.000000e+00 -1.155926e+00 -6.599880e-01 -3.128947e-01 -1.249754e+00 -9.486353e-01 -1.099262e+00
0.000000e+00 -3.834806e-01 -1.121288e+00 -3.128947e-01 8.428768e-01 -1.104791e+00 -1.165024e+00
0.000000e+00 1.547633e+00 1.012225e+00 -3.128947e-01 -2.034386e-01 1.549856e+00 1.504138e+00
0.000000e+00 3.889649e-01 -1.467263e+00 2.768051e-01 -5.522104e-01 -1.260947e+00 -1.202154e+00
0.000000e+00 -1.542149e+00 -1.467263e+00 8.665048e-01 1.191649e+00 -1.937621e+00 -1.867567e+00
0.000000e+00 1.161410e+00 1.588851e+00 2.768051e-01 1.453332e-01 1.914219e+00 1.920229e+00
0.000000e+00 7.751877e-01 -9.483006e-01 -1.492294e+00 -5.522104e-01 -5.842721e-01 -6.518918e-01
0.000000e+00 -7.697033e-01 1.127550e+00 1.456205e+00 8.428768e-01 8.731809e-01 8.255324e-01
0.000000e+00 -1.542149e+00 -2.563503e-01 8.665048e-01 -9.009822e-01 -7.924797e-01 -8.171768e-01
0.000000e+00 2.742182e-03 -1.294276e+00 -1.492294e+00 1.540420e+00 -1.260947e+00 -1.204766e+00
0.000000e+00 -3.834806e-01 -1.467263e+00 1.456205e+00 -1.249754e+00 -1.573258e+00 -1.469458e+00
0.000000e+00 1.161410e+00 -1.351938e+00 1.456205e+00 4.941050e-01 -5.842721e-01 -7.195970e-01
0.000000e+00 -1.542149e+00 -8.329756e-01 -1.492294e+00 -5.522104e-01 -1.469154e+00 -1.435493e+00
0.000000e+00 -1.542149e+00 1.415863e+00 2.768051e-01 -5.522104e-01 5.608696e-01 7.033087e-01
0.000000e+00 -3.834806e-01 -9.483006e-01 -3.128947e-01 1.540420e+00 -1.104791e+00 -9.858171e-01
0.000000e+00 1.161410e+00 3.779375e-01 8.665048e-01 1.191649e+00 7.690771e-01 8.640251e-01
0.000000e+00 2.742182e-03 1.473526e+00 1.456205e+00 -1.249754e+00 1.341648e+00 1.378406e+00
0.000000e+00 -1.155926e+00 6.085876e-01 -9.025945e-01 -1.598526e+00 4.035063e-02 3.028148e-02
0.000000e+00 3.889649e-01 -1.524926e+00 1.456205e+00 4.941050e-01 -1.312999e+00 -1.174888e+00
0.000000e+00 2.742182e-03 3.202750e-01 -3.128947e-01 8.428768e-01 2.485582e-01 3.065634e-01
0.000000e+00 -1.155926e+00 1.012225e+00 1.456205e+00 -9.009822e-01 4.567658e-01 5.204052e-01
0.000000e+00 -7.697033e-01 1.473526e+00 -9.025945e-01 -1.249754e+00 9.772847e-01 9.827350e-01
0.000000e+00 1.547633e+00 -7.753131e-01 2.768051e-01 -5.522104e-01 -1.678569e-01 -1.222150e-01
0.000000e+00 7.751877e-01 9.545628e-01 1.456205e+00 -1.249754e+00 1.497804e+00 1.198492e+00
0.000000e+00 7.751877e-01 3.202750e-01 8.665048e-01 -1.249754e+00 5.608696e-01 5.914257e-01
0.000000e+00 3.889649e-01 -1.409601e+00 2.768051e-01 -2.034386e-01 -1.208895e+00 -1.139017e+00
0.000000e+00 1.161410e+00 -8.329756e-01 -9.025945e-01 1.540420e+00 -4.281164e-01 -3.117663e-01
0.000000e+00 -3.834806e-01 -8.336272e-02 -1.492294e+00 -2.034386e-01 -2.199088e-01 -2.924172e-01
0.000000e+00 1.161410e+00 3.202750e-01 1.456205e+00 8.428768e-01 6.129215e-01 8.256839e-01
0.000000e+00 -3.834806e-01 4.356000e-01 2.768051e-01 1.191649e+00 9.240252e-02 2.991846e-01
0.000000e+00 1.161410e+00 3.779375e-01 1.456205e+00 -1.249754e+00 8.211290e-01 8.173996e-01
0.000000e+00 1.547633e+00 1.012225e+00 8.665048e-01 -1.598526e+00 1.601907e+00 1.512917e+00
0.000000e+00 -7.697033e-01 1.531188e+00 1.456205e+00 -9.009822e-01 1.133440e+00 1.145053e+00
0.000000e+00 -7.697033e-01 1.012225e+00 2.768051e-01 1.453332e-01 8.731809e-01 6.496681e-01
0.000000e+00 -1.155926e+00 -1.178951e+00 -3.128947e-01 -2.034386e-01 -1.625310e+00 -1.545056e+00
0.000000e+00 -7.697033e-01 6.085876e-01 2.768051e-01 8.428768e-01 2.485582e-01 2.995380e-01
0.000000e+00 -7.697033e-01 3.202750e-01 -9.025945e-01 8.428768e-01 -1.170127e-02 -1.472143e-02
0.000000e+00 2.742182e-03 -8.336272e-02 2.768051e-01 -1.249754e+00 -6.375316e-02 -1.003952e-01
0.000000e+00 2.742182e-03 -9.483006e-01 8.665048e-01 1.191649e+00 -8.445316e-01 -7.981846e-01
0.000000e+00 -1.155926e+00 -1.524926e+00 2.768051e-01 -5.522104e-01 -1.885569e+00 -1.848066e+00
0.000000e+00 3.889649e-01 7.815752e-01 2.768051e-01 -1.598526e+00 6.649733e-01 8.316524e-01
0.000000e+00 2.742182e-03 1.473526e+00 8.665048e-01 -1.249754e+00 1.445752e+00 1.353611e+00
0.000000e+00 3.889649e-01 6.662501e-01 2.768051e-01 1.453332e-01 8.731809e-01 7.767999e-01
0.000000e+00 -1.542149e+00 3.202750e-01 8.665048e-01 -2.034386e-01 -3.240126e-01 -2.674336e-01
0.000000e+00 2.742182e-03 1.127550e+00 -9.025945e-01 4.941050e-01 9.772847e-01 1.012637e+00
0.000000e+00 1.547633e+00 8.392377e-01 8.665048e-01 1.191649e+00 1.601907e+00 1.435740e+00
0.000000e+00 -1.155926e+00 -1.005963e+00 -9.025945e-01 1.453332e-01 -1.521206e+00 -1.400848e+00
0.000000e+00 -1.542149e+00 8.969003e-01 -9.025945e-01 1.453332e-01 2.485582e-01 1.977203e-01
0.000000e+00 1.547633e+00 -7.176505e-01 8.665048e-01 -1.249754e+00 -6.375316e-02 -6.489180e-02
0.000000e+00 1.547633e+00 1.472874e-01 2.768051e-01 4.941050e-01 9.252328e-01 7.553336e-01
0.000000e+00 1.547633e+00 -5.446629e-01 1.456205e+00 -1.249754e+00 3.006101e-01 1.187048e-01
0.000000e+00 3.889649e-01 -8.329756e-01 -3.128947e-01 4.941050e-01 -5.322202e-01 -6.140693e-01
0.000000e+00 1.161410e+00 -8.906381e-01 1.456205e+00 8.428768e-01 9.240252e-02 -2.859243e-01
0.000000e+00 -1.542149e+00 1.358200e+00 8.665048e-01 -1.598526e+00 6.649733e-01 6.445614e-01
0.000000e+00 -3.834806e-01 1.531188e+00 2.768051e-01 1.191649e+00 8.731809e-01 1.304925e+00
0.000000e+00 -1.542149e+00 -1.467263e+00 -9.025945e-01 8.428768e-01 -1.989673e+00 -1.952156e+00
0.000000e+00 1.161410e+00 -1.409601e+00 -1.492294e+00 1.191649e+00 -9.486353e-01 -8.761019e-01
0.000000e+00 -1.542149e+00 4.356000e-01 -3.128947e-01 -2.034386e-01 -6.375316e-02 -2.111570e-01
0.000000e+00 -7.697033e-01 -1.582588e+00 1.456205e+00 -5.522104e-01 -1.729414e+00 -1.703164e+00
0.000000e+00 -3.834806e-01 1.012225e+00 2.768051e-01 -1.598526e+00 9.252328e-01 7.468978e-01
0.000000e+00 1.161410e+00 -1.063626e+00 -3.128947e-01 1.191649e+00 -4.281164e-01 -5.089087e-01
0.000000e+00 3.889649e-01 3.202750e-01 -1.492294e+00 -5.522104e-01 4.047139e-01 3.644053e-01
0.000000e+00 7.751877e-01 1.472874e-01 -1.492294e+00 -5.522104e-01 4.047139e-01 3.538489e-01
0.000000e+00 1.161410e+00 3.202750e-01 -1.492294e+00 -5.522104e-01 6.649733e-01 6.608947e-01
0.000000e+00 -1.155926e+00 1.472874e-01 1.456205e+00 -1.249754e+00 -1.678569e-01 -2.838036e-01
0.000000e+00 1.161410e+00 3.196234e-02 8.665048e-01 -5.522104e-01 4.567658e-01 4.954078e-01
0.000000e+00 -7.697033e-01 -5.446629e-01 -3.128947e-01 -1.249754e+00 -8.965834e-01 -8.451498e-01
0.000000e+00 7.751877e-01 -1.986878e-01 8.665048e-01 8.428768e-01 2.485582e-01 1.762402e-01
0.000000e+00 -7.697033e-01 -1.986878e-01 -1.492294e+00 4.941050e-01 -5.322202e-01 -5.261233e-01
0.000000e+00 7.751877e-01 -1.294276e+00 2.768051e-01 1.540420e+00 -8.445316e-01 -8.338899e-01
0.000000e+00 -1.155926e+00 1.473526e+00 -1.492294e+00 -1.249754e+00 1.029337e+00 8.096949e-01
0.000000e+00 3.889649e-01 3.779375e-01 8.665048e-01 -1.249754e+00 6.129215e-01 4.961147e-01
0.000000e+00 -7.697033e-01 8.962487e-02 -1.492294e+00 -1.249754e+00 -3.760645e-01 -3.124697e-01
0.000000e+00 -7.697033e-01 -2.563503e-01 -1.492294e+00 -1.598526e+00 -5.842721e-01 -6.402750e-01
0.000000e+00 1.547633e+00 -1.640251e+00 8.665048e-01 1.453332e-01 -9.486353e-01 -8.710193e-01
0.000000e+00 7.751877e-01 -1.063626e+00 8.665048e-01 1.453332e-01 -7.404278e-01 -6.381716e-01
0.000000e+00 2.742182e-03 -4.870004e-01 2.768051e-01 -1.598526e+00 -4.281164e-01 -4.811342e-01
0.000000e+00 7.751877e-01 -7.753131e-01 8.665048e-01 -1.598526e+00 -5.322202e-01 -4.245180e-01
0.000000e+00 1.547633e+00 -1.351938e+00 2.768051e-01 1.453332e-01 -6.363240e-01 -6.311462e-01
0.000000e+00 -1.542149e+00 7.239127e-01 -9.025945e-01 1.453332e-01 -6.375316e-02 3.891919e-02
0.000000e+00 7.751877e-01 -1.524926e+00 -9.025945e-01 -5.522104e-01 -1.208895e+00 -1.156434e+00
0.000000e+00 3.889649e-01 3.779375e-01 8.665048e-01 -9.009822e-01 4.567658e-01 5.063177e-01
0.000000e+00 1.547633e+00 4.356000e-01 -1.492294e+00 1.191649e+00 9.772847e-01 9.660219e-01
0.000000e+00 -1.542149e+00 8.962487e-02 -3.128947e-01 1.453332e-01 -2.719607e-01 -5.185563e-01
0.000000e+00 -3.834806e-01 -1.121288e+00 -1.492294e+00 -1.598526e+00 -1.156843e+00 -1.286036e+00
0.000000e+00 1.547633e+00 -1.697914e+00 8.665048e-01 -9.009822e-01 -1.000687e+00 -9.545620e-01
0.000000e+00 -3.834806e-01 -3.140128e-01 2.768051e-01 -1.598526e+00 -5.322202e-01 -4.705778e-01
0.000000e+00 -7.697033e-01 6.662501e-01 -1.492294e+00 -9.009822e-01 1.444544e-01 2.270705e-01
0.000000e+00 1.547633e+00 1.242875e+00 -9.025945e-01 -1.249754e+00 1.549856e+00 1.660468e+00
0.000000e+00 -1.155926e+00 -3.716754e-01 1.456205e+00 -2.034386e-01 -7.404278e-01 -7.295981e-01
0.000000e+00 -3.834806e-01 1.300538e+00 8.665048e-01 -9.009822e-01 1.185492e+00 1.056768e+00
0.000000e+00 3.889649e-01 7.239127e-01 -1.492294e+00 4.941050e-01 4.047139e-01 7.655503e-01
0.000000e+00 -1.155926e+00 1.473526e+00 1.456205e+00 8.428768e-01 1.081388e+00 9.948900e-01
0.000000e+00 1.161410e+00 -7.753131e-01 -1.492294e+00 4.941050e-01 -2.199088e-01 -3.142370e-01
0.000000e+00 1.161410e+00 -1.294276e+00 2.768051e-01 -1.249754e+00 -1.000687e+00 -7.672691e-01
0.000000e+00 -1.542149e+00 1.646513e+00 2.768051e-01 1.540420e+00 9.772847e-01 9.762615e-01
0.000000e+00 -7.697033e-01 8.392377e-01 2.768051e-01 1.540420e+00 5.088177e-01 5.316789e-01
0.000000e+00 1.547633e+00 -1.986878e-01 1.456205e+00 4.941050e-01 5.088177e-01 4.873221e-01
0.000000e+00 2.742182e-03 1.242875e+00 -3.128947e-01 1.540420e+00 1.237544e+00 1.173909e+00
0.000000e+00 3.889649e-01 -7.176505e-01 1.456205e+00 -9.009822e-01 -4.801683e-01 -4.746275e-01
0.000000e+00 -3.834806e-01 -1.986878e-01 8.665048e-01 4.941050e-01 -4.281164e-01 -2.786969e-01
0.000000e+00 -1.155926e+00 -4.870004e-01 8.665048e-01 -1.598526e+00 -6.883759e-01 -9.010729e-01
0.000000e+00 1.161410e+00 -8.329756e-01 -9.025945e-01 -1.249754e+00 -4.801683e-01 -3.933902e-01
0.000000e+00 3.889649e-01 -1.640251e+00 -9.025945e-01 1.540420e+00 -1.104791e+00 -1.349328e+00
0.000000e+00 2.742182e-03 -1.467263e+00 8.665048e-01 -1.598526e+00 -1.469154e+00 -1.356212e+00
0.000000e+00 1.547633e+00 -7.176505e-01 -1.492294e+00 1.191649e+00 -1.678569e-01 -9.265252e-02
0.000000e+00 -1.542149e+00 -1.582588e+00 8.665048e-01 -1.249754e+00 -1.989673e+00 -2.044855e+00
0.000000e+00 2.742182e-03 -1.986878e-01 -3.128947e-01 -1.249754e+00 -1.158051e-01 -2.310580e-01
0.000000e+00 3.889649e-01 1.358200e+00 -9.025945e-01 1.453332e-01 1.497804e+00 1.362414e+00
0.000000e+00 2.742182e-03 -7.753131e-01 -9.025945e-01 4.941050e-01 -8.445316e-01 -7.341757e-01
0.000000e+00 3.889649e-01 -8.329756e-01 1.456205e+00 -1.249754e+00 -5.842721e-01 -5.906980e-01
0.000000e+00 3.889649e-01 -1.409601e+00 -9.025945e-01 -5.522104e-01 -1.000687e+00 -1.198811e+00
0.000000e+00 7.751877e-01 1.185213e+00 8.665048e-01 -9.009822e-01 1.341648e+00 1.395635e+00
0.000000e+00 -3.834806e-01 -1.351938e+00 -9.025945e-01 -2.034386e-01 -1.312999e+00 -1.432164e+00
0.000000e+00 1.161410e+00 1.127550e+00 -9.025945e-01 1.191649e+00 1.289596e+00 1.477777e+00
0.000000e+00 7.751877e-01 -9.483006e-01 1.456205e+00 -1.249754e+00 -7.404278e-01 -5.483207e-01
0.000000e+00 1.547633e+00 4.356000e-01 8.665048e-01 -2.034386e-01 1.133440e+00 1.024392e+00
0.000000e+00 7.751877e-01 5.509251e-01 -1.492294e+00 8.428768e-01 7.170252e-01 7.651969e-01
0.000000e+00 -7.697033e-01 -8.906381e-01 -9.025945e-01 1.453332e-01 -1.104791e+00 -1.146736e+00
0.000000e+00 -7.697033e-01 9.545628e-01 -9.025945e-01 -5.522104e-01 4.567658e-01 5.267375e-01
0.000000e+00 1.161410e+00 9.545628e-01 -9.025945e-01 1.540420e+00 1.185492e+00 1.329179e+00
0.000000e+00 2.742182e-03 1.012225e+00 -3.128947e-01 8.428768e-01 9.772847e-01 9.417681e-01
0.000000e+00 -3.834806e-01 1.472874e-01 8.665048e-01 -9.009822e-01 -1.678569e-01 -1.906583e-03
0.000000e+00 1.161410e+00 7.239127e-01 -9.025945e-01 -5.522104e-01 1.081388e+00 1.056226e+00
0.000000e+00 3.889649e-01 -1.986878e-01 -3.128947e-01 1.191649e+00 -1.158051e-01 -1.139234e-02
0.000000e+00 -1.155926e+00 -8.336272e-02 -1.492294e+00 -2.034386e-01 -4.801683e-01 -5.889066e-01
0.000000e+00 -3.834806e-01 1.531188e+00 -1.492294e+00 1.453332e-01 1.133440e+00 1.199930e+00
0.000000e+00 -3.834806e-01 3.779375e-01 1.456205e+00 -1.249754e+00 1.965063e-01 2.244207e-01
0.000000e+00 3.889649e-01 -1.467263e+00 1.456205e+00 1.191649e+00 -1.052739e+00 -1.101548e+00
0.000000e+00 3.889649e-01 -8.336272e-02 1.456205e+00 8.428768e-01 3.006101e-01 1.586584e-01
0.000000e+00 -1.542149e+00 8.962487e-02 -3.128947e-01 4.941050e-01 -4.801683e-01 -5.083533e-01
0.000000e+00 1.161410e+00 1.704176e+00 -1.492294e+00 1.191649e+00 2.174478e+00 1.982319e+00
0.000000e+00 3.889649e-01 1.300538e+00 1.456205e+00 -2.034386e-01 1.601907e+00 1.398459e+00
0.000000e+00 -7.697033e-01 -1.409601e+00 2.768051e-01 -2.034386e-01 -1.625310e+00 -1.583751e+00
0.000000e+00 1.547633e+00 -1.640251e+00 1.456205e+00 1.191649e+00 -9.486353e-01 -8.156149e-01
0.000000e+00 -1.155926e+00 -1.409601e+00 -1.492294e+00 -2.034386e-01 -1.937621e+00 -1.806382e+00
0.000000e+00 1.161410e+00 8.969003e-01 2.768051e-01 1.191649e+00 1.497804e+00 1.315633e+00
0.000000e+00 -7.697033e-01 7.239127e-01 -3.128947e-01 -1.598526e+00 1.965063e-01 3.091891e-01
0.000000e+00 2.742182e-03 -1.524926e+00 2.768051e-01 1.540420e+00 -1.365050e+00 -1.342114e+00
0.000000e+00 3.889649e-01 1.473526e+00 -1.492294e+00 1.540420e+00 1.497804e+00 1.484298e+00
0.000000e+00 3.889649e-01 -8.336272e-02 -9.025945e-01 8.428768e-01 2.485582e-01 5.947668e-02
0.000000e+00 -3.834806e-01 1.646513e+00 2.768051e-01 -9.009822e-01 1.185492e+00 1.349575e+00
0.000000e+00 -7.697033e-01 -3.140128e-01 -1.492294e+00 8.428768e-01 -4.801683e-01 -6.217878e-01
0.000000e+00 -3.834806e-01 -1.236613e+00 1.456205e+00 -2.034386e-01 -1.260947e+00 -1.227114e+00
0.000000e+00 -1.542149e+00 1.473526e+00 -9.025945e-01 -1.249754e+00 6.649733e-01 6.862456e-01
0.000000e+00 -3.834806e-01 -1.582588e+00 -3.128947e-01 1.191649e+00 -1.573258e+00 -1.578291e+00
0.000000e+00 -1.542149e+00 -2.563503e-01 -3.128947e-01 -5.522104e-01 -9.486353e-01 -8.565646e-01
0.000000e+00 -1.542149e+00 1.012225e+00 8.665048e-01 4.941050e-01 3.526620e-01 3.881771e-01
0.000000e+00 3.889649e-01 7.239127e-01 -3.128947e-01 8.428768e-01 7.170252e-01 8.253442e-01
0.000000e+00 2.742182e-03 -1.986878e-01 8.665048e-01 4.941050e-01 -2.719607e-01 -1.304522e-01
0.000000e+00 -3.834806e-01 3.202750e-01 -3.128947e-01 1.453332e-01 -1.170127e-02 1.379127e-01
0.000000e+00 -7.697033e-01 8.962487e-02 -3.128947e-01 4.941050e-01 -6.375316e-02 -2.118639e-01
0.000000e+00 -1.542149e+00 -1.697914e+00 -3.128947e-01 -5.522104e-01 -2.249933e+00 -2.179908e+00
0.000000e+00 3.889649e-01 1.531188e+00 8.665048e-01 1.540420e+00 1.706011e+00 1.636413e+00
0.000000e+00 -1.155926e+00 1.300538e+00 1.456205e+00 -1.598526e+00 7.170252e-01 7.646678e-01
0.000000e+00 1.161410e+00 1.358200e+00 8.665048e-01 -2.034386e-01 1.706011e+00 1.723086e+00
0.000000e+00 2.742182e-03 -8.329756e-01 2.768051e-01 8.428768e-01 -7.404278e-01 -7.273155e-01
0.000000e+00 7.751877e-01 1.185213e+00 -1.492294e+00 1.540420e+00 1.445752e+00 1.367874e+00
0.000000e+00 -1.155926e+00 1.012225e+00 -1.492294e+00 1.453332e-01 3.526620e-01 4.270371e-01
0.000000e+00 1.161410e+00 -1.121288e+00 1.456205e+00 -2.034386e-01 -5.322202e-01 -5.282681e-01
0.000000e+00 -1.155926e+00 -2.563503e-01 -1.492294e+00 -1.249754e+00 -6.883759e-01 -7.783168e-01
0.000000e+00 -3.834806e-01 5.509251e-01 -3.128947e-01 1.540420e+00 5.088177e-01 3.904596e-01
0.000000e+00 -1.542149e+00 1.415863e+00 1.456205e+00 -2.034386e-01 9.252328e-01 7.631025e-01
0.000000e+00 2.742182e-03 -1.697914e+00 -1.492294e+00 1.540420e+00 -1.677362e+00 -1.575302e+00
0.000000e+00 1.547633e+00 -2.563503e-01 8.665048e-01 -9.009822e-01 3.006101e-01 3.687810e-01
0.000000e+00 -1.542149e+00 -1.410252e-01 2.768051e-01 -1.249754e+00 -7.404278e-01 -7.463078e-01
0.000000e+00 1.547633e+00 1.300538e+00 -9.025945e-01 -9.009822e-01 1.549856e+00 1.723605e+00
0.000000e+00 1.161410e+00 1.588851e+00 2.768051e-01 -5.522104e-01 1.966271e+00 1.899823e+00
0.000000e+00 3.889649e-01 -1.236613e+00 -1.492294e+00 -1.249754e+00 -1.052739e+00 -1.085211e+00
0.000000e+00 7.751877e-01 1.704176e+00 1.456205e+00 -5.522104e-01 1.914219e+00 1.907036e+00
0.000000e+00 -7.697033e-01 1.646513e+00 -1.492294e+00 -5.522104e-01 1.237544e+00 1.137147e+00
0.000000e+00 -1.542149e+00 7.815752e-01 8.665048e-01 1.453332e-01 9.240252e-02 1.662392e-01
0.000000e+00 2.742182e-03 -4.870004e-01 2.768051e-01 -2.034386e-01 -3.240126e-01 -4.403222e-01
0.000000e+00 -1.155926e+00 -1.294276e+00 8.665048e-01 4.941050e-01 -1.417102e+00 -1.580927e+00
0.000000e+00 2.742182e-03 1.588851e+00 8.665048e-01 4.941050e-01 1.549856e+00 1.510493e+00
0.000000e+00 1.161410e+00 1.069888e+00 -9.025945e-01 -9.009822e-01 1.393700e+00 1.363626e+00
0.000000e+00 1.547633e+00 6.662501e-01 8.665048e-01 1.191649e+00 1.289596e+00 1.276938e+00
0.000000e+00 -1.155926e+00 -1.986878e-01 8.665048e-01 4.941050e-01 -7.404278e-01 -5.751863e-01
0.000000e+00 -7.697033e-01 4.932626e-01 -9.025945e-01 4.941050e-01 9.240252e-02 1.338767e-01
0.000000e+00 -7.697033e-01 -6.599880e-01 -3.128947e-01 -1.249754e+00 -7.404278e-01 -9.510172e-01
0.000000e+00 -1.542149e+00 -3.140128e-01 -3.128947e-01 1.540420e+00 -6.363240e-01 -8.482804e-01
0.000000e+00 1.161410e+00 4.356000e-01 1.456205e+00 -9.009822e-01 9.252328e-01 8.805363e-01
0.000000e+00 3.889649e-01 -5.446629e-01 -9.025945e-01 -9.009822e-01 -4.801683e-01 -4.150081e-01
0.000000e+00 1.161410e+00 -3.716754e-01 1.456205e+00 1.453332e-01 3.006101e-01 1.700732e-01
0.000000e+00 1.547633e+00 -3.716754e-01 1.456205e+00 -5.522104e-01 3.006101e-01 2.979119e-01
0.000000e+00 2.742182e-03 1.704176e+00 8.665048e-01 -5.522104e-01 1.653959e+00 1.585752e+00
0.000000e+00 -7.697033e-01 1.704176e+00 1.456205e+00 -1.598526e+00 1.185492e+00 1.283449e+00
0.000000e+00 2.742182e-03 -6.599880e-01 -1.492294e+00 1.453332e-01 -6.363240e-01 -6.633067e-01
0.000000e+00 2.742182e-03 1.127550e+00 2.768051e-01 8.428768e-01 1.029337e+00 1.072431e+00
0.000000e+00 2.742182e-03 9.545628e-01 -1.492294e+00 8.428768e-01 8.731809e-01 8.392435e-01
0.000000e+00 -7.697033e-01 -1.640251e+00 -1.492294e+00 8.428768e-01 -1.937621e+00 -1.839263e+00
0.000000e+00 -3.834806e-01 -9.483006e-01 8.665048e-01 -2.034386e-01 -1.000687e+00 -9.872413e-01
0.000000e+00 1.547633e+00 1.300538e+00 2.768051e-01 1.540420e+00 1.914219e+00 1.844617e+00
0.000000e+00 1.547633e+00 8.962487e-02 1.456205e+00 1.453332e-01 8.211290e-01 7.417877e-01
0.000000e+00 -1.155926e+00 6.662501e-01 2.768051e-01 -2.034386e-01 1.444544e-01 1.736180e-01
0.000000e+00 1.161410e+00 8.962487e-02 1.456205e+00 -5.522104e-01 7.170252e-01 5.731370e-01
0.000000e+00 1.161410e+00 -1.410252e-01 -3.128947e-01 -5.522104e-01 1.444544e-01 2.870158e-01
0.000000e+00 7.751877e-01 1.012225e+00 -9.025945e-01 -5.522104e-01 9.772847e-01 1.172650e+00
0.000000e+00 1.161410e+00 4.932626e-01 8.665048e-01 -5.522104e-01 8.731809e-01 9.188776e-01
0.000000e+00 -7.697033e-01 5.509251e-01 1.456205e+00 1.453332e-01 3.006101e-01 2.757892e-01
0.000000e+00 3.889649e-01 6.662501e-01 1.456205e+00 1.453332e-01 9.772847e-01 8.263907e-01
0.000000e+00 -1.542149e+00 9.545628e-01 2.768051e-01 -2.034386e-01 2.485582e-01 2.900419e-01
0.000000e+00 7.751877e-01 5.509251e-01 8.665048e-01 1.191649e+00 7.690771e-01 8.745816e-01
0.000000e+00 -1.542149e+00 -1.005963e+00 1.456205e+00 8.428768e-01 -1.469154e+00 -1.429505e+00
0.000000e+00 1.547633e+00 -1.063626e+00 -3.128947e-01 1.540420e+00 -3.240126e-01 -3.504610e-01
0.000000e+00 -1.542149e+00 -1.294276e+00 -1.492294e+00 1.453332e-01 -1.989673e+00 -1.838556e+00
0.000000e+00 -1.542149e+00 -8.906381e-01 1.456205e+00 1.191649e+00 -1.104791e+00 -1.313434e+00
0.000000e+00 7.751877e-01 -2.563503e-01 2.768051e-01 -2.034386e-01 -2.199088e-01 6.790209e-02
0.000000e+00 -1.155926e+00 -1.063626e+00 -3.128947e-01 1.540420e+00 -1.469154e+00 -1.388174e+00
0.000000e+00 2.742182e-03 7.239127e-01 8.665048e-01 -5.522104e-01 6.129215e-01 6.858783e-01
0.000000e+00 1.161410e+00 1.185213e+00 1.456205e+00 1.453332e-01 1.497804e+00 1.599284e+00
0.000000e+00 1.161410e+00 8.969003e-01 -3.128947e-01 -5.522104e-01 1.341648e+00 1.239823e+00
0.000000e+00 -7.697033e-01 -1.986878e-01 -3.128947e-01 8.428768e-01 -5.322202e-01 -4.663295e-01
0.000000e+00 7.751877e-01 -7.176505e-01 -3.128947e-01 4.941050e-01 -2.719607e-01 -3.599571e-01
0.000000e+00 -7.697033e-01 8.392377e-01 -3.128947e-01 -2.034386e-01 6.129215e-01 4.558685e-01
0.000000e+00 3.889649e-01 3.202750e-01 -3.128947e-01 1.540420e+00 6.129215e-01 4.752141e-01
0.000000e+00 3.889649e-01 1.069888e+00 -3.128947e-01 1.453332e-01 1.133440e+00 1.122541e+00
0.000000e+00 -7.697033e-01 1.185213e+00 -9.025945e-01 4.941050e-01 7.690771e-01 7.690814e-01
0.000000e+00 7.751877e-01 -1.986878e-01 8.665048e-01 -1.249754e+00 1.965063e-01 1.150222e-01
0.000000e+00 -7.697033e-01 -1.236613e+00 -1.492294e+00 1.191649e+00 -1.469154e+00 -1.458524e+00
0.000000e+00 1.161410e+00 1.415863e+00 8.665048e-01 4.941050e-01 1.706011e+00 1.796426e+00
0.000000e+00 -3.834806e-01 4.932626e-01 2.768051e-01 8.428768e-01 2.485582e-01 3.419153e-01
0.000000e+00 -1.542149e+00 -1.697914e+00 2.768051e-01 -2.034386e-01 -2.145829e+00 -2.144909e+00
0.000000e+00 -3.834806e-01 -1.351938e+00 8.665048e-01 -9.009822e-01 -1.469154e+00 -1.378183e+00
0.000000e+00 7.751877e-01 -2.563503e-01 -3.128947e-01 -1.249754e+00 -6.375316e-02 1.249768e-02
0.000000e+00 -3.834806e-01 -1.351938e+00 -9.025945e-01 -1.249754e+00 -1.208895e+00 -1.462773e+00
0.000000e+00 3.889649e-01 1.242875e+00 -1.492294e+00 -9.009822e-01 1.237544e+00 1.201142e+00
0.000000e+00 1.547633e+00 -1.351938e+00 1.456205e+00 -1.598526e+00 -5.842721e-01 -6.325703e-01
0.000000e+00 -1.542149e+00 -1.294276e+00 1.456205e+00 -1.598526e+00 -1.833518e+00 -1.765594e+00
0.000000e+00 2.742182e-03 -8.329756e-01 -3.128947e-01 4.941050e-01 -6.883759e-01 -7.623140e-01
0.000000e+00 7.751877e-01 -1.582588e+00 8.665048e-01 1.540420e+00 -1.156843e+00 -1.073763e+00
0.000000e+00 -1.542149e+00 8.392377e-01 1.456205e+00 8.428768e-01 1.444544e-01 2.643743e-01
0.000000e+00 -3.834806e-01 -1.178951e+00 8.665048e-01 1.453332e-01 -1.260947e+00 -1.188773e+00
0.000000e+00 3.889649e-01 1.127550e+00 -9.025945e-01 4.941050e-01 1.029337e+00 1.160882e+00
0.000000e+00 -1.155926e+00 -1.351938e+00 -9.025945e-01 -1.598526e+00 -1.729414e+00 -1.769465e+00
0.000000e+00 2.742182e-03 -5.446629e-01 8.665048e-01 -1.598526e+00 -4.801683e-01 -5.092725e-01
0.000000e+00 -1.542149e+00 1.300538e+00 -3.128947e-01 1.191649e+00 6.649733e-01 6.236608e-01
0.000000e+00 3.889649e-01 3.779375e-01 -3.128947e-01 -2.034386e-01 5.608696e-01 4.771329e-01
0.000000e+00 3.889649e-01 3.196234e-02 -3.128947e-01 4.941050e-01 2.485582e-01 1.799365e-01
0.000000e+00 -3.834806e-01 -4.293379e-01 1.456205e+00 1.453332e-01 -5.842721e-01 -4.758394e-01
0.000000e+00 1.161410e+00 1.531188e+00 -1.492294e+00 -5.522104e-01 1.810115e+00 1.772503e+00
0.000000e+00 -3.834806e-01 -1.986878e-01 -1.492294e+00 -1.598526e+00 -4.281164e-01 -4.390966e-01
0.000000e+00 1.161410e+00 1.473526e+00 -3.128947e-01 -5.522104e-01 1.706011e+00 1.769160e+00
0.000000e+00 1.161410e+00 -4.870004e-01 8.665048e-01 1.540420e+00 4.035063e-02 8.022234e-02
0.000000e+00 2.742182e-03 4.932626e-01 -9.025945e-01 1.540420e+00 5.608696e-01 4.609752e-01
0.000000e+00 -3.834806e-01 1.531188e+00 2.768051e-01 8.428768e-01 1.185492e+00 1.294722e+00
0.000000e+00 -1.155926e+00 -1.986878e-01 -9.025945e-01 -1.598526e+00 -6.363240e-01 -7.107906e-01
0.000000e+00 -7.697033e-01 1.358200e+00 -9.025945e-01 -1.249754e+00 8.731809e-01 8.768676e-01
0.000000e+00 -7.697033e-01 1.069888e+00 2.768051e-01 8.428768e-01 7.170252e-01 7.230078e-01
0.000000e+00 -3.834806e-01 -1.524926e+00 -3.128947e-01 -1.249754e+00 -1.625310e+00 -1.596778e+00
0.000000e+00 -3.834806e-01 -3.716754e-01 -9.025945e-01 1.540420e+00 -4.281164e-01 -4.812754e-01
0.000000e+00 2.742182e-03 -4.293379e-01 2.768051e-01 1.191649e+00 -5.322202e-01 -3.465765e-01
0.000000e+00 -3.834806e-01 1.012225e+00 1.456205e+00 -9.009822e-01 8.731809e-01 8.168946e-01
0.000000e+00 1.161410e+00 -6.599880e-01 8.665048e-01 -9.009822e-01 -2.199088e-01 -1.499998e-01
0.000000e+00 3.889649e-01 6.662501e-01 8.665048e-01 1.453332e-01 9.252328e-01 8.015953e-01
0.000000e+00 3.889649e-01 -1.582588e+00 8.665048e-01 -9.009822e-01 -1.417102e+00 -1.293429e+00
0.000000e+00 1.161410e+00 -1.986878e-01 -3.128947e-01 1.191649e+00 4.035063e-02 2.850971e-01
0.000000e+00 7.751877e-01 -1.582588e+00 -9.025945e-01 8.428768e-01 -1.365050e+00 -1.168555e+00
0.000000e+00 1.161410e+00 -1.410252e-01 -9.025945e-01 -5.522104e-01 2.485582e-01 2.622204e-01
0.000000e+00 -1.155926e+00 -7.753131e-01 -1.492294e+00 1.453332e-01 -1.417102e+00 -1.213908e+00
0.000000e+00 1.547633e+00 3.196234e-02 8.665048e-01 8.428768e-01 5.608696e-01 6.844645e-01
0.000000e+00 -1.542149e+00 -1.178951e+00 -3.128947e-01 -5.522104e-01 -1.781466e+00 -1.703504e+00
0.000000e+00 1.161410e+00 1.069888e+00 2.768051e-01 -2.034386e-01 1.497804e+00 1.433622e+00
0.000000e+00 -3.834806e-01 -4.870004e-01 -3.128947e-01 4.941050e-01 -6.883759e-01 -5.929564e-01
0.000000e+00 -3.834806e-01 -2.570019e-02 -9.025945e-01 8.428768e-01 -2.199088e-01 -1.840790e-01
0.000000e+00 2.742182e-03 1.069888e+00 8.665048e-01 4.941050e-01 9.772847e-01 1.034090e+00
0.000000e+00 1.161410e+00 -5.446629e-01 -1.492294e+00 8.428768e-01 -2.719607e-01 -9.229907e-02
0.000000e+00 2.742182e-03 3.202750e-01 1.456205e+00 -5.522104e-01 3.526620e-01 3.401377e-01
0.000000e+00 1.161410e+00 1.300538e+00 -3.128947e-01 -1.598526e+00 1.810115e+00 1.579750e+00
0.000000e+00 -1.542149e+00 -4.293379e-01 -1.492294e+00 1.453332e-01 -1.208895e+00 -1.044551e+00
0.000000e+00 1.547633e+00 4.356000e-01 -9.025945e-01 -2.034386e-01 8.211290e-01 9.500053e-01
0.000000e+00 3.889649e-01 -1.063626e+00 2.768051e-01 -5.522104e-01 -9.486353e-01 -8.316177e-01
0.000000e+00 -7.697033e-01 -3.140128e-01 -3.128947e-01 -1.249754e+00 -6.883759e-01 -6.334149e-01
0.000000e+00 1.161410e+00 1.358200e+00 1.456205e+00 -1.598526e+00 1.549856e+00 1.707070e+00
0.000000e+00 1.547633e+00 1.531188e+00 -9.025945e-01 1.191649e+00 2.122426e+00 1.996558e+00
0.000000e+00 3.889649e-01 -6.023255e-01 8.665048e-01 -1.249754e+00 -2.199088e-01 -4.037585e-01
0.000000e+00 7.751877e-01 1.069888e+00 -3.128947e-01 1.191649e+00 1.393700e+00 1.301394e+00
0.000000e+00 -1.542149e+00 1.069888e+00 -1.492294e+00 1.453332e-01 4.567658e-01 3.317261e-01
0.000000e+00 2.742182e-03 6.662501e-01 -3.128947e-01 1.453332e-01 6.129215e-01 6.037598e-01
0.000000e+00 2.742182e-03 -1.351938e+00 -9.025945e-01 -1.249754e+00 -1.208895e+00 -1.314528e+00
0.000000e+00 -3.834806e-01 -8.336272e-02 -9.025945e-01 1.453332e-01 -2.719607e-01 -2.574187e-01
0.000000e+00 3.889649e-01 1.012225e+00 -1.492294e+00 -9.009822e-01 9.252328e-01 9.894070e-01
0.000000e+00 7.751877e-01 -8.336272e-02 1.456205e+00 4.941050e-01 3.526620e-01 2.967001e-01
0.000000e+00 1.547633e+00 -1.005963e+00 -9.025945e-01 1.540420e+00 -3.760645e-01 -3.223227e-01
0.000000e+00 -1.542149e+00 -1.582588e+00 -3.128947e-01 -5.522104e-01 -1.833518e+00 -2.074040e+00
0.000000e+00 3.889649e-01 -1.640251e+00 1.456205e+00 1.191649e+00 -1.156843e+00 -1.260349e+00
0.000000e+00 7.751877e-01 -8.329756e-01 -1.492294e+00 -2.034386e-01 -6.363240e-01 -5.358214e-01
0.000000e+00 -7.697033e-01 -2.570019e-02 -9.025945e-01 1.540420e+00 -3.240126e-01 -3.119178e-01
0.000000e+00 1.161410e+00 4.356000e-01 -9.025945e-01 -9.009822e-01 7.690771e-01 7.813546e-01
0.000000e+00 2.742182e-03 -1.409601e+00 -3.128947e-01 -1.598526e+00 -1.417102e+00 -1.352869e+00
0.000000e+00 1.547633e+00 8.392377e-01 -9.025945e-01 -1.598526e+00 1.393700e+00 1.279729e+00
0.000000e+00 2.742182e-03 -1.351938e+00 -3.128947e-01 -5.522104e-01 -1.365050e+00 -1.269326e+00
0.000000e+00 1.547633e+00 -1.467263e+00 8.665048e-01 1.540420e+00 -6.883759e-01 -6.714062e-01
0.000000e+00 -3.834806e-01 1.473526e+00 1.456205e+00 1.540420e+00 1.237544e+00 1.311785e+00
0.000000e+00 1.547633e+00 -1.351938e+00 -3.128947e-01 -5.522104e-01 -7.404278e-01 -6.763476e-01
0.000000e+00 2.742182e-03 2.049499e-01 2.768051e-01 1.191649e+00 3.006101e-01 2.356944e-01
0.000000e+00 1.547633e+00 8.962487e-02 -9.025945e-01 8.428768e-01 7.170252e-01 6.630120e-01
0.000000e+00 -7.697033e-01 1.069888e+00 8.665048e-01 -5.522104e-01 6.649733e-01 7.069912e-01
0.000000e+00 -3.834806e-01 -1.005963e+00 1.456205e+00 1.453332e-01 -8.965834e-01 -1.005177e+00
0.000000e+00 1.547633e+00 -2.570019e-02 -1.492294e+00 4.941050e-01 6.129215e-01 5.221461e-01
0.000000e+00 3.889649e-01 -3.140128e-01 2.768051e-01 1.540420e+00 -6.375316e-02 -8.226136e-02
0.000000e+00 -1.155926e+00 -5.446629e-01 -1.492294e+00 8.428768e-01 -8.445316e-01 -9.817674e-01
0.000000e+00 7.751877e-01 1.704176e+00 2.768051e-01 -5.522104e-01 1.966271e+00 1.857446e+00
0.000000e+00 -1.155926e+00 1.646513e+00 8.665048e-01 -1.598526e+00 1.081388e+00 1.057475e+00
0.000000e+00 -1.155926e+00 -5.446629e-01 1.456205e+00 -2.034386e-01 -8.445316e-01 -8.883992e-01
0.000000e+00 -1.542149e+00 -1.410252e-01 8.665048e-01 -1.598526e+00 -8.965834e-01 -7.317153e-01
0.000000e+00 -7.697033e-01 1.012225e+00 8.665048e-01 -5.522104e-01 7.170252e-01 6.540575e-01
0.000000e+00 3.889649e-01 1.588851e+00 2.768051e-01 4.941050e-01 1.706011e+00 1.633942e+00
0.000000e+00 1.161410e+00 -6.023255e-01 -3.128947e-01 4.941050e-01 -6.375316e-02 -1.058449e-01
0.000000e+00 1.547633e+00 2.049499e-01 1.456205e+00 -1.598526e+00 6.649733e-01 7.966401e-01
0.000000e+00 7.751877e-01 -1.467263e+00 -1.492294e+00 1.191649e+00 -1.156843e+00 -1.077280e+00
0.000000e+00 -3.834806e-01 -7.176505e-01 -3.128947e-01 -1.249754e+00 -7.924797e-01 -8.557062e-01
0.000000e+00 3.889649e-01 1.704176e+00 -3.128947e-01 -2.034386e-01 1.653959e+00 1.694608e+00
0.000000e+00 2.742182e-03 4.932626e-01 -9.025945e-01 1.453332e-01 4.567658e-01 4.201632e-01
0.000000e+00 1.161410e+00 7.239127e-01 -1.492294e+00 -1.598526e+00 7.690771e-01 1.000822e+00
0.000000e+00 -1.542149e+00 1.531188e+00 2.768051e-01 -1.249754e+00 7.690771e-01 7.887701e-01
0.000000e+00 -1.542149e+00 1.531188e+00 -9.025945e-01 4.941050e-01 8.731809e-01 7.901943e-01
0.000000e+00 3.889649e-01 -1.121288e+00 -9.025945e-01 1.453332e-01 -8.965834e-01 -9.137363e-01
0.000000e+00 -1.155926e+00 1.358200e+00 8.665048e-01 1.453332e-01 8.211290e-01 8.438211e-01
0.000000e+00 2.742182e-03 -7.753131e-01 2.768051e-01 1.453332e-01 -7.924797e-01 -6.947878e-01
0.000000e+00 -1.542149e+00 1.012225e+00 -3.128947e-01 4.941050e-01 1.444544e-01 3.385862e-01
0.000000e+00 7.751877e-01 8.392377e-01 1.456205e+00 1.540420e+00 1.133440e+00 1.174249e+00
0.000000e+00 -1.542149e+00 -4.870004e-01 -3.128947e-01 1.191649e+00 -8.965834e-01 -1.017285e+00
0.000000e+00 -3.834806e-01 3.779375e-01 -3.128947e-01 1.191649e+00 2.485582e-01 2.214554e-01
0.000000e+00 1.547633e+00 -6.023255e-01 8.665048e-01 -1.249754e+00 9.240252e-02 4.097564e-02
0.000000e+00 -1.542149e+00 1.012225e+00 -3.128947e-01 -1.249754e+00 4.047139e-01 2.875712e-01
0.000000e+00 -3.834806e-01 1.704176e+00 -1.492294e+00 -2.034386e-01 1.393700e+00 1.348528e+00
0.000000e+00 3.889649e-01 1.358200e+00 -3.128947e-01 1.540420e+00 1.497804e+00 1.428021e+00
0.000000e+00 3.889649e-01 1.358200e+00 -3.128947e-01 4.941050e-01 1.497804e+00 1.397412e+00
0.000000e+00 1.161410e+00 1.012225e+00 -1.492294e+00 -9.009822e-01 1.133440e+00 1.285896e+00
0.000000e+00 -1.542149e+00 1.012225e+00 8.665048e-01 -9.009822e-01 3.006101e-01 3.473651e-01
0.000000e+00 7.751877e-01 8.969003e-01 -9.025945e-01 -5.522104e-01 9.252328e-01 1.066783e+00
0.000000e+00 -1.542149e+00 -1.409601e+00 2.768051e-01 -9.009822e-01 -2.093777e+00 -1.900647e+00
0.000000e+00 7.751877e-01 2.049499e-01 8.665048e-01 -9.009822e-01 4.567658e-01 4.957613e-01
0.000000e+00 -7.697033e-01 -9.483006e-01 -3.128947e-01 8.428768e-01 -1.156843e+00 -1.154468e+00
0.000000e+00 1.161410e+00 1.012225e+00 -9.025945e-01 4.941050e-01 1.185492e+00 1.351504e+00
0.000000e+00 -7.697033e-01 -4.293379e-01 2.768051e-01 4.941050e-01 -6.363240e-01 -6.634719e-01
0.000000e+00 -1.542149e+00 -6.023255e-01 2.768051e-01 1.540420e+00 -1.104791e+00 -1.088154e+00
0.000000e+00 1.161410e+00 -1.005963e+00 2.768051e-01 -1.249754e+00 -3.760645e-01 -5.026005e-01
0.000000e+00 -7.697033e-01 9.545628e-01 -1.492294e+00 1.191649e+00 5.608696e-01 5.529571e-01
0.000000e+00 -1.155926e+00 7.815752e-01 -1.492294e+00 1.453332e-01 2.485582e-01 2.153022e-01
0.000000e+00 -1.542149e+00 6.085876e-01 -9.025945e-01 -9.009822e-01 -1.158051e-01 -9.755725e-02
0.000000e+00 -7.697033e-01 8.962487e-02 -3.128947e-01 1.191649e+00 -2.199088e-01 -1.914579e-01
0.000000e+00 -1.155926e+00 -2.563503e-01 -9.025945e-01 1.191649e+00 -6.363240e-01 -6.821003e-01
0.000000e+00 -1.155926e+00 1.127550e+00 -3.128947e-01 1.453332e-01 6.649733e-01 5.824954e-01
0.000000e+00 3.889649e-01 1.300538e+00 8.665048e-01 1.540420e+00 1.289596e+00 1.424678e+00
0.000000e+00 -1.542149e+00 -9.483006e-01 2.768051e-01 1.453332e-01 -1.521206e+00 -1.446568e+00
0.000000e+00 -1.155926e+00 1.242875e+00 2.768051e-01 8.428768e-01 7.690771e-01 7.335642e-01
0.000000e+00 3.889649e-01 1.531188e+00 -1.492294e+00 8.428768e-01 1.549856e+00 1.516825e+00
0.000000e+00 -7.697033e-01 3.202750e-01 8.665048e-01 1.453332e-01 9.240252e-02 3.925885e-02
0.000000e+00 -3.834806e-01 -1.294276e+00 1.456205e+00 4.941050e-01 -1.312999e+00 -1.259642e+00
0.000000e+00 -1.542149e+00 5.509251e-01 8.665048e-01 -5.522104e-01 4.035063e-02 -6.590169e-02
0.000000e+00 1.161410e+00 -4.870004e-01 -3.128947e-01 -1.598526e+00 -1.158051e-01 -6.119548e-02
0.000000e+00 7.751877e-01 -4.870004e-01 8.665048e-01 -5.522104e-01 -1.678569e-01 -1.292404e-01
0.000000e+00 7.751877e-01 -8.329756e-01 -1.492294e+00 8.428768e-01 -4.281164e-01 -5.052124e-01
0.000000e+00 -7.697033e-01 -1.986878e-01 -3.128947e-01 8.428768e-01 -3.760645e-01 -4.663295e-01
0.000000e+00 -7.697033e-01 1.473526e+00 -9.025945e-01 -1.249754e+00 1.185492e+00 9.827350e-01
0.000000e+00 -1.155926e+00 1.704176e+00 -3.128947e-01 4.941050e-01 1.237544e+00 1.122036e+00
0.000000e+00 -1.542149e+00 1.704176e+00 -9.025945e-01 -1.598526e+00 1.029337e+00 8.877774e-01
0.000000e+00 7.751877e-01 -1.178951e+00 1.456205e+00 -1.249754e+00 -7.924797e-01 -7.600556e-01
0.000000e+00 7.751877e-01 -3.140128e-01 -3.128947e-01 8.428768e-01 1.965063e-01 2.078194e-02
0.000000e+00 -1.155926e+00 3.196234e-02 2.768051e-01 1.540420e+00 -3.240126e-01 -3.576379e-01
0.000000e+00 7.751877e-01 -5.446629e-01 1.456205e+00 -5.522104e-01 -3.760645e-01 -1.573787e-01
0.000000e+00 1.161410e+00 -1.986878e-01 -9.025945e-01 -9.009822e-01 2.485582e-01 1.990837e-01
0.000000e+00 -1.542149e+00 -7.753131e-01 -1.492294e+00 -1.249754e+00 -1.365050e+00 -1.402965e+00
0.000000e+00 1.547633e+00 1.472874e-01 1.456205e+00 1.453332e-01 6.649733e-01 7.947214e-01
0.000000e+00 7.751877e-01 3.196234e-02 1.456205e+00 -5.522104e-01 4.047139e-01 3.719585e-01
0.000000e+00 -7.697033e-01 1.127550e+00 1.456205e+00 -9.009822e-01 8.211290e-01 7.745174e-01
0.000000e+00 1.161410e+00 6.662501e-01 -9.025945e-01 -9.009822e-01 1.081388e+00 9.930895e-01
0.000000e+00 7.751877e-01 -2.563503e-01 -9.025945e-01 1.540420e+00 9.240252e-02 6.932623e-02
0.000000e+00 1.161410e+00 -5.446629e-01 -3.128947e-01 -9.009822e-01 -6.375316e-02 -9.372321e-02
0.000000e+00 3.889649e-01 3.202750e-01 2.768051e-01 8.428768e-01 3.006101e-01 4.796036e-01
0.000000e+00 1.547633e+00 -1.697914e+00 1.456205e+00 1.191649e+00 -1.104791e+00 -8.685486e-01
0.000000e+00 2.742182e-03 -1.524926e+00 -3.128947e-01 1.191649e+00 -1.208895e+00 -1.377113e+00
0.000000e+00 -7.697033e-01 -1.524926e+00 -3.128947e-01 -2.034386e-01 -1.677362e+00 -1.714414e+00
0.000000e+00 -7.697033e-01 -2.563503e-01 2.768051e-01 -1.598526e+00 -5.842721e-01 -5.658888e-01
0.000000e+00 -1.542149e+00 -1.524926e+00 -3.128947e-01 1.540420e+00 -1.937621e+00 -1.959888e+00
0.000000e+00 1.161410e+00 1.069888e+00 2.768051e-01 -2.034386e-01 1.393700e+00 1.433622e+00
0.000000e+00 -1.155926e+00 -1.236613e+00 -1.492294e+00 -1.598526e+00 -1.937621e+00 -1.688393e+00
0.000000e+00 -7.697033e-01 -2.570019e-02 2.768051e-01 1.191649e+00 -1.678569e-01 -2.725299e-01
0.000000e+00 1.161410e+00 1.185213e+00 8.665048e-01 1.540420e+00 1.706011e+00 1.615300e+00
0.000000e+00 1.161410e+00 8.392377e-01 2.768051e-01 8.428768e-01 1.185492e+00 1.252496e+00
0.000000e+00 -3.834806e-01 -1.524926e+00 2.768051e-01 4.941050e-01 -1.521206e+00 -1.520968e+00
0.000000e+00 -3.834806e-01 -1.467263e+00 8.665048e-01 -1.249754e+00 -1.521206e+00 -1.494254e+00
0.000000e+00 2.742182e-03 8.392377e-01 2.768051e-01 -1.249754e+00 9.772847e-01 7.465444e-01
0.000000e+00 3.889649e-01 -4.293379e-01 -9.025945e-01 -5.522104e-01 -1.678569e-01 -2.989376e-01
0.000000e+00 2.742182e-03 -8.329756e-01 -3.128947e-01 1.191649e+00 -7.924797e-01 -7.419080e-01
0.000000e+00 7.751877e-01 -4.870004e-01 -3.128947e-01 1.191649e+00 -6.375316e-02 -1.278162e-01
0.000000e+00 -1.155926e+00 3.779375e-01 -1.492294e+00 8.428768e-01 -2.199088e-01 -1.348278e-01
0.000000e+00 7.751877e-01 -1.294276e+00 -1.492294e+00 -2.034386e-01 -1.052739e+00 -9.592911e-01
0.000000e+00 7.751877e-01 1.012225e+00 8.665048e-01 4.941050e-01 1.237544e+00 1.277645e+00
0.000000e+00 -1.542149e+00 1.472874e-01 -9.025945e-01 1.191649e+00 -5.322202e-01 -4.598090e-01
0.000000e+00 7.751877e-01 1.415863e+00 -1.492294e+00 -9.009822e-01 1.341648e+00 1.508188e+00
0.000000e+00 2.742182e-03 1.704176e+00 -3.128947e-01 -5.522104e-01 1.653959e+00 1.536161e+00
0.000000e+00 -7.697033e-01 4.356000e-01 -1.492294e+00 -1.249754e+00 4.035063e-02 5.132605e-03
0.000000e+00 -7.697033e-01 7.239127e-01 -1.492294e+00 1.191649e+00 5.088177e-01 3.412222e-01
0.000000e+00 -3.834806e-01 -8.329756e-01 2.768051e-01 4.941050e-01 -8.965834e-01 -8.857633e-01
0.000000e+00 -1.155926e+00 -1.467263e+00 -1.492294e+00 1.453332e-01 -1.989673e+00 -1.849113e+00
0.000000e+00 -1.155926e+00 -8.329756e-01 8.665048e-01 -2.034386e-01 -1.052739e+00 -1.177863e+00
0.000000e+00 -1.542149e+00 -1.351938e+00 -3.128947e-01 4.941050e-01 -1.833518e+00 -1.831696e+00
0.000000e+00 2.742182e-03 1.185213e+00 8.665048e-01 -9.009822e-01 1.029337e+00 1.099145e+00
0.000000e+00 -3.834806e-01 -1.697914e+00 8.665048e-01 -2.034386e-01 -1.521206e+00 -1.675380e+00
0.000000e+00 -1.155926e+00 -1.236613e+00 1.456205e+00 -1.249754e+00 -1.677362e+00 -1.554213e+00
0.000000e+00 -7.697033e-01 -7.176505e-01 -9.025945e-01 -2.034386e-01 -8.965834e-01 -9.981374e-01
0.000000e+00 7.751877e-01 8.392377e-01 1.456205e+00 4.941050e-01 1.185492e+00 1.143640e+00
0.000000e+00 7.751877e-01 1.588851e+00 1.456205e+00 1.540420e+00 1.862167e+00 1.862387e+00
0.000000e+00 -3.834806e-01 9.545628e-01 2.768051e-01 4.941050e-01 6.129215e-01 7.551821e-01
0.000000e+00 2.742182e-03 -1.582588e+00 8.665048e-01 1.191649e+00 -1.260947e+00 -1.380455e+00
0.000000e+00 2.742182e-03 -3.716754e-01 -9.025945e-01 -9.009822e-01 -3.240126e-01 -4.044516e-01
0.000000e+00 3.889649e-01 -1.410252e-01 -3.128947e-01 8.428768e-01 9.240252e-02 3.133839e-02
0.000000e+00 1.547633e+00 -1.178951e+00 -3.128947e-01 -2.034386e-01 -5.322202e-01 -5.073434e-01
0.000000e+00 -1.155926e+00 -1.236613e+00 -9.025945e-01 4.941050e-01 -1.729414e+00 -1.602380e+00
0.000000e+00 2.742182e-03 -1.005963e+00 8.665048e-01 -1.598526e+00 -1.052739e+00 -9.327423e-01
0.000000e+00 -7.697033e-01 1.012225e+00 8.665048e-01 -1.598526e+00 5.088177e-01 6.234485e-01
0.000000e+00 -3.834806e-01 2.626125e-01 2.768051e-01 -5.522104e-01 -1.158051e-01 8.936843e-02
0.000000e+00 3.889649e-01 1.358200e+00 2.768051e-01 -2.034386e-01 1.237544e+00 1.401802e+00
0.000000e+00 1.161410e+00 -4.293379e-01 1.456205e+00 1.540420e+00 9.240252e-02 1.579515e-01
0.000000e+00 -1.542149e+00 9.545628e-01 -3.128947e-01 -9.009822e-01 1.444544e-01 2.448405e-01
0.000000e+00 1.161410e+00 -7.753131e-01 2.768051e-01 1.453332e-01 -2.719607e-01 -2.500537e-01
0.000000e+00 7.751877e-01 8.969003e-01 -9.025945e-01 -9.009822e-01 1.029337e+00 1.056580e+00
0.000000e+00 -1.542149e+00 -1.351938e+00 -3.128947e-01 -2.034386e-01 -1.989673e+00 -1.852102e+00
0.000000e+00 -1.155926e+00 1.242875e+00 8.665048e-01 -1.598526e+00 7.690771e-01 6.869387e-01
0.000000e+00 -7.697033e-01 -8.329756e-01 -3.128947e-01 -9.009822e-01 -1.000687e+00 -1.099615e+00
0.000000e+00 -1.542149e+00 1.300538e+00 -1.492294e+00 4.941050e-01 3.006101e-01 5.536640e-01
0.000000e+00 1.547633e+00 5.509251e-01 -3.128947e-01 -9.009822e-01 1.185492e+00 1.060262e+00
0.000000e+00 1.161410e+00 3.202750e-01 2.768051e-01 -2.034386e-01 8.211290e-01 7.454840e-01
0.000000e+00 -1.155926e+00 -6.023255e-01 -9.025945e-01 4.941050e-01 -1.000687e+00 -1.020109e+00
0.000000e+00 1.547633e+00 -3.716754e-01 8.665048e-01 -1.249754e+00 4.047139e-01 2.527105e-01
0.000000e+00 7.751877e-01 9.545628e-01 8.665048e-01 -9.009822e-01 1.185492e+00 1.183900e+00
0.000000e+00 1.547633e+00 -1.467263e+00 2.768051e-01 -5.522104e-01 -8.445316e-01 -7.574196e-01
0.000000e+00 3.889649e-01 8.392377e-01 2.768051e-01 -2.034386e-01 7.690771e-01 9.253981e-01
0.000000e+00 3.889649e-01 -1.409601e+00 2.768051e-01 1.191649e+00 -1.104791e+00 -1.098205e+00
0.000000e+00 -3.834806e-01 -1.410252e-01 -1.492294e+00 1.191649e+00 -3.240126e-01 -3.045389e-01
0.000000e+00 -1.155926e+00 1.646513e+00 -9.025945e-01 -5.522104e-01 8.211290e-01 1.013697e+00
0.000000e+00 7.751877e-01 -1.467263e+00 -1.492294e+00 1.191649e+00 -1.104791e+00 -1.077280e+00
0.000000e+00 2.742182e-03 1.069888e+00 2.768051e-01 -5.522104e-01 1.133440e+00 9.786852e-01
0.000000e+00 3.889649e-01 4.932626e-01 -9.025945e-01 -1.249754e+00 6.129215e-01 5.275959e-01
0.000000e+00 -1.155926e+00 4.356000e-01 2.768051e-01 1.540420e+00 -1.678569e-01 1.289814e-02
0.000000e+00 2.742182e-03 -1.640251e+00 -9.025945e-01 -1.598526e+00 -1.573258e+00 -1.589399e+00
0.000000e+00 -3.834806e-01 7.239127e-01 8.665048e-01 4.941050e-01 6.649733e-01 5.682426e-01
0.000000e+00 1.547633e+00 4.932626e-01 -1.492294e+00 -5.522104e-01 1.081388e+00 9.679406e-01
0.000000e+00 3.889649e-01 1.358200e+00 1.456205e+00 8.428768e-01 1.549856e+00 1.482001e+00
0.000000e+00 -1.155926e+00 -5.446629e-01 2.768051e-01 8.428768e-01 -7.924797e-01 -9.073811e-01
0.000000e+00 -1.542149e+00 5.509251e-01 2.768051e-01 8.428768e-01 4.035063e-02 -4.988513e-02
0.000000e+00 2.742182e-03 3.779375e-01 -3.128947e-01 1.453332e-01 3.526620e-01 3.390912e-01
0.000000e+00 1.547633e+00 1.646513e+00 1.456205e+00 1.191649e+00 2.278582e+00 2.201607e+00
0.000000e+00 3.889649e-01 -7.176505e-01 8.665048e-01 -5.522104e-01 -4.801683e-01 -4.892200e-01
0.000000e+00 7.751877e-01 1.358200e+00 2.768051e-01 -2.034386e-01 1.601907e+00 1.550046e+00
0.000000e+00 2.742182e-03 1.012225e+00 -1.492294e+00 -5.522104e-01 9.252328e-01 8.513652e-01
0.000000e+00 3.889649e-01 8.969003e-01 8.665048e-01 -2.034386e-01 9.772847e-01 1.003127e+00
0.000000e+00 2.742182e-03 -1.063626e+00 2.768051e-01 -1.249754e+00 -9.486353e-01 -1.000268e+00
0.000000e+00 1.547633e+00 -7.753131e-01 -1.492294e+00 -2.034386e-01 -2.719607e-01 -1.863982e-01
0.000000e+00 3.889649e-01 3.779375e-01 -3.128947e-01 1.540420e+00 5.088177e-01 5.281479e-01
0.000000e+00 1.161410e+00 8.969003e-01 -3.128947e-01 8.428768e-01 1.237544e+00 1.280635e+00
0.000000e+00 -1.155926e+00 4.356000e-01 -1.492294e+00 1.191649e+00 -1.158051e-01 -7.169113e-02
0.000000e+00 1.547633e+00 -8.906381e-01 8.665048e-01 4.941050e-01 -1.170127e-02 -1.726780e-01
0.000000e+00 2.742182e-03 -1.351938e+00 -1.492294e+00 4.941050e-01 -1.260947e+00 -1.288308e+00
0.000000e+00 7.751877e-01 -9.483006e-01 1.456205e+00 1.453332e-01 -4.281164e-01 -5.075087e-01
0.000000e+00 -1.542149e+00 1.127550e+00 -1.492294e+00 -1.249754e+00 4.047139e-01 3.438478e-01
0.000000e+00 2.742182e-03 -1.697914e+00 -3.128947e-01 1.540420e+00 -1.469154e+00 -1.525711e+00
0.000000e+00 -1.155926e+00 4.356000e-01 -3.128947e-01 1.540420e+00 -1.158051e-01 -1.189728e-02
0.000000e+00 3.889649e-01 -1.582588e+00 -3.128947e-01 1.191649e+00 -1.156843e+00 -1.281802e+00
0.000000e+00 -1.542149e+00 3.779375e-01 1.456205e+00 -2.034386e-01 4.035063e-02 -1.897044e-01
0.000000e+00 -7.697033e-01 7.815752e-01 2.768051e-01 1.453332e-01 5.088177e-01 4.379332e-01
0.000000e+00 2.742182e-03 3.196234e-02 1.456205e+00 -1.598526e+00 -1.170127e-02 4.486012e-02
0.000000e+00 -3.834806e-01 7.239127e-01 2.768051e-01 -2.034386e-01 6.129215e-01 5.230412e-01
0.000000e+00 -7.697033e-01 -1.005963e+00 1.456205e+00 1.453332e-01 -1.208895e+00 -1.153421e+00
0.000000e+00 2.742182e-03 1.012225e+00 -9.025945e-01 1.540420e+00 9.252328e-01 9.373786e-01
0.000000e+00 1.161410e+00 -7.176505e-01 2.768051e-01 -1.249754e+00 -5.322202e-01 -2.379319e-01
0.000000e+00 -3.834806e-01 -7.753131e-01 8.665048e-01 4.941050e-01 -6.363240e-01 -8.080341e-01
0.000000e+00 -1.542149e+00 -7.753131e-01 8.665048e-01 -5.522104e-01 -1.208895e+00 -1.283377e+00
0.000000e+00 7.751877e-01 -1.121288e+00 -3.128947e-01 -2.034386e-01 -6.883759e-01 -7.508991e-01
0.000000e+00 1.161410e+00 -6.023255e-01 1.456205e+00 -9.009822e-01 -1.170127e-02 -7.227065e-02
0.000000e+00 -7.697033e-01 -1.178951e+00 -1.492294e+00 -2.034386e-01 -1.417102e+00 -1.446403e+00
0.000000e+00 3.889649e-01 -8.336272e-02 -3.128947e-01 -5.522104e-01 1.444544e-01 4.346012e-02
0.000000e+00 -1.155926e+00 1.012225e+00 -1.492294e+00 1.540420e+00 6.129215e-01 4.678491e-01
0.000000e+00 7.751877e-01 2.049499e-01 1.456205e+00 1.453332e-01 5.608696e-01 5.511657e-01
0.000000e+00 1.161410e+00 -7.753131e-01 -3.128947e-01 -1.249754e+00 -4.801683e-01 -3.156611e-01
0.000000e+00 3.889649e-01 1.358200e+00 -3.128947e-01 -9.009822e-01 1.237544e+00 1.356600e+00
0.000000e+00 3.889649e-01 1.242875e+00 8.665048e-01 1.540420e+00 1.445752e+00 1.371745e+00
0.000000e+00 2.742182e-03 6.662501e-01 -1.492294e+00 -1.598526e+00 4.047139e-01 5.031539e-01
0.000000e+00 1.161410e+00 -1.005963e+00 -9.025945e-01 4.941050e-01 -5.322202e-01 -5.011764e-01
0.000000e+00 -1.542149e+00 7.815752e-01 -9.025945e-01 1.191649e+00 4.047139e-01 1.224619e-01
0.000000e+00 -3.834806e-01 9.545628e-01 -3.128947e-01 -1.249754e+00 7.690771e-01 6.793717e-01
0.000000e+00 -3.834806e-01 4.932626e-01 1.456205e+00 4.941050e-01 1.444544e-01 3.813032e-01
0.000000e+00 -7.697033e-01 -1.986878e-01 -3.128947e-01 -9.009822e-01 -2.719607e-01 -5.173445e-01
0.000000e+00 -7.697033e-01 1.358200e+00 8.665048e-01 -2.034386e-01 1.133440e+00 9.818628e-01
0.000000e+00 -3.834806e-01 1.300538e+00 -1.492294e+00 1.453332e-01 1.029337e+00 9.881951e-01
0.000000e+00 -1.542149e+00 -2.563503e-01 -3.128947e-01 8.428768e-01 -7.924797e-01 -8.157526e-01
0.000000e+00 -1.155926e+00 -1.410252e-01 1.456205e+00 -5.522104e-01 -6.363240e-01 -5.280662e-01
0.000000e+00 1.547633e+00 -1.005963e+00 -9.025945e-01 -1.249754e+00 -4.281164e-01 -4.039467e-01
0.000000e+00 -1.155926e+00 -1.063626e+00 -1.492294e+00 -9.009822e-01 -1.729414e+00 -1.509186e+00
0.000000e+00 2.742182e-03 7.815752e-01 -3.128947e-01 8.428768e-01 8.211290e-01 7.300332e-01
0.000000e+00 1.547633e+00 -1.410252e-01 -1.492294e+00 4.941050e-01 4.047139e-01 4.162787e-01
0.000000e+00 1.547633e+00 -1.640251e+00 8.665048e-01 1.453332e-01 -9.486353e-01 -8.710193e-01
0.000000e+00 1.161410e+00 3.779375e-01 -9.025945e-01 -2.034386e-01 8.731809e-01 7.488269e-01
0.000000e+00 -1.542149e+00 1.531188e+00 1.456205e+00 -2.034386e-01 9.252328e-01 8.689700e-01
0.000000e+00 -1.542149e+00 1.531188e+00 -1.492294e+00 -1.598526e+00 8.731809e-01 7.041809e-01
0.000000e+00 1.547633e+00 2.049499e-01 -9.025945e-01 1.453332e-01 6.649733e-01 7.484734e-01
0.000000e+00 1.161410e+00 -4.293379e-01 -3.128947e-01 1.191649e+00 1.965063e-01 7.336221e-02
0.000000e+00 1.547633e+00 1.588851e+00 1.456205e+00 8.428768e-01 2.174478e+00 2.138470e+00
0.000000e+00 7.751877e-01 1.242875e+00 1.456205e+00 1.540420e+00 1.445752e+00 1.544785e+00
0.000000e+00 -7.697033e-01 8.392377e-01 2.768051e-01 -1.598526e+00 5.088177e-01 4.398519e-01
0.000000e+00 -7.697033e-01 -8.336272e-02 -1.492294e+00 1.453332e-01 -4.281164e-01 -4.304589e-01
0.000000e+00 -1.155926e+00 2.626125e-01 -9.025945e-01 -9.009822e-01 -2.199088e-01 -2.669148e-01
0.000000e+00 2.742182e-03 -1.121288e+00 -1.492294e+00 1.453332e-01 -1.208895e+00 -1.086776e+00
0.000000e+00 -7.697033e-01 1.012225e+00 -3.128947e-01 1.191649e+00 4.047139e-01 6.554816e-01
0.000000e+00 3.889649e-01 1.472874e-01 -3.128947e-01 1.453332e-01 2.485582e-01 2.756010e-01
0.000000e+00 -1.155926e+00 1.185213e+00 1.456205e+00 8.428768e-01 7.690771e-01 7.302214e-01
0.000000e+00 -7.697033e-01 -1.121288e+00 1.456205e+00 1.453332e-01 -1.208895e+00 -1.259289e+00
0.000000e+00 2.742182e-03 -1.236613e+00 -9.025945e-01 1.453332e-01 -1.208895e+00 -1.167848e+00
0.000000e+00 -1.542149e+00 -9.483006e-01 8.665048e-01 4.941050e-01 -1.365050e+00 -1.411569e+00
0.000000e+00 -1.542149e+00 -1.236613e+00 -1.492294e+00 1.540420e+00 -1.781466e+00 -1.744811e+00
0.000000e+00 1.547633e+00 4.932626e-01 -1.492294e+00 -5.522104e-01 9.772847e-01 9.679406e-01
0.000000e+00 7.751877e-01 1.012225e+00 -3.128947e-01 8.428768e-01 1.341648e+00 1.238258e+00
0.000000e+00 -1.542149e+00 -1.582588e+00 -1.492294e+00 -5.522104e-01 -2.301985e+00 -2.123631e+00
0.000000e+00 1.161410e+00 -8.336272e-02 -9.025945e-01 4.941050e-01 5.088177e-01 3.457631e-01
0.000000e+00 -7.697033e-01 -6.599880e-01 2.768051e-01 -1.598526e+00 -9.486353e-01 -9.364248e-01
0.000000e+00 1.161410e+00 3.202750e-01 1.456205e+00 1.191649e+00 1.029337e+00 8.358869e-01
0.000000e+00 2.742182e-03 8.962487e-02 -3.128947e-01 1.540420e+00 3.006101e-01 1.152345e-01
0.000000e+00 -1.542149e+00 -1.351938e+00 1.456205e+00 1.191649e+00 -1.989673e+00 -1.736904e+00
0.000000e+00 7.751877e-01 1.415863e+00 1.456205e+00 4.941050e-01 1.653959e+00 1.672977e+00
0.000000e+00 2.742182e-03 -1.410252e-01 1.456205e+00 8.428768e-01 -1.678569e-01 -4.252006e-02
0.000000e+00 3.889649e-01 7.815752e-01 2.768051e-01 -1.249754e+00 8.211290e-01 8.418553e-01
0.000000e+00 3.889649e-01 -7.176505e-01 -1.492294e+00 1.540420e+00 -4.801683e-01 -5.271837e-01
0.000000e+00 1.161410e+00 1.704176e+00 8.665048e-01 1.540420e+00 2.278582e+00 2.091704e+00
0.000000e+00 1.547633e+00 -1.467263e+00 1.456205e+00 4.941050e-01 -7.924797e-01 -6.772198e-01
0.000000e+00 -1.155926e+00 -4.293379e-01 -9.025945e-01 -1.598526e+00 -6.883759e-01 -9.225255e-01
0.000000e+00 1.547633e+00 1.415863e+00 1.456205e+00 -9.009822e-01 1.862167e+00 1.928654e+00
0.000000e+00 1.547633e+00 -4.870004e-01 1.456205e+00 1.453332e-01 9.240252e-02 2.124505e-01
0.000000e+00 7.751877e-01 -2.563503e-01 -1.492294e+00 -2.034386e-01 1.444544e-01 -6.484180e-03
0.000000e+00 -1.542149e+00 6.662501e-01 -9.025945e-01 -2.034386e-01 -1.170127e-02 -2.421753e-02
0.000000e+00 7.751877e-01 -1.063626e+00 -1.492294e+00 1.191649e+00 -4.801683e-01 -7.067443e-01
0.000000e+00 2.742182e-03 5.509251e-01 1.456205e+00 1.453332e-01 4.567658e-01 5.722786e-01
0.000000e+00 3.889649e-01 -6.599880e-01 -1.492294e+00 -9.009822e-01 -5.322202e-01 -5.456709e-01
0.000000e+00 7.751877e-01 9.545628e-01 -1.492294e+00 -1.249754e+00 1.185492e+00 1.074515e+00
0.000000e+00 2.742182e-03 -1.697914e+00 -3.128947e-01 1.191649e+00 -1.625310e+00 -1.535914e+00
0.000000e+00 7.751877e-01 -1.582588e+00 2.768051e-01 1.540420e+00 -1.000687e+00 -1.098558e+00
0.000000e+00 1.547633e+00 -1.986878e-01 8.665048e-01 -5.522104e-01 5.088177e-01 4.319177e-01
0.000000e+00 -7.697033e-01 -7.176505e-01 2.768051e-01 -2.034386e-01 -1.052739e+00 -9.485465e-01
0.000000e+00 1.161410e+00 1.127550e+00 2.768051e-01 1.191649e+00 1.653959e+00 1.527368e+00
0.000000e+00 -1.155926e+00 -2.570019e-02 -9.025945e-01 -2.034386e-01 -5.322202e-01 -5.111775e-01
0.000000e+00 7.751877e-01 -1.640251e+00 -3.128947e-01 4.941050e-01 -1.052739e+00 -1.206897e+00
0.000000e+00 -1.155926e+00 -1.467263e+00 -3.128947e-01 -1.249754e+00 -1.937621e+00 -1.840334e+00
0.000000e+00 -3.834806e-01 -8.336272e-02 -1.492294e+00 -1.249754e+00 -4.801683e-01 -3.230262e-01
0.000000e+00 7.751877e-01 1.472874e-01 2.768051e-01 -5.522104e-01 4.047139e-01 4.282351e-01
0.000000e+00 -7.697033e-01 6.662501e-01 8.665048e-01 8.428768e-01 3.526620e-01 3.772672e-01
0.000000e+00 -1.155926e+00 -6.023255e-01 -9.025945e-01 -1.249754e+00 -1.052739e+00 -1.071124e+00
0.000000e+00 7.751877e-01 -2.570019e-02 -3.128947e-01 1.540420e+00 4.047139e-01 3.058565e-01
0.000000e+00 -1.542149e+00 6.662501e-01 -1.492294e+00 4.941050e-01 1.444544e-01 -2.860696e-02
0.000000e+00 1.161410e+00 -1.467263e+00 8.665048e-01 -1.598526e+00 -9.486353e-01 -9.114779e-01
0.000000e+00 -7.697033e-01 1.127550e+00 2.768051e-01 1.191649e+00 9.772847e-01 7.861445e-01
0.000000e+00 -1.155926e+00 -5.446629e-01 8.665048e-01 1.540420e+00 -7.924797e-01 -8.621797e-01
0.000000e+00 -7.697033e-01 1.588851e+00 -3.128947e-01 1.453332e-01 1.185492e+00 1.154210e+00
0.000000e+00 2.742182e-03 -8.906381e-01 -9.025945e-01 -1.598526e+00 -8.965834e-01 -9.012611e-01
0.000000e+00 1.161410e+00 -6.023255e-01 2.768051e-01 1.540420e+00 -1.170127e-02 -5.044052e-02
0.000000e+00 7.751877e-01 -1.294276e+00 -9.025945e-01 1.453332e-01 -8.445316e-01 -9.242927e-01
0.000000e+00 7.751877e-01 1.069888e+00 1.456205e+00 -2.034386e-01 1.497804e+00 1.334969e+00
0.000000e+00 7.751877e-01 3.196234e-02 8.665048e-01 -2.034386e-01 2.485582e-01 3.573661e-01
0.000000e+00 1.161410e+00 -1.063626e+00 8.665048e-01 -2.034386e-01 -4.281164e-01 -5.001298e-01
0.000000e+00 -1.542149e+00 -5.446629e-01 -1.492294e+00 -5.522104e-01 -1.104791e+00 -1.170824e+00
0.000000e+00 -3.834806e-01 -2.570019e-02 2.768051e-01 4.941050e-01 -6.375316e-02 -1.446912e-01
0.000000e+00 3.889649e-01 -1.986878e-01 8.665048e-01 1.191649e+00 4.035063e-02 3.819851e-02
0.000000e+00 1.547633e+00 7.815752e-01 -3.128947e-01 -5.522104e-01 1.393700e+00 1.282200e+00
0.000000e+00 -1.155926e+00 -2.563503e-01 1.456205e+00 -1.249754e+00 -5.322202e-01 -6.543396e-01
0.000000e+00 -1.542149e+00 1.472874e-01 -3.128947e-01 -1.249754e+00 -5.322202e-01 -5.064346e-01
0.000000e+00 -1.155926e+00 -2.563503e-01 -9.025945e-01 -1.249754e+00 -6.363240e-01 -7.535213e-01
0.000000e+00 7.751877e-01 -2.563503e-01 1.456205e+00 4.941050e-01 9.240252e-02 1.378989e-01
0.000000e+00 -7.697033e-01 3.202750e-01 1.456205e+00 -5.522104e-01 4.035063e-02 4.364828e-02
0.000000e+00 -1.155926e+00 5.509251e-01 -3.128947e-01 -5.522104e-01 4.035063e-02 3.275217e-02
0.000000e+00 7.751877e-01 -1.697914e+00 8.665048e-01 -1.598526e+00 -1.312999e+00 -1.271457e+00
0.000000e+00 -1.155926e+00 1.646513e+00 -3.128947e-01 -5.522104e-01 1.029337e+00 1.038493e+00
0.000000e+00 -7.697033e-01 -8.906381e-01 2.768051e-01 1.453332e-01 -1.156843e+00 -1.097145e+00
0.000000e+00 7.751877e-01 1.127550e+00 -9.025945e-01 -1.249754e+00 1.289596e+00 1.258112e+00
0.000000e+00 -3.834806e-01 -1.697914e+00 1.456205e+00 -5.522104e-01 -1.469154e+00 -1.660787e+00
0.000000e+00 -1.542149e+00 -1.121288e+00 2.768051e-01 4.941050e-01 -1.521206e+00 -1.595166e+00
0.000000e+00 2.742182e-03 1.415863e+00 8.665048e-01 1.191649e+00 1.341648e+00 1.372098e+00
0.000000e+00 1.547633e+00 -1.640251e+00 8.665048e-01 -1.249754e+00 -7.404278e-01 -9.118313e-01
0.000000e+00 1.161410e+00 -1.697914e+00 -3.128947e-01 8.428768e-01 -1.104791e+00 -1.101383e+00
0.000000e+00 1.547633e+00 3.196234e-02 -1.492294e+00 1.453332e-01 6.649733e-01 5.648769e-01
0.000000e+00 1.547633e+00 7.815752e-01 1.456205e+00 8.428768e-01 1.445752e+00 1.397398e+00
0.000000e+00 7.751877e-01 -8.329756e-01 1.456205e+00 -1.249754e+00 -5.842721e-01 -4.424532e-01
0.000000e+00 -3.834806e-01 1.358200e+00 -1.492294e+00 -1.598526e+00 1.029337e+00 9.901138e-01
0.000000e+00 2.742182e-03 -4.870004e-01 8.665048e-01 4.941050e-01 -1.678569e-01 -3.951208e-01
0.000000e+00 -1.542149e+00 6.662501e-01 8.665048e-01 1.191649e+00 4.035063e-02 9.098073e-02
0.000000e+00 -1.542149e+00 -7.176505e-01 1.456205e+00 1.191649e+00 -9.486353e-01 -1.154633e+00
0.000000e+00 -7.697033e-01 9.545628e-01 -9.025945e-01 -1.249754e+00 6.129215e-01 5.063315e-01
0.000000e+00 1.161410e+00 -7.753131e-01 1.456205e+00 -5.522104e-01 -2.719607e-01 -2.208688e-01
0.000000e+00 -1.155926e+00 -2.570019e-02 8.665048e-01 -1.598526e+00 -4.801683e-01 -4.776032e-01
0.000000e+00 -3.834806e-01 -1.178951e+00 8.665048e-01 4.941050e-01 -1.260947e+00 -1.178570e+00
0.000000e+00 -1.155926e+00 2.626125e-01 -9.025945e-01 -1.249754e+00 -2.199088e-01 -2.771178e-01
0.000000e+00 2.742182e-03 1.588851e+00 2.768051e-01 -5.522104e-01 1.393700e+00 1.455089e+00
0.000000e+00 1.547633e+00 -5.446629e-01 2.768051e-01 -1.249754e+00 1.444544e-01 6.911394e-02
0.000000e+00 -1.542149e+00 -8.329756e-01 -9.025945e-01 -1.598526e+00 -1.260947e+00 -1.441306e+00
0.000000e+00 2.742182e-03 -1.409601e+00 -9.025945e-01 4.941050e-01 -1.365050e+00 -1.316447e+00
0.000000e+00 1.547633e+00 -1.582588e+00 2.768051e-01 1.453332e-01 -7.924797e-01 -8.428810e-01
0.000000e+00 -1.542149e+00 6.085876e-01 2.768051e-01 -1.249754e+00 -2.199088e-01 -5.816939e-02
0.000000e+00 1.547633e+00 7.239127e-01 2.768051e-01 -5.522104e-01 1.237544e+00 1.254062e+00
0.000000e+00 1.161410e+00 -5.446629e-01 2.768051e-01 -9.009822e-01 -1.678569e-01 -6.892778e-02
0.000000e+00 -3.834806e-01 -1.005963e+00 1.456205e+00 -9.009822e-01 -1.000687e+00 -1.035786e+00
0.000000e+00 2.742182e-03 -7.176505e-01 1.456205e+00 -9.009822e-01 -6.363240e-01 -6.228722e-01
0.000000e+00 2.742182e-03 1.588851e+00 -3.128947e-01 -5.522104e-01 1.341648e+00 1.430293e+00
0.000000e+00 3.889649e-01 1.358200e+00 -9.025945e-01 -1.598526e+00 1.341648e+00 1.311399e+00
0.000000e+00 7.751877e-01 1.704176e+00 -1.492294e+00 -1.598526e+00 1.497804e+00 1.752450e+00
0.000000e+00 1.161410e+00 -3.716754e-01 -3.128947e-01 4.941050e-01 -1.170127e-02 1.058899e-01
0.000000e+00 1.161410e+00 -1.986878e-01 -1.492294e+00 -2.034386e-01 4.567658e-01 1.946943e-01
0.000000e+00 -1.155926e+00 1.358200e+00 -1.492294e+00 -9.009822e-01 6.649733e-01 7.140304e-01
0.000000e+00 1.547633e+00 -1.524926e+00 8.665048e-01 1.191649e+00 -7.404278e-01 -7.345429e-01
0.000000e+00 7.751877e-01 -4.870004e-01 -9.025945e-01 -2.034386e-01 -1.158051e-01 -1.934236e-01
0.000000e+00 -3.834806e-01 -3.716754e-01 1.456205e+00 1.540420e+00 -2.719607e-01 -3.820937e-01
0.000000e+00 -3.834806e-01 5.509251e-01 -3.128947e-01 -9.009822e-01 5.088177e-01 3.190386e-01
0.000000e+00 1.161410e+00 8.392377e-01 -9.025945e-01 1.191649e+00 1.185492e+00 1.213109e+00
0.000000e+00 -3.834806e-01 -1.178951e+00 2.768051e-01 -1.598526e+00 -1.260947e+00 -1.264584e+00
0.000000e+00 3.889649e-01 -1.640251e+00 -9.025945e-01 1.191649e+00 -1.312999e+00 -1.359531e+00
0.000000e+00 2.742182e-03 5.509251e-01 -1.492294e+00 -2.034386e-01 4.567658e-01 4.380985e-01
0.000000e+00 -7.697033e-01 -1.409601e+00 1.456205e+00 1.453332e-01 -1.521206e+00 -1.523957e+00
0.000000e+00 -1.155926e+00 1.012225e+00 2.768051e-01 -1.249754e+00 5.608696e-01 4.606114e-01
0.000000e+00 1.547633e+00 -7.176505e-01 -9.025945e-01 8.428768e-01 -1.170127e-02 -7.806009e-02
0.000000e+00 1.547633e+00 -7.753131e-01 -9.025945e-01 -9.009822e-01 -1.678569e-01 -1.820088e-01
0.000000e+00 -1.542149e+00 4.356000e-01 1.456205e+00 -1.598526e+00 9.240252e-02 -1.775827e-01
0.000000e+00 -7.697033e-01 8.392377e-01 -1.492294e+00 4.941050e-01 6.649733e-01 4.266836e-01
0.000000e+00 1.161410e+00 -4.293379e-01 2.768051e-01 -9.009822e-01 9.240252e-02 3.693966e-02
0.000000e+00 3.889649e-01 8.969003e-01 -1.492294e+00 -5.522104e-01 1.029337e+00 8.937425e-01
0.000000e+00 2.742182e-03 -2.570019e-02 1.456205e+00 -2.034386e-01 -6.375316e-02 3.273839e-02
0.000000e+00 2.742182e-03 1.588851e+00 -9.025945e-01 -1.598526e+00 1.393700e+00 1.374889e+00
0.000000e+00 3.889649e-01 -5.446629e-01 -3.128947e-01 1.191649e+00 -2.199088e-01 -3.289947e-01
0.000000e+00 7.751877e-01 -1.178951e+00 -3.128947e-01 4.941050e-01 -6.363240e-01 -7.834269e-01
0.000000e+00 -1.542149e+00 1.473526e+00 8.665048e-01 -1.249754e+00 6.649733e-01 7.606318e-01
0.000000e+00 1.547633e+00 7.239127e-01 -3.128947e-01 -1.598526e+00 1.133440e+00 1.198657e+00
0.000000e+00 -7.697033e-01 -1.005963e+00 1.456205e+00 -1.249754e+00 -1.156843e+00 -1.194233e+00
0.000000e+00 -3.834806e-01 -1.063626e+00 1.456205e+00 -9.009822e-01 -9.486353e-01 -1.088719e+00
0.000000e+00 -1.542149e+00 -1.236613e+00 1.456205e+00 -9.009822e-01 -1.677362e+00 -1.692255e+00
0.000000e+00 -7.697033e-01 -1.524926e+00 2.768051e-01 8.428768e-01 -1.521206e+00 -1.659010e+00
0.000000e+00 -1.155926e+00 4.932626e-01 8.665048e-01 -2.034386e-01 4.035063e-02 3.961230e-02
0.000000e+00 -1.155926e+00 -3.716754e-01 2.768051e-01 1.191649e+00 -6.883759e-01 -7.383769e-01
0.000000e+00 -1.542149e+00 1.358200e+00 -3.128947e-01 -9.009822e-01 5.088177e-01 6.153765e-01
0.000000e+00 1.161410e+00 2.049499e-01 -3.128947e-01 1.453332e-01 5.608696e-01 6.250241e-01
0.000000e+00 -7.697033e-01 4.932626e-01 -9.025945e-01 -5.522104e-01 9.240252e-02 1.032677e-01
0.000000e+00 -7.697033e-01 6.085876e-01 2.768051e-01 8.428768e-01 1.965063e-01 2.995380e-01
0.000000e+00 3.889649e-01 -1.467263e+00 -1.492294e+00 -1.598526e+00 -1.417102e+00 -1.307149e+00
0.000000e+00 1.161410e+00 -8.906381e-01 -9.025945e-01 -5.522104e-01 -4.801683e-01 -4.259180e-01
0.000000e+00 1.547633e+00 1.127550e+00 2.768051e-01 4.941050e-01 1.497804e+00 1.655207e+00
0.000000e+00 1.547633e+00 -1.524926e+00 1.456205e+00 1.191649e+00 -6.883759e-01 -7.097475e-01
0.000000e+00 -3.834806e-01 1.185213e+00 8.665048e-01 -1.598526e+00 9.252328e-01 9.304944e-01
0.000000e+00 2.742182e-03 1.242875e+00 2.768051e-01 8.428768e-01 1.133440e+00 1.178298e+00
0.000000e+00 -1.155926e+00 1.588851e+00 8.665048e-01 -1.249754e+00 9.772847e-01 1.014744e+00
0.000000e+00 1.547633e+00 4.932626e-01 8.665048e-01 -5.522104e-01 1.029337e+00 1.067122e+00
0.000000e+00 1.161410e+00 1.588851e+00 -3.128947e-01 -5.522104e-01 2.018323e+00 1.875027e+00
0.000000e+00 -7.697033e-01 -1.294276e+00 -1.492294e+00 8.428768e-01 -1.469154e+00 -1.521661e+00
0.000000e+00 1.547633e+00 1.069888e+00 2.768051e-01 -1.249754e+00 1.758063e+00 1.551258e+00
0.000000e+00 -7.697033e-01 8.392377e-01 -1.492294e+00 4.941050e-01 3.526620e-01 4.266836e-01
0.000000e+00 1.547633e+00 -3.716754e-01 8.665048e-01 -9.009822e-01 1.965063e-01 2.629135e-01
0.000000e+00 -1.155926e+00 1.300538e+00 -3.128947e-01 1.191649e+00 9.252328e-01 7.719055e-01
0.000000e+00 1.547633e+00 -1.410252e-01 -1.492294e+00 -2.034386e-01 9.240252e-02 3.958727e-01
0.000000e+00 1.161410e+00 1.415863e+00 -9.025945e-01 8.428768e-01 1.810115e+00 1.732243e+00
0.000000e+00 1.547633e+00 7.239127e-01 8.665048e-01 -2.034386e-01 1.289596e+00 1.289060e+00
0.000000e+00 2.742182e-03 -1.986878e-01 -9.025945e-01 -1.598526e+00 -2.719607e-01 -2.660565e-01
0.000000e+00 -1.155926e+00 -1.697914e+00 1.456205e+00 1.191649e+00 -1.937621e+00 -1.906262e+00
0.000000e+00 1.161410e+00 2.049499e-01 -1.492294e+00 1.540420e+00 6.649733e-01 6.162453e-01
0.000000e+00 3.889649e-01 -7.753131e-01 -1.492294e+00 4.941050e-01 -8.445316e-01 -6.107264e-01
0.000000e+00 1.161410e+00 3.779375e-01 -1.492294e+00 -5.522104e-01 6.129215e-01 7.138285e-01
0.000000e+00 2.742182e-03 4.356000e-01 1.456205e+00 4.941050e-01 7.170252e-01 4.766141e-01
0.000000e+00 -1.155926e+00 -2.563503e-01 2.768051e-01 -2.034386e-01 -6.363240e-01 -6.733215e-01
0.000000e+00 3.889649e-01 1.531188e+00 8.665048e-01 1.540420e+00 1.497804e+00 1.636413e+00
0.000000e+00 2.742182e-03 -3.716754e-01 8.665048e-01 1.191649e+00 -2.719607e-01 -2.688474e-01
0.000000e+00 2.742182e-03 4.932626e-01 8.665048e-01 -1.249754e+00 5.088177e-01 4.537375e-01
0.000000e+00 -1.542149e+00 1.704176e+00 2.768051e-01 -5.522104e-01 9.772847e-01 9.679773e-01
0.000000e+00 -1.155926e+00 -5.446629e-01 -1.492294e+00 1.453332e-01 -1.052739e+00 -1.002173e+00
0.000000e+00 1.161410e+00 -2.570019e-02 -1.492294e+00 -2.034386e-01 3.006101e-01 3.534954e-01
0.000000e+00 -7.697033e-01 9.545628e-01 1.456205e+00 -1.598526e+00 4.567658e-01 5.953102e-01
0.000000e+00 -7.697033e-01 1.185213e+00 -9.025945e-01 1.191649e+00 5.608696e-01 7.894874e-01
0.000000e+00 1.161410e+00 1.012225e+00 2.768051e-01 1.191649e+00 1.341648e+00 1.421501e+00
0.000000e+00 1.161410e+00 1.531188e+00 -3.128947e-01 -9.009822e-01 1.966271e+00 1.811891e+00
0.000000e+00 -1.155926e+00 -1.005963e+00 2.768051e-01 -5.522104e-01 -1.417102e+00 -1.371663e+00
0.000000e+00 1.161410e+00 3.779375e-01 1.456205e+00 -5.522104e-01 8.211290e-01 8.378056e-01
0.000000e+00 -1.542149e+00 -1.582588e+00 -9.025945e-01 1.540420e+00 -2.197881e+00 -2.037618e+00
0.000000e+00 3.889649e-01 8.962487e-02 -9.025945e-01 8.428768e-01 1.965063e-01 2.182778e-01
0.000000e+00 1.161410e+00 2.626125e-01 -9.025945e-01 1.453332e-01 6.129215e-01 6.531624e-01
0.000000e+00 -7.697033e-01 -6.599880e-01 -1.492294e+00 -1.249754e+00 -1.052739e+00 -1.000608e+00
0.000000e+00 1.161410e+00 -9.483006e-01 -3.128947e-01 -5.522104e-01 -4.801683e-01 -4.540563e-01
0.000000e+00 -1.542149e+00 1.012225e+00 -9.025945e-01 -1.598526e+00 1.965063e-01 2.525728e-01
0.000000e+00 1.547633e+00 -4.870004e-01 8.665048e-01 -9.009822e-01 9.240252e-02 1.570461e-01
0.000000e+00 1.547633e+00 -7.753131e-01 -1.492294e+00 -5.522104e-01 -2.199088e-01 -1.966012e-01
0.000000e+00 2.742182e-03 1.646513e+00 -3.128947e-01 8.428768e-01 1.289596e+00 1.524039e+00
0.000000e+00 -3.834806e-01 -1.524926e+00 8.665048e-01 -9.009822e-01 -1.729414e+00 -1.536984e+00
0.000000e+00 3.889649e-01 8.392377e-01 -3.128947e-01 -2.034386e-01 8.211290e-01 9.006026e-01
0.000000e+00 7.751877e-01 5.509251e-01 1.456205e+00 -1.598526e+00 9.252328e-01 8.177530e-01
0.000000e+00 2.742182e-03 -6.599880e-01 -3.128947e-01 -5.522104e-01 -7.924797e-01 -6.341218e-01
0.000000e+00 1.547633e+00 3.779375e-01 8.665048e-01 -1.249754e+00 1.029337e+00 9.408489e-01
0.000000e+00 -7.697033e-01 -1.640251e+00 2.768051e-01 -5.522104e-01 -1.625310e+00 -1.805689e+00
0.000000e+00 7.751877e-01 -8.906381e-01 -3.128947e-01 -2.034386e-01 -5.322202e-01 -5.391643e-01
0.000000e+00 2.742182e-03 -1.640251e+00 2.768051e-01 -9.009822e-01 -1.573258e+00 -1.519403e+00
0.000000e+00 7.751877e-01 -1.121288e+00 -3.128947e-01 1.453332e-01 -6.883759e-01 -7.406961e-01
0.000000e+00 -1.155926e+00 8.392377e-01 1.456205e+00 -1.249754e+00 4.047139e-01 3.514011e-01
0.000000e+00 -3.834806e-01 -4.293379e-01 8.665048e-01 -2.034386e-01 -5.842721e-01 -5.108378e-01
0.000000e+00 -1.155926e+00 -1.178951e+00 -3.128947e-01 -5.522104e-01 -1.521206e+00 -1.555259e+00
0.000000e+00 7.751877e-01 -1.582588e+00 -9.025945e-01 -2.034386e-01 -1.260947e+00 -1.199164e+00
0.000000e+00 -1.155926e+00 -1.467263e+00 1.456205e+00 1.191649e+00 -1.521206e+00 -1.694527e+00
0.000000e+00 -1.542149e+00 -1.582588e+00 -9.025945e-01 1.453332e-01 -2.093777e+00 -2.078430e+00
0.000000e+00 1.547633e+00 4.356000e-01 1.456205e+00 4.941050e-01 1.133440e+00 1.069593e+00
0.000000e+00 -1.542149e+00 -1.005963e+00 1.456205e+00 8.428768e-01 -1.260947e+00 -1.429505e+00
0.000000e+00 1.161410e+00 6.662501e-01 -3.128947e-01 1.191649e+00 1.029337e+00 1.079103e+00
0.000000e+00 -1.155926e+00 -6.599880e-01 8.665048e-01 -2.034386e-01 -1.104791e+00 -1.019062e+00
0.000000e+00 1.161410e+00 5.509251e-01 8.665048e-01 8.428768e-01 9.772847e-01 1.012623e+00
0.000000e+00 -7.697033e-01 1.127550e+00 -1.492294e+00 -1.249754e+00 6.649733e-01 6.403372e-01
0.000000e+00 3.889649e-01 2.626125e-01 8.665048e-01 1.540420e+00 4.567658e-01 4.718713e-01
0.000000e+00 -7.697033e-01 -3.716754e-01 2.768051e-01 1.191649e+00 -6.363240e-01 -5.901322e-01
0.000000e+00 7.751877e-01 -3.716754e-01 -3.128947e-01 -1.249754e+00 -6.375316e-02 -9.336976e-02
0.000000e+00 1.547633e+00 -7.753131e-01 -9.025945e-01 -2.034386e-01 -1.158051e-01 -1.616028e-01
0.000000e+00 -1.155926e+00 5.509251e-01 8.665048e-01 1.453332e-01 4.035063e-02 1.027490e-01
0.000000e+00 2.742182e-03 -1.178951e+00 -9.025945e-01 -5.522104e-01 -1.104791e+00 -1.135321e+00
0.000000e+00 3.889649e-01 -1.640251e+00 -1.492294e+00 8.428768e-01 -1.469154e+00 -1.394529e+00
0.000000e+00 -3.834806e-01 7.815752e-01 -3.128947e-01 1.540420e+00 5.608696e-01 6.021945e-01
0.000000e+00 -3.834806e-01 -4.293379e-01 8.665048e-01 -9.009822e-01 -7.404278e-01 -5.312438e-01
0.000000e+00 -3.834806e-01 -1.409601e+00 -9.025945e-01 -2.034386e-01 -1.573258e+00 -1.485097e+00
0.000000e+00 -1.155926e+00 -1.640251e+00 1.456205e+00 -1.249754e+00 -1.833518e+00 -1.924749e+00
0.000000e+00 -3.834806e-01 -5.446629e-01 8.665048e-01 -9.009822e-01 -5.322202e-01 -6.371112e-01
0.000000e+00 -1.542149e+00 1.415863e+00 -1.492294e+00 8.428768e-01 7.690771e-01 6.697344e-01
0.000000e+00 3.889649e-01 1.473526e+00 1.456205e+00 -2.034386e-01 1.601907e+00 1.557260e+00
0.000000e+00 -1.542149e+00 2.626125e-01 -9.025945e-01 -9.009822e-01 -4.801683e-01 -4.151596e-01
0.000000e+00 3.889649e-01 1.069888e+00 -9.025945e-01 -2.034386e-01 9.252328e-01 1.087542e+00
0.000000e+00 -1.542149e+00 -8.336272e-02 -3.128947e-01 1.191649e+00 -6.883759e-01 -6.467485e-01
0.000000e+00 3.889649e-01 -1.351938e+00 -3.128947e-01 -9.009822e-01 -1.469154e+00 -1.131285e+00
0.000000e+00 1.161410e+00 -8.336272e-02 -9.025945e-01 1.540420e+00 4.567658e-01 3.763721e-01
0.000000e+00 -1.155926e+00 1.300538e+00 1.456205e+00 4.941050e-01 8.211290e-01 8.258858e-01
0.000000e+00 -1.155926e+00 3.779375e-01 -3.128947e-01 8.428768e-01 4.035063e-02 -8.523700e-02
0.000000e+00 -3.834806e-01 -4.293379e-01 -9.025945e-01 -2.034386e-01 -6.363240e-01 -5.852241e-01
0.000000e+00 -7.697033e-01 1.472874e-01 1.456205e+00 -9.009822e-01 -2.719607e-01 -1.253559e-01
0.000000e+00 -3.834806e-01 -1.294276e+00 2.768051e-01 1.453332e-01 -1.260947e+00 -1.319436e+00
0.000000e+00 7.751877e-01 -1.063626e+00 8.665048e-01 -9.009822e-01 -6.883759e-01 -6.687806e-01
0.000000e+00 -1.542149e+00 8.969003e-01 2.768051e-01 1.191649e+00 2.485582e-01 2.779202e-01
0.000000e+00 3.889649e-01 1.012225e+00 2.768051e-01 -1.249754e+00 1.081388e+00 1.053590e+00
0.000000e+00 -7.697033e-01 -1.178951e+00 8.665048e-01 -9.009822e-01 -1.417102e+00 -1.367627e+00
0.000000e+00 7.751877e-01 -8.906381e-01 -9.025945e-01 4.941050e-01 -5.322202e-01 -5.435537e-01
0.000000e+00 -1.155926e+00 1.300538e+00 -9.025945e-01 1.540420e+00 8.211290e-01 7.573131e-01
0.000000e+00 -1.155926e+00 -3.716754e-01 -3.128947e-01 8.428768e-01 -5.842721e-01 -7.733754e-01
0.000000e+00 -3.834806e-01 -2.563503e-01 -1.492294e+00 -2.034386e-01 -3.760645e-01 -4.512183e-01
0.000000e+00 -1.542149e+00 9.545628e-01 -9.025945e-01 -2.034386e-01 9.240252e-02 2.404511e-01
0.000000e+00 -7.697033e-01 6.662501e-01 8.665048e-01 -2.034386e-01 3.006101e-01 3.466582e-01
0.000000e+00 1.547633e+00 1.300538e+00 -1.492294e+00 -5.522104e-01 1.601907e+00 1.709013e+00
0.000000e+00 7.751877e-01 1.704176e+00 8.665048e-01 1.191649e+00 2.070374e+00 1.933256e+00
0.000000e+00 7.751877e-01 4.932626e-01 8.665048e-01 1.453332e-01 7.690771e-01 7.910389e-01
0.000000e+00 -3.834806e-01 1.588851e+00 8.665048e-01 8.428768e-01 1.341648e+00 1.372451e+00
0.000000e+00 -1.155926e+00 -1.582588e+00 -1.492294e+00 8.428768e-01 -1.937621e+00 -1.934574e+00
0.000000e+00 -3.834806e-01 -1.640251e+00 2.768051e-01 -2.034386e-01 -1.625310e+00 -1.647241e+00
0.000000e+00 3.889649e-01 -1.409601e+00 1.456205e+00 1.191649e+00 -1.208895e+00 -1.048614e+00
0.000000e+00 -7.697033e-01 -5.446629e-01 8.665048e-01 -1.249754e+00 -7.924797e-01 -7.955589e-01
0.000000e+00 -1.542149e+00 -1.236613e+00 -3.128947e-01 8.428768e-01 -1.573258e+00 -1.715626e+00
0.000000e+00 1.161410e+00 -1.178951e+00 -9.025945e-01 -9.009822e-01 -7.404278e-01 -7.007896e-01
0.000000e+00 2.742182e-03 3.202750e-01 1.456205e+00 4.941050e-01 5.608696e-01 3.707467e-01
0.000000e+00 2.742182e-03 1.646513e+00 -9.025945e-01 1.191649e+00 1.445752e+00 1.509447e+00
0.000000e+00 -3.834806e-01 -1.582588e+00 -9.025945e-01 -2.034386e-01 -1.729414e+00 -1.643898e+00
0.000000e+00 3.889649e-01 6.085876e-01 -1.492294e+00 8.428768e-01 7.690771e-01 6.698859e-01
0.000000e+00 -7.697033e-01 -3.716754e-01 -3.128947e-01 -5.522104e-01 -6.883759e-01 -6.659426e-01
0.000000e+00 1.547633e+00 -4.870004e-01 -3.128947e-01 -1.598526e+00 4.035063e-02 8.704923e-02
0.000000e+00 2.742182e-03 1.069888e+00 1.456205e+00 -1.598526e+00 8.731809e-01 9.976671e-01
0.000000e+00 -7.697033e-01 -9.483006e-01 -3.128947e-01 1.453332e-01 -1.260947e+00 -1.174874e+00
0.000000e+00 -1.542149e+00 6.662501e-01 -3.128947e-01 8.428768e-01 2.485582e-01 3.118689e-02
0.000000e+00 3.889649e-01 8.392377e-01 -3.128947e-01 1.540420e+00 9.772847e-01 9.516176e-01
0.000000e+00 -1.155926e+00 7.815752e-01 1.456205e+00 -1.249754e+00 3.526620e-01 2.984673e-01
0.000000e+00 -7.697033e-01 -1.986878e-01 2.768051e-01 -5.522104e-01 -5.842721e-01 -4.823460e-01
0.000000e+00 -1.542149e+00 1.472874e-01 -3.128947e-01 -9.009822e-01 -4.801683e-01 -4.962316e-01
0.000000e+00 1.547633e+00 1.704176e+00 -3.128947e-01 1.191649e+00 2.122426e+00 2.180155e+00
0.000000e+00 1.161410e+00 -4.870004e-01 -1.492294e+00 -9.009822e-01 -2.199088e-01 -9.038034e-02
0.000000e+00 -1.155926e+00 -8.336272e-02 -1.492294e+00 8.428768e-01 -6.363240e-01 -5.582976e-01
0.000000e+00 1.161410e+00 -6.599880e-01 -3.128947e-01 4.941050e-01 -2.199088e-01 -1.587787e-01
0.000000e+00 1.547633e+00 -6.599880e-01 2.768051e-01 -1.598526e+00 1.444544e-01 -4.695650e-02
0.000000e+00 -1.542149e+00 -1.409601e+00 -3.128947e-01 8.428768e-01 -1.677362e+00 -1.874427e+00
0.000000e+00 2.742182e-03 8.392377e-01 -3.128947e-01 1.191649e+00 6.129215e-01 7.931699e-01
0.000000e+00 1.161410e+00 -6.599880e-01 -3.128947e-01 8.428768e-01 -2.719607e-01 -1.485757e-01
0.000000e+00 -1.155926e+00 -1.005963e+00 8.665048e-01 1.540420e+00 -1.260947e+00 -1.285649e+00
0.000000e+00 -3.834806e-01 1.646513e+00 2.768051e-01 1.540420e+00 1.445752e+00 1.420996e+00
0.000000e+00 7.751877e-01 -2.563503e-01 -9.025945e-01 -1.598526e+00 -1.170127e-02 -2.250074e-02
0.000000e+00 -7.697033e-01 -4.870004e-01 -3.128947e-01 4.941050e-01 -5.842721e-01 -7.412011e-01
0.000000e+00 2.742182e-03 -5.446629e-01 -9.025945e-01 1.191649e+00 -5.322202e-01 -5.020348e-01
0.000000e+00 1.161410e+00 3.202750e-01 2.768051e-01 -2.034386e-01 9.252328e-01 7.454840e-01
0.000000e+00 -7.697033e-01 1.473526e+00 -3.128947e-01 -1.249754e+00 1.081388e+00 1.007530e+00
0.000000e+00 -3.834806e-01 -1.640251e+00 -9.025945e-01 8.428768e-01 -1.677362e+00 -1.666223e+00
0.000000e+00 1.547633e+00 9.545628e-01 1.456205e+00 1.191649e+00 1.497804e+00 1.566402e+00
0.000000e+00 7.751877e-01 7.815752e-01 -9.025945e-01 4.941050e-01 9.252328e-01 9.915242e-01
0.000000e+00 -1.542149e+00 -2.570019e-02 2.768051e-01 -2.034386e-01 -3.760645e-01 -6.098313e-01
0.000000e+00 -3.834806e-01 -1.986878e-01 -3.128947e-01 8.428768e-01 -2.719607e-01 -3.180848e-01
0.000000e+00 -3.834806e-01 -1.351938e+00 8.665048e-01 1.453332e-01 -1.312999e+00 -1.347574e+00
0.000000e+00 1.547633e+00 -6.023255e-01 2.768051e-01 -5.522104e-01 -2.199088e-01 3.658621e-02
0.000000e+00 3.889649e-01 1.127550e+00 8.665048e-01 -1.598526e+00 1.081388e+00 1.174050e+00
0.000000e+00 1.547633e+00 3.196234e-02 -3.128947e-01 1.453332e-01 5.608696e-01 6.144677e-01
0.000000e+00 3.889649e-01 -4.293379e-01 -9.025945e-01 8.428768e-01 -2.719607e-01 -2.581256e-01
0.000000e+00 3.889649e-01 -1.005963e+00 1.456205e+00 -9.009822e-01 -7.924797e-01 -7.392961e-01
0.000000e+00 2.742182e-03 -7.753131e-01 1.456205e+00 4.941050e-01 -6.883759e-01 -6.349940e-01
0.000000e+00 2.742182e-03 -1.524926e+00 2.768051e-01 4.941050e-01 -1.365050e+00 -1.372723e+00
0.000000e+00 -1.155926e+00 1.531188e+00 2.768051e-01 1.191649e+00 1.133440e+00 1.008436e+00
0.000000e+00 1.161410e+00 -9.483006e-01 2.768051e-01 -1.598526e+00 -5.322202e-01 -4.598698e-01
0.000000e+00 1.161410e+00 -6.023255e-01 -1.492294e+00 -2.034386e-01 -3.240126e-01 -1.758418e-01
0.000000e+00 -1.542149e+00 1.704176e+00 1.456205e+00 8.428768e-01 9.772847e-01 1.058380e+00
0.000000e+00 1.161410e+00 -1.005963e+00 1.456205e+00 -9.009822e-01 -5.322202e-01 -4.428067e-01
0.000000e+00 2.742182e-03 -1.582588e+00 -3.128947e-01 -2.034386e-01 -1.469154e+00 -1.470858e+00
0.000000e+00 -1.155926e+00 -2.563503e-01 -1.492294e+00 -1.598526e+00 -5.842721e-01 -7.885198e-01
0.000000e+00 -1.155926e+00 -2.563503e-01 2.768051e-01 1.191649e+00 -6.883759e-01 -6.325095e-01
0.000000e+00 3.889649e-01 -7.176505e-01 2.768051e-01 -5.522104e-01 -6.363240e-01 -5.140154e-01
0.000000e+00 1.547633e+00 8.962487e-02 8.665048e-01 -2.034386e-01 6.649733e-01 7.067893e-01
0.000000e+00 -1.542149e+00 -9.483006e-01 -1.492294e+00 -9.009822e-01 -1.365050e+00 -1.551563e+00
0.000000e+00 3.889649e-01 9.545628e-01 -9.025945e-01 -1.249754e+00 9.252328e-01 9.510657e-01
0.000000e+00 1.547633e+00 -1.582588e+00 1.456205e+00 4.941050e-01 -8.445316e-01 -7.830872e-01
0.000000e+00 1.161410e+00 -1.697914e+00 -3.128947e-01 -2.034386e-01 -1.312999e+00 -1.131992e+00
0.000000e+00 3.889649e-01 -2.563503e-01 -9.025945e-01 1.540420e+00 -1.158051e-01 -7.891849e-02
0.000000e+00 -7.697033e-01 -3.716754e-01 -9.025945e-01 -9.009822e-01 -8.965834e-01 -7.009411e-01
0.000000e+00 1.161410e+00 1.069888e+00 -3.128947e-01 -1.249754e+00 1.393700e+00 1.378218e+00
0.000000e+00 1.547633e+00 2.626125e-01 2.768051e-01 1.540420e+00 8.731809e-01 8.918100e-01
0.000000e+00 -1.542149e+00 -9.483006e-01 1.456205e+00 1.453332e-01 -1.625310e+00 -1.396977e+00
0.000000e+00 1.547633e+00 -1.582588e+00 8.665048e-01 1.540420e+00 -5.842721e-01 -7.772736e-01
0.000000e+00 3.889649e-01 -1.005963e+00 2.768051e-01 1.453332e-01 -5.322202e-01 -7.582780e-01
0.000000e+00 3.889649e-01 9.545628e-01 2.768051e-01 -9.009822e-01 1.029337e+00 1.010860e+00
0.000000e+00 -3.834806e-01 1.127550e+00 -1.492294e+00 1.191649e+00 1.029337e+00 8.600029e-01
0.000000e+00 -1.542149e+00 -9.483006e-01 -9.025945e-01 -1.598526e+00 -1.521206e+00 -1.547174e+00
0.000000e+00 1.161410e+00 -5.446629e-01 -9.025945e-01 -9.009822e-01 -3.240126e-01 -1.185186e-01
0.000000e+00 -1.155926e+00 -2.563503e-01 1.456205e+00 -1.598526e+00 -6.883759e-01 -6.645426e-01
0.000000e+00 -1.542149e+00 -1.582588e+00 -9.025945e-01 4.941050e-01 -2.145829e+00 -2.068227e+00
0.000000e+00 -1.155926e+00 1.185213e+00 8.665048e-01 -1.249754e+00 4.567658e-01 6.442079e-01
0.000000e+00 -1.542149e+00 5.509251e-01 8.665048e-01 -5.522104e-01 -6.375316e-02 -6.590169e-02
0.000000e+00 -1.542149e+00 -1.524926e+00 8.665048e-01 -5.522104e-01 -2.041725e+00 -1.971516e+00
0.000000e+00 1.547633e+00 3.202750e-01 -3.128947e-01 8.428768e-01 9.252328e-01 8.995423e-01
0.000000e+00 -1.542149e+00 1.185213e+00 1.456205e+00 -5.522104e-01 6.129215e-01 5.411647e-01
0.000000e+00 -3.834806e-01 7.239127e-01 8.665048e-01 -9.009822e-01 7.170252e-01 5.274306e-01
0.000000e+00 3.889649e-01 -1.697914e+00 -1.492294e+00 1.540420e+00 -1.417102e+00 -1.427057e+00
0.000000e+00 7.751877e-01 5.509251e-01 -1.492294e+00 -9.009822e-01 6.129215e-01 7.141819e-01
0.000000e+00 -1.155926e+00 9.545628e-01 2.768051e-01 -2.034386e-01 3.526620e-01 4.382866e-01
0.000000e+00 3.889649e-01 1.472874e-01 2.768051e-01 1.453332e-01 2.485582e-01 3.003964e-01
0.000000e+00 7.751877e-01 -1.351938e+00 1.456205e+00 4.941050e-01 -6.363240e-01 -8.678417e-01
0.000000e+00 -1.155926e+00 1.300538e+00 2.768051e-01 -2.034386e-01 7.690771e-01 7.558890e-01
0.000000e+00 -1.155926e+00 1.242875e+00 2.768051e-01 4.941050e-01 7.690771e-01 7.233612e-01
0.000000e+00 7.751877e-01 1.242875e+00 -1.492294e+00 -5.522104e-01 1.497804e+00 1.359590e+00
0.000000e+00 -1.542149e+00 1.473526e+00 2.768051e-01 -2.034386e-01 8.731809e-01 7.664454e-01
0.000000e+00 1.161410e+00 -1.121288e+00 -1.492294e+00 1.453332e-01 -5.842721e-01 -6.420423e-01
0.000000e+00 -7.697033e-01 -1.986878e-01 8.665048e-01 1.191649e+00 -4.801683e-01 -4.065356e-01
0.000000e+00 3.889649e-01 -9.483006e-01 8.665048e-01 1.453332e-01 -7.404278e-01 -6.805488e-01
0.000000e+00 1.547633e+00 -4.870004e-01 1.456205e+00 1.540420e+00 1.444544e-01 2.532625e-01
0.000000e+00 3.889649e-01 -8.329756e-01 -3.128947e-01 -1.598526e+00 -5.842721e-01 -6.752872e-01
0.000000e+00 1.547633e+00 8.969003e-01 2.768051e-01 4.941050e-01 1.758063e+00 1.443472e+00
0.000000e+00 7.751877e-01 -1.063626e+00 8.665048e-01 -9.009822e-01 -5.322202e-01 -6.687806e-01
0.000000e+00 1.547633e+00 1.069888e+00 8.665048e-01 1.453332e-01 1.653959e+00 1.616866e+00
0.000000e+00 -1.155926e+00 8.969003e-01 1.456205e+00 -1.249754e+00 3.006101e-01 4.043348e-01
0.000000e+00 1.161410e+00 -1.178951e+00 -9.025945e-01 4.941050e-01 -7.404278e-01 -6.599776e-01
0.000000e+00 1.161410e+00 -3.716754e-01 -9.025945e-01 -1.598526e+00 9.240252e-02 1.987653e-02
0.000000e+00 -1.155926e+00 8.969003e-01 1.456205e+00 -1.249754e+00 3.526620e-01 4.043348e-01
0.000000e+00 -3.834806e-01 -7.176505e-01 -1.492294e+00 1.191649e+00 -8.445316e-01 -8.338761e-01
0.000000e+00 7.751877e-01 -4.870004e-01 -3.128947e-01 1.191649e+00 -6.375316e-02 -1.278162e-01
0.000000e+00 -3.834806e-01 -1.236613e+00 1.456205e+00 4.941050e-01 -1.156843e+00 -1.206708e+00
0.000000e+00 -3.834806e-01 -7.753131e-01 -9.025945e-01 -1.249754e+00 -6.883759e-01 -9.334354e-01
0.000000e+00 3.889649e-01 4.356000e-01 -3.128947e-01 -2.034386e-01 7.690771e-01 5.300666e-01
0.000000e+00 3.889649e-01 5.509251e-01 8.665048e-01 -5.522104e-01 6.129215e-01 6.753219e-01
0.000000e+00 -7.697033e-01 1.588851e+00 1.456205e+00 -1.249754e+00 1.289596e+00 1.187784e+00
0.000000e+00 1.547633e+00 -1.005963e+00 -1.492294e+00 -1.249754e+00 -5.842721e-01 -4.287421e-01
0.000000e+00 -1.155926e+00 1.127550e+00 -3.128947e-01 1.540420e+00 7.170252e-01 6.233074e-01
0.000000e+00 3.889649e-01 3.779375e-01 -9.025945e-01 8.428768e-01 5.608696e-01 4.829464e-01
0.000000e+00 7.751877e-01 -1.409601e+00 8.665048e-01 -2.034386e-01 -1.052739e+00 -9.659769e-01
0.000000e+00 1.547633e+00 -5.446629e-01 1.456205e+00 8.428768e-01 3.006101e-01 1.799228e-01
0.000000e+00 -7.697033e-01 1.185213e+00 2.768051e-01 -1.249754e+00 6.649733e-01 7.676572e-01
0.000000e+00 -7.697033e-01 3.202750e-01 8.665048e-01 -1.249754e+00 -1.170127e-02 -1.553136e-03
0.000000e+00 7.751877e-01 -1.351938e+00 -9.025945e-01 -9.009822e-01 -1.000687e+00 -1.007835e+00
0.000000e+00 -3.834806e-01 3.202750e-01 1.456205e+00 1.540420e+00 4.035063e-02 2.531110e-01
0.000000e+00 1.161410e+00 -3.140128e-01 -9.025945e-01 8.428768e-01 1.444544e-01 1.442312e-01
0.000000e+00 7.751877e-01 -1.121288e+00 2.768051e-01 8.428768e-01 -7.924797e-01 -6.954947e-01
0.000000e+00 2.742182e-03 7.815752e-01 8.665048e-01 -9.009822e-01 6.649733e-01 7.286091e-01
0.000000e+00 7.751877e-01 -9.483006e-01 -3.128947e-01 -1.598526e+00 -6.363240e-01 -6.329100e-01
0.000000e+00 -7.697033e-01 8.392377e-01 -3.128947e-01 4.941050e-01 3.006101e-01 4.762745e-01
0.000000e+00 -1.155926e+00 -8.336272e-02 8.665048e-01 -5.522104e-01 -5.322202e-01 -4.999279e-01
0.000000e+00 3.889649e-01 -1.178951e+00 -3.128947e-01 -9.009822e-01 -1.000687e+00 -9.724836e-01
0.000000e+00 -1.155926e+00 1.127550e+00 1.456205e+00 -2.034386e-01 6.129215e-01 6.466786e-01
0.000000e+00 -7.697033e-01 1.012225e+00 8.665048e-01 1.453332e-01 6.129215e-01 6.744635e-01
0.000000e+00 3.889649e-01 -1.467263e+00 8.665048e-01 -1.598526e+00 -1.365050e+00 -1.207967e+00
0.000000e+00 2.742182e-03 -1.294276e+00 -9.025945e-01 1.191649e+00 -1.260947e+00 -1.190173e+00
0.000000e+00 1.161410e+00 8.969003e-01 -1.492294e+00 1.453332e-01 9.772847e-01 1.210638e+00
0.000000e+00 1.547633e+00 -1.467263e+00 -9.025945e-01 -9.009822e-01 -9.486353e-01 -8.172134e-01
0.000000e+00 -7.697033e-01 1.588851e+00 -3.128947e-01 -1.598526e+00 1.237544e+00 1.103195e+00
0.000000e+00 -7.697033e-01 1.704176e+00 -1.492294e+00 1.191649e+00 1.081388e+00 1.241095e+00
0.000000e+00 -7.697033e-01 -3.716754e-01 8.665048e-01 -1.249754e+00 -5.322202e-01 -6.367578e-01
0.000000e+00 3.889649e-01 5.509251e-01 -3.128947e-01 1.540420e+00 5.088177e-01 6.869490e-01
0.000000e+00 -1.542149e+00 1.531188e+00 2.768051e-01 1.453332e-01 8.731809e-01 8.295821e-01
0.000000e+00 7.751877e-01 -2.563503e-01 -3.128947e-01 1.453332e-01 3.526620e-01 5.330967e-02
0.000000e+00 -1.542149e+00 -1.409601e+00 -1.492294e+00 -9.009822e-01 -1.885569e+00 -1.975033e+00
0.000000e+00 2.742182e-03 -8.329756e-01 -1.492294e+00 1.453332e-01 -8.445316e-01 -8.221078e-01
0.000000e+00 1.161410e+00 1.704176e+00 8.665048e-01 -1.249754e+00 1.966271e+00 2.010080e+00
0.000000e+00 -3.834806e-01 3.202750e-01 1.456205e+00 8.428768e-01 3.526620e-01 2.327050e-01
0.000000e+00 2.742182e-03 -1.063626e+00 2.768051e-01 -1.598526e+00 -9.486353e-01 -1.010471e+00
0.000000e+00 -3.834806e-01 -1.121288e+00 8.665048e-01 1.453332e-01 -1.104791e+00 -1.135839e+00
0.000000e+00 -3.834806e-01 -1.582588e+00 2.768051e-01 -1.598526e+00 -1.677362e+00 -1.635120e+00
0.000000e+00 1.161410e+00 7.815752e-01 2.768051e-01 1.191649e+00 1.237544e+00 1.209766e+00
0.000000e+00 -1.155926e+00 3.779375e-01 8.665048e-01 1.191649e+00 -2.199088e-01 -2.544315e-02
0.000000e+00 -1.542149e+00 -1.409601e+00 -3.128947e-01 1.453332e-01 -1.937621e+00 -1.894833e+00
0.000000e+00 -7.697033e-01 -6.599880e-01 -9.025945e-01 1.453332e-01 -7.404278e-01 -9.350007e-01
0.000000e+00 1.547633e+00 -7.176505e-01 2.768051e-01 1.191649e+00 9.240252e-02 -1.826624e-02
0.000000e+00 -3.834806e-01 -8.329756e-01 -1.492294e+00 -2.034386e-01 -1.000687e+00 -9.805555e-01
0.000000e+00 2.742182e-03 -4.293379e-01 8.665048e-01 1.191649e+00 -4.281164e-01 -3.217811e-01
0.000000e+00 -1.155926e+00 7.239127e-01 1.456205e+00 -2.034386e-01 5.088177e-01 2.761426e-01
0.000000e+00 -3.834806e-01 3.779375e-01 -3.128947e-01 -5.522104e-01 9.240252e-02 1.704404e-01
0.000000e+00 -1.155926e+00 -1.236613e+00 2.768051e-01 -1.249754e+00 -1.729414e+00 -1.603804e+00
0.000000e+00 -1.155926e+00 -1.582588e+00 1.456205e+00 -1.249754e+00 -1.833518e+00 -1.871815e+00
0.000000e+00 -3.834806e-01 -1.294276e+00 -3.128947e-01 -1.598526e+00 -1.469154e+00 -1.395246e+00
0.000000e+00 3.889649e-01 4.356000e-01 8.665048e-01 1.540420e+00 4.567658e-01 6.306724e-01
0.000000e+00 7.751877e-01 -1.524926e+00 1.456205e+00 -9.009822e-01 -1.208895e+00 -1.067455e+00
0.000000e+00 -7.697033e-01 -1.063626e+00 -1.492294e+00 -1.598526e+00 -1.365050e+00 -1.381347e+00
0.000000e+00 -7.697033e-01 7.815752e-01 2.768051e-01 1.453332e-01 3.526620e-01 4.379332e-01
0.000000e+00 3.889649e-01 3.196234e-02 2.768051e-01 4.941050e-01 4.035063e-02 2.047320e-01
0.000000e+00 -7.697033e-01 -3.140128e-01 1.456205e+00 1.191649e+00 -6.363240e-01 -4.876077e-01
0.000000e+00 -1.155926e+00 1.300538e+00 -3.128947e-01 4.941050e-01 7.690771e-01 7.514995e-01
0.000000e+00 1.161410e+00 -8.329756e-01 8.665048e-01 -5.522104e-01 -3.240126e-01 -2.985980e-01
0.000000e+00 2.742182e-03 6.662501e-01 -9.025945e-01 -5.522104e-01 6.649733e-01 5.585583e-01
0.000000e+00 -1.542149e+00 1.358200e+00 2.768051e-01 8.428768e-01 5.608696e-01 6.911870e-01
0.000000e+00 -7.697033e-01 -9.483006e-01 -1.492294e+00 -5.522104e-01 -1.260947e+00 -1.244871e+00
0.000000e+00 1.161410e+00 -1.005963e+00 2.768051e-01 -1.598526e+00 -5.842721e-01 -5.128035e-01
0.000000e+00 -3.834806e-01 6.085876e-01 2.768051e-01 1.191649e+00 5.088177e-01 4.579857e-01
0.000000e+00 7.751877e-01 -1.351938e+00 -9.025945e-01 -9.009822e-01 -1.000687e+00 -1.007835e+00
0.000000e+00 -1.155926e+00 -1.063626e+00 -9.025945e-01 -1.598526e+00 -1.469154e+00 -1.504796e+00
0.000000e+00 7.751877e-01 3.779375e-01 8.665048e-01 1.191649e+00 8.211290e-01 7.157804e-01
0.000000e+00 2.742182e-03 1.127550e+00 2.768051e-01 1.540420e+00 1.081388e+00 1.092837e+00
0.000000e+00 2.742182e-03 -1.524926e+00 2.768051e-01 1.540420e+00 -1.260947e+00 -1.342114e+00
0.000000e+00 3.889649e-01 -1.640251e+00 -3.128947e-01 -2.034386e-01 -1.521206e+00 -1.375547e+00
0.000000e+00 1.547633e+00 2.626125e-01 -3.128947e-01 1.191649e+00 7.170252e-01 8.568116e-01
0.000000e+00 3.889649e-01 1.588851e+00 1.456205e+00 -9.009822e-01 1.810115e+00 1.642721e+00
0.000000e+00 1.161410e+00 7.815752e-01 1.456205e+00 1.453332e-01 1.237544e+00 1.228748e+00
0.000000e+00 7.751877e-01 -1.582588e+00 -1.492294e+00 4.941050e-01 -1.156843e+00 -1.203554e+00
0.000000e+00 1.547633e+00 -1.524926e+00 -1.492294e+00 -2.034386e-01 -7.924797e-01 -8.745366e-01
0.000000e+00 -3.834806e-01 4.356000e-01 -3.128947e-01 8.428768e-01 1.444544e-01 2.641862e-01
0.000000e+00 -1.155926e+00 -1.063626e+00 1.456205e+00 1.540420e+00 -1.417102e+00 -1.313788e+00
0.000000e+00 7.751877e-01 -6.599880e-01 -1.492294e+00 1.453332e-01 -2.719607e-01 -3.668172e-01
0.000000e+00 3.889649e-01 -1.178951e+00 2.768051e-01 1.453332e-01 -9.486353e-01 -9.170791e-01
0.000000e+00 -1.542149e+00 -1.697914e+00 1.456205e+00 4.941050e-01 -2.093777e+00 -2.074912e+00
0.000000e+00 1.547633e+00 -7.753131e-01 -9.025945e-01 8.428768e-01 -2.719607e-01 -1.309938e-01
0.000000e+00 1.547633e+00 -8.329756e-01 1.456205e+00 -1.249754e+00 -1.170127e-02 -1.459638e-01
0.000000e+00 -1.155926e+00 -1.236613e+00 2.768051e-01 4.941050e-01 -1.573258e+00 -1.552789e+00
0.000000e+00 -7.697033e-01 1.531188e+00 -3.128947e-01 1.191649e+00 1.237544e+00 1.131885e+00
0.000000e+00 2.742182e-03 1.300538e+00 8.665048e-01 -1.598526e+00 1.237544e+00 1.184607e+00
0.000000e+00 2.742182e-03 -1.236613e+00 8.665048e-01 -1.598526e+00 -1.000687e+00 -1.144477e+00
0.000000e+00 -1.542149e+00 1.646513e+00 -3.128947e-01 4.941050e-01 7.170252e-01 9.208571e-01
0.000000e+00 1.161410e+00 1.415863e+00 2.768051e-01 -2.034386e-01 1.445752e+00 1.751225e+00
0.000000e+00 1.161410e+00 -1.236613e+00 -1.492294e+00 -1.598526e+00 -5.842721e-01 -7.989247e-01
0.000000e+00 -3.834806e-01 -1.063626e+00 1.456205e+00 -1.598526e+00 -1.000687e+00 -1.109125e+00
0.000000e+00 7.751877e-01 1.415863e+00 1.456205e+00 -1.249754e+00 1.497804e+00 1.621962e+00
0.000000e+00 -7.697033e-01 6.085876e-01 -1.492294e+00 1.540420e+00 1.444544e-01 2.455577e-01
0.000000e+00 3.889649e-01 -8.906381e-01 8.665048e-01 1.191649e+00 -5.842721e-01 -5.970061e-01
0.000000e+00 1.547633e+00 -1.640251e+00 -3.128947e-01 -9.009822e-01 -1.000687e+00 -9.512192e-01
0.000000e+00 -1.542149e+00 -1.121288e+00 -3.128947e-01 1.191649e+00 -1.677362e+00 -1.599555e+00
0.000000e+00 2.742182e-03 -1.121288e+00 -9.025945e-01 1.453332e-01 -1.156843e+00 -1.061981e+00
0.000000e+00 -3.834806e-01 -1.294276e+00 8.665048e-01 1.540420e+00 -1.260947e+00 -1.253829e+00
0.000000e+00 1.161410e+00 1.415863e+00 -3.128947e-01 1.453332e-01 1.810115e+00 1.736632e+00
0.000000e+00 -1.542149e+00 8.962487e-02 -9.025945e-01 4.941050e-01 -5.322202e-01 -5.331487e-01
0.000000e+00 1.547633e+00 -1.409601e+00 -1.492294e+00 1.540420e+00 -7.924797e-01 -7.176542e-01
0.000000e+00 3.889649e-01 1.300538e+00 8.665048e-01 8.428768e-01 1.341648e+00 1.404272e+00
0.000000e+00 -3.834806e-01 -6.023255e-01 8.665048e-01 -9.009822e-01 -4.281164e-01 -6.900449e-01
0.000000e+00 1.547633e+00 4.932626e-01 -3.128947e-01 8.428768e-01 1.029337e+00 1.058343e+00
0.000000e+00 2.742182e-03 2.626125e-01 -3.128947e-01 1.453332e-01 3.006101e-01 2.332237e-01
0.000000e+00 2.742182e-03 -1.294276e+00 2.768051e-01 1.453332e-01 -9.486353e-01 -1.171191e+00
0.000000e+00 2.742182e-03 1.127550e+00 -1.492294e+00 -9.009822e-01 1.029337e+00 9.470297e-01
0.000000e+00 -1.542149e+00 1.069888e+00 -1.492294e+00 1.453332e-01 4.047139e-01 3.317261e-01
0.000000e+00 -1.542149e+00 7.239127e-01 1.456205e+00 8.428768e-01 3.006101e-01 1.585069e-01
0.000000e+00 1.161410e+00 2.049499e-01 -9.025945e-01 4.941050e-01 7.690771e-01 6.104317e-01
0.000000e+00 1.161410e+00 1.531188e+00 -9.025945e-01 1.540420e+00 1.862167e+00 1.858516e+00
0.000000e+00 3.889649e-01 1.300538e+00 2.768051e-01 1.540420e+00 1.289596e+00 1.399883e+00
0.000000e+00 -3.834806e-01 1.646513e+00 1.456205e+00 4.941050e-01 1.445752e+00 1.439978e+00
0.000000e+00 -1.155926e+00 1.473526e+00 -1.492294e+00 -9.009822e-01 8.731809e-01 8.198978e-01
0.000000e+00 -1.155926e+00 -6.599880e-01 -9.025945e-01 1.540420e+00 -1.052739e+00 -1.042433e+00
0.000000e+00 1.547633e+00 -1.351938e+00 -1.492294e+00 -9.009822e-01 -7.404278e-01 -7.361414e-01
0.000000e+00 2.742182e-03 3.196234e-02 -1.492294e+00 -2.034386e-01 9.240252e-02 -3.830501e-02
0.000000e+00 -3.834806e-01 -7.176505e-01 1.456205e+00 -2.034386e-01 -6.363240e-01 -7.507110e-01
0.000000e+00 -1.542149e+00 5.509251e-01 -9.025945e-01 1.191649e+00 -1.170127e-02 -8.927298e-02
0.000000e+00 7.751877e-01 -9.483006e-01 -3.128947e-01 1.191649e+00 -6.883759e-01 -5.512860e-01
0.000000e+00 -7.697033e-01 4.932626e-01 -3.128947e-01 1.540420e+00 1.965063e-01 1.892812e-01
0.000000e+00 3.889649e-01 1.704176e+00 1.456205e+00 -2.034386e-01 1.810115e+00 1.768995e+00
0.000000e+00 2.742182e-03 1.300538e+00 -9.025945e-01 -2.034386e-01 1.237544e+00 1.151032e+00
0.000000e+00 2.742182e-03 1.704176e+00 2.768051e-01 1.453332e-01 1.758063e+00 1.581362e+00
0.000000e+00 2.742182e-03 1.646513e+00 8.665048e-01 8.428768e-01 1.653959e+00 1.573630e+00
0.000000e+00 -1.542149e+00 3.202750e-01 1.456205e+00 1.453332e-01 -2.719607e-01 -2.324352e-01
0.000000e+00 -1.542149e+00 -7.753131e-01 -1.492294e+00 1.453332e-01 -1.156843e+00 -1.362153e+00
0.000000e+00 -7.697033e-01 3.779375e-01 1.456205e+00 1.191649e+00 1.444544e-01 1.475970e-01
0.000000e+00 -3.834806e-01 7.815752e-01 8.665048e-01 -1.598526e+00 6.649733e-01 5.599583e-01
0.000000e+00 2.742182e-03 -1.236613e+00 1.456205e+00 -5.522104e-01 -1.156843e+00 -1.089073e+00
0.000000e+00 -1.155926e+00 1.588851e+00 -9.025945e-01 1.540420e+00 9.252328e-01 1.021982e+00
0.000000e+00 1.161410e+00 -6.023255e-01 -1.492294e+00 1.540420e+00 -2.719607e-01 -1.248268e-01
0.000000e+00 -1.155926e+00 8.392377e-01 8.665048e-01 -1.249754e+00 1.965063e-01 3.266056e-01
0.000000e+00 1.547633e+00 1.531188e+00 -3.128947e-01 1.191649e+00 1.966271e+00 2.021353e+00
0.000000e+00 -1.155926e+00 -1.410252e-01 2.768051e-01 -9.009822e-01 -4.281164e-01 -5.878600e-01
0.000000e+00 1.547633e+00 1.127550e+00 1.456205e+00 1.540420e+00 1.758063e+00 1.735407e+00
0.000000e+00 7.751877e-01 -6.023255e-01 1.456205e+00 -1.249754e+00 -4.281164e-01 -2.307184e-01
0.000000e+00 1.161410e+00 6.085876e-01 8.665048e-01 8.428768e-01 1.133440e+00 1.065557e+00
0.000000e+00 -1.155926e+00 3.202750e-01 2.768051e-01 -5.522104e-01 -1.158051e-01 -1.541873e-01
0.000000e+00 7.751877e-01 1.300538e+00 1.456205e+00 -1.249754e+00 1.653959e+00 1.516094e+00
0.000000e+00 3.889649e-01 -1.986878e-01 -3.128947e-01 -5.522104e-01 -1.158051e-01 -6.240732e-02
0.000000e+00 -3.834806e-01 -1.294276e+00 8.665048e-01 4.941050e-01 -1.417102e+00 -1.284438e+00
0.000000e+00 7.751877e-01 8.962487e-02 -9.025945e-01 4.941050e-01 5.608696e-01 3.563196e-01
0.000000e+00 -3.834806e-01 -1.697914e+00 -1.492294e+00 -1.598526e+00 -1.677362e+00 -1.815373e+00
0.000000e+00 -1.155926e+00 -7.753131e-01 -3.128947e-01 -1.598526e+00 -1.417102e+00 -1.215332e+00
0.000000e+00 7.751877e-01 1.531188e+00 2.768051e-01 -9.009822e-01 1.758063e+00 1.688441e+00
0.000000e+00 1.161410e+00 -1.236613e+00 2.768051e-01 -1.249754e+00 -8.965834e-01 -7.143354e-01
0.000000e+00 -1.155926e+00 -6.023255e-01 -3.128947e-01 -9.009822e-01 -9.486353e-01 -1.036125e+00
0.000000e+00 2.742182e-03 8.392377e-01 -9.025945e-01 -5.522104e-01 5.608696e-01 7.173595e-01
0.000000e+00 -1.542149e+00 8.962487e-02 1.456205e+00 4.941050e-01 -5.842721e-01 -4.339670e-01
0.000000e+00 7.751877e-01 -1.640251e+00 -9.025945e-01 -1.249754e+00 -1.156843e+00 -1.282707e+00
0.000000e+00 1.161410e+00 8.962487e-02 1.456205e+00 4.941050e-01 6.129215e-01 6.037460e-01
0.000000e+00 3.889649e-01 8.392377e-01 1.456205e+00 -2.034386e-01 1.081388e+00 9.749889e-01
0.000000e+00 2.742182e-03 -1.236613e+00 2.768051e-01 8.428768e-01 -1.156843e+00 -1.097852e+00
0.000000e+00 3.889649e-01 -2.570019e-02 1.456205e+00 8.428768e-01 1.965063e-01 2.115921e-01
0.000000e+00 -1.155926e+00 -6.023255e-01 -3.128947e-01 -2.034386e-01 -8.445316e-01 -1.015719e+00
0.000000e+00 -1.542149e+00 4.356000e-01 1.456205e+00 1.540420e+00 -1.170127e-02 -8.575573e-02
0.000000e+00 7.751877e-01 1.704176e+00 -3.128947e-01 8.428768e-01 2.122426e+00 1.873462e+00
0.000000e+00 7.751877e-01 -1.697914e+00 -1.492294e+00 1.191649e+00 -1.312999e+00 -1.289015e+00
0.000000e+00 -1.155926e+00 1.704176e+00 2.768051e-01 4.941050e-01 1.289596e+00 1.146831e+00
0.000000e+00 -1.155926e+00 1.531188e+00 -9.025945e-01 1.453332e-01 1.029337e+00 9.282360e-01
0.000000e+00 -1.542149e+00 -1.467263e+00 8.665048e-01 4.941050e-01 -1.885569e+00 -1.887973e+00
0.000000e+00 1.161410e+00 2.626125e-01 -9.025945e-01 4.941050e-01 8.211290e-01 6.633654e-01
0.000000e+00 1.161410e+00 3.202750e-01 -9.025945e-01 -9.009822e-01 6.129215e-01 6.754872e-01
0.000000e+00 -1.542149e+00 -1.697914e+00 8.665048e-01 1.453332e-01 -2.041725e+00 -2.109911e+00
0.000000e+00 1.161410e+00 -9.483006e-01 2.768051e-01 1.453332e-01 -5.322202e-01 -4.088548e-01
0.000000e+00 1.547633e+00 -1.236613e+00 1.456205e+00 1.191649e+00 -5.842721e-01 -4.450789e-01
0.000000e+00 -3.834806e-01 -2.570019e-02 -1.492294e+00 -1.598526e+00 -2.719607e-01 -2.802954e-01
0.000000e+00 -1.542149e+00 -3.716754e-01 -9.025945e-01 4.941050e-01 -9.486353e-01 -9.566185e-01
0.000000e+00 -1.542149e+00 -1.524926e+00 1.456205e+00 -1.598526e+00 -2.093777e+00 -1.977329e+00
0.000000e+00 -7.697033e-01 1.127550e+00 -9.025945e-01 1.540420e+00 8.211290e-01 7.467566e-01
0.000000e+00 2.742182e-03 -9.483006e-01 2.768051e-01 -5.522104e-01 -6.883759e-01 -8.739950e-01
0.000000e+00 2.742182e-03 -3.140128e-01 2.768051e-01 4.941050e-01 -3.240126e-01 -2.611151e-01
0.000000e+00 1.547633e+00 -1.524926e+00 -3.128947e-01 1.453332e-01 -7.404278e-01 -8.147427e-01
0.000000e+00 -1.155926e+00 -3.140128e-01 2.768051e-01 1.453332e-01 -7.924797e-01 -7.160522e-01
0.000000e+00 -1.155926e+00 -1.178951e+00 2.768051e-01 -2.034386e-01 -1.573258e+00 -1.520261e+00
0.000000e+00 3.889649e-01 2.626125e-01 -9.025945e-01 4.941050e-01 3.526620e-01 3.668760e-01
0.000000e+00 1.547633e+00 1.415863e+00 -1.492294e+00 1.191649e+00 1.966271e+00 1.865895e+00
0.000000e+00 -1.542149e+00 -1.351938e+00 -9.025945e-01 1.453332e-01 -1.885569e+00 -1.866695e+00
0.000000e+00 1.547633e+00 6.662501e-01 1.456205e+00 1.540420e+00 1.133440e+00 1.311937e+00
0.000000e+00 1.547633e+00 -1.005963e+00 2.768051e-01 4.941050e-01 -1.678569e-01 -3.033408e-01
0.000000e+00 1.547633e+00 -1.524926e+00 -3.128947e-01 1.191649e+00 -7.404278e-01 -7.841338e-01
0.000000e+00 2.742182e-03 1.127550e+00 -1.492294e+00 4.941050e-01 7.170252e-01 9.878417e-01
0.000000e+00 1.547633e+00 7.239127e-01 -3.128947e-01 1.453332e-01 1.393700e+00 1.249672e+00
0.000000e+00 -3.834806e-01 1.531188e+00 8.665048e-01 -9.009822e-01 1.393700e+00 1.268503e+00
0.000000e+00 -1.155926e+00 3.202750e-01 -3.128947e-01 -1.598526e+00 -3.240126e-01 -2.095917e-01
0.000000e+00 3.889649e-01 1.473526e+00 -3.128947e-01 1.540420e+00 1.393700e+00 1.533889e+00
0.000000e+00 -3.834806e-01 -9.483006e-01 1.456205e+00 1.191649e+00 -7.924797e-01 -9.216339e-01
0.000000e+00 3.889649e-01 -7.176505e-01 2.768051e-01 4.941050e-01 -3.760645e-01 -4.834064e-01
0.000000e+00 -7.697033e-01 -1.294276e+00 1.456205e+00 -9.009822e-01 -1.417102e+00 -1.448699e+00
0.000000e+00 3.889649e-01 8.962487e-02 2.768051e-01 1.540420e+00 2.485582e-01 2.882747e-01
0.000000e+00 -1.155926e+00 -1.986878e-01 1.456205e+00 1.191649e+00 -6.363240e-01 -5.299849e-01
0.000000e+00 -1.155926e+00 6.662501e-01 2.768051e-01 -9.009822e-01 1.965063e-01 1.532120e-01
0.000000e+00 1.547633e+00 3.779375e-01 2.768051e-01 -9.009822e-01 8.211290e-01 9.262565e-01
0.000000e+00 7.751877e-01 -4.293379e-01 2.768051e-01 4.941050e-01 -1.678569e-01 -7.049307e-02
0.000000e+00 -7.697033e-01 -1.351938e+00 -3.128947e-01 -1.249754e+00 -1.469154e+00 -1.586222e+00
0.000000e+00 -1.542149e+00 -1.063626e+00 8.665048e-01 1.540420e+00 -1.417102e+00 -1.486828e+00
0.000000e+00 1.161410e+00 -3.140128e-01 2.768051e-01 4.941050e-01 3.526620e-01 1.836191e-01
0.000000e+00 3.889649e-01 -1.582588e+00 8.665048e-01 4.941050e-01 -1.469154e+00 -1.252617e+00
0.000000e+00 7.751877e-01 -2.563503e-01 8.665048e-01 -1.598526e+00 -1.170127e-02 5.188553e-02
0.000000e+00 1.547633e+00 -1.524926e+00 -9.025945e-01 1.540420e+00 -8.445316e-01 -7.987262e-01
0.000000e+00 2.742182e-03 6.662501e-01 -9.025945e-01 -1.249754e+00 5.608696e-01 5.381523e-01
0.000000e+00 -1.542149e+00 3.202750e-01 -1.492294e+00 -2.034386e-01 -4.801683e-01 -3.666153e-01
0.000000e+00 7.751877e-01 -8.906381e-01 1.456205e+00 -5.522104e-01 -4.281164e-01 -4.749810e-01
0.000000e+00 2.742182e-03 8.962487e-02 -9.025945e-01 -9.009822e-01 1.965063e-01 1.901814e-02
0.000000e+00 -7.697033e-01 -8.336272e-02 2.768051e-01 1.540420e+00 -4.801683e-01 -3.152606e-01
0.000000e+00 1.547633e+00 -1.178951e+00 8.665048e-01 8.428768e-01 -4.281164e-01 -4.271436e-01
0.000000e+00 -1.542149e+00 -5.446629e-01 1.456205e+00 4.941050e-01 -8.445316e-01 -1.016238e+00
0.000000e+00 -1.542149e+00 1.358200e+00 -1.492294e+00 1.191649e+00 6.129215e-01 6.270037e-01
0.000000e+00 -1.542149e+00 -8.329756e-01 -9.025945e-01 -9.009822e-01 -1.521206e+00 -1.420900e+00
0.000000e+00 -7.697033e-01 9.545628e-01 -3.128947e-01 1.540420e+00 6.649733e-01 6.127509e-01
0.000000e+00 3.889649e-01 -6.599880e-01 1.456205e+00 -1.598526e+00 -3.240126e-01 -4.420998e-01
0.000000e+00 -7.697033e-01 -8.336272e-02 -1.492294e+00 1.191649e+00 -5.322202e-01 -3.998499e-01
0.000000e+00 1.161410e+00 1.242875e+00 2.768051e-01 1.191649e+00 1.706011e+00 1.633236e+00
0.000000e+00 -1.155926e+00 1.185213e+00 1.456205e+00 -1.598526e+00 6.129215e-01 6.588004e-01
0.000000e+00 1.547633e+00 -7.176505e-01 8.665048e-01 8.428768e-01 -6.375316e-02 -3.673817e-03
0.000000e+00 -7.697033e-01 1.588851e+00 2.768051e-01 1.540420e+00 1.029337e+00 1.219817e+00
0.000000e+00 2.742182e-03 7.815752e-01 2.768051e-01 -1.598526e+00 6.129215e-01 6.834076e-01
0.000000e+00 1.161410e+00 1.531188e+00 1.456205e+00 1.453332e-01 1.862167e+00 1.916886e+00
0.000000e+00 -1.155926e+00 -8.329756e-01 -3.128947e-01 1.191649e+00 -1.312999e+00 -1.186642e+00
0.000000e+00 3.889649e-01 -1.697914e+00 -3.128947e-01 -9.009822e-01 -1.365050e+00 -1.448887e+00
0.000000e+00 2.742182e-03 1.012225e+00 1.456205e+00 1.453332e-01 1.029337e+00 9.957484e-01
0.000000e+00 1.547633e+00 -1.640251e+00 1.456205e+00 -9.009822e-01 -7.404278e-01 -8.768329e-01
0.000000e+00 2.742182e-03 1.473526e+00 1.456205e+00 -2.034386e-01 1.497804e+00 1.409015e+00
0.000000e+00 -1.155926e+00 -8.906381e-01 8.665048e-01 4.941050e-01 -1.260947e+00 -1.210391e+00
0.000000e+00 2.742182e-03 4.932626e-01 -9.025945e-01 1.540420e+00 4.567658e-01 4.609752e-01
0.000000e+00 -3.834806e-01 -1.410252e-01 2.768051e-01 -5.522104e-01 -3.760645e-01 -2.811676e-01
0.000000e+00 7.751877e-01 -1.697914e+00 1.456205e+00 -5.522104e-01 -1.365050e+00 -1.216053e+00
0.000000e+00 3.889649e-01 -1.467263e+00 -9.025945e-01 4.941050e-01 -1.156843e+00 -1.221136e+00
0.000000e+00 -1.155926e+00 6.662501e-01 8.665048e-01 -2.034386e-01 1.965063e-01 1.984135e-01
0.000000e+00 2.742182e-03 -4.870004e-01 2.768051e-01 -1.598526e+00 -5.322202e-01 -4.811342e-01
0.000000e+00 7.751877e-01 1.300538e+00 -9.025945e-01 1.540420e+00 1.601907e+00 1.498537e+00
0.000000e+00 7.751877e-01 3.202750e-01 2.768051e-01 -1.249754e+00 5.088177e-01 5.666303e-01
0.000000e+00 2.742182e-03 8.969003e-01 -3.128947e-01 1.453332e-01 9.252328e-01 8.154946e-01
0.000000e+00 1.547633e+00 -1.005963e+00 1.456205e+00 1.191649e+00 -2.719607e-01 -2.333440e-01
0.000000e+00 -3.834806e-01 -1.697914e+00 -3.128947e-01 4.941050e-01 -1.833518e+00 -1.704564e+00
0.000000e+00 -7.697033e-01 -8.329756e-01 -1.492294e+00 -5.522104e-01 -1.000687e+00 -1.139003e+00
0.000000e+00 -3.834806e-01 1.415863e+00 8.665048e-01 -1.249754e+00 1.185492e+00 1.152432e+00
0.000000e+00 2.742182e-03 6.085876e-01 1.456205e+00 -5.522104e-01 5.088177e-01 6.048063e-01
0.000000e+00 3.889649e-01 -4.870004e-01 -9.025945e-01 -2.034386e-01 -3.760645e-01 -3.416684e-01
0.000000e+00 -7.697033e-01 8.962487e-02 2.768051e-01 -1.249754e+00 -3.240126e-01 -2.380834e-01
0.000000e+00 -1.155926e+00 -8.329756e-01 -1.492294e+00 -1.598526e+00 -1.208895e+00 -1.317857e+00
0.000000e+00 -3.834806e-01 1.185213e+00 8.665048e-01 -5.522104e-01 7.170252e-01 9.611034e-01
0.000000e+00 2.742182e-03 -8.906381e-01 8.665048e-01 1.453332e-01 -7.404278e-01 -7.758598e-01
0.000000e+00 -3.834806e-01 1.588851e+00 8.665048e-01 -1.598526e+00 1.133440e+00 1.301030e+00
0.000000e+00 -7.697033e-01 8.969003e-01 -9.025945e-01 -1.598526e+00 2.485582e-01 4.431948e-01
0.000000e+00 1.161410e+00 1.242875e+00 1.456205e+00 1.191649e+00 1.706011e+00 1.682826e+00
0.000000e+00 -3.834806e-01 6.662501e-01 -3.128947e-01 -2.034386e-01 3.006101e-01 4.453120e-01
0.000000e+00 -1.155926e+00 1.300538e+00 -1.492294e+00 -1.249754e+00 7.170252e-01 6.508937e-01
0.000000e+00 -1.155926e+00 -1.063626e+00 -9.025945e-01 -1.249754e+00 -1.365050e+00 -1.494593e+00
0.000000e+00 -1.542149e+00 1.704176e+00 2.768051e-01 -5.522104e-01 9.252328e-01 9.679773e-01
0.000000e+00 -3.834806e-01 -1.697914e+00 -9.025945e-01 -1.249754e+00 -1.729414e+00 -1.780375e+00
0.000000e+00 1.547633e+00 1.300538e+00 2.768051e-01 -5.522104e-01 1.966271e+00 1.783399e+00
0.000000e+00 7.751877e-01 -7.753131e-01 2.768051e-01 1.453332e-01 -4.801683e-01 -3.982984e-01
0.000000e+00 7.751877e-01 6.085876e-01 8.665048e-01 4.941050e-01 9.772847e-01 9.071093e-01
0.000000e+00 7.751877e-01 1.415863e+00 -9.025945e-01 1.453332e-01 1.445752e+00 1.563592e+00
0.000000e+00 1.161410e+00 1.185213e+00 -3.128947e-01 -5.522104e-01 1.497804e+00 1.504491e+00
0.000000e+00 -1.542149e+00 1.531188e+00 2.768051e-01 1.540420e+00 8.211290e-01 8.703941e-01
0.000000e+00 1.161410e+00 1.127550e+00 8.665048e-01 -9.009822e-01 1.393700e+00 1.490946e+00
0.000000e+00 -3.834806e-01 -1.410252e-01 -3.128947e-01 -5.522104e-01 -3.240126e-01 -3.059630e-01
0.000000e+00 -3.834806e-01 -1.351938e+00 -9.025945e-01 -2.034386e-01 -1.469154e+00 -1.432164e+00
0.000000e+00 -3.834806e-01 -1.236613e+00 -3.128947e-01 -5.522104e-01 -1.365050e+00 -1.311704e+00
0.000000e+00 3.889649e-01 -4.870004e-01 -9.025945e-01 -9.009822e-01 -2.719607e-01 -3.620743e-01
0.000000e+00 7.751877e-01 -2.563503e-01 2.768051e-01 -1.598526e+00 -1.158051e-01 2.709011e-02
0.000000e+00 3.889649e-01 1.300538e+00 -1.492294e+00 -9.009822e-01 1.289596e+00 1.254076e+00
0.000000e+00 -1.542149e+00 -1.063626e+00 -1.492294e+00 -2.034386e-01 -1.781466e+00 -1.637025e+00
0.000000e+00 1.161410e+00 -1.351938e+00 1.456205e+00 1.453332e-01 -8.445316e-01 -7.298000e-01
0.000000e+00 7.751877e-01 8.969003e-01 1.456205e+00 -5.522104e-01 9.772847e-01 1.165964e+00
0.000000e+00 3.889649e-01 9.545628e-01 2.768051e-01 -1.598526e+00 1.081388e+00 9.904535e-01
0.000000e+00 3.889649e-01 -8.906381e-01 -3.128947e-01 1.540420e+00 -6.363240e-01 -6.363940e-01
0.000000e+00 2.742182e-03 4.356000e-01 -9.025945e-01 4.941050e-01 3.006101e-01 3.774324e-01
0.000000e+00 3.889649e-01 -5.446629e-01 -1.492294e+00 1.191649e+00 -3.760645e-01 -3.785855e-01
0.000000e+00 1.547633e+00 -9.483006e-01 -9.025945e-01 1.453332e-01 -3.760645e-01 -3.102010e-01
0.000000e+00 1.547633e+00 -1.640251e+00 2.768051e-01 1.453332e-01 -7.924797e-01 -8.958148e-01
0.000000e+00 1.161410e+00 -1.294276e+00 -3.128947e-01 1.191649e+00 -7.924797e-01 -7.206436e-01
0.000000e+00 1.547633e+00 8.392377e-01 -9.025945e-01 -5.522104e-01 1.289596e+00 1.310338e+00
0.000000e+00 1.161410e+00 1.415863e+00 -3.128947e-01 -2.034386e-01 1.810115e+00 1.726429e+00
0.000000e+00 1.161410e+00 -1.409601e+00 -1.492294e+00 -2.034386e-01 -1.000687e+00 -9.169139e-01
0.000000e+00 -1.542149e+00 3.779375e-01 -9.025945e-01 -2.034386e-01 -3.760645e-01 -2.888861e-01
0.000000e+00 2.742182e-03 3.779375e-01 8.665048e-01 8.428768e-01 2.485582e-01 4.090880e-01
0.000000e+00 -3.834806e-01 1.531188e+00 -1.492294e+00 -1.598526e+00 1.081388e+00 1.148915e+00
0.000000e+00 -1.155926e+00 1.472874e-01 -3.128947e-01 1.540420e+00 -4.281164e-01 -2.765659e-01
0.000000e+00 1.161410e+00 6.085876e-01 2.768051e-01 1.540420e+00 9.252328e-01 1.061168e+00
0.000000e+00 -7.697033e-01 -1.409601e+00 8.665048e-01 -9.009822e-01 -1.729414e+00 -1.579362e+00
0.000000e+00 -3.834806e-01 1.242875e+00 1.456205e+00 8.428768e-01 9.772847e-01 1.079645e+00
0.000000e+00 7.751877e-01 -2.563503e-01 -9.025945e-01 1.191649e+00 1.444544e-01 5.912323e-02
0.000000e+00 1.547633e+00 4.932626e-01 1.456205e+00 -1.249754e+00 1.081388e+00 1.071512e+00
0.000000e+00 -1.155926e+00 6.085876e-01 -1.492294e+00 -5.522104e-01 1.965063e-01 3.609504e-02
0.000000e+00 -7.697033e-01 3.779375e-01 -9.025945e-01 8.428768e-01 -1.170127e-02 3.821229e-02
0.000000e+00 -3.834806e-01 -9.483006e-01 -9.025945e-01 -2.034386e-01 -1.156843e+00 -1.061628e+00
0.000000e+00 -1.542149e+00 3.779375e-01 8.665048e-01 -1.598526e+00 -2.719607e-01 -2.553118e-01
0.000000e+00 7.751877e-01 -1.294276e+00 8.665048e-01 1.453332e-01 -9.486353e-01 -8.499064e-01
0.000000e+00 -1.155926e+00 4.932626e-01 8.665048e-01 1.191649e+00 1.444544e-01 8.042429e-02
0.000000e+00 2.742182e-03 -1.005963e+00 8.665048e-01 1.191649e+00 -1.000687e+00 -8.511183e-01
0.000000e+00 -1.542149e+00 -1.005963e+00 2.768051e-01 -1.598526e+00 -1.573258e+00 -1.550517e+00
0.000000e+00 -7.697033e-01 5.509251e-01 -3.128947e-01 -5.522104e-01 3.526620e-01 1.809969e-01
0.000000e+00 -1.155926e+00 7.239127e-01 8.665048e-01 -1.598526e+00 9.240252e-02 2.105352e-01
0.000000e+00 -1.542149e+00 -1.410252e-01 -1.492294e+00 4.941050e-01 -8.445316e-01 -7.696790e-01
0.000000e+00 7.751877e-01 1.588851e+00 -9.025945e-01 -9.009822e-01 1.497804e+00 1.691784e+00
0.000000e+00 2.742182e-03 -7.176505e-01 1.456205e+00 -1.249754e+00 -5.322202e-01 -6.330752e-01
0.000000e+00 -1.542149e+00 1.531188e+00 8.665048e-01 8.428768e-01 8.731809e-01 8.747835e-01
0.000000e+00 3.889649e-01 -6.599880e-01 -1.492294e+00 1.191649e+00 -5.322202e-01 -4.844529e-01
0.000000e+00 2.742182e-03 4.356000e-01 2.768051e-01 4.941050e-01 4.047139e-01 4.270233e-01
0.000000e+00 -7.697033e-01 8.962487e-02 -1.492294e+00 1.453332e-01 -2.719607e-01 -2.716577e-01
0.000000e+00 7.751877e-01 -4.870004e-01 1.456205e+00 1.540420e+00 -1.158051e-01 -4.322695e-02
0.000000e+00 1.547633e+00 -1.640251e+00 1.456205e+00 1.453332e-01 -1.000687e+00 -8.462239e-01
0.000000e+00 1.547633e+00 1.704176e+00 -1.492294e+00 1.191649e+00 2.174478e+00 2.130564e+00
0.000000e+00 1.547633e+00 -1.005963e+00 2.768051e-01 -2.034386e-01 -3.240126e-01 -3.237468e-01
0.000000e+00 -1.155926e+00 -4.293379e-01 1.456205e+00 -2.034386e-01 -7.924797e-01 -7.825318e-01
0.000000e+00 -7.697033e-01 -3.140128e-01 2.768051e-01 -1.249754e+00 -6.363240e-01 -6.086195e-01
0.000000e+00 7.751877e-01 -1.410252e-01 -9.025945e-01 1.453332e-01 2.485582e-01 1.343817e-01
0.000000e+00 2.742182e-03 1.588851e+00 8.665048e-01 1.453332e-01 1.549856e+00 1.500290e+00
0.000000e+00 -1.155926e+00 -1.121288e+00 1.456205e+00 1.453332e-01 -1.521206e+00 -1.407533e+00
0.000000e+00 -7.697033e-01 1.472874e-01 -1.492294e+00 -5.522104e-01 -1.158051e-01 -2.391300e-01
0.000000e+00 3.889649e-01 -3.716754e-01 -3.128947e-01 4.941050e-01 -1.158051e-01 -1.905995e-01
0.000000e+00 7.751877e-01 -1.640251e+00 -3.128947e-01 1.191649e+00 -1.104791e+00 -1.186491e+00
0.000000e+00 1.547633e+00 -2.570019e-02 -9.025945e-01 -1.598526e+00 4.047139e-01 4.857236e-01
0.000000e+00 -1.542149e+00 -7.753131e-01 -3.128947e-01 -9.009822e-01 -1.260947e+00 -1.343171e+00
0.000000e+00 7.751877e-01 5.509251e-01 -9.025945e-01 1.540420e+00 8.211290e-01 8.103983e-01
0.000000e+00 1.161410e+00 2.049499e-01 8.665048e-01 1.191649e+00 6.129215e-01 7.052240e-01
0.000000e+00 -7.697033e-01 4.356000e-01 -9.025945e-01 -2.034386e-01 9.240252e-02 6.053702e-02
0.000000e+00 -3.834806e-01 -4.870004e-01 2.768051e-01 1.453332e-01 -4.801683e-01 -5.783639e-01
0.000000e+00 3.889649e-01 -1.467263e+00 2.768051e-01 8.428768e-01 -1.104791e+00 -1.161342e+00
0.000000e+00 7.751877e-01 1.012225e+00 2.768051e-01 1.191649e+00 1.081388e+00 1.273256e+00
0.000000e+00 -3.834806e-01 5.509251e-01 1.456205e+00 8.428768e-01 5.088177e-01 4.444399e-01
0.000000e+00 1.161410e+00 1.185213e+00 2.768051e-01 -9.009822e-01 1.497804e+00 1.519084e+00
0.000000e+00 2.742182e-03 -8.329756e-01 2.768051e-01 1.540420e+00 -8.965834e-01 -7.069096e-01
0.000000e+00 -1.542149e+00 -1.005963e+00 2.768051e-01 -1.598526e+00 -1.469154e+00 -1.550517e+00
0.000000e+00 -3.834806e-01 -2.563503e-01 2.768051e-01 -2.034386e-01 -3.240126e-01 -3.768321e-01
0.000000e+00 -7.697033e-01 3.196234e-02 1.456205e+00 4.941050e-01 -1.678569e-01 -1.904113e-01
0.000000e+00 1.547633e+00 1.242875e+00 2.768051e-01 -1.249754e+00 1.601907e+00 1.710059e+00
0.000000e+00 1.161410e+00 4.932626e-01 2.768051e-01 -1.598526e+00 9.772847e-01 8.634732e-01
0.000000e+00 -1.542149e+00 1.012225e+00 8.665048e-01 -5.522104e-01 4.567658e-01 3.575681e-01
0.000000e+00 3.889649e-01 -4.293379e-01 1.456205e+00 -9.009822e-01 -1.158051e-01 -2.099589e-01
0.000000e+00 1.547633e+00 1.012225e+00 2.768051e-01 -5.522104e-01 1.653959e+00 1.518730e+00
0.000000e+00 7.751877e-01 -1.063626e+00 -9.025945e-01 -1.598526e+00 -6.363240e-01 -7.635728e-01
0.000000e+00 -3.834806e-01 -9.483006e-01 8.665048e-01 -1.249754e+00 -9.486353e-01 -1.017850e+00
0.000000e+00 -1.542149e+00 1.473526e+00 1.456205e+00 -1.598526e+00 6.649733e-01 7.752243e-01
0.000000e+00 -1.155926e+00 -7.176505e-01 -3.128947e-01 -9.009822e-01 -1.208895e+00 -1.141993e+00
0.000000e+00 2.742182e-03 -1.986878e-01 -1.492294e+00 -5.522104e-01 -3.240126e-01 -2.602429e-01
0.000000e+00 2.742182e-03 -1.410252e-01 1.456205e+00 -1.598526e+00 4.035063e-02 -1.139410e-01
0.000000e+00 1.161410e+00 -7.176505e-01 8.665048e-01 1.453332e-01 -1.678569e-01 -1.723245e-01
0.000000e+00 3.889649e-01 -8.329756e-01 2.768051e-01 -1.249754e+00 -7.404278e-01 -6.402888e-01
0.000000e+00 1.161410e+00 1.242875e+00 8.665048e-01 1.540420e+00 1.653959e+00 1.668234e+00
0.000000e+00 -1.155926e+00 -8.329756e-01 -1.492294e+00 -2.034386e-01 -1.104791e+00 -1.277045e+00
0.000000e+00 -7.697033e-01 -1.005963e+00 -1.492294e+00 8.428768e-01 -1.208895e+00 -1.256992e+00
0.000000e+00 3.889649e-01 1.588851e+00 1.456205e+00 -5.522104e-01 1.758063e+00 1.652924e+00
0.000000e+00 -7.697033e-01 -8.336272e-02 2.768051e-01 -2.034386e-01 -4.801683e-01 -3.662756e-01
0.000000e+00 3.889649e-01 -1.236613e+00 2.768051e-01 1.191649e+00 -1.000687e+00 -9.394039e-01
0.000000e+00 3.889649e-01 -2.563503e-01 -9.025945e-01 -1.249754e+00 -2.199088e-01 -1.605425e-01
0.000000e+00 -1.155926e+00 -1.410252e-01 -1.492294e+00 -1.249754e+00 -4.801683e-01 -6.724493e-01
0.000000e+00 7.751877e-01 6.085876e-01 2.768051e-01 1.453332e-01 8.731809e-01 8.721109e-01
0.000000e+00 -1.155926e+00 -1.005963e+00 -1.492294e+00 1.453332e-01 -1.469154e+00 -1.425643e+00
0.000000e+00 3.889649e-01 3.202750e-01 -9.025945e-01 -9.009822e-01 1.965063e-01 3.789977e-01
0.000000e+00 -1.542149e+00 -1.236613e+00 -3.128947e-01 1.191649e+00 -1.573258e+00 -1.705423e+00
0.000000e+00 -7.697033e-01 9.545628e-01 -1.492294e+00 -1.598526e+00 6.129215e-01 4.713331e-01
0.000000e+00 -1.155926e+00 -9.483006e-01 -9.025945e-01 -9.009822e-01 -1.625310e+00 -1.378523e+00
0.000000e+00 7.751877e-01 1.185213e+00 -9.025945e-01 8.428768e-01 1.393700e+00 1.372263e+00
0.000000e+00 -3.834806e-01 -1.063626e+00 -9.025945e-01 8.428768e-01 -1.052739e+00 -1.136886e+00
0.000000e+00 1.161410e+00 1.300538e+00 8.665048e-01 -5.522104e-01 1.706011e+00 1.659950e+00
0.000000e+00 3.889649e-01 1.588851e+00 1.456205e+00 8.428768e-01 1.653959e+00 1.693736e+00
0.000000e+00 -3.834806e-01 1.531188e+00 2.768051e-01 1.540420e+00 1.237544e+00 1.315128e+00
0.000000e+00 2.742182e-03 8.962487e-02 -1.492294e+00 8.428768e-01 1.444544e-01 4.523770e-02
0.000000e+00 1.547633e+00 4.356000e-01 1.456205e+00 -1.598526e+00 1.081388e+00 1.008375e+00
0.000000e+00 7.751877e-01 -1.582588e+00 8.665048e-01 -9.009822e-01 -1.104791e+00 -1.145184e+00
0.000000e+00 1.547633e+00 1.588851e+00 -1.492294e+00 -1.598526e+00 2.070374e+00 1.943072e+00
0.000000e+00 7.751877e-01 1.531188e+00 1.456205e+00 -1.249754e+00 1.966271e+00 1.727829e+00
0.000000e+00 -1.542149e+00 1.358200e+00 8.665048e-01 -5.522104e-01 6.129215e-01 6.751704e-01
0.000000e+00 1.161410e+00 1.242875e+00 2.768051e-01 -9.009822e-01 1.549856e+00 1.572018e+00
0.000000e+00 -3.834806e-01 -8.329756e-01 -9.025945e-01 1.453332e-01 -1.000687e+00 -9.455571e-01
0.000000e+00 -7.697033e-01 -6.023255e-01 1.456205e+00 -2.034386e-01 -8.965834e-01 -7.930882e-01
0.000000e+00 7.751877e-01 8.962487e-02 1.456205e+00 -2.034386e-01 5.608696e-01 4.350953e-01
0.000000e+00 -7.697033e-01 1.473526e+00 -1.492294e+00 1.540420e+00 1.185492e+00 1.039564e+00
0.000000e+00 1.161410e+00 -4.293379e-01 -9.025945e-01 4.941050e-01 1.444544e-01 2.816080e-02
0.000000e+00 3.889649e-01 -7.753131e-01 2.768051e-01 4.941050e-01 -3.760645e-01 -5.363401e-01
0.000000e+00 2.742182e-03 -8.329756e-01 -1.492294e+00 1.191649e+00 -7.404278e-01 -7.914988e-01
0.000000e+00 -3.834806e-01 4.356000e-01 -3.128947e-01 8.428768e-01 3.006101e-01 2.641862e-01
0.000000e+00 1.161410e+00 -1.294276e+00 -3.128947e-01 -9.009822e-01 -6.883759e-01 -7.818616e-01
0.000000e+00 1.161410e+00 -6.599880e-01 -3.128947e-01 -1.249754e+00 -2.719607e-01 -2.097936e-01
0.000000e+00 -1.542149e+00 -2.570019e-02 2.768051e-01 -1.598526e+00 -7.924797e-01 -6.506433e-01
0.000000e+00 1.547633e+00 1.531188e+00 -3.128947e-01 1.540420e+00 2.018323e+00 2.031556e+00
0.000000e+00 2.742182e-03 1.588851e+00 1.456205e+00 1.453332e-01 1.497804e+00 1.525086e+00
0.000000e+00 -3.834806e-01 2.049499e-01 -1.492294e+00 -5.522104e-01 1.965063e-01 -3.795157e-02
0.000000e+00 3.889649e-01 -9.483006e-01 1.456205e+00 -9.009822e-01 -8.445316e-01 -6.863624e-01
0.000000e+00 3.889649e-01 -4.870004e-01 -3.128947e-01 -1.249754e+00 -3.240126e-01 -3.474819e-01
0.000000e+00 -1.155926e+00 7.815752e-01 -1.492294e+00 -1.249754e+00 1.965063e-01 1.744902e-01
0.000000e+00 1.161410e+00 -7.753131e-01 1.456205e+00 -5.522104e-01 -3.240126e-01 -2.208688e-01
0.000000e+00 7.751877e-01 1.704176e+00 2.768051e-01 -1.598526e+00 1.758063e+00 1.826837e+00
0.000000e+00 -1.542149e+00 1.646513e+00 -9.025945e-01 1.453332e-01 9.252328e-01 8.858587e-01
0.000000e+00 2.742182e-03 -8.906381e-01 1.456205e+00 1.540420e+00 -7.924797e-01 -7.102524e-01
0.000000e+00 3.889649e-01 1.127550e+00 8.665048e-01 -2.034386e-01 1.237544e+00 1.214862e+00
0.000000e+00 -3.834806e-01 1.012225e+00 -3.128947e-01 1.540420e+00 9.772847e-01 8.139293e-01
0.000000e+00 -1.155926e+00 8.962487e-02 8.665048e-01 1.191649e+00 -3.240126e-01 -2.901118e-01
0.000000e+00 -3.834806e-01 -1.005963e+00 -9.025945e-01 -1.249754e+00 -1.052739e+00 -1.145170e+00
0.000000e+00 -1.542149e+00 -5.446629e-01 2.768051e-01 1.191649e+00 -8.445316e-01 -1.045423e+00
0.000000e+00 7.751877e-01 1.069888e+00 1.456205e+00 1.191649e+00 1.445752e+00 1.375780e+00
0.000000e+00 -1.155926e+00 5.509251e-01 2.768051e-01 1.540420e+00 4.035063e-02 1.187656e-01
0.000000e+00 -1.155926e+00 1.472874e-01 -9.025945e-01 1.191649e+00 -4.801683e-01 -3.115643e-01
0.000000e+00 1.547633e+00 1.531188e+00 8.665048e-01 1.540420e+00 2.070374e+00 2.081147e+00
0.000000e+00 2.742182e-03 1.588851e+00 1.456205e+00 1.540420e+00 1.601907e+00 1.565898e+00
0.000000e+00 -1.155926e+00 -1.986878e-01 -3.128947e-01 -5.522104e-01 -8.445316e-01 -6.553862e-01
0.000000e+00 1.547633e+00 2.626125e-01 -1.492294e+00 -2.034386e-01 7.690771e-01 7.664087e-01
0.000000e+00 1.547633e+00 -8.329756e-01 2.768051e-01 8.428768e-01 -2.199088e-01 -1.343367e-01
0.000000e+00 -1.542149e+00 -1.410252e-01 -9.025945e-01 8.428768e-01 -7.404278e-01 -7.346806e-01
0.000000e+00 -7.697033e-01 2.049499e-01 1.456205e+00 -1.598526e+00 -1.158051e-01 -9.282815e-02
0.000000e+00 -3.834806e-01 9.545628e-01 8.665048e-01 1.540420e+00 8.211290e-01 8.105865e-01
0.000000e+00 7.751877e-01 -1.697914e+00 -3.128947e-01 -1.598526e+00 -1.260947e+00 -1.321048e+00
0.000000e+00 -3.834806e-01 6.085876e-01 8.665048e-01 1.540420e+00 4.047139e-01 4.929842e-01
0.000000e+00 -1.155926e+00 1.012225e+00 -3.128947e-01 1.453332e-01 3.006101e-01 4.766279e-01
0.000000e+00 7.751877e-01 3.196234e-02 1.456205e+00 4.941050e-01 5.088177e-01 4.025675e-01
0.000000e+00 3.889649e-01 3.202750e-01 -1.492294e+00 -1.249754e+00 4.047139e-01 3.439993e-01
0.000000e+00 -7.697033e-01 7.815752e-01 -1.492294e+00 -1.249754e+00 4.047139e-01 3.227349e-01
0.000000e+00 3.889649e-01 1.472874e-01 -9.025945e-01 -2.034386e-01 1.444544e-01 2.406026e-01
0.000000e+00 3.889649e-01 1.472874e-01 -9.025945e-01 1.191649e+00 3.526620e-01 2.814146e-01
0.000000e+00 2.742182e-03 4.932626e-01 -3.128947e-01 -2.034386e-01 3.006101e-01 4.347556e-01
0.000000e+00 -3.834806e-01 -7.176505e-01 -3.128947e-01 8.428768e-01 -7.924797e-01 -7.944882e-01
0.000000e+00 -1.542149e+00 -4.293379e-01 -3.128947e-01 8.428768e-01 -8.445316e-01 -9.745538e-01
0.000000e+00 3.889649e-01 1.704176e+00 -3.128947e-01 -2.034386e-01 1.758063e+00 1.694608e+00
0.000000e+00 -1.155926e+00 -4.293379e-01 1.456205e+00 8.428768e-01 -7.924797e-01 -7.519228e-01
0.000000e+00 -7.697033e-01 -8.906381e-01 1.456205e+00 8.428768e-01 -1.052739e+00 -1.027148e+00
0.000000e+00 1.161410e+00 -2.563503e-01 -1.492294e+00 -2.034386e-01 -1.170127e-02 1.417605e-01
0.000000e+00 3.889649e-01 -2.570019e-02 -9.025945e-01 -2.034386e-01 2.485582e-01 8.180141e-02
0.000000e+00 -7.697033e-01 -3.140128e-01 -9.025945e-01 -5.522104e-01 -5.322202e-01 -6.378043e-01
0.000000e+00 7.751877e-01 8.392377e-01 2.768051e-01 -1.598526e+00 1.081388e+00 1.032831e+00
0.000000e+00 -3.834806e-01 -8.329756e-01 -9.025945e-01 1.191649e+00 -8.965834e-01 -9.149481e-01
0.000000e+00 1.547633e+00 4.932626e-01 -9.025945e-01 -1.249754e+00 9.252328e-01 9.723300e-01
0.000000e+00 2.742182e-03 1.012225e+00 8.665048e-01 -1.598526e+00 8.731809e-01 9.199379e-01
0.000000e+00 -7.697033e-01 8.392377e-01 8.665048e-01 1.453332e-01 6.649733e-01 5.156623e-01
0.000000e+00 -1.155926e+00 -9.483006e-01 2.768051e-01 -2.034386e-01 -1.469154e+00 -1.308526e+00
0.000000e+00 -1.155926e+00 -7.753131e-01 -3.128947e-01 -1.598526e+00 -1.156843e+00 -1.215332e+00
0.000000e+00 -7.697033e-01 -1.063626e+00 2.768051e-01 4.941050e-01 -1.417102e+00 -1.245743e+00
0.000000e+00 -1.155926e+00 -8.336272e-02 2.768051e-01 4.941050e-01 -4.801683e-01 -4.941143e-01
0.000000e+00 -3.834806e-01 8.962487e-02 -1.492294e+00 -9.009822e-01 -1.678569e-01 -1.540220e-01
0.000000e+00 -1.155926e+00 1.473526e+00 1.456205e+00 8.428768e-01 8.731809e-01 9.948900e-01
0.000000e+00 1.547633e+00 -3.716754e-01 -9.025945e-01 1.453332e-01 1.444544e-01 2.191362e-01
0.000000e+00 -1.155926e+00 1.242875e+00 -1.492294e+00 -5.522104e-01 7.170252e-01 6.183660e-01
0.000000e+00 1.547633e+00 -1.005963e+00 1.456205e+00 1.540420e+00 -6.375316e-02 -2.231410e-01
0.000000e+00 3.889649e-01 1.473526e+00 -9.025945e-01 1.540420e+00 1.549856e+00 1.509093e+00
0.000000e+00 -1.542149e+00 -6.023255e-01 2.768051e-01 1.540420e+00 -1.156843e+00 -1.088154e+00
0.000000e+00 -3.834806e-01 -8.906381e-01 -9.025945e-01 -9.009822e-01 -1.156843e+00 -1.029100e+00
0.000000e+00 -1.542149e+00 1.473526e+00 -3.128947e-01 -1.598526e+00 6.129215e-01 7.008380e-01
0.000000e+00 3.889649e-01 1.300538e+00 -3.128947e-01 -1.249754e+00 1.289596e+00 1.293463e+00
0.000000e+00 -3.834806e-01 -1.524926e+00 2.768051e-01 -1.249754e+00 -1.573258e+00 -1.571983e+00
0.000000e+00 -7.697033e-01 1.358200e+00 8.665048e-01 -2.034386e-01 1.081388e+00 9.818628e-01
0.000000e+00 -7.697033e-01 2.049499e-01 -3.128947e-01 -5.522104e-01 -1.158051e-01 -1.366054e-01
0.000000e+00 1.547633e+00 -1.410252e-01 2.768051e-01 -1.249754e+00 4.047139e-01 4.396500e-01
0.000000e+00 3.889649e-01 1.127550e+00 -1.492294e+00 1.191649e+00 1.029337e+00 1.156492e+00
0.000000e+00 1.547633e+00 -1.640251e+00 8.665048e-01 4.941050e-01 -8.965834e-01 -8.608163e-01
0.000000e+00 2.742182e-03 1.531188e+00 -3.128947e-01 8.428768e-01 1.237544e+00 1.418172e+00
0.000000e+00 -1.155926e+00 9.545628e-01 2.768051e-01 8.428768e-01 4.047139e-01 4.688956e-01
0.000000e+00 1.161410e+00 -2.570019e-02 2.768051e-01 -1.249754e+00 2.485582e-01 3.972727e-01
0.000000e+00 2.742182e-03 -2.563503e-01 -1.492294e+00 -2.034386e-01 -3.240126e-01 -3.029736e-01
0.000000e+00 -1.155926e+00 1.185213e+00 -1.492294e+00 -9.009822e-01 5.608696e-01 5.552292e-01
0.000000e+00 -3.834806e-01 9.545628e-01 8.665048e-01 1.540420e+00 8.211290e-01 8.105865e-01
0.000000e+00 1.547633e+00 -2.563503e-01 1.456205e+00 1.191649e+00 5.608696e-01 4.547944e-01
0.000000e+00 -3.834806e-01 -6.023255e-01 -3.128947e-01 1.191649e+00 -7.404278e-01 -6.784178e-01
0.000000e+00 -3.834806e-01 6.662501e-01 2.768051e-01 1.453332e-01 6.129215e-01 4.803105e-01
0.000000e+00 -1.155926e+00 -1.410252e-01 8.665048e-01 -5.522104e-01 -4.801683e-01 -5.528616e-01
0.000000e+00 3.889649e-01 1.473526e+00 8.665048e-01 8.428768e-01 1.601907e+00 1.563073e+00
0.000000e+00 -1.155926e+00 -6.023255e-01 -1.492294e+00 -2.034386e-01 -9.486353e-01 -1.065310e+00
0.000000e+00 7.751877e-01 -1.121288e+00 2.768051e-01 -9.009822e-01 -6.883759e-01 -7.465097e-01
0.000000e+00 -7.697033e-01 1.588851e+00 -9.025945e-01 8.428768e-01 1.133440e+00 1.149820e+00
0.000000e+00 -7.697033e-01 -1.178951e+00 1.456205e+00 1.453332e-01 -1.208895e+00 -1.312222e+00
0.000000e+00 2.742182e-03 -4.293379e-01 1.456205e+00 -2.034386e-01 -4.281164e-01 -3.377976e-01
0.000000e+00 -7.697033e-01 3.779375e-01 -1.492294e+00 -1.598526e+00 -6.375316e-02 -5.800411e-02
0.000000e+00 -1.155926e+00 6.085876e-01 2.768051e-01 -9.009822e-01 2.485582e-01 1.002783e-01
0.000000e+00 1.547633e+00 1.242875e+00 8.665048e-01 4.941050e-01 1.758063e+00 1.785870e+00
0.000000e+00 -1.155926e+00 -6.599880e-01 1.456205e+00 -9.009822e-01 -1.104791e+00 -1.014673e+00
0.000000e+00 -1.155926e+00 8.392377e-01 8.665048e-01 -1.598526e+00 1.965063e-01 3.164026e-01
0.000000e+00 1.161410e+00 -7.176505e-01 -3.128947e-01 8.428768e-01 -1.678569e-01 -2.015094e-01
0.000000e+00 1.547633e+00 1.069888e+00 -9.025945e-01 4.941050e-01 1.497804e+00 1.552682e+00
0.000000e+00 7.751877e-01 -1.986878e-01 -1.492294e+00 -2.034386e-01 9.240252e-02 4.644954e-02
0.000000e+00 -7.697033e-01 -1.409601e+00 1.456205e+00 1.540420e+00 -1.312999e+00 -1.483145e+00
0.000000e+00 1.547633e+00 -1.178951e+00 -3.128947e-01 -2.034386e-01 -4.281164e-01 -5.073434e-01
0.000000e+00 -7.697033e-01 -1.640251e+00 -3.128947e-01 1.453332e-01 -2.093777e+00 -1.810078e+00
0.000000e+00 2.742182e-03 -3.716754e-01 -9.025945e-01 4.941050e-01 -3.240126e-01 -3.636396e-01
0.000000e+00 1.547633e+00 4.356000e-01 -1.492294e+00 -9.009822e-01 9.772847e-01 9.048039e-01
0.000000e+00 -7.697033e-01 -1.410252e-01 -1.492294e+00 -5.522104e-01 -5.322202e-01 -5.037986e-01
0.000000e+00 7.751877e-01 -1.410252e-01 8.665048e-01 -1.598526e+00 3.006101e-01 1.577530e-01
0.000000e+00 -1.542149e+00 1.300538e+00 -1.492294e+00 4.941050e-01 6.129215e-01 5.536640e-01
0.000000e+00 -3.834806e-01 8.392377e-01 -3.128947e-01 1.540420e+00 4.567658e-01 6.551282e-01
0.000000e+00 -3.834806e-01 1.127550e+00 8.665048e-01 -1.249754e+00 9.252328e-01 8.877637e-01
0.000000e+00 7.751877e-01 4.932626e-01 -1.492294e+00 4.941050e-01 6.649733e-01 7.020602e-01
0.000000e+00 1.161410e+00 -1.640251e+00 -9.025945e-01 1.453332e-01 -1.156843e+00 -1.093650e+00
0.000000e+00 -1.542149e+00 8.969003e-01 -3.128947e-01 -5.522104e-01 2.485582e-01 2.021098e-01
0.000000e+00 2.742182e-03 -1.467263e+00 2.768051e-01 -1.249754e+00 -1.312999e+00 -1.370804e+00
0.000000e+00 7.751877e-01 1.127550e+00 -9.025945e-01 4.941050e-01 1.393700e+00 1.309127e+00
0.000000e+00 -3.834806e-01 -1.121288e+00 -9.025945e-01 4.941050e-01 -1.156843e+00 -1.200023e+00
0.000000e+00 -3.834806e-01 -1.178951e+00 -1.492294e+00 -2.034386e-01 -1.417102e+00 -1.298158e+00
0.000000e+00 -3.834806e-01 7.239127e-01 8.665048e-01 1.191649e+00 4.567658e-01 5.886486e-01
0.000000e+00 3.889649e-01 1.646513e+00 8.665048e-01 -9.009822e-01 1.706011e+00 1.670860e+00
0.000000e+00 7.751877e-01 -1.640251e+00 -3.128947e-01 1.191649e+00 -1.052739e+00 -1.186491e+00
0.000000e+00 -1.155926e+00 -8.906381e-01 -1.492294e+00 -2.034386e-01 -1.312999e+00 -1.329979e+00
0.000000e+00 2.742182e-03 4.932626e-01 8.665048e-01 -1.249754e+00 2.485582e-01 4.537375e-01
0.000000e+00 -3.834806e-01 6.085876e-01 1.456205e+00 1.191649e+00 5.608696e-01 5.075766e-01
0.000000e+00 -7.697033e-01 3.779375e-01 2.768051e-01 -1.598526e+00 -1.678569e-01 1.638216e-02
0.000000e+00 7.751877e-01 -1.351938e+00 1.456205e+00 -1.598526e+00 -8.445316e-01 -9.290597e-01
0.000000e+00 3.889649e-01 -6.023255e-01 -1.492294e+00 4.941050e-01 -5.322202e-01 -4.519252e-01
0.000000e+00 7.751877e-01 2.049499e-01 -1.492294e+00 -9.009822e-01 4.567658e-01 3.965796e-01
0.000000e+00 2.742182e-03 2.626125e-01 8.665048e-01 8.428768e-01 5.608696e-01 3.032206e-01
0.000000e+00 3.889649e-01 2.049499e-01 -9.025945e-01 4.941050e-01 3.006101e-01 3.139423e-01
0.000000e+00 2.742182e-03 1.300538e+00 -1.492294e+00 4.941050e-01 1.081388e+00 1.146643e+00
0.000000e+00 7.751877e-01 -4.870004e-01 -9.025945e-01 -1.598526e+00 -3.240126e-01 -2.342356e-01
0.000000e+00 -1.155926e+00 3.196234e-02 -3.128947e-01 -1.598526e+00 -6.363240e-01 -4.742603e-01
0.000000e+00 2.742182e-03 -4.293379e-01 -3.128947e-01 -1.249754e+00 -5.322202e-01 -4.427929e-01
0.000000e+00 3.889649e-01 -6.599880e-01 8.665048e-01 -1.249754e+00 -3.240126e-01 -4.566922e-01
0.000000e+00 3.889649e-01 -1.524926e+00 -3.128947e-01 -2.034386e-01 -1.469154e+00 -1.269680e+00
0.000000e+00 2.742182e-03 -3.716754e-01 1.456205e+00 1.191649e+00 -2.719607e-01 -2.440519e-01
0.000000e+00 7.751877e-01 -6.023255e-01 1.456205e+00 4.941050e-01 -1.678569e-01 -1.797034e-01
0.000000e+00 1.161410e+00 4.932626e-01 1.456205e+00 -1.249754e+00 8.731809e-01 9.232670e-01
0.000000e+00 7.751877e-01 -1.410252e-01 8.665048e-01 -2.034386e-01 3.526620e-01 1.985650e-01
0.000000e+00 2.742182e-03 1.358200e+00 8.665048e-01 -2.034386e-01 1.289596e+00 1.278352e+00
0.000000e+00 -1.542149e+00 4.932626e-01 1.456205e+00 8.428768e-01 -1.158051e-01 -5.322800e-02
0.000000e+00 2.742182e-03 -7.753131e-01 -9.025945e-01 1.191649e+00 -6.883759e-01 -7.137697e-01
0.000000e+00 -1.155926e+00 -6.599880e-01 1.456205e+00 8.428768e-01 -9.486353e-01 -9.636577e-01
0.000000e+00 2.742182e-03 1.358200e+00 -9.025945e-01 -1.249754e+00 1.133440e+00 1.173357e+00
0.000000e+00 2.742182e-03 1.012225e+00 -3.128947e-01 -5.522104e-01 9.252328e-01 9.009561e-01
0.000000e+00 -1.155926e+00 2.626125e-01 -9.025945e-01 -1.249754e+00 -4.801683e-01 -2.771178e-01
0.000000e+00 2.742182e-03 8.962487e-02 -1.492294e+00 1.453332e-01 -6.375316e-02 2.483171e-02
0.000000e+00 -3.834806e-01 9.545628e-01 2.768051e-01 -5.522104e-01 7.690771e-01 7.245731e-01
0.000000e+00 -1.542149e+00 8.969003e-01 -1.492294e+00 4.941050e-01 2.485582e-01 1.831279e-01
0.000000e+00 -7.697033e-01 9.545628e-01 -1.492294e+00 -1.249754e+00 6.129215e-01 4.815361e-01
0.000000e+00 -1.542149e+00 8.969003e-01 8.665048e-01 1.191649e+00 1.444544e-01 3.027156e-01
0.000000e+00 2.742182e-03 4.932626e-01 2.768051e-01 -2.034386e-01 4.047139e-01 4.595510e-01
0.000000e+00 -3.834806e-01 1.531188e+00 8.665048e-01 -1.598526e+00 1.445752e+00 1.248097e+00
0.000000e+00 7.751877e-01 2.626125e-01 -9.025945e-01 -9.009822e-01 4.567658e-01 4.743087e-01
0.000000e+00 2.742182e-03 -2.570019e-02 1.456205e+00 -5.522104e-01 9.240252e-02 2.253540e-02
0.000000e+00 -3.834806e-01 -7.753131e-01 -9.025945e-01 -9.009822e-01 -5.322202e-01 -9.232324e-01
0.000000e+00 -1.155926e+00 6.662501e-01 2.768051e-01 1.453332e-01 3.006101e-01 1.838210e-01
0.000000e+00 -3.834806e-01 9.545628e-01 -3.128947e-01 1.453332e-01 6.649733e-01 7.201836e-01
0.000000e+00 -1.155926e+00 -8.336272e-02 -9.025945e-01 1.540420e+00 -5.322202e-01 -5.130962e-01
0.000000e+00 1.161410e+00 -1.409601e+00 -1.492294e+00 4.941050e-01 -8.445316e-01 -8.965079e-01
0.000000e+00 -7.697033e-01 1.704176e+00 2.768051e-01 1.191649e+00 1.133440e+00 1.315482e+00
0.000000e+00 1.547633e+00 -7.753131e-01 2.768051e-01 1.540420e+00 -1.170127e-02 -6.099697e-02
0.000000e+00 -3.834806e-01 -7.753131e-01 -9.025945e-01 1.191649e+00 -8.965834e-01 -8.620144e-01
0.000000e+00 3.889649e-01 -9.483006e-01 -9.025945e-01 4.941050e-01 -7.924797e-01 -7.447321e-01
0.000000e+00 2.742182e-03 -3.716754e-01 8.665048e-01 -1.598526e+00 -3.240126e-01 -3.504713e-01
0.000000e+00 -1.542149e+00 1.531188e+00 8.665048e-01 -9.009822e-01 9.772847e-01 8.237686e-01
0.000000e+00 1.547633e+00 1.127550e+00 -1.492294e+00 -2.034386e-01 1.601907e+00 1.560415e+00
0.000000e+00 -1.542149e+00 1.531188e+00 2.768051e-01 1.540420e+00 8.731809e-01 8.703941e-01
0.000000e+00 1.161410e+00 3.779375e-01 -3.128947e-01 1.453332e-01 8.731809e-01 7.838253e-01
0.000000e+00 1.547633e+00 5.509251e-01 -3.128947e-01 1.453332e-01 1.133440e+00 1.090871e+00
0.000000e+00 1.547633e+00 4.932626e-01 2.768051e-01 -2.034386e-01 1.081388e+00 1.052530e+00
0.000000e+00 -1.542149e+00 1.415863e+00 -1.492294e+00 1.453332e-01 6.129215e-01 6.493284e-01
0.000000e+00 -1.155926e+00 8.962487e-02 8.665048e-01 1.191649e+00 -1.678569e-01 -2.901118e-01
0.000000e+00 -1.542149e+00 3.202750e-01 8.665048e-01 -1.598526e+00 -1.678569e-01 -3.082456e-01
0.000000e+00 -1.155926e+00 1.127550e+00 8.665048e-01 -1.598526e+00 6.129215e-01 5.810712e-01
0.000000e+00 1.161410e+00 3.779375e-01 -3.128947e-01 1.191649e+00 5.608696e-01 8.144343e-01
0.000000e+00 2.742182e-03 1.012225e+00 -3.128947e-01 8.428768e-01 9.772847e-01 9.417681e-01
0.000000e+00 7.751877e-01 -9.483006e-01 -1.492294e+00 1.191649e+00 -7.924797e-01 -6.008768e-01
0.000000e+00 -1.155926e+00 -1.986878e-01 -3.128947e-01 4.941050e-01 -5.842721e-01 -6.247772e-01
0.000000e+00 1.161410e+00 1.646513e+00 -9.025945e-01 1.540420e+00 2.174478e+00 1.964384e+00
0.000000e+00 3.889649e-01 -6.599880e-01 -3.128947e-01 1.453332e-01 -3.760645e-01 -4.654711e-01
0.000000e+00 1.161410e+00 3.196234e-02 8.665048e-01 1.191649e+00 5.088177e-01 5.464228e-01
0.000000e+00 -1.542149e+00 8.969003e-01 -1.492294e+00 -1.249754e+00 9.240252e-02 1.321129e-01
0.000000e+00 -1.542149e+00 -1.236613e+00 2.768051e-01 -5.522104e-01 -1.885569e+00 -1.731642e+00
0.000000e+00 7.751877e-01 4.356000e-01 2.768051e-01 -1.249754e+00 6.649733e-01 6.724977e-01
0.000000e+00 1.161410e+00 -7.753131e-01 -1.492294e+00 1.453332e-01 -3.760645e-01 -3.244399e-01
0.000000e+00 -7.697033e-01 -6.599880e-01 -9.025945e-01 -1.598526e+00 -1.104791e+00 -9.860157e-01
0.000000e+00 2.742182e-03 7.815752e-01 2.768051e-01 4.941050e-01 6.129215e-01 7.446256e-01
0.000000e+00 -1.542149e+00 -1.524926e+00 8.665048e-01 4.941050e-01 -2.093777e+00 -1.940907e+00
0.000000e+00 7.751877e-01 1.012225e+00 2.768051e-01 4.941050e-01 1.445752e+00 1.252850e+00
0.000000e+00 2.742182e-03 1.531188e+00 2.768051e-01 -5.522104e-01 1.445752e+00 1.402155e+00
0.000000e+00 1.161410e+00 -1.121288e+00 8.665048e-01 8.428768e-01 -4.801683e-01 -5.224546e-01
0.000000e+00 1.161410e+00 -4.870004e-01 -3.128947e-01 -2.034386e-01 9.240252e-02 -2.038349e-02
0.000000e+00 1.547633e+00 -1.524926e+00 -9.025945e-01 -1.249754e+00 -6.883759e-01 -8.803502e-01
0.000000e+00 7.751877e-01 -7.753131e-01 8.665048e-01 -2.034386e-01 -2.199088e-01 -3.837060e-01
0.000000e+00 -1.542149e+00 -1.294276e+00 8.665048e-01 1.540420e+00 -1.625310e+00 -1.698563e+00
0.000000e+00 -7.697033e-01 8.969003e-01 1.456205e+00 1.191649e+00 4.567658e-01 6.240005e-01
0.000000e+00 1.161410e+00 1.646513e+00 -1.492294e+00 1.540420e+00 2.018323e+00 1.939588e+00
0.000000e+00 -7.697033e-01 2.049499e-01 -9.025945e-01 -1.598526e+00 -2.719607e-01 -1.920098e-01
0.000000e+00 1.161410e+00 -1.121288e+00 -3.128947e-01 -1.249754e+00 -7.404278e-01 -6.332634e-01
0.000000e+00 -1.542149e+00 3.196234e-02 1.456205e+00 1.540420e+00 -5.322202e-01 -4.562918e-01
0.000000e+00 2.742182e-03 -1.121288e+00 8.665048e-01 8.428768e-01 -9.486353e-01 -9.671887e-01
0.000000e+00 -3.834806e-01 1.473526e+00 1.456205e+00 -2.034386e-01 1.029337e+00 1.260770e+00
0.000000e+00 2.742182e-03 1.358200e+00 -3.128947e-01 1.191649e+00 1.289596e+00 1.269573e+00
0.000000e+00 1.161410e+00 1.473526e+00 1.456205e+00 1.453332e-01 2.018323e+00 1.863952e+00
0.000000e+00 -3.834806e-01 4.356000e-01 1.456205e+00 8.428768e-01 3.526620e-01 3.385724e-01
0.000000e+00 -3.834806e-01 1.300538e+00 1.456205e+00 -1.598526e+00 9.252328e-01 1.061157e+00
0.000000e+00 -7.697033e-01 -5.446629e-01 8.665048e-01 1.191649e+00 -6.363240e-01 -7.241380e-01
0.000000e+00 7.751877e-01 8.969003e-01 8.665048e-01 1.191649e+00 1.185492e+00 1.192184e+00
0.000000e+00 -7.697033e-01 -2.570019e-02 -1.492294e+00 -9.009822e-01 -2.199088e-01 -4.081342e-01
0.000000e+00 -7.697033e-01 -1.178951e+00 2.768051e-01 -1.598526e+00 -1.625310e+00 -1.412828e+00
0.000000e+00 2.742182e-03 -2.563503e-01 -9.025945e-01 8.428768e-01 -4.801683e-01 -2.475692e-01
0.000000e+00 2.742182e-03 -1.986878e-01 -1.492294e+00 8.428768e-01 -2.199088e-01 -2.194309e-01
0.000000e+00 3.889649e-01 -1.294276e+00 -3.128947e-01 1.191649e+00 -1.052739e+00 -1.017133e+00
0.000000e+00 1.161410e+00 4.932626e-01 1.456205e+00 1.453332e-01 1.029337e+00 9.640790e-01
0.000000e+00 3.889649e-01 -1.294276e+00 8.665048e-01 1.191649e+00 -8.965834e-01 -9.675422e-01
0.000000e+00 -1.542149e+00 1.704176e+00 1.456205e+00 1.540420e+00 1.237544e+00 1.078786e+00
0.000000e+00 1.161410e+00 -1.294276e+00 8.665048e-01 1.191649e+00 -6.883759e-01 -6.710527e-01
0.000000e+00 1.161410e+00 1.415863e+00 -9.025945e-01 -5.522104e-01 1.758063e+00 1.691431e+00
0.000000e+00 1.547633e+00 2.049499e-01 -1.492294e+00 -2.034386e-01 5.608696e-01 7.134750e-01
0.000000e+00 1.547633e+00 1.646513e+00 -1.492294e+00 1.453332e-01 2.330634e+00 2.047021e+00
0.000000e+00 -1.155926e+00 -8.329756e-01 -3.128947e-01 1.453332e-01 -1.104791e+00 -1.217251e+00
0.000000e+00 -1.155926e+00 6.085876e-01 -1.492294e+00 1.540420e+00 1.965063e-01 9.731303e-02
0.000000e+00 -7.697033e-01 -1.005963e+00 -1.492294e+00 -1.249754e+00 -1.417102e+00 -1.318210e+00
0.000000e+00 -1.542149e+00 -4.293379e-01 2.768051e-01 -5.522104e-01 -8.445316e-01 -9.905704e-01
0.000000e+00 -3.834806e-01 -1.063626e+00 -9.025945e-01 1.191649e+00 -1.000687e+00 -1.126683e+00
0.000000e+00 -3.834806e-01 -1.986878e-01 1.456205e+00 4.941050e-01 -1.678569e-01 -2.539015e-01
0.000000e+00 1.547633e+00 -4.870004e-01 -1.492294e+00 1.191649e+00 9.240252e-02 1.190824e-01
0.000000e+00 1.547633e+00 8.962487e-02 -3.128947e-01 1.453332e-01 5.608696e-01 6.674014e-01
0.000000e+00 1.547633e+00 1.531188e+00 1.456205e+00 4.941050e-01 2.070374e+00 2.075334e+00
0.000000e+00 7.751877e-01 1.069888e+00 8.665048e-01 1.191649e+00 1.237544e+00 1.350985e+00
0.000000e+00 -1.155926e+00 -1.986878e-01 -1.492294e+00 -5.522104e-01 -6.883759e-01 -7.049770e-01
0.000000e+00 2.742182e-03 -1.640251e+00 -1.492294e+00 1.191649e+00 -1.677362e+00 -1.532571e+00
0.000000e+00 -3.834806e-01 8.392377e-01 1.456205e+00 -9.009822e-01 6.129215e-01 6.580935e-01
0.000000e+00 1.161410e+00 1.472874e-01 8.665048e-01 8.428768e-01 4.567658e-01 6.420873e-01
0.000000e+00 -1.155926e+00 -2.563503e-01 2.768051e-01 -9.009822e-01 -6.363240e-01 -6.937275e-01
0.000000e+00 3.889649e-01 -1.410252e-01 -9.025945e-01 -9.009822e-01 4.035063e-02 -4.447203e-02
0.000000e+00 2.742182e-03 -6.599880e-01 2.768051e-01 -9.009822e-01 -6.363240e-01 -6.195294e-01
0.000000e+00 -1.155926e+00 7.239127e-01 -3.128947e-01 1.191649e+00 -1.170127e-02 2.425683e-01
0.000000e+00 -1.542149e+00 -1.467263e+00 1.456205e+00 1.540420e+00 -2.041725e+00 -1.832568e+00
0.000000e+00 1.161410e+00 1.472874e-01 -1.492294e+00 -9.009822e-01 5.088177e-01 4.918906e-01
0.000000e+00 -1.155926e+00 -6.023255e-01 2.768051e-01 1.453332e-01 -8.965834e-01 -9.807208e-01
0.000000e+00 7.751877e-01 -2.570019e-02 -9.025945e-01 -5.522104e-01 9.240252e-02 2.198431e-01
0.000000e+00 1.547633e+00 8.392377e-01 -3.128947e-01 -1.249754e+00 1.445752e+00 1.314728e+00
0.000000e+00 1.547633e+00 -1.294276e+00 2.768051e-01 -9.009822e-01 -4.281164e-01 -6.088214e-01
0.000000e+00 1.161410e+00 4.356000e-01 -1.492294e+00 -2.034386e-01 8.211290e-01 7.769652e-01
0.000000e+00 1.547633e+00 -7.753131e-01 -9.025945e-01 1.540420e+00 4.035063e-02 -1.105878e-01
0.000000e+00 -1.155926e+00 7.815752e-01 -1.492294e+00 -5.522104e-01 9.240252e-02 1.948962e-01
0.000000e+00 3.889649e-01 -1.697914e+00 -1.492294e+00 -2.034386e-01 -1.677362e+00 -1.478072e+00
0.000000e+00 -3.834806e-01 -1.582588e+00 -3.128947e-01 -1.598526e+00 -1.469154e+00 -1.659915e+00
0.000000e+00 -3.834806e-01 8.969003e-01 -9.025945e-01 -5.522104e-01 5.088177e-01 6.220485e-01
0.000000e+00 2.742182e-03 -2.563503e-01 8.665048e-01 1.540420e+00 -6.375316e-02 -1.527769e-01
0.000000e+00 -7.697033e-01 3.196234e-02 -1.492294e+00 -9.009822e-01 -2.719607e-01 -3.552004e-01
0.000000e+00 -1.542149e+00 -1.294276e+00 -9.025945e-01 -1.249754e+00 -1.677362e+00 -1.854573e+00
0.000000e+00 1.161410e+00 7.239127e-01 -1.492294e+00 4.941050e-01 1.133440e+00 1.062040e+00
0.000000e+00 2.742182e-03 1.646513e+00 2.768051e-01 1.540420e+00 1.445752e+00 1.569240e+00
0.000000e+00 -7.697033e-01 8.969003e-01 2.768051e-01 1.191649e+00 5.608696e-01 5.744096e-01
0.000000e+00 7.751877e-01 -1.294276e+00 -9.025945e-01 -1.598526e+00 -8.965834e-01 -9.753077e-01
0.000000e+00 7.751877e-01 2.626125e-01 -3.128947e-01 4.941050e-01 5.088177e-01 5.399161e-01
0.000000e+00 -1.542149e+00 4.932626e-01 8.665048e-01 -1.598526e+00 -6.375316e-02 -1.494444e-01
0.000000e+00 1.547633e+00 -1.410252e-01 2.768051e-01 -2.034386e-01 5.088177e-01 4.702590e-01
0.000000e+00 -1.155926e+00 1.185213e+00 -3.128947e-01 -1.598526e+00 6.649733e-01 5.844141e-01
0.000000e+00 2.742182e-03 -1.524926e+00 8.665048e-01 -9.009822e-01 -1.260947e+00 -1.388740e+00
0.000000e+00 2.742182e-03 1.531188e+00 2.768051e-01 8.428768e-01 1.445752e+00 1.442967e+00
0.000000e+00 1.161410e+00 -8.329756e-01 8.665048e-01 -5.522104e-01 -3.240126e-01 -2.985980e-01
0.000000e+00 1.161410e+00 -1.005963e+00 1.456205e+00 -1.598526e+00 -5.322202e-01 -4.632127e-01
0.000000e+00 7.751877e-01 -6.023255e-01 -1.492294e+00 -1.598526e+00 -4.801683e-01 -3.648985e-01
0.000000e+00 7.751877e-01 1.185213e+00 -9.025945e-01 8.428768e-01 1.549856e+00 1.372263e+00
0.000000e+00 3.889649e-01 -1.467263e+00 2.768051e-01 8.428768e-01 -1.156843e+00 -1.161342e+00
0.000000e+00 3.889649e-01 1.415863e+00 2.768051e-01 -5.522104e-01 1.445752e+00 1.444532e+00
0.000000e+00 1.547633e+00 3.779375e-01 -1.492294e+00 -5.522104e-01 8.211290e-01 8.620732e-01
0.000000e+00 3.889649e-01 -6.023255e-01 2.768051e-01 1.540420e+00 -3.240126e-01 -3.469300e-01
0.000000e+00 -1.155926e+00 -3.716754e-01 2.768051e-01 -1.249754e+00 -8.445316e-01 -8.097979e-01
0.000000e+00 -1.155926e+00 3.202750e-01 1.456205e+00 -1.249754e+00 -2.199088e-01 -1.250024e-01
0.000000e+00 2.742182e-03 2.049499e-01 2.768051e-01 1.453332e-01 9.240252e-02 2.050854e-01
0.000000e+00 -3.834806e-01 1.588851e+00 2.768051e-01 8.428768e-01 1.341648e+00 1.347656e+00
0.000000e+00 -1.155926e+00 8.392377e-01 2.768051e-01 4.941050e-01 5.088177e-01 3.528252e-01
0.000000e+00 -7.697033e-01 1.012225e+00 -3.128947e-01 4.941050e-01 5.608696e-01 6.350756e-01
0.000000e+00 7.751877e-01 1.358200e+00 2.768051e-01 -9.009822e-01 1.601907e+00 1.529640e+00
0.000000e+00 1.161410e+00 2.049499e-01 -1.492294e+00 -1.249754e+00 5.608696e-01 5.346213e-01
0.000000e+00 3.889649e-01 -6.599880e-01 1.456205e+00 1.540420e+00 -2.719607e-01 -3.502728e-01
0.000000e+00 2.742182e-03 -7.753131e-01 2.768051e-01 4.941050e-01 -4.801683e-01 -6.845848e-01
0.000000e+00 -1.542149e+00 -1.467263e+00 8.665048e-01 -5.522104e-01 -1.833518e+00 -1.918582e+00
0.000000e+00 1.161410e+00 -3.140128e-01 1.456205e+00 -1.598526e+00 1.444544e-01 1.719920e-01
0.000000e+00 -7.697033e-01 -7.176505e-01 1.456205e+00 -1.598526e+00 -8.965834e-01 -9.397677e-01
0.000000e+00 3.889649e-01 1.704176e+00 8.665048e-01 -5.522104e-01 1.862167e+00 1.733996e+00
0.000000e+00 -7.697033e-01 1.415863e+00 -1.492294e+00 -2.034386e-01 1.133440e+00 9.356148e-01
0.000000e+00 7.751877e-01 1.300538e+00 -3.128947e-01 -2.034386e-01 1.445752e+00 1.472317e+00
0.000000e+00 7.751877e-01 1.127550e+00 -1.492294e+00 -1.598526e+00 1.237544e+00 1.223113e+00
0.000000e+00 1.547633e+00 -1.294276e+00 -3.128947e-01 -9.009822e-01 -2.719607e-01 -6.336169e-01
0.000000e+00 2.742182e-03 -1.986878e-01 -9.025945e-01 1.453332e-01 -2.199088e-01 -2.150415e-01
0.000000e+00 1.161410e+00 -8.906381e-01 8.665048e-01 1.540420e+00 -3.240126e-01 -2.903137e-01
0.000000e+00 1.161410e+00 8.392377e-01 1.456205e+00 4.941050e-01 1.237544e+00 1.291884e+00
0.000000e+00 -1.542149e+00 -1.005963e+00 1.456205e+00 -1.598526e+00 -1.521206e+00 -1.500926e+00
0.000000e+00 2.742182e-03 -8.329756e-01 1.456205e+00 8.428768e-01 -6.883759e-01 -6.777247e-01
0.000000e+00 -7.697033e-01 -4.870004e-01 8.665048e-01 -5.522104e-01 -6.883759e-01 -7.222192e-01
0.000000e+00 -1.542149e+00 -6.023255e-01 8.665048e-01 1.191649e+00 -1.052739e+00 -1.073561e+00
0.000000e+00 -3.834806e-01 -1.005963e+00 -3.128947e-01 1.453332e-01 -1.260947e+00 -1.079563e+00
0.000000e+00 1.161410e+00 -6.023255e-01 1.456205e+00 -1.598526e+00 -2.719607e-01 -9.267665e-02
0.000000e+00 -7.697033e-01 -1.640251e+00 -1.492294e+00 -1.249754e+00 -1.937621e+00 -1.900481e+00
0.000000e+00 -1.155926e+00 2.626125e-01 -3.128947e-01 -9.009822e-01 -2.719607e-01 -2.421194e-01
0.000000e+00 1.547633e+00 9.545628e-01 1.456205e+00 -1.249754e+00 1.393700e+00 1.494982e+00
0.000000e+00 2.742182e-03 1.415863e+00 8.665048e-01 1.540420e+00 1.185492e+00 1.382301e+00
0.000000e+00 7.751877e-01 -6.599880e-01 8.665048e-01 4.941050e-01 -1.158051e-01 -2.574325e-01
0.000000e+00 -1.155926e+00 8.392377e-01 8.665048e-01 -1.598526e+00 5.088177e-01 3.164026e-01
0.000000e+00 1.547633e+00 3.779375e-01 1.456205e+00 1.191649e+00 1.081388e+00 1.037065e+00
0.000000e+00 1.547633e+00 1.588851e+00 8.665048e-01 -1.249754e+00 2.018323e+00 2.052457e+00
0.000000e+00 -3.834806e-01 1.358200e+00 -9.025945e-01 -5.522104e-01 1.237544e+00 1.045518e+00
0.000000e+00 -3.834806e-01 -1.409601e+00 8.665048e-01 8.428768e-01 -1.469154e+00 -1.380102e+00
0.000000e+00 3.889649e-01 -9.483006e-01 1.456205e+00 -9.009822e-01 -6.363240e-01 -6.863624e-01
0.000000e+00 3.889649e-01 -1.524926e+00 -3.128947e-01 1.191649e+00 -1.312999e+00 -1.228868e+00
0.000000e+00 -1.542149e+00 -4.870004e-01 8.665048e-01 4.941050e-01 -9.486353e-01 -9.880997e-01
0.000000e+00 1.547633e+00 1.185213e+00 2.768051e-01 1.540420e+00 1.810115e+00 1.738750e+00
0.000000e+00 -1.155926e+00 1.415863e+00 -9.025945e-01 -9.009822e-01 6.649733e-01 7.917596e-01
0.000000e+00 2.742182e-03 4.932626e-01 1.456205e+00 -9.009822e-01 4.567658e-01 4.887359e-01
0.000000e+00 1.547633e+00 3.202750e-01 8.665048e-01 -2.034386e-01 9.252328e-01 9.185242e-01
0.000000e+00 -3.834806e-01 2.049499e-01 2.768051e-01 -2.034386e-01 -1.158051e-01 4.663771e-02
0.000000e+00 -7.697033e-01 -1.986878e-01 1.456205e+00 1.540420e+00 -4.801683e-01 -3.715372e-01
0.000000e+00 7.751877e-01 -1.351938e+00 -3.128947e-01 -2.034386e-01 -9.486353e-01 -9.626340e-01
0.000000e+00 3.889649e-01 -1.582588e+00 -9.025945e-01 1.191649e+00 -1.365050e+00 -1.306597e+00
0.000000e+00 1.161410e+00 9.545628e-01 8.665048e-01 1.191649e+00 1.289596e+00 1.393362e+00
0.000000e+00 -7.697033e-01 1.472874e-01 -3.128947e-01 1.453332e-01 -1.678569e-01 -1.691332e-01
0.000000e+00 2.742182e-03 -1.640251e+00 1.456205e+00 4.941050e-01 -1.365050e+00 -1.429000e+00
0.000000e+00 -3.834806e-01 6.662501e-01 2.768051e-01 1.540420e+00 7.690771e-01 5.211225e-01
0.000000e+00 -3.834806e-01 -8.329756e-01 1.456205e+00 8.428768e-01 -7.924797e-01 -8.259694e-01
0.000000e+00 -3.834806e-01 -3.140128e-01 1.456205e+00 1.191649e+00 -3.240126e-01 -3.393629e-01
0.000000e+00 1.161410e+00 1.704176e+00 -9.025945e-01 1.453332e-01 1.914219e+00 1.976505e+00
0.000000e+00 3.889649e-01 -8.906381e-01 8.665048e-01 8.428768e-01 -4.801683e-01 -6.072091e-01
0.000000e+00 -7.697033e-01 -3.716754e-01 -3.128947e-01 -1.249754e+00 -6.883759e-01 -6.863486e-01
0.000000e+00 2.742182e-03 -8.906381e-01 -9.025945e-01 1.540420e+00 -7.404278e-01 -8.094341e-01
0.000000e+00 3.889649e-01 3.196234e-02 2.768051e-01 8.428768e-01 2.485582e-01 2.149350e-01
0.000000e+00 2.742182e-03 -9.483006e-01 8.665048e-01 -1.249754e+00 -7.404278e-01 -8.696055e-01
0.000000e+00 3.889649e-01 1.358200e+00 -9.025945e-01 8.428768e-01 1.445752e+00 1.382820e+00
0.000000e+00 1.161410e+00 -9.483006e-01 2.768051e-01 -1.249754e+00 -6.363240e-01 -4.496668e-01
0.000000e+00 7.751877e-01 -1.409601e+00 2.768051e-01 -9.009822e-01 -1.000687e+00 -1.011178e+00
0.000000e+00 2.742182e-03 -9.483006e-01 -3.128947e-01 4.941050e-01 -8.965834e-01 -8.681814e-01
0.000000e+00 3.889649e-01 -7.753131e-01 1.456205e+00 1.191649e+00 -4.281164e-01 -4.663433e-01
0.000000e+00 -3.834806e-01 -7.176505e-01 2.768051e-01 -9.009822e-01 -7.924797e-01 -8.207078e-01
0.000000e+00 1.547633e+00 -6.023255e-01 2.768051e-01 -2.034386e-01 1.965063e-01 4.678921e-02
0.000000e+00 -3.834806e-01 1.185213e+00 1.456205e+00 1.191649e+00 1.081388e+00 1.036914e+00
0.000000e+00 -1.542149e+00 -7.753131e-01 -1.492294e+00 4.941050e-01 -1.260947e+00 -1.351950e+00
0.000000e+00 7.751877e-01 -8.329756e-01 2.768051e-01 -1.249754e+00 -5.842721e-01 -4.920441e-01
0.000000e+00 7.751877e-01 5.509251e-01 8.665048e-01 -2.034386e-01 8.211290e-01 8.337696e-01
0.000000e+00 -3.834806e-01 4.932626e-01 -9.025945e-01 -2.034386e-01 1.965063e-01 2.617155e-01
0.000000e+00 -7.697033e-01 1.242875e+00 1.456205e+00 1.191649e+00 7.170252e-01 9.416028e-01
0.000000e+00 1.161410e+00 8.962487e-02 1.456205e+00 -1.249754e+00 4.047139e-01 5.527310e-01
0.000000e+00 2.742182e-03 1.704176e+00 1.456205e+00 -1.598526e+00 1.653959e+00 1.579938e+00
0.000000e+00 7.751877e-01 7.815752e-01 8.665048e-01 -5.522104e-01 1.133440e+00 1.035301e+00
0.000000e+00 -3.834806e-01 -1.236613e+00 1.456205e+00 -5.522104e-01 -1.260947e+00 -1.237317e+00
0.000000e+00 -3.834806e-01 -1.986878e-01 8.665048e-01 -1.598526e+00 -4.281164e-01 -3.399149e-01
0.000000e+00 1.161410e+00 8.969003e-01 -3.128947e-01 1.540420e+00 1.185492e+00 1.301041e+00
0.000000e+00 1.161410e+00 1.242875e+00 -1.492294e+00 4.941050e-01 1.601907e+00 1.538443e+00
0.000000e+00 -1.155926e+00 1.472874e-01 1.456205e+00 -1.249754e+00 -3.760645e-01 -2.838036e-01
0.000000e+00 -1.155926e+00 -1.178951e+00 -1.492294e+00 1.191649e+00 -1.625310e+00 -1.553835e+00
0.000000e+00 -7.697033e-01 -7.753131e-01 1.456205e+00 4.941050e-01 -8.445316e-01 -9.314834e-01
0.000000e+00 -7.697033e-01 1.069888e+00 8.665048e-01 4.941050e-01 8.211290e-01 7.376002e-01
0.000000e+00 -1.542149e+00 1.069888e+00 -9.025945e-01 -1.598526e+00 2.485582e-01 3.055065e-01
0.000000e+00 -7.697033e-01 3.202750e-01 -1.492294e+00 1.191649e+00 -6.375316e-02 -2.931386e-02
0.000000e+00 3.889649e-01 -7.753131e-01 -1.492294e+00 1.540420e+00 -5.322202e-01 -5.801174e-01
0.000000e+00 1.161410e+00 -7.176505e-01 8.665048e-01 1.191649e+00 -2.199088e-01 -1.417155e-01
0.000000e+00 3.889649e-01 1.242875e+00 -1.492294e+00 -1.249754e+00 1.185492e+00 1.190939e+00
0.000000e+00 2.742182e-03 -4.293379e-01 -3.128947e-01 1.540420e+00 -3.760645e-01 -3.611689e-01
0.000000e+00 -3.834806e-01 2.049499e-01 8.665048e-01 1.191649e+00 1.965063e-01 1.122451e-01
0.000000e+00 -7.697033e-01 -1.294276e+00 -1.492294e+00 -1.249754e+00 -1.417102e+00 -1.582879e+00
0.000000e+00 -3.834806e-01 -1.005963e+00 -1.492294e+00 -1.249754e+00 -1.052739e+00 -1.169966e+00
0.000000e+00 7.751877e-01 -4.293379e-01 -1.492294e+00 8.428768e-01 -1.170127e-02 -1.346763e-01
0.000000e+00 -1.542149e+00 1.531188e+00 8.665048e-01 -9.009822e-01 7.170252e-01 8.237686e-01
0.000000e+00 7.751877e-01 1.358200e+00 -9.025945e-01 -9.009822e-01 1.653959e+00 1.480049e+00
0.000000e+00 -1.542149e+00 -6.023255e-01 2.768051e-01 4.941050e-01 -1.208895e+00 -1.118763e+00
0.000000e+00 -1.155926e+00 -4.870004e-01 1.456205e+00 1.540420e+00 -9.486353e-01 -7.844505e-01
0.000000e+00 -3.834806e-01 9.545628e-01 -1.492294e+00 1.453332e-01 5.608696e-01 6.705928e-01
0.000000e+00 -1.542149e+00 1.242875e+00 2.768051e-01 4.941050e-01 5.608696e-01 5.751165e-01
0.000000e+00 1.547633e+00 -4.293379e-01 2.768051e-01 1.453332e-01 4.035063e-02 2.157934e-01
0.000000e+00 3.889649e-01 6.085876e-01 -1.492294e+00 1.191649e+00 7.690771e-01 6.800889e-01
0.000000e+00 -1.542149e+00 2.626125e-01 -1.492294e+00 -1.249754e+00 -3.760645e-01 -4.501580e-01
0.000000e+00 -1.542149e+00 -1.582588e+00 1.456205e+00 8.428768e-01 -1.989673e+00 -1.958842e+00
0.000000e+00 3.889649e-01 2.049499e-01 2.768051e-01 1.453332e-01 1.965063e-01 3.533301e-01
0.000000e+00 -3.834806e-01 1.472874e-01 -9.025945e-01 -5.522104e-01 4.035063e-02 -6.608986e-02
0.000000e+00 -3.834806e-01 8.969003e-01 2.768051e-01 1.453332e-01 5.608696e-01 6.920453e-01
0.000000e+00 3.889649e-01 -7.753131e-01 -9.025945e-01 1.453332e-01 -7.404278e-01 -5.961340e-01
0.000000e+00 7.751877e-01 8.392377e-01 -3.128947e-01 1.540420e+00 1.081388e+00 1.099862e+00
0.000000e+00 1.547633e+00 -6.599880e-01 -9.025945e-01 -9.009822e-01 -6.375316e-02 -7.614136e-02
0.000000e+00 2.742182e-03 -2.570019e-02 1.456205e+00 8.428768e-01 9.240252e-02 6.334738e-02
0.000000e+00 1.547633e+00 -4.293379e-01 8.665048e-01 -2.034386e-01 3.526620e-01 2.303858e-01
0.000000e+00 -3.834806e-01 -8.906381e-01 -1.492294e+00 1.540420e+00 -8.965834e-01 -9.824743e-01
0.000000e+00 -1.155926e+00 1.646513e+00 -3.128947e-01 -5.522104e-01 9.252328e-01 1.038493e+00
0.000000e+00 -7.697033e-01 1.531188e+00 2.768051e-01 -1.249754e+00 8.731809e-01 1.085260e+00
0.000000e+00 -1.542149e+00 -9.483006e-01 -9.025945e-01 1.540420e+00 -1.417102e+00 -1.455347e+00
0.000000e+00 3.889649e-01 -1.640251e+00 -3.128947e-01 -1.598526e+00 -1.417102e+00 -1.416359e+00
0.000000e+00 3.889649e-01 4.932626e-01 8.665048e-01 4.941050e-01 6.129215e-01 6.529972e-01
0.000000e+00 -1.542149e+00 1.069888e+00 -9.025945e-01 1.540420e+00 3.526620e-01 3.973335e-01
0.000000e+00 -7.697033e-01 -7.176505e-01 1.456205e+00 -9.009822e-01 -1.000687e+00 -9.193617e-01
0.000000e+00 2.742182e-03 -1.409601e+00 2.768051e-01 -9.009822e-01 -1.156843e+00 -1.307668e+00
0.000000e+00 -7.697033e-01 1.646513e+00 2.768051e-01 -9.009822e-01 9.772847e-01 1.201330e+00
0.000000e+00 -7.697033e-01 8.962487e-02 -9.025945e-01 1.540420e+00 -1.678569e-01 -2.060503e-01
0.000000e+00 -7.697033e-01 -5.446629e-01 8.665048e-01 -9.009822e-01 -8.965834e-01 -7.853559e-01
0.000000e+00 2.742182e-03 5.509251e-01 -1.492294e+00 -1.249754e+00 3.526620e-01 4.074895e-01
0.000000e+00 2.742182e-03 -1.410252e-01 -1.492294e+00 1.453332e-01 -2.719607e-01 -1.869032e-01
0.000000e+00 -3.834806e-01 -1.986878e-01 2.768051e-01 1.540420e+00 -3.760645e-01 -2.728833e-01
0.000000e+00 -1.542149e+00 -1.640251e+00 8.665048e-01 -9.009822e-01 -2.093777e+00 -2.087586e+00
0.000000e+00 2.742182e-03 1.472874e-01 2.768051e-01 -1.598526e+00 -2.199088e-01 1.011367e-01
0.000000e+00 2.742182e-03 -8.329756e-01 -1.492294e+00 1.540420e+00 -9.486353e-01 -7.812958e-01
0.000000e+00 -3.834806e-01 4.932626e-01 2.768051e-01 1.191649e+00 1.965063e-01 3.521183e-01
0.000000e+00 3.889649e-01 -4.870004e-01 -9.025945e-01 1.453332e-01 -4.801683e-01 -3.314654e-01
0.000000e+00 -3.834806e-01 1.473526e+00 1.456205e+00 1.453332e-01 1.185492e+00 1.270973e+00
0.000000e+00 7.751877e-01 7.239127e-01 -9.025945e-01 1.540420e+00 9.772847e-01 9.691995e-01
0.000000e+00 7.751877e-01 9.545628e-01 1.456205e+00 1.191649e+00 1.185492e+00 1.269913e+00
0.000000e+00 -1.155926e+00 -1.005963e+00 8.665048e-01 -1.249754e+00 -1.469154e+00 -1.367273e+00
0.000000e+00 -7.697033e-01 1.473526e+00 -1.492294e+00 1.540420e+00 9.772847e-01 1.039564e+00
0.000000e+00 -1.542149e+00 -1.640251e+00 8.665048e-01 1.191649e+00 -2.093777e+00 -2.026368e+00
0.000000e+00 1.161410e+00 -9.483006e-01 8.665048e-01 -9.009822e-01 -4.801683e-01 -4.146684e-01
0.000000e+00 1.547633e+00 1.473526e+00 -1.492294e+00 -9.009822e-01 1.810115e+00 1.857611e+00
0.000000e+00 -3.834806e-01 4.356000e-01 -3.128947e-01 -9.009822e-01 1.444544e-01 2.131712e-01
0.000000e+00 3.889649e-01 6.085876e-01 -3.128947e-01 -1.598526e+00 5.088177e-01 6.480558e-01
0.000000e+00 1.547633e+00 -1.410252e-01 2.768051e-01 1.540420e+00 5.088177e-01 5.212740e-01
0.000000e+00 3.889649e-01 -1.351938e+00 -3.128947e-01 4.941050e-01 -1.000687e+00 -1.090473e+00
0.000000e+00 1.547633e+00 -7.176505e-01 -9.025945e-01 1.540420e+00 -1.678569e-01 -5.765410e-02
0.000000e+00 -3.834806e-01 1.473526e+00 1.456205e+00 4.941050e-01 1.237544e+00 1.281176e+00
0.000000e+00 1.161410e+00 6.085876e-01 8.665048e-01 -1.249754e+00 9.772847e-01 1.004339e+00
0.000000e+00 1.547633e+00 1.415863e+00 2.768051e-01 1.453332e-01 1.966271e+00 1.909672e+00
0.000000e+00 -3.834806e-01 3.202750e-01 8.665048e-01 -5.522104e-01 9.240252e-02 1.670976e-01
0.000000e+00 2.742182e-03 6.085876e-01 -1.492294e+00 4.941050e-01 5.088177e-01 5.114382e-01
0.000000e+00 1.161410e+00 3.202750e-01 -3.128947e-01 4.941050e-01 7.170252e-01 7.410946e-01
0.000000e+00 3.889649e-01 7.815752e-01 -1.492294e+00 -5.522104e-01 8.211290e-01 7.878751e-01
0.000000e+00 7.751877e-01 -1.524926e+00 2.768051e-01 -9.009822e-01 -1.260947e+00 -1.117046e+00
0.000000e+00 -7.697033e-01 1.531188e+00 1.456205e+00 4.941050e-01 1.185492e+00 1.185865e+00
0.000000e+00 7.751877e-01 -2.570019e-02 -9.025945e-01 1.191649e+00 2.485582e-01 2.708581e-01
0.000000e+00 1.161410e+00 -3.716754e-01 -3.128947e-01 -5.522104e-01 1.444544e-01 7.528095e-02
0.000000e+00 3.889649e-01 -6.023255e-01 -1.492294e+00 1.453332e-01 -4.801683e-01 -4.621282e-01
0.000000e+00 1.547633e+00 8.969003e-01 1.456205e+00 4.941050e-01 1.653959e+00 1.493063e+00
0.000000e+00 3.889649e-01 1.473526e+00 -3.128947e-01 1.540420e+00 1.341648e+00 1.533889e+00
0.000000e+00 1.547633e+00 3.196234e-02 8.665048e-01 -9.009822e-01 7.170252e-01 6.334496e-01
0.000000e+00 -3.834806e-01 -3.716754e-01 -9.025945e-01 -2.034386e-01 -4.801683e-01 -5.322903e-01
0.000000e+00 1.161410e+00 -1.351938e+00 1.456205e+00 -1.598526e+00 -7.404278e-01 -7.808150e-01
0.000000e+00 -3.834806e-01 -2.563503e-01 -3.128947e-01 1.453332e-01 -2.719607e-01 -3.914245e-01
0.000000e+00 -1.155926e+00 -1.005963e+00 -9.025945e-01 -2.034386e-01 -1.625310e+00 -1.411051e+00
0.000000e+00 1.547633e+00 1.358200e+00 1.456205e+00 4.941050e-01 2.174478e+00 1.916533e+00
0.000000e+00 2.742182e-03 -1.294276e+00 8.665048e-01 1.191649e+00 -1.052739e+00 -1.115787e+00
0.000000e+00 -3.834806e-01 1.415863e+00 8.665048e-01 -5.522104e-01 1.393700e+00 1.172838e+00
0.000000e+00 -1.155926e+00 -1.467263e+00 -1.492294e+00 1.191649e+00 -1.625310e+00 -1.818504e+00
0.000000e+00 -1.542149e+00 7.815752e-01 2.768051e-01 1.453332e-01 1.965063e-01 1.414438e-01
0.000000e+00 7.751877e-01 -1.005963e+00 -1.492294e+00 -2.034386e-01 -6.883759e-01 -6.946225e-01
0.000000e+00 3.889649e-01 -8.336272e-02 -9.025945e-01 -1.249754e+00 4.035063e-02 -1.741303e-03
0.000000e+00 -1.155926e+00 -6.023255e-01 -1.492294e+00 -1.598526e+00 -1.312999e+00 -1.106122e+00
0.000000e+00 1.161410e+00 -9.483006e-01 1.456205e+00 8.428768e-01 -3.240126e-01 -3.388580e-01
0.000000e+00 -3.834806e-01 8.962487e-02 -3.128947e-01 1.453332e-01 4.035063e-02 -7.382216e-02
0.000000e+00 1.161410e+00 1.704176e+00 1.456205e+00 4.941050e-01 2.226530e+00 2.085890e+00
0.000000e+00 7.751877e-01 1.127550e+00 -1.492294e+00 1.453332e-01 1.237544e+00 1.274128e+00
0.000000e+00 2.742182e-03 -1.986878e-01 2.768051e-01 1.540420e+00 -6.375316e-02 -1.246386e-01
0.000000e+00 1.161410e+00 1.473526e+00 1.456205e+00 4.941050e-01 1.966271e+00 1.874155e+00
0.000000e+00 1.547633e+00 -3.140128e-01 1.456205e+00 1.191649e+00 4.047139e-01 4.018606e-01
0.000000e+00 2.742182e-03 1.242875e+00 1.456205e+00 -2.034386e-01 1.081388e+00 1.197280e+00
0.000000e+00 2.742182e-03 -1.524926e+00 2.768051e-01 -1.598526e+00 -1.469154e+00 -1.433941e+00
0.000000e+00 -1.155926e+00 -5.446629e-01 1.456205e+00 -1.598526e+00 -1.052739e+00 -9.292112e-01
0.000000e+00 2.742182e-03 -7.176505e-01 -9.025945e-01 1.191649e+00 -8.445316e-01 -6.608360e-01
0.000000e+00 -7.697033e-01 4.932626e-01 8.665048e-01 -2.034386e-01 1.965063e-01 1.878570e-01
0.000000e+00 7.751877e-01 -8.906381e-01 2.768051e-01 -1.249754e+00 -2.719607e-01 -5.449778e-01
0.000000e+00 2.742182e-03 1.300538e+00 -9.025945e-01 -9.009822e-01 1.133440e+00 1.130626e+00
0.000000e+00 1.161410e+00 4.356000e-01 2.768051e-01 -1.598526e+00 7.690771e-01 8.105395e-01
0.000000e+00 -1.542149e+00 1.012225e+00 2.768051e-01 1.453332e-01 3.526620e-01 3.531786e-01
0.000000e+00 -7.697033e-01 1.242875e+00 8.665048e-01 1.453332e-01 8.211290e-01 8.861984e-01
0.000000e+00 -7.697033e-01 -3.716754e-01 -3.128947e-01 -9.009822e-01 -8.445316e-01 -6.761456e-01
0.000000e+00 1.547633e+00 -1.294276e+00 -9.025945e-01 -9.009822e-01 -7.404278e-01 -6.584123e-01
0.000000e+00 2.742182e-03 -1.410252e-01 2.768051e-01 4.941050e-01 -2.199088e-01 -1.023139e-01
0.000000e+00 1.547633e+00 -5.446629e-01 2.768051e-01 -1.598526e+00 -1.678569e-01 5.891094e-02
0.000000e+00 1.547633e+00 -8.329756e-01 -1.492294e+00 -2.034386e-01 -3.240126e-01 -2.393319e-01
0.000000e+00 -1.542149e+00 1.704176e+00 1.456205e+00 -9.009822e-01 1.081388e+00 1.007365e+00
0.000000e+00 -1.155926e+00 1.358200e+00 -3.128947e-01 -2.034386e-01 8.211290e-01 7.840273e-01
0.000000e+00 2.742182e-03 -8.329756e-01 8.665048e-01 -5.522104e-01 -6.883759e-01 -7.433321e-01
0.000000e+00 -3.834806e-01 2.626125e-01 -9.025945e-01 1.453332e-01 2.485582e-01 6.018357e-02
0.000000e+00 1.547633e+00 -7.753131e-01 2.768051e-01 1.191649e+00 -1.158051e-01 -7.119996e-02
0.000000e+00 7.751877e-01 -1.236613e+00 1.456205e+00 -1.249754e+00 -7.924797e-01 -8.129893e-01
0.000000e+00 3.889649e-01 1.531188e+00 -9.025945e-01 1.540420e+00 1.549856e+00 1.562027e+00
0.000000e+00 7.751877e-01 2.626125e-01 8.665048e-01 8.428768e-01 7.690771e-01 5.997100e-01
0.000000e+00 -1.542149e+00 1.242875e+00 -3.128947e-01 -1.249754e+00 4.047139e-01 4.993061e-01
0.000000e+00 -1.542149e+00 -8.336272e-02 -1.492294e+00 -5.522104e-01 -6.883759e-01 -7.473543e-01
0.000000e+00 1.161410e+00 4.932626e-01 -3.128947e-01 1.191649e+00 9.252328e-01 9.203017e-01
0.000000e+00 -1.155926e+00 -7.176505e-01 -1.492294e+00 -5.522104e-01 -1.052739e+00 -1.181381e+00
0.000000e+00 1.547633e+00 -1.063626e+00 -9.025945e-01 4.941050e-01 -3.760645e-01 -4.058654e-01
0.000000e+00 7.751877e-01 -6.599880e-01 -3.128947e-01 -2.034386e-01 -3.240126e-01 -3.274294e-01
0.000000e+00 3.889649e-01 1.012225e+00 -3.128947e-01 -1.249754e+00 1.029337e+00 1.028795e+00
0.000000e+00 -1.542149e+00 -4.870004e-01 -3.128947e-01 8.428768e-01 -1.052739e+00 -1.027488e+00
0.000000e+00 -1.542149e+00 1.646513e+00 8.665048e-01 1.540420e+00 7.690771e-01 1.001057e+00
0.000000e+00 -1.155926e+00 1.473526e+00 -9.025945e-01 1.540420e+00 8.211290e-01 9.161143e-01
0.000000e+00 3.889649e-01 1.069888e+00 -1.492294e+00 -1.249754e+00 9.772847e-01 1.032138e+00
0.000000e+00 3.889649e-01 1.242875e+00 -3.128947e-01 -9.009822e-01 1.133440e+00 1.250733e+00
0.000000e+00 -1.155926e+00 -8.906381e-01 -9.025945e-01 1.540420e+00 -1.312999e+00 -1.254168e+00
0.000000e+00 -1.542149e+00 -1.697914e+00 1.456205e+00 4.941050e-01 -2.197881e+00 -2.074912e+00
0.000000e+00 2.742182e-03 -1.640251e+00 8.665048e-01 -2.034386e-01 -1.521206e+00 -1.474201e+00
0.000000e+00 2.742182e-03 -1.294276e+00 8.665048e-01 1.540420e+00 -1.052739e+00 -1.105584e+00
0.000000e+00 -1.155926e+00 -4.870004e-01 1.456205e+00 -9.009822e-01 -7.924797e-01 -8.558715e-01
0.000000e+00 3.889649e-01 -3.140128e-01 -9.025945e-01 -1.249754e+00 -1.170127e-02 -2.134762e-01
0.000000e+00 1.547633e+00 -1.640251e+00 -1.492294e+00 1.453332e-01 -9.486353e-01 -9.702010e-01
0.000000e+00 -1.155926e+00 1.185213e+00 -9.025945e-01 1.540420e+00 4.567658e-01 6.514457e-01
0.000000e+00 -1.155926e+00 -1.236613e+00 -9.025945e-01 -1.598526e+00 -1.677362e+00 -1.663598e+00
0.000000e+00 -7.697033e-01 -1.236613e+00 2.768051e-01 8.428768e-01 -1.469154e+00 -1.394341e+00
0.000000e+00 7.751877e-01 -1.005963e+00 8.665048e-01 -2.034386e-01 -6.883759e-01 -5.954408e-01
0.000000e+00 3.889649e-01 -1.409601e+00 -1.492294e+00 -2.034386e-01 -1.104791e+00 -1.213403e+00
0.000000e+00 1.161410e+00 -2.570019e-02 2.768051e-01 -1.249754e+00 4.047139e-01 3.972727e-01
0.000000e+00 1.161410e+00 -8.906381e-01 1.456205e+00 4.941050e-01 -2.719607e-01 -2.961273e-01
0.000000e+00 3.889649e-01 1.185213e+00 -9.025945e-01 -2.034386e-01 1.029337e+00 1.193410e+00
0.000000e+00 -7.697033e-01 1.300538e+00 1.456205e+00 8.428768e-01 9.772847e-01 9.843335e-01
0.000000e+00 -7.697033e-01 -8.906381e-01 8.665048e-01 -2.034386e-01 -8.445316e-01 -1.082552e+00
0.000000e+00 -1.542149e+00 1.127550e+00 2.768051e-01 1.191649e+00 4.047139e-01 4.896551e-01
0.000000e+00 7.751877e-01 -1.351938e+00 2.768051e-01 -2.034386e-01 -1.000687e+00 -9.378386e-01
0.000000e+00 2.742182e-03 1.588851e+00 -1.492294e+00 -9.009822e-01 1.497804e+00 1.370499e+00
0.000000e+00 -3.834806e-01 -1.121288e+00 -9.025945e-01 -1.249754e+00 -1.312999e+00 -1.251038e+00
0.000000e+00 -3.834806e-01 5.509251e-01 -1.492294e+00 -2.034386e-01 2.485582e-01 2.898538e-01
0.000000e+00 -3.834806e-01 4.356000e-01 2.768051e-01 1.540420e+00 3.006101e-01 3.093876e-01
0.000000e+00 3.889649e-01 5.509251e-01 2.768051e-01 1.540420e+00 7.690771e-01 7.117444e-01
0.000000e+00 1.161410e+00 -1.640251e+00 -1.492294e+00 -2.034386e-01 -1.208895e+00 -1.128649e+00
0.000000e+00 1.161410e+00 1.185213e+00 2.768051e-01 1.453332e-01 1.653959e+00 1.549693e+00
0.000000e+00 2.742182e-03 1.012225e+00 -3.128947e-01 -1.249754e+00 8.731809e-01 8.805501e-01
0.000000e+00 3.889649e-01 4.932626e-01 8.665048e-01 -2.034386e-01 6.649733e-01 6.325912e-01
0.000000e+00 -3.834806e-01 -1.178951e+00 -9.025945e-01 -1.598526e+00 -1.365050e+00 -1.314174e+00
0.000000e+00 1.547633e+00 7.815752e-01 8.665048e-01 -9.009822e-01 1.185492e+00 1.321588e+00
0.000000e+00 1.161410e+00 -7.753131e-01 -9.025945e-01 -9.009822e-01 -5.322202e-01 -3.302535e-01
0.000000e+00 -1.542149e+00 -1.351938e+00 2.768051e-01 -9.009822e-01 -1.833518e+00 -1.847713e+00
0.000000e+00 -1.155926e+00 1.358200e+00 -1.492294e+00 -9.009822e-01 5.608696e-01 7.140304e-01
0.000000e+00 1.547633e+00 5.509251e-01 -1.492294e+00 8.428768e-01 1.133440e+00 1.061686e+00
0.000000e+00 1.161410e+00 4.932626e-01 2.768051e-01 -1.598526e+00 8.731809e-01 8.634732e-01
0.000000e+00 -7.697033e-01 -1.524926e+00 -9.025945e-01 1.453332e-01 -1.521206e+00 -1.729006e+00
0.000000e+00 1.161410e+00 2.626125e-01 2.768051e-01 1.453332e-01 6.129215e-01 7.027533e-01
0.000000e+00 -1.542149e+00 1.185213e+00 -9.025945e-01 -1.598526e+00 6.129215e-01 4.113740e-01
0.000000e+00 -3.834806e-01 9.545628e-01 2.768051e-01 -1.598526e+00 6.649733e-01 6.939641e-01
0.000000e+00 -7.697033e-01 3.202750e-01 2.768051e-01 -9.009822e-01 4.035063e-02 -1.614556e-02
0.000000e+00 3.889649e-01 3.196234e-02 2.768051e-01 8.428768e-01 3.006101e-01 2.149350e-01
0.000000e+00 7.751877e-01 -3.140128e-01 -1.492294e+00 1.453332e-01 -2.719607e-01 -4.921490e-02
0.000000e+00 -3.834806e-01 6.085876e-01 -9.025945e-01 -5.522104e-01 6.649733e-01 3.573799e-01
0.000000e+00 7.751877e-01 -1.005963e+00 1.456205e+00 -2.034386e-01 -4.281164e-01 -5.706454e-01
0.000000e+00 1.547633e+00 -7.176505e-01 2.768051e-01 1.540420e+00 4.035063e-02 -8.063248e-03
0.000000e+00 -1.155926e+00 -5.446629e-01 8.665048e-01 -9.009822e-01 -7.924797e-01 -9.336007e-01
0.000000e+00 -7.697033e-01 1.012225e+00 8.665048e-01 1.453332e-01 6.649733e-01 6.744635e-01
0.000000e+00 2.742182e-03 -1.697914e+00 -1.492294e+00 1.453332e-01 -1.521206e+00 -1.616114e+00
0.000000e+00 -7.697033e-01 3.202750e-01 -3.128947e-01 1.453332e-01 -1.170127e-02 -1.033200e-02
0.000000e+00 1.161410e+00 1.127550e+00 1.456205e+00 1.191649e+00 1.497804e+00 1.576959e+00
0.000000e+00 1.161410e+00 -1.294276e+00 -1.492294e+00 1.540420e+00 -7.924797e-01 -7.600314e-01
0.000000e+00 1.161410e+00 1.242875e+00 -3.128947e-01 8.428768e-01 1.549856e+00 1.598237e+00
0.000000e+00 1.547633e+00 1.012225e+00 -1.492294e+00 1.453332e-01 1.549856e+00 1.464750e+00
0.000000e+00 -3.834806e-01 -5.446629e-01 8.665048e-01 -1.249754e+00 -7.924797e-01 -6.473142e-01
0.000000e+00 2.742182e-03 7.239127e-01 2.768051e-01 -5.522104e-01 6.649733e-01 6.610829e-01
0.000000e+00 2.742182e-03 1.242875e+00 -9.025945e-01 1.453332e-01 9.772847e-01 1.108302e+00
0.000000e+00 1.161410e+00 1.300538e+00 2.768051e-01 1.191649e+00 1.810115e+00 1.686169e+00
0.000000e+00 7.751877e-01 1.300538e+00 8.665048e-01 -1.249754e+00 1.393700e+00 1.491299e+00
0.000000e+00 1.547633e+00 -5.446629e-01 -9.025945e-01 1.453332e-01 9.240252e-02 6.033507e-02
0.000000e+00 1.161410e+00 -1.986878e-01 -3.128947e-01 1.540420e+00 3.006101e-01 2.953001e-01
0.000000e+00 -1.155926e+00 -6.599880e-01 -3.128947e-01 1.540420e+00 -8.965834e-01 -1.017638e+00
0.000000e+00 -3.834806e-01 -4.293379e-01 8.665048e-01 1.540420e+00 -4.801683e-01 -4.598228e-01
0.000000e+00 3.889649e-01 1.185213e+00 -9.025945e-01 4.941050e-01 1.289596e+00 1.213816e+00
0.000000e+00 -1.155926e+00 1.127550e+00 2.768051e-01 8.428768e-01 6.129215e-01 6.276968e-01
0.000000e+00 7.751877e-01 1.185213e+00 8.665048e-01 1.191649e+00 1.497804e+00 1.456853e+00
0.000000e+00 -7.697033e-01 7.239127e-01 -3.128947e-01 -2.034386e-01 1.444544e-01 3.500010e-01
0.000000e+00 -7.697033e-01 2.626125e-01 8.665048e-01 1.191649e+00 -1.170127e-02 1.693412e-02
0.000000e+00 -1.155926e+00 5.509251e-01 2.768051e-01 1.191649e+00 9.240252e-02 1.085626e-01
0.000000e+00 1.161410e+00 1.242875e+00 -1.492294e+00 4.941050e-01 1.653959e+00 1.538443e+00
0.000000e+00 3.889649e-01 1.185213e+00 1.456205e+00 -1.249754e+00 1.289596e+00 1.261982e+00
0.000000e+00 -1.542149e+00 6.662501e-01 1.456205e+00 8.428768e-01 -6.375316e-02 1.055732e-01
0.000000e+00 -1.542149e+00 1.012225e+00 1.456205e+00 -2.034386e-01 4.567658e-01 3.925665e-01
0.000000e+00 7.751877e-01 -1.467263e+00 -1.492294e+00 8.428768e-01 -1.156843e+00 -1.087483e+00
0.000000e+00 1.161410e+00 1.242875e+00 2.768051e-01 -1.249754e+00 1.445752e+00 1.561815e+00
0.000000e+00 2.742182e-03 6.085876e-01 -9.025945e-01 4.941050e-01 5.608696e-01 5.362336e-01
0.000000e+00 2.742182e-03 -1.294276e+00 8.665048e-01 -2.034386e-01 -1.156843e+00 -1.156599e+00
0.000000e+00 -3.834806e-01 -1.121288e+00 2.768051e-01 -5.522104e-01 -1.260947e+00 -1.181041e+00
0.000000e+00 3.889649e-01 -8.329756e-01 -1.492294e+00 1.540420e+00 -7.924797e-01 -6.330511e-01
0.000000e+00 3.889649e-01 4.932626e-01 -3.128947e-01 1.453332e-01 5.608696e-01 5.932033e-01
0.000000e+00 -7.697033e-01 9.545628e-01 1.456205e+00 -2.034386e-01 6.129215e-01 6.361222e-01
0.000000e+00 1.547633e+00 -3.716754e-01 1.456205e+00 1.453332e-01 4.567658e-01 3.183179e-01
0.000000e+00 7.751877e-01 -5.446629e-01 2.768051e-01 1.191649e+00 -1.678569e-01 -1.559545e-01
0.000000e+00 -1.542149e+00 1.242875e+00 1.456205e+00 -1.598526e+00 6.649733e-01 5.634894e-01
0.000000e+00 7.751877e-01 -4.293379e-01 1.456205e+00 -1.598526e+00 1.444544e-01 -8.212020e-02
0.000000e+00 2.742182e-03 1.069888e+00 2.768051e-01 1.453332e-01 8.731809e-01 9.990912e-01
0.000000e+00 2.742182e-03 4.356000e-01 2.768051e-01 -1.249754e+00 5.088177e-01 3.760083e-01
0.000000e+00 -1.155926e+00 9.545628e-01 -1.492294e+00 8.428768e-01 5.088177e-01 3.945094e-01
0.000000e+00 -3.834806e-01 -1.294276e+00 -1.492294e+00 4.941050e-01 -1.625310e+00 -1.383619e+00
0.000000e+00 3.889649e-01 -1.351938e+00 1.456205e+00 1.453332e-01 -1.052739e+00 -1.026289e+00
0.000000e+00 7.751877e-01 -1.640251e+00 2.768051e-01 -5.522104e-01 -1.104791e+00 -1.212710e+00
0.000000e+00 2.742182e-03 -2.570019e-02 2.768051e-01 1.191649e+00 9.240252e-02 2.395953e-02
0.000000e+00 1.547633e+00 -1.005963e+00 1.456205e+00 4.941050e-01 -6.375316e-02 -2.537500e-01
0.000000e+00 -7.697033e-01 -4.293379e-01 -9.025945e-01 4.941050e-01 -6.883759e-01 -7.130628e-01
0.000000e+00 -1.542149e+00 -8.336272e-02 -3.128947e-01 -2.034386e-01 -8.445316e-01 -6.875605e-01
0.000000e+00 -3.834806e-01 4.356000e-01 8.665048e-01 -1.598526e+00 3.526620e-01 2.423560e-01
0.000000e+00 1.547633e+00 3.779375e-01 8.665048e-01 -1.249754e+00 8.211290e-01 9.408489e-01
0.000000e+00 -3.834806e-01 -6.023255e-01 1.456205e+00 8.428768e-01 -6.883759e-01 -6.142345e-01
0.000000e+00 -1.155926e+00 1.472874e-01 8.665048e-01 -2.034386e-01 -1.678569e-01 -2.779900e-01
0.000000e+00 2.742182e-03 -8.336272e-02 -1.492294e+00 -1.249754e+00 -6.375316e-02 -1.747814e-01
0.000000e+00 -7.697033e-01 1.127550e+00 -1.492294e+00 -2.034386e-01 6.649733e-01 6.709462e-01
0.000000e+00 1.547633e+00 -8.906381e-01 -9.025945e-01 8.428768e-01 -2.719607e-01 -2.368613e-01
0.000000e+00 -3.834806e-01 -4.293379e-01 1.456205e+00 -5.522104e-01 -4.801683e-01 -4.962454e-01
0.000000e+00 3.889649e-01 6.662501e-01 -1.492294e+00 -9.009822e-01 6.649733e-01 6.718046e-01
0.000000e+00 -1.155926e+00 -1.582588e+00 1.456205e+00 -2.034386e-01 -1.885569e+00 -1.841206e+00
0.000000e+00 3.889649e-01 3.779375e-01 1.456205e+00 4.941050e-01 6.649733e-01 5.719251e-01
0.000000e+00 -7.697033e-01 1.473526e+00 2.768051e-01 -1.249754e+00 9.772847e-01 1.032326e+00
0.000000e+00 1.547633e+00 -8.336272e-02 -3.128947e-01 -1.598526e+00 4.047139e-01 4.575853e-01
0.000000e+00 -1.155926e+00 8.392377e-01 -3.128947e-01 -2.034386e-01 2.485582e-01 3.076238e-01
0.000000e+00 1.547633e+00 -1.294276e+00 1.456205e+00 4.941050e-01 -4.281164e-01 -5.184186e-01
0.000000e+00 2.742182e-03 -4.870004e-01 -3.128947e-01 8.428768e-01 -4.281164e-01 -4.345087e-01
0.000000e+00 1.161410e+00 1.300538e+00 -3.128947e-01 8.428768e-01 1.653959e+00 1.651171e+00
0.000000e+00 -1.155926e+00 -8.336272e-02 8.665048e-01 1.540420e+00 -5.322202e-01 -4.387099e-01
0.000000e+00 3.889649e-01 -1.640251e+00 8.665048e-01 1.191649e+00 -1.260947e+00 -1.285144e+00
0.000000e+00 -7.697033e-01 6.085876e-01 2.768051e-01 -1.598526e+00 3.006101e-01 2.281170e-01
0.000000e+00 2.742182e-03 1.069888e+00 -9.025945e-01 4.941050e-01 9.252328e-01 9.597034e-01
0.000000e+00 1.161410e+00 1.646513e+00 -1.492294e+00 1.540420e+00 1.914219e+00 1.939588e+00
0.000000e+00 -1.542149e+00 1.127550e+00 -1.492294e+00 8.428768e-01 5.088177e-01 4.050658e-01
0.000000e+00 2.742182e-03 8.392377e-01 8.665048e-01 1.453332e-01 7.170252e-01 8.121518e-01
0.000000e+00 -7.697033e-01 -1.697914e+00 1.456205e+00 1.540420e+00 -1.833518e+00 -1.747814e+00
0.000000e+00 -3.834806e-01 7.815752e-01 -3.128947e-01 -5.522104e-01 5.608696e-01 5.409765e-01
0.000000e+00 -1.155926e+00 -6.023255e-01 2.768051e-01 4.941050e-01 -8.965834e-01 -9.705178e-01
0.000000e+00 1.547633e+00 1.242875e+00 -9.025945e-01 -9.009822e-01 1.341648e+00 1.670671e+00
0.000000e+00 -7.697033e-01 -5.446629e-01 8.665048e-01 -1.249754e+00 -8.445316e-01 -7.955589e-01
0.000000e+00 -1.155926e+00 3.779375e-01 1.456205e+00 1.453332e-01 -1.158051e-01 -3.125672e-02
0.000000e+00 1.547633e+00 -1.294276e+00 2.768051e-01 -1.249754e+00 -5.842721e-01 -6.190244e-01
0.000000e+00 7.751877e-01 -1.986878e-01 1.456205e+00 1.453332e-01 1.444544e-01 1.806297e-01
0.000000e+00 3.889649e-01 9.545628e-01 2.768051e-01 1.540420e+00 1.237544e+00 1.082280e+00
0.000000e+00 -1.542149e+00 1.646513e+00 8.665048e-01 -9.009822e-01 1.029337e+00 9.296360e-01
0.000000e+00 2.742182e-03 2.626125e-01 2.768051e-01 -1.249754e+00 1.965063e-01 2.172072e-01
0.000000e+00 -7.697033e-01 -1.409601e+00 -3.128947e-01 8.428768e-01 -1.677362e+00 -1.577938e+00
0.000000e+00 -1.542149e+00 1.704176e+00 2.768051e-01 -5.522104e-01 9.772847e-01 9.679773e-01
0.000000e+00 -3.834806e-01 8.392377e-01 -9.025945e-01 -5.522104e-01 5.088177e-01 5.691148e-01
0.000000e+00 -1.155926e+00 7.815752e-01 2.768051e-01 4.941050e-01 2.485582e-01 2.998915e-01
0.000000e+00 -1.155926e+00 -6.599880e-01 -1.492294e+00 8.428768e-01 -1.208895e+00 -1.087635e+00
0.000000e+00 -7.697033e-01 -7.176505e-01 2.768051e-01 1.191649e+00 -8.965834e-01 -9.077345e-01
0.000000e+00 1.161410e+00 1.473526e+00 1.456205e+00 1.540420e+00 1.862167e+00 1.904764e+00
0.000000e+00 1.161410e+00 -1.697914e+00 8.665048e-01 8.428768e-01 -1.104791e+00 -1.051792e+00
0.000000e+00 7.751877e-01 -3.140128e-01 -1.492294e+00 -5.522104e-01 -4.801683e-01 -6.962090e-02
0.000000e+00 3.889649e-01 -1.986878e-01 8.665048e-01 -1.249754e+00 -1.170127e-02 -3.322247e-02
0.000000e+00 1.547633e+00 -1.351938e+00 1.456205e+00 1.540420e+00 -6.363240e-01 -5.407433e-01
0.000000e+00 -3.834806e-01 7.815752e-01 -9.025945e-01 -2.034386e-01 6.129215e-01 5.263841e-01
0.000000e+00 -1.542149e+00 6.662501e-01 -3.128947e-01 4.941050e-01 4.035063e-02 2.098389e-02
0.000000e+00 1.161410e+00 -8.336272e-02 -9.025945e-01 -1.249754e+00 1.444544e-01 2.947481e-01
0.000000e+00 7.751877e-01 3.196234e-02 -1.492294e+00 -5.522104e-01 2.485582e-01 2.479814e-01
0.000000e+00 7.751877e-01 7.815752e-01 1.456205e+00 1.453332e-01 1.133440e+00 1.080503e+00
0.000000e+00 -7.697033e-01 7.239127e-01 1.456205e+00 8.428768e-01 7.170252e-01 4.549963e-01
0.000000e+00 -3.834806e-01 3.202750e-01 -3.128947e-01 1.540420e+00 2.485582e-01 1.787247e-01
0.000000e+00 1.547633e+00 -6.599880e-01 2.768051e-01 1.453332e-01 -1.678569e-01 4.058484e-03
0.000000e+00 3.889649e-01 -1.409601e+00 -1.492294e+00 1.453332e-01 -1.000687e+00 -1.203200e+00
0.000000e+00 2.742182e-03 -3.140128e-01 -3.128947e-01 1.453332e-01 -3.240126e-01 -2.961135e-01
0.000000e+00 -7.697033e-01 3.196234e-02 8.665048e-01 -5.522104e-01 -2.719607e-01 -2.458157e-01
0.000000e+00 1.547633e+00 -1.236613e+00 -3.128947e-01 -9.009822e-01 -3.760645e-01 -5.806831e-01
0.000000e+00 2.742182e-03 -6.023255e-01 8.665048e-01 -1.598526e+00 -6.363240e-01 -5.622062e-01
0.000000e+00 2.742182e-03 -1.178951e+00 8.665048e-01 -1.249754e+00 -1.104791e+00 -1.081340e+00
0.000000e+00 -3.834806e-01 3.779375e-01 1.456205e+00 -1.249754e+00 9.240252e-02 2.244207e-01
0.000000e+00 -3.834806e-01 -1.986878e-01 -3.128947e-01 1.540420e+00 -2.719607e-01 -2.976788e-01
0.000000e+00 -1.542149e+00 -1.005963e+00 1.456205e+00 4.941050e-01 -1.417102e+00 -1.439708e+00
0.000000e+00 7.751877e-01 6.085876e-01 1.456205e+00 1.453332e-01 8.731809e-01 9.217017e-01
0.000000e+00 1.547633e+00 -1.640251e+00 -9.025945e-01 8.428768e-01 -8.965834e-01 -9.249996e-01
0.000000e+00 -7.697033e-01 1.127550e+00 -9.025945e-01 1.191649e+00 6.649733e-01 7.365537e-01
0.000000e+00 -1.155926e+00 -5.446629e-01 1.456205e+00 -2.034386e-01 -7.404278e-01 -8.883992e-01
0.000000e+00 -7.697033e-01 1.472874e-01 1.456205e+00 -9.009822e-01 -1.158051e-01 -1.253559e-01
0.000000e+00 -1.542149e+00 -3.716754e-01 8.665048e-01 -5.522104e-01 -1.000687e+00 -9.128412e-01
0.000000e+00 3.889649e-01 1.300538e+00 1.456205e+00 8.428768e-01 1.289596e+00 1.429068e+00
0.000000e+00 7.751877e-01 7.815752e-01 -1.492294e+00 -9.009822e-01 9.252328e-01 9.259168e-01
0.000000e+00 -1.155926e+00 6.662501e-01 -3.128947e-01 -1.249754e+00 1.965063e-01 1.182136e-01
0.000000e+00 1.161410e+00 2.049499e-01 -1.492294e+00 4.941050e-01 6.129215e-01 5.856363e-01
0.000000e+00 3.889649e-01 1.704176e+00 -9.025945e-01 -5.522104e-01 1.862167e+00 1.659610e+00
0.000000e+00 -3.834806e-01 -1.236613e+00 -1.492294e+00 8.428768e-01 -1.104791e+00 -1.320483e+00
0.000000e+00 2.742182e-03 -1.640251e+00 2.768051e-01 -1.598526e+00 -1.677362e+00 -1.539809e+00
0.000000e+00 1.161410e+00 1.415863e+00 2.768051e-01 8.428768e-01 1.601907e+00 1.781834e+00
0.000000e+00 -7.697033e-01 1.473526e+00 -9.025945e-01 -2.034386e-01 9.252328e-01 1.013344e+00
0.000000e+00 -7.697033e-01 -2.570019e-02 -1.492294e+00 -1.249754e+00 -3.240126e-01 -4.183372e-01
0.000000e+00 -3.834806e-01 -4.870004e-01 -3.128947e-01 -1.598526e+00 -6.363240e-01 -6.541743e-01
0.000000e+00 -1.542149e+00 8.969003e-01 -9.025945e-01 1.453332e-01 3.006101e-01 1.977203e-01
0.000000e+00 1.547633e+00 -1.121288e+00 2.768051e-01 1.191649e+00 -5.322202e-01 -3.888023e-01
0.000000e+00 1.161410e+00 1.415863e+00 -9.025945e-01 1.191649e+00 1.549856e+00 1.742446e+00
0.000000e+00 1.161410e+00 7.239127e-01 -1.492294e+00 1.191649e+00 1.029337e+00 1.082446e+00
0.000000e+00 3.889649e-01 -7.753131e-01 -1.492294e+00 -5.522104e-01 -5.842721e-01 -6.413354e-01
0.000000e+00 7.751877e-01 3.202750e-01 -1.492294e+00 1.453332e-01 5.608696e-01 5.330560e-01
0.000000e+00 3.889649e-01 -1.005963e+00 8.665048e-01 1.540420e+00 -5.322202e-01 -6.926706e-01
0.000000e+00 1.547633e+00 -1.351938e+00 -1.492294e+00 1.453332e-01 -7.924797e-01 -7.055324e-01
0.000000e+00 -7.697033e-01 -8.329756e-01 1.456205e+00 -2.034386e-01 -8.965834e-01 -1.004823e+00
0.000000e+00 -7.697033e-01 1.472874e-01 2.768051e-01 -1.249754e+00 -2.719607e-01 -1.851497e-01
0.000000e+00 -7.697033e-01 8.392377e-01 2.768051e-01 4.941050e-01 6.129215e-01 5.010699e-01
0.000000e+00 -7.697033e-01 -1.697914e+00 8.665048e-01 -1.598526e+00 -1.781466e+00 -1.864436e+00
0.000000e+00 1.547633e+00 -1.121288e+00 2.768051e-01 1.453332e-01 -2.199088e-01 -4.194113e-01
0.000000e+00 -3.834806e-01 -1.409601e+00 2.768051e-01 -2.034386e-01 -1.573258e+00 -1.435506e+00
0.000000e+00 7.751877e-01 -6.023255e-01 -9.025945e-01 -2.034386e-01 -1.158051e-01 -2.992911e-01
0.000000e+00 1.547633e+00 2.626125e-01 -1.492294e+00 8.428768e-01 8.211290e-01 7.970177e-01
0.000000e+00 7.751877e-01 7.815752e-01 1.456205e+00 1.191649e+00 1.133440e+00 1.111112e+00
0.000000e+00 1.547633e+00 3.779375e-01 1.456205e+00 4.941050e-01 1.029337e+00 1.016659e+00
0.000000e+00 -7.697033e-01 6.085876e-01 -9.025945e-01 1.540420e+00 2.485582e-01 2.703532e-01
0.000000e+00 -3.834806e-01 -2.563503e-01 1.456205e+00 8.428768e-01 -3.240126e-01 -2.966322e-01
0.000000e+00 1.161410e+00 1.588851e+00 -9.025945e-01 -1.249754e+00 1.653959e+00 1.829826e+00
0.000000e+00 3.889649e-01 -1.063626e+00 1.456205e+00 -1.249754e+00 -7.924797e-01 -8.024328e-01
0.000000e+00 2.742182e-03 -2.570019e-02 2.768051e-01 8.428768e-01 4.035063e-02 1.375653e-02
0.000000e+00 -3.834806e-01 -1.410252e-01 -3.128947e-01 1.453332e-01 -3.240126e-01 -2.855570e-01
0.000000e+00 1.161410e+00 -1.986878e-01 -1.492294e+00 8.428768e-01 1.965063e-01 2.253032e-01
0.000000e+00 -1.542149e+00 6.662501e-01 -3.128947e-01 1.191649e+00 1.965063e-01 4.138988e-02
0.000000e+00 1.547633e+00 -6.599880e-01 2.768051e-01 1.191649e+00 -6.375316e-02 3.466748e-02
0.000000e+00 -1.542149e+00 -1.467263e+00 8.665048e-01 1.453332e-01 -1.989673e+00 -1.898176e+00
0.000000e+00 1.161410e+00 1.588851e+00 -9.025945e-01 8.428768e-01 1.810115e+00 1.891044e+00
0.000000e+00 -3.834806e-01 -1.467263e+00 1.456205e+00 -1.249754e+00 -1.677362e+00 -1.469458e+00
0.000000e+00 1.547633e+00 6.085876e-01 1.456205e+00 8.428768e-01 1.393700e+00 1.238597e+00
0.000000e+00 2.742182e-03 -1.986878e-01 2.768051e-01 -9.009822e-01 -3.240126e-01 -1.960596e-01
0.000000e+00 -7.697033e-01 -1.410252e-01 1.456205e+00 -1.598526e+00 -2.719607e-01 -4.104305e-01
0.000000e+00 1.547633e+00 -2.563503e-01 2.768051e-01 4.941050e-01 2.485582e-01 3.847975e-01
0.000000e+00 1.547633e+00 -1.986878e-01 -3.128947e-01 -1.598526e+00 2.485582e-01 3.517178e-01
0.000000e+00 -3.834806e-01 1.242875e+00 8.665048e-01 -1.598526e+00 9.772847e-01 9.834281e-01
0.000000e+00 -3.834806e-01 1.069888e+00 -9.025945e-01 -1.598526e+00 8.211290e-01 7.502407e-01
0.000000e+00 1.161410e+00 6.662501e-01 1.456205e+00 -5.522104e-01 1.133440e+00 1.102474e+00
0.000000e+00 -1.155926e+00 -5.446629e-01 8.665048e-01 -5.522104e-01 -1.104791e+00 -9.233977e-01
0.000000e+00 1.547633e+00 -1.697914e+00 8.665048e-01 1.540420e+00 -8.445316e-01 -8.831411e-01
0.000000e+00 3.889649e-01 1.358200e+00 8.665048e-01 1.453332e-01 1.549856e+00 1.436800e+00
0.000000e+00 1.547633e+00 -1.410252e-01 -1.492294e+00 1.540420e+00 4.567658e-01 4.468877e-01
0.000000e+00 1.161410e+00 1.012225e+00 8.665048e-01 -9.009822e-01 1.653959e+00 1.385078e+00
0.000000e+00 7.751877e-01 1.588851e+00 2.768051e-01 1.540420e+00 1.862167e+00 1.812796e+00
0.000000e+00 -1.542149e+00 1.588851e+00 -1.492294e+00 1.453332e-01 9.252328e-01 8.081296e-01
0.000000e+00 -7.697033e-01 -8.906381e-01 -1.492294e+00 4.941050e-01 -1.104791e+00 -1.161328e+00
0.000000e+00 -1.155926e+00 1.415863e+00 8.665048e-01 -1.598526e+00 7.690771e-01 8.457398e-01
0.000000e+00 2.742182e-03 -7.753131e-01 1.456205e+00 1.453332e-01 -6.883759e-01 -6.451970e-01
0.000000e+00 2.742182e-03 -2.563503e-01 1.456205e+00 1.540420e+00 -1.170127e-02 -1.279815e-01
0.000000e+00 2.742182e-03 -6.023255e-01 1.456205e+00 -1.598526e+00 -5.322202e-01 -5.374108e-01
0.000000e+00 -3.834806e-01 -3.140128e-01 1.456205e+00 4.941050e-01 -3.240126e-01 -3.597689e-01
0.000000e+00 2.742182e-03 -1.005963e+00 2.768051e-01 1.540420e+00 -9.486353e-01 -8.657107e-01
0.000000e+00 -7.697033e-01 1.472874e-01 1.456205e+00 -2.034386e-01 -1.170127e-02 -1.049499e-01
0.000000e+00 -1.542149e+00 -3.140128e-01 -9.025945e-01 1.540420e+00 -8.965834e-01 -8.730758e-01
0.000000e+00 2.742182e-03 -1.294276e+00 8.665048e-01 -5.522104e-01 -1.052739e+00 -1.166802e+00
0.000000e+00 1.547633e+00 -1.467263e+00 -1.492294e+00 -1.598526e+00 -7.404278e-01 -8.624149e-01
0.000000e+00 1.547633e+00 -1.409601e+00 -9.025945e-01 1.191649e+00 -6.363240e-01 -7.030617e-01
0.000000e+00 -3.834806e-01 -4.293379e-01 1.456205e+00 4.941050e-01 -4.801683e-01 -4.656364e-01
0.000000e+00 -7.697033e-01 1.242875e+00 -9.025945e-01 -1.249754e+00 7.170252e-01 7.710001e-01
0.000000e+00 -1.542149e+00 -2.570019e-02 -1.492294e+00 -5.522104e-01 -9.486353e-01 -6.944206e-01
0.000000e+00 -1.155926e+00 -9.483006e-01 1.456205e+00 -5.522104e-01 -1.260947e+00 -1.269138e+00
0.000000e+00 1.161410e+00 1.358200e+00 -9.025945e-01 8.428768e-01 1.810115e+00 1.679309e+00
0.000000e+00 -1.542149e+00 -4.293379e-01 2.768051e-01 -1.249754e+00 -1.156843e+00 -1.010976e+00
0.000000e+00 1.161410e+00 -1.121288e+00 2.768051e-01 -2.034386e-01 -5.842721e-01 -5.778590e-01
0.000000e+00 7.751877e-01 3.196234e-02 8.665048e-01 1.540420e+00 3.526620e-01 4.083811e-01
0.000000e+00 1.161410e+00 -1.409601e+00 8.665048e-01 8.428768e-01 -7.404278e-01 -7.871232e-01
0.000000e+00 3.889649e-01 -1.121288e+00 -9.025945e-01 1.453332e-01 -8.965834e-01 -9.137363e-01
0.000000e+00 1.547633e+00 -1.005963e+00 -1.492294e+00 -5.522104e-01 -5.322202e-01 -4.083361e-01
0.000000e+00 -7.697033e-01 -1.063626e+00 2.768051e-01 -2.034386e-01 -1.104791e+00 -1.266149e+00
0.000000e+00 -3.834806e-01 1.358200e+00 -3.128947e-01 -1.249754e+00 8.731809e-01 1.049908e+00
0.000000e+00 3.889649e-01 -1.640251e+00 8.665048e-01 -2.034386e-01 -1.365050e+00 -1.325956e+00
0.000000e+00 1.161410e+00 1.300538e+00 2.768051e-01 -9.009822e-01 1.445752e+00 1.624951e+00
0.000000e+00 2.742182e-03 2.626125e-01 1.456205e+00 -9.009822e-01 3.006101e-01 2.770010e-01
0.000000e+00 -7.697033e-01 1.415863e+00 -9.025945e-01 4.941050e-01 1.029337e+00 9.808163e-01
0.000000e+00 3.889649e-01 3.202750e-01 2.768051e-01 -9.009822e-01 4.047139e-01 4.285886e-01
0.000000e+00 -3.834806e-01 -7.753131e-01 2.768051e-01 -5.522104e-01 -1.000687e+00 -8.634385e-01
0.000000e+00 1.547633e+00 -1.410252e-01 -9.025945e-01 4.941050e-01 3.526620e-01 4.410741e-01
0.000000e+00 -7.697033e-01 -1.410252e-01 8.665048e-01 -9.009822e-01 -3.240126e-01 -4.148199e-01
0.000000e+00 -3.834806e-01 -4.870004e-01 8.665048e-01 1.540420e+00 -4.801683e-01 -5.127565e-01
0.000000e+00 7.751877e-01 4.356000e-01 -3.128947e-01 1.540420e+00 7.170252e-01 7.293263e-01
0.000000e+00 7.751877e-01 -1.351938e+00 -3.128947e-01 -1.249754e+00 -1.052739e+00 -9.932430e-01
0.000000e+00 -3.834806e-01 -8.906381e-01 8.665048e-01 1.540420e+00 -8.965834e-01 -8.832926e-01
0.000000e+00 3.889649e-01 8.962487e-02 8.665048e-01 4.941050e-01 3.526620e-01 2.824611e-01
0.000000e+00 -7.697033e-01 -1.121288e+00 8.665048e-01 -2.034386e-01 -1.312999e+00 -1.294287e+00
0.000000e+00 3.889649e-01 -3.716754e-01 8.665048e-01 -1.598526e+00 -1.678569e-01 -2.022266e-01
0.000000e+00 -1.155926e+00 -1.582588e+00 2.768051e-01 1.540420e+00 -2.041725e+00 -1.839782e+00
0.000000e+00 1.161410e+00 -2.570019e-02 -3.128947e-01 8.428768e-01 5.608696e-01 4.336953e-01
0.000000e+00 -1.155926e+00 -1.409601e+00 -9.025945e-01 -9.009822e-01 -1.833518e+00 -1.801993e+00
0.000000e+00 7.751877e-01 1.588851e+00 -1.492294e+00 4.941050e-01 1.601907e+00 1.707801e+00
0.000000e+00 1.547633e+00 -1.640251e+00 -9.025945e-01 1.453332e-01 -8.965834e-01 -9.454056e-01
0.000000e+00 -1.542149e+00 -9.483006e-01 1.456205e+00 1.540420e+00 -1.312999e+00 -1.356165e+00
0.000000e+00 1.161410e+00 6.085876e-01 -1.492294e+00 1.453332e-01 8.211290e-01 9.459693e-01
0.000000e+00 7.751877e-01 -7.176505e-01 2.768051e-01 8.428768e-01 -3.240126e-01 -3.249587e-01
0.000000e+00 3.889649e-01 1.185213e+00 1.456205e+00 -5.522104e-01 1.237544e+00 1.282388e+00
0.000000e+00 3.889649e-01 7.815752e-01 -3.128947e-01 -5.522104e-01 7.170252e-01 8.374659e-01
0.000000e+00 3.889649e-01 3.196234e-02 -1.492294e+00 -9.009822e-01 4.035063e-02 8.953371e-02
0.000000e+00 1.547633e+00 -1.005963e+00 8.665048e-01 -1.598526e+00 -4.281164e-01 -3.397634e-01
0.000000e+00 -1.155926e+00 -2.563503e-01 1.456205e+00 1.540420e+00 -7.404278e-01 -5.727157e-01
0.000000e+00 -1.542149e+00 7.815752e-01 2.768051e-01 -9.009822e-01 1.444544e-01 1.108348e-01
0.000000e+00 3.889649e-01 -1.063626e+00 -1.492294e+00 -1.598526e+00 -8.965834e-01 -9.366130e-01
0.000000e+00 1.161410e+00 -7.176505e-01 8.665048e-01 1.453332e-01 -1.678569e-01 -1.723245e-01
0.000000e+00 -7.697033e-01 -1.236613e+00 1.456205e+00 8.428768e-01 -1.573258e+00 -1.344750e+00
0.000000e+00 -1.542149e+00 1.069888e+00 2.768051e-01 -9.009822e-01 3.526620e-01 3.755034e-01
0.000000e+00 1.547633e+00 -5.446629e-01 1.456205e+00 -5.522104e-01 2.485582e-01 1.391108e-01
0.000000e+00 -1.542149e+00 1.012225e+00 -1.492294e+00 -2.034386e-01 4.047139e-01 2.685894e-01
0.000000e+00 -7.697033e-01 1.069888e+00 8.665048e-01 4.941050e-01 8.731809e-01 7.376002e-01
0.000000e+00 1.161410e+00 1.300538e+00 -3.128947e-01 1.453332e-01 1.497804e+00 1.630765e+00
0.000000e+00 -7.697033e-01 1.473526e+00 2.768051e-01 -1.249754e+00 9.772847e-01 1.032326e+00
0.000000e+00 -3.834806e-01 5.509251e-01 -1.492294e+00 4.941050e-01 3.006101e-01 3.102597e-01
0.000000e+00 1.161410e+00 7.239127e-01 8.665048e-01 8.428768e-01 1.133440e+00 1.171424e+00
0.000000e+00 -1.542149e+00 -3.716754e-01 -3.128947e-01 -1.598526e+00 -1.000687e+00 -9.930411e-01
0.000000e+00 3.889649e-01 2.049499e-01 1.456205e+00 1.453332e-01 5.088177e-01 4.029210e-01
0.000000e+00 -1.542149e+00 -1.294276e+00 8.665048e-01 1.191649e+00 -1.677362e+00 -1.708766e+00
0.000000e+00 -1.542149e+00 7.815752e-01 -3.128947e-01 4.941050e-01 2.485582e-01 1.268513e-01
0.000000e+00 1.161410e+00 1.300538e+00 -1.492294e+00 -2.034386e-01 1.445752e+00 1.570971e+00
0.000000e+00 -3.834806e-01 1.472874e-01 8.665048e-01 1.540420e+00 4.035063e-02 6.951440e-02
0.000000e+00 -1.542149e+00 -4.293379e-01 8.665048e-01 1.540420e+00 -9.486353e-01 -9.045570e-01
0.000000e+00 7.751877e-01 -1.005963e+00 -9.025945e-01 1.191649e+00 -6.363240e-01 -6.290151e-01
0.000000e+00 2.742182e-03 1.358200e+00 2.768051e-01 -1.249754e+00 1.081388e+00 1.222948e+00
0.000000e+00 2.742182e-03 1.300538e+00 8.665048e-01 4.941050e-01 1.445752e+00 1.245825e+00
0.000000e+00 -1.542149e+00 1.069888e+00 -3.128947e-01 1.191649e+00 4.047139e-01 4.119259e-01
0.000000e+00 3.889649e-01 -9.483006e-01 2.768051e-01 -1.249754e+00 -8.445316e-01 -7.461563e-01
0.000000e+00 1.547633e+00 -9.483006e-01 -1.492294e+00 1.540420e+00 -3.760645e-01 -2.941844e-01
0.000000e+00 1.547633e+00 -8.329756e-01 2.768051e-01 1.453332e-01 -1.158051e-01 -1.547427e-01
0.000000e+00 1.161410e+00 1.069888e+00 -9.025945e-01 1.191649e+00 1.497804e+00 1.424844e+00
0.000000e+00 2.742182e-03 4.356000e-01 -1.492294e+00 -9.009822e-01 4.047139e-01 3.118250e-01
0.000000e+00 -1.542149e+00 1.588851e+00 8.665048e-01 8.428768e-01 9.252328e-01 9.277173e-01
0.000000e+00 1.547633e+00 1.704176e+00 1.456205e+00 -2.034386e-01 2.278582e+00 2.213729e+00
0.000000e+00 -1.542149e+00 4.932626e-01 -1.492294e+00 4.941050e-01 -1.678569e-01 -1.874081e-01
0.000000e+00 1.161410e+00 -2.563503e-01 -1.492294e+00 -9.009822e-01 1.444544e-01 1.213545e-01
0.000000e+00 2.742182e-03 -2.563503e-01 -9.025945e-01 8.428768e-01 -2.719607e-01 -2.475692e-01
0.000000e+00 -7.697033e-01 -1.697914e+00 -3.128947e-01 -1.249754e+00 -1.937621e+00 -1.903824e+00
0.000000e+00 7.751877e-01 8.962487e-02 -1.492294e+00 8.428768e-01 3.526620e-01 3.417271e-01
0.000000e+00 7.751877e-01 1.531188e+00 -3.128947e-01 -1.249754e+00 1.653959e+00 1.653443e+00
0.000000e+00 1.547633e+00 -8.906381e-01 2.768051e-01 4.941050e-01 -1.158051e-01 -1.974734e-01
0.000000e+00 7.751877e-01 1.242875e+00 1.456205e+00 -1.249754e+00 1.653959e+00 1.463161e+00
0.000000e+00 -7.697033e-01 -5.446629e-01 -9.025945e-01 4.941050e-01 -9.486353e-01 -8.189302e-01
0.000000e+00 -1.542149e+00 -7.176505e-01 8.665048e-01 -1.598526e+00 -1.260947e+00 -1.261053e+00
0.000000e+00 1.161410e+00 -2.570019e-02 -1.492294e+00 1.453332e-01 4.047139e-01 3.636984e-01
0.000000e+00 -7.697033e-01 1.704176e+00 1.456205e+00 1.540420e+00 1.341648e+00 1.375276e+00
0.000000e+00 1.161410e+00 1.588851e+00 1.456205e+00 4.941050e-01 2.070374e+00 1.980023e+00
0.000000e+00 1.161410e+00 -1.005963e+00 -3.128947e-01 -5.522104e-01 -5.322202e-01 -5.069900e-01
0.000000e+00 2.742182e-03 -3.716754e-01 -1.492294e+00 -1.598526e+00 -3.760645e-01 -4.496530e-01
0.000000e+00 -1.542149e+00 -2.570019e-02 1.456205e+00 1.453332e-01 -4.281164e-01 -5.500375e-01
0.000000e+00 7.751877e-01 -1.640251e+00 -9.025945e-01 -5.522104e-01 -1.260947e+00 -1.262301e+00
0.000000e+00 2.742182e-03 -6.599880e-01 8.665048e-01 -9.009822e-01 -6.363240e-01 -5.947339e-01
0.000000e+00 1.161410e+00 9.545628e-01 2.768051e-01 -5.522104e-01 1.393700e+00 1.317552e+00
0.000000e+00 1.547633e+00 7.815752e-01 2.768051e-01 1.453332e-01 1.289596e+00 1.327401e+00
0.000000e+00 7.751877e-01 9.545628e-01 -3.128947e-01 -2.034386e-01 1.081388e+00 1.154715e+00
0.000000e+00 7.751877e-01 -3.140128e-01 1.456205e+00 -1.249754e+00 9.240252e-02 3.395023e-02
0.000000e+00 -1.542149e+00 1.127550e+00 2.768051e-01 -1.249754e+00 4.567658e-01 4.182341e-01
0.000000e+00 -3.834806e-01 -9.483006e-01 -3.128947e-01 -9.009822e-01 -1.052739e+00 -1.057238e+00
0.000000e+00 -1.155926e+00 -1.409601e+00 8.665048e-01 1.453332e-01 -1.625310e+00 -1.696997e+00
0.000000e+00 -1.155926e+00 -1.063626e+00 -1.492294e+00 -1.598526e+00 -1.312999e+00 -1.529592e+00
0.000000e+00 -1.155926e+00 -6.023255e-01 -9.025945e-01 4.941050e-01 -8.965834e-01 -1.020109e+00
0.000000e+00 -3.834806e-01 -4.293379e-01 8.665048e-01 8.428768e-01 -5.322202e-01 -4.802288e-01
0.000000e+00 -1.542149e+00 -2.570019e-02 8.665048e-01 4.941050e-01 -5.842721e-01 -5.646299e-01
0.000000e+00 -3.834806e-01 -2.570019e-02 2.768051e-01 -9.009822e-01 -1.158051e-01 -1.855032e-01
0.000000e+00 -1.155926e+00 4.356000e-01 2.768051e-01 1.453332e-01 -1.158051e-01 -2.791385e-02
0.000000e+00 2.742182e-03 1.588851e+00 -9.025945e-01 -5.522104e-01 1.497804e+00 1.405498e+00
0.000000e+00 -7.697033e-01 -2.570019e-02 -1.492294e+00 -2.034386e-01 -4.281164e-01 -3.877282e-01
0.000000e+00 1.161410e+00 6.085876e-01 8.665048e-01 -9.009822e-01 1.081388e+00 1.014542e+00
0.000000e+00 -3.834806e-01 -2.570019e-02 1.456205e+00 -2.034386e-01 9.240252e-02 -1.155063e-01
0.000000e+00 -1.542149e+00 1.531188e+00 2.768051e-01 1.453332e-01 8.211290e-01 8.295821e-01
0.000000e+00 -1.542149e+00 1.588851e+00 8.665048e-01 8.428768e-01 9.772847e-01 9.277173e-01
0.000000e+00 -7.697033e-01 3.202750e-01 -1.492294e+00 1.453332e-01 -6.375316e-02 -5.992285e-02
0.000000e+00 1.547633e+00 1.069888e+00 -3.128947e-01 1.191649e+00 1.497804e+00 1.597884e+00
0.000000e+00 7.751877e-01 2.049499e-01 -1.492294e+00 1.540420e+00 3.526620e-01 4.680006e-01
0.000000e+00 -1.155926e+00 -8.329756e-01 8.665048e-01 1.540420e+00 -1.052739e+00 -1.126848e+00
0.000000e+00 1.547633e+00 -3.716754e-01 8.665048e-01 1.540420e+00 3.526620e-01 3.343345e-01
0.000000e+00 -1.155926e+00 -9.483006e-01 -9.025945e-01 1.540420e+00 -1.312999e+00 -1.307102e+00
0.000000e+00 -7.697033e-01 -2.563503e-01 8.665048e-01 -5.522104e-01 -4.281164e-01 -5.104843e-01
0.000000e+00 -1.155926e+00 -1.294276e+00 2.768051e-01 -1.249754e+00 -1.573258e+00 -1.656737e+00
0.000000e+00 -7.697033e-01 -9.483006e-01 1.456205e+00 1.191649e+00 -7.924797e-01 -1.069879e+00
0.000000e+00 3.889649e-01 3.196234e-02 -9.025945e-01 -9.009822e-01 4.035063e-02 1.143291e-01
0.000000e+00 1.547633e+00 -1.640251e+00 8.665048e-01 4.941050e-01 -8.965834e-01 -8.608163e-01
0.000000e+00 1.547633e+00 1.012225e+00 -1.492294e+00 -5.522104e-01 1.601907e+00 1.444344e+00
0.000000e+00 7.751877e-01 -1.524926e+00 8.665048e-01 -1.598526e+00 -8.965834e-01 -1.112656e+00
0.000000e+00 -7.697033e-01 -1.697914e+00 -1.492294e+00 8.428768e-01 -1.989673e+00 -1.892197e+00
0.000000e+00 -3.834806e-01 1.415863e+00 -1.492294e+00 -5.522104e-01 1.029337e+00 1.073657e+00
0.000000e+00 3.889649e-01 -6.023255e-01 8.665048e-01 1.453332e-01 -3.760645e-01 -3.629465e-01
0.000000e+00 2.742182e-03 1.646513e+00 -1.492294e+00 4.941050e-01 1.653959e+00 1.464245e+00
0.000000e+00 -1.155926e+00 -9.483006e-01 1.456205e+00 8.428768e-01 -1.208895e+00 -1.228326e+00
0.000000e+00 3.889649e-01 5.509251e-01 -3.128947e-01 1.540420e+00 6.649733e-01 6.869490e-01
0.000000e+00 -7.697033e-01 -3.140128e-01 -9.025945e-01 -1.249754e+00 -6.883759e-01 -6.582103e-01
0.000000e+00 1.161410e+00 1.704176e+00 8.665048e-01 1.191649e+00 2.122426e+00 2.081501e+00
0.000000e+00 -1.155926e+00 -3.140128e-01 -3.128947e-01 1.540420e+00 -6.883759e-01 -7.000356e-01
0.000000e+00 -1.542149e+00 -1.582588e+00 -1.492294e+00 -9.009822e-01 -1.937621e+00 -2.133834e+00
0.000000e+00 1.547633e+00 -1.467263e+00 -1.492294e+00 -1.598526e+00 -7.404278e-01 -8.624149e-01
0.000000e+00 -7.697033e-01 4.356000e-01 -9.025945e-01 -1.249754e+00 -6.375316e-02 2.992803e-02
0.000000e+00 -1.542149e+00 1.358200e+00 -3.128947e-01 8.428768e-01 6.129215e-01 6.663915e-01
0.000000e+00 7.751877e-01 -2.563503e-01 -3.128947e-01 1.540420e+00 9.240252e-02 9.412166e-02
0.000000e+00 2.742182e-03 5.509251e-01 8.665048e-01 1.453332e-01 5.088177e-01 5.474832e-01
0.000000e+00 2.742182e-03 4.356000e-01 -1.492294e+00 -1.598526e+00 3.526620e-01 2.914190e-01
0.000000e+00 -1.542149e+00 4.356000e-01 2.768051e-01 1.191649e+00 4.035063e-02 -1.455496e-01
0.000000e+00 1.547633e+00 -1.524926e+00 8.665048e-01 4.941050e-01 -8.445316e-01 -7.549489e-01
0.000000e+00 7.751877e-01 -1.351938e+00 8.665048e-01 1.540420e+00 -8.965834e-01 -8.620282e-01
0.000000e+00 1.161410e+00 -2.570019e-02 8.665048e-01 -9.009822e-01 5.088177e-01 4.322711e-01
0.000000e+00 1.547633e+00 -2.570019e-02 -9.025945e-01 4.941050e-01 6.649733e-01 5.469416e-01
0.000000e+00 3.889649e-01 1.473526e+00 -9.025945e-01 1.453332e-01 1.393700e+00 1.468281e+00
0.000000e+00 2.742182e-03 -6.599880e-01 8.665048e-01 -9.009822e-01 -5.842721e-01 -5.947339e-01
0.000000e+00 3.889649e-01 4.932626e-01 1.456205e+00 8.428768e-01 6.129215e-01 6.879956e-01
0.000000e+00 -1.155926e+00 2.626125e-01 2.768051e-01 -1.598526e+00 -1.158051e-01 -2.377300e-01
0.000000e+00 -3.834806e-01 5.509251e-01 -3.128947e-01 -2.034386e-01 3.006101e-01 3.394446e-01
0.000000e+00 -7.697033e-01 1.472874e-01 -3.128947e-01 8.428768e-01 -1.158051e-01 -1.487272e-01
0.000000e+00 7.751877e-01 1.472874e-01 -1.492294e+00 -9.009822e-01 3.006101e-01 3.436459e-01
0.000000e+00 1.547633e+00 -9.483006e-01 -3.128947e-01 1.540420e+00 -3.240126e-01 -2.445936e-01
0.000000e+00 2.742182e-03 4.356000e-01 -3.128947e-01 1.453332e-01 3.006101e-01 3.920249e-01
0.000000e+00 3.889649e-01 -1.178951e+00 2.768051e-01 1.540420e+00 -8.965834e-01 -8.762672e-01
0.000000e+00 -1.155926e+00 1.531188e+00 -3.128947e-01 -1.249754e+00 1.081388e+00 9.122194e-01
0.000000e+00 -7.697033e-01 -1.410252e-01 2.768051e-01 1.191649e+00 -4.281164e-01 -3.783973e-01
0.000000e+00 -7.697033e-01 -9.483006e-01 -9.025945e-01 -1.249754e+00 -1.208895e+00 -1.240481e+00
0.000000e+00 1.547633e+00 3.202750e-01 2.768051e-01 -2.034386e-01 8.211290e-01 8.937287e-01
0.000000e+00 7.751877e-01 4.356000e-01 -9.025945e-01 -9.009822e-01 7.170252e-01 6.331099e-01
0.000000e+00 1.161410e+00 -8.329756e-01 2.768051e-01 1.540420e+00 -1.158051e-01 -2.621754e-01
0.000000e+00 1.547633e+00 1.704176e+00 8.665048e-01 1.191649e+00 2.330634e+00 2.229745e+00
0.000000e+00 3.889649e-01 -5.446629e-01 1.456205e+00 1.191649e+00 -3.240126e-01 -2.546084e-01
0.000000e+00 -3.834806e-01 -1.410252e-01 -9.025945e-01 4.941050e-01 -3.760645e-01 -3.001495e-01
0.000000e+00 -1.542149e+00 1.472874e-01 -9.025945e-01 1.540420e+00 -5.322202e-01 -4.496060e-01
0.000000e+00 1.161410e+00 -1.409601e+00 -3.128947e-01 -2.034386e-01 -7.924797e-01 -8.673230e-01
0.000000e+00 7.751877e-01 6.085876e-01 -9.025945e-01 1.191649e+00 8.211290e-01 8.531290e-01
0.000000e+00 -1.155926e+00 -8.906381e-01 2.768051e-01 4.941050e-01 -1.104791e+00 -1.235186e+00
0.000000e+00 1.161410e+00 7.815752e-01 8.665048e-01 -1.249754e+00 1.081388e+00 1.163140e+00
0.000000e+00 2.742182e-03 -1.582588e+00 8.665048e-01 1.540420e+00 -1.365050e+00 -1.370252e+00
0.000000e+00 7.751877e-01 7.239127e-01 -3.128947e-01 -1.598526e+00 8.211290e-01 9.021679e-01
0.000000e+00 -3.834806e-01 9.545628e-01 2.768051e-01 1.540420e+00 7.170252e-01 7.857911e-01
0.000000e+00 2.742182e-03 2.626125e-01 2.768051e-01 1.540420e+00 1.444544e-01 2.988311e-01
0.000000e+00 1.161410e+00 -9.483006e-01 -1.492294e+00 -5.522104e-01 -6.363240e-01 -5.036471e-01
0.000000e+00 -1.542149e+00 -1.640251e+00 -9.025945e-01 1.540420e+00 -1.989673e+00 -2.090551e+00
0.000000e+00 -1.542149e+00 -8.336272e-02 -3.128947e-01 8.428768e-01 -7.404278e-01 -6.569515e-01
0.000000e+00 -3.834806e-01 -1.524926e+00 8.665048e-01 1.453332e-01 -1.469154e+00 -1.506375e+00
0.000000e+00 -7.697033e-01 -2.563503e-01 1.456205e+00 -1.249754e+00 -5.322202e-01 -5.060949e-01
0.000000e+00 -1.155926e+00 1.185213e+00 -1.492294e+00 -2.034386e-01 5.088177e-01 5.756352e-01
0.000000e+00 -7.697033e-01 -1.063626e+00 2.768051e-01 1.191649e+00 -1.260947e+00 -1.225337e+00
0.000000e+00 -1.542149e+00 -1.640251e+00 -9.025945e-01 1.453332e-01 -2.145829e+00 -2.131363e+00
0.000000e+00 -1.542149e+00 -7.753131e-01 8.665048e-01 1.453332e-01 -1.156843e+00 -1.262971e+00
0.000000e+00 3.889649e-01 2.626125e-01 -1.492294e+00 4.941050e-01 2.485582e-01 3.420806e-01
0.000000e+00 2.742182e-03 -1.178951e+00 2.768051e-01 -2.034386e-01 -1.104791e+00 -1.075527e+00
0.000000e+00 1.161410e+00 1.012225e+00 8.665048e-01 -9.009822e-01 1.393700e+00 1.385078e+00
0.000000e+00 -1.155926e+00 -4.870004e-01 8.665048e-01 -9.009822e-01 -7.924797e-01 -8.806669e-01
0.000000e+00 -3.834806e-01 6.085876e-01 2.768051e-01 -2.034386e-01 5.608696e-01 4.171737e-01
0.000000e+00 1.161410e+00 7.239127e-01 2.768051e-01 -5.522104e-01 1.081388e+00 1.105817e+00
0.000000e+00 3.889649e-01 -5.446629e-01 -3.128947e-01 -2.034386e-01 -4.801683e-01 -3.698066e-01
0.000000e+00 -1.542149e+00 -8.906381e-01 8.665048e-01 1.191649e+00 -1.260947e+00 -1.338230e+00
0.000000e+00 -3.834806e-01 2.626125e-01 2.768051e-01 -2.034386e-01 9.240252e-02 9.957143e-02
0.000000e+00 -1.542149e+00 1.012225e+00 1.456205e+00 -5.522104e-01 5.088177e-01 3.823635e-01
0.000000e+00 -1.155926e+00 -5.446629e-01 1.456205e+00 -5.522104e-01 -8.965834e-01 -8.986022e-01
0.000000e+00 2.742182e-03 -5.446629e-01 -1.492294e+00 -1.598526e+00 -4.801683e-01 -6.084542e-01
0.000000e+00 1.161410e+00 -5.446629e-01 -9.025945e-01 1.540420e+00 -1.158051e-01 -4.709765e-02
0.000000e+00 1.161410e+00 1.704176e+00 1.456205e+00 -5.522104e-01 2.174478e+00 2.055281e+00
0.000000e+00 -7.697033e-01 7.815752e-01 -3.128947e-01 -5.522104e-01 4.047139e-01 3.927318e-01
0.000000e+00 -3.834806e-01 8.962487e-02 2.768051e-01 1.191649e+00 -1.170127e-02 -1.841774e-02
0.000000e+00 3.889649e-01 1.415863e+00 -9.025945e-01 -5.522104e-01 1.237544e+00 1.394941e+00
0.000000e+00 -7.697033e-01 -1.467263e+00 -3.128947e-01 4.941050e-01 -1.521206e+00 -1.641074e+00
0.000000e+00 -1.155926e+00 4.932626e-01 8.665048e-01 -1.598526e+00 -1.170127e-02 -1.199689e-03
0.000000e+00 3.889649e-01 -1.236613e+00 -9.025945e-01 4.941050e-01 -9.486353e-01 -1.009401e+00
0.000000e+00 2.742182e-03 1.300538e+00 1.456205e+00 -1.249754e+00 1.185492e+00 1.219605e+00
0.000000e+00 2.742182e-03 -7.176505e-01 -3.128947e-01 8.428768e-01 -5.322202e-01 -6.462435e-01
0.000000e+00 2.742182e-03 -5.446629e-01 2.768051e-01 -1.598526e+00 -5.322202e-01 -5.340679e-01
0.000000e+00 2.742182e-03 -1.294276e+00 2.768051e-01 1.540420e+00 -1.104791e+00 -1.130379e+00
0.000000e+00 -7.697033e-01 7.815752e-01 -3.128947e-01 -9.009822e-01 5.608696e-01 3.825288e-01
0.000000e+00 7.751877e-01 1.242875e+00 8.665048e-01 8.428768e-01 1.237544e+00 1.499583e+00
0.000000e+00 3.889649e-01 2.049499e-01 1.456205e+00 1.540420e+00 4.047139e-01 4.437330e-01
0.000000e+00 -3.834806e-01 -1.178951e+00 -3.128947e-01 8.428768e-01 -1.208895e+00 -1.217958e+00
0.000000e+00 -1.155926e+00 1.185213e+00 -1.492294e+00 -2.034386e-01 4.567658e-01 5.756352e-01
0.000000e+00 1.547633e+00 6.085876e-01 -3.128947e-01 -2.034386e-01 1.185492e+00 1.133602e+00
0.000000e+00 -1.542149e+00 1.531188e+00 -3.128947e-01 8.428768e-01 7.170252e-01 8.251927e-01
0.000000e+00 -3.834806e-01 -3.716754e-01 1.456205e+00 1.540420e+00 -4.801683e-01 -3.820937e-01
0.000000e+00 -1.542149e+00 5.509251e-01 2.768051e-01 -2.034386e-01 -6.375316e-02 -8.049412e-02
0.000000e+00 3.889649e-01 -3.716754e-01 8.665048e-01 1.191649e+00 -2.199088e-01 -1.206026e-01
0.000000e+00 -3.834806e-01 1.473526e+00 -3.128947e-01 -1.598526e+00 1.185492e+00 1.145572e+00
0.000000e+00 2.742182e-03 8.962487e-02 -9.025945e-01 -2.034386e-01 -6.375316e-02 3.942413e-02
0.000000e+00 2.742182e-03 1.473526e+00 2.768051e-01 -9.009822e-01 1.289596e+00 1.339018e+00
0.000000e+00 1.547633e+00 1.472874e-01 2.768051e-01 -9.009822e-01 6.129215e-01 7.145216e-01
0.000000e+00 -1.542149e+00 4.356000e-01 -3.128947e-01 -1.249754e+00 -3.760645e-01 -2.417660e-01
0.000000e+00 -1.155926e+00 7.815752e-01 1.456205e+00 -9.009822e-01 3.006101e-01 3.086703e-01
0.000000e+00 3.889649e-01 1.531188e+00 -9.025945e-01 4.941050e-01 1.445752e+00 1.531418e+00
0.000000e+00 2.742182e-03 1.473526e+00 -3.128947e-01 8.428768e-01 1.393700e+00 1.365238e+00
0.000000e+00 7.751877e-01 1.185213e+00 -9.025945e-01 8.428768e-01 1.185492e+00 1.372263e+00
0.000000e+00 -7.697033e-01 1.646513e+00 2.768051e-01 8.428768e-01 1.185492e+00 1.252345e+00
0.000000e+00 -7.697033e-01 1.069888e+00 -9.025945e-01 -1.598526e+00 7.690771e-01 6.019960e-01
0.000000e+00 -1.155926e+00 2.049499e-01 -3.128947e-01 4.941050e-01 -3.760645e-01 -2.542412e-01
0.000000e+00 -7.697033e-01 -1.121288e+00 -1.492294e+00 -1.249754e+00 -1.521206e+00 -1.424078e+00
0.000000e+00 -1.542149e+00 3.196234e-02 -1.492294e+00 1.540420e+00 -4.801683e-01 -5.802689e-01
0.000000e+00 2.742182e-03 -7.176505e-01 -9.025945e-01 -5.522104e-01 -6.883759e-01 -7.118509e-01
0.000000e+00 2.742182e-03 -4.293379e-01 1.456205e+00 -2.034386e-01 -4.801683e-01 -3.377976e-01
0.000000e+00 7.751877e-01 1.704176e+00 -3.128947e-01 -1.598526e+00 1.862167e+00 1.802041e+00
0.000000e+00 -3.834806e-01 -4.870004e-01 8.665048e-01 -5.522104e-01 -4.281164e-01 -5.739745e-01
0.000000e+00 -7.697033e-01 7.239127e-01 -1.492294e+00 -5.522104e-01 3.006101e-01 2.902072e-01
0.000000e+00 -1.542149e+00 -7.176505e-01 2.768051e-01 1.191649e+00 -1.260947e+00 -1.204224e+00
0.000000e+00 1.161410e+00 5.509251e-01 -3.128947e-01 1.191649e+00 8.211290e-01 9.732355e-01
0.000000e+00 -7.697033e-01 9.545628e-01 -3.128947e-01 1.540420e+00 5.608696e-01 6.127509e-01
0.000000e+00 -1.155926e+00 6.085876e-01 -1.492294e+00 -1.598526e+00 -1.678569e-01 5.486051e-03
0.000000e+00 -3.834806e-01 9.545628e-01 8.665048e-01 8.428768e-01 8.211290e-01 7.901805e-01
0.000000e+00 -7.697033e-01 4.932626e-01 2.768051e-01 -5.522104e-01 2.485582e-01 1.528586e-01
0.000000e+00 -1.542149e+00 -6.023255e-01 8.665048e-01 -5.522104e-01 -1.208895e+00 -1.124576e+00
0.000000e+00 -7.697033e-01 -1.005963e+00 2.768051e-01 -2.034386e-01 -1.156843e+00 -1.213215e+00
0.000000e+00 -1.155926e+00 8.392377e-01 -1.492294e+00 -1.249754e+00 4.035063e-02 2.274239e-01
0.000000e+00 1.161410e+00 -1.697914e+00 -3.128947e-01 -1.598526e+00 -1.208895e+00 -1.172804e+00
0.000000e+00 3.889649e-01 1.242875e+00 2.768051e-01 -2.034386e-01 1.081388e+00 1.295934e+00
0.000000e+00 1.547633e+00 -1.524926e+00 -3.128947e-01 4.941050e-01 -7.924797e-01 -8.045397e-01
0.000000e+00 1.161410e+00 -3.716754e-01 -9.025945e-01 1.540420e+00 2.485582e-01 1.117035e-01
0.000000e+00 -7.697033e-01 3.202750e-01 -9.025945e-01 1.191649e+00 -6.375316e-02 -4.518430e-03
0.000000e+00 2.742182e-03 3.202750e-01 -1.492294e+00 -1.249754e+00 1.965063e-01 1.957546e-01
0.000000e+00 7.751877e-01 8.392377e-01 -1.492294e+00 8.428768e-01 9.772847e-01 1.029865e+00
0.000000e+00 2.742182e-03 -1.640251e+00 1.456205e+00 4.941050e-01 -1.365050e+00 -1.429000e+00
0.000000e+00 1.161410e+00 -1.410252e-01 -1.492294e+00 -1.249754e+00 3.006101e-01 2.170190e-01
0.000000e+00 2.742182e-03 -2.563503e-01 -9.025945e-01 -2.034386e-01 -2.719607e-01 -2.781782e-01
0.000000e+00 -1.542149e+00 -4.293379e-01 2.768051e-01 4.941050e-01 -1.000687e+00 -9.599614e-01
0.000000e+00 2.742182e-03 -8.906381e-01 8.665048e-01 -9.009822e-01 -7.404278e-01 -8.064688e-01
0.000000e+00 -3.834806e-01 3.202750e-01 -1.492294e+00 -1.249754e+00 2.485582e-01 4.750988e-02
0.000000e+00 3.889649e-01 -1.986878e-01 8.665048e-01 1.453332e-01 4.035063e-02 7.589521e-03
0.000000e+00 -7.697033e-01 -1.409601e+00 8.665048e-01 1.540420e+00 -1.677362e+00 -1.507941e+00
0.000000e+00 2.742182e-03 2.626125e-01 -9.025945e-01 1.453332e-01 4.047139e-01 2.084283e-01
0.000000e+00 -1.155926e+00 4.932626e-01 1.456205e+00 -5.522104e-01 -6.375316e-02 5.420473e-02
0.000000e+00 3.889649e-01 4.356000e-01 2.768051e-01 -1.598526e+00 4.567658e-01 5.140500e-01
0.000000e+00 3.889649e-01 2.626125e-01 -9.025945e-01 -2.034386e-01 4.567658e-01 3.464700e-01
0.000000e+00 2.742182e-03 3.202750e-01 -1.492294e+00 -1.598526e+00 1.444544e-01 1.855516e-01
0.000000e+00 3.889649e-01 -1.178951e+00 -9.025945e-01 8.428768e-01 -8.965834e-01 -9.462640e-01
0.000000e+00 7.751877e-01 -2.570019e-02 -9.025945e-01 -1.249754e+00 2.485582e-01 1.994371e-01
0.000000e+00 2.742182e-03 1.300538e+00 -9.025945e-01 1.191649e+00 1.237544e+00 1.191844e+00
0.000000e+00 -1.542149e+00 6.085876e-01 -1.492294e+00 1.191649e+00 9.240252e-02 -6.113469e-02
0.000000e+00 1.161410e+00 4.356000e-01 -1.492294e+00 -9.009822e-01 7.170252e-01 7.565592e-01
0.000000e+00 -3.834806e-01 -8.336272e-02 -9.025945e-01 1.453332e-01 -2.199088e-01 -2.574187e-01
0.000000e+00 1.547633e+00 1.242875e+00 -9.025945e-01 1.191649e+00 1.601907e+00 1.731889e+00
0.000000e+00 3.889649e-01 1.646513e+00 8.665048e-01 4.941050e-01 1.810115e+00 1.711672e+00
0.000000e+00 -1.542149e+00 7.239127e-01 2.768051e-01 -5.522104e-01 9.240252e-02 6.810404e-02
0.000000e+00 -7.697033e-01 4.932626e-01 8.665048e-01 -9.009822e-01 3.006101e-01 1.674510e-01
0.000000e+00 -7.697033e-01 1.127550e+00 1.456205e+00 -1.249754e+00 8.211290e-01 7.643144e-01
0.000000e+00 -3.834806e-01 -1.524926e+00 2.768051e-01 1.540420e+00 -1.312999e+00 -1.490359e+00
0.000000e+00 3.889649e-01 -1.467263e+00 1.456205e+00 1.540420e+00 -1.104791e+00 -1.091345e+00
0.000000e+00 7.751877e-01 -1.524926e+00 2.768051e-01 -1.598526e+00 -1.104791e+00 -1.137452e+00
0.000000e+00 -3.834806e-01 3.202750e-01 -9.025945e-01 1.540420e+00 1.444544e-01 1.539293e-01
0.000000e+00 3.889649e-01 1.646513e+00 8.665048e-01 -1.598526e+00 1.549856e+00 1.650454e+00
0.000000e+00 -1.542149e+00 8.392377e-01 2.768051e-01 -5.522104e-01 -1.170127e-02 1.739715e-01
0.000000e+00 1.161410e+00 -8.329756e-01 1.456205e+00 -5.522104e-01 -2.199088e-01 -2.738025e-01
0.000000e+00 7.751877e-01 -3.140128e-01 2.768051e-01 1.191649e+00 -1.158051e-01 5.578036e-02
0.000000e+00 1.547633e+00 -9.483006e-01 -1.492294e+00 1.540420e+00 -2.199088e-01 -2.941844e-01
0.000000e+00 -7.697033e-01 -1.121288e+00 2.768051e-01 -1.598526e+00 -1.260947e+00 -1.359895e+00
0.000000e+00 -1.155926e+00 -8.336272e-02 -9.025945e-01 -5.522104e-01 -5.842721e-01 -5.743142e-01
0.000000e+00 -1.542149e+00 2.049499e-01 -3.128947e-01 -9.009822e-01 -3.760645e-01 -4.432979e-01
0.000000e+00 -7.697033e-01 -4.870004e-01 -1.492294e+00 1.191649e+00 -7.404278e-01 -7.703859e-01
0.000000e+00 2.742182e-03 -9.483006e-01 -3.128947e-01 -2.034386e-01 -7.924797e-01 -8.885874e-01
0.000000e+00 -1.155926e+00 1.473526e+00 -9.025945e-01 1.191649e+00 8.731809e-01 9.059113e-01
0.000000e+00 -7.697033e-01 -3.716754e-01 -3.128947e-01 1.540420e+00 -7.404278e-01 -6.047246e-01
0.000000e+00 -3.834806e-01 1.646513e+00 2.768051e-01 1.453332e-01 1.185492e+00 1.380184e+00
0.000000e+00 7.751877e-01 4.932626e-01 -3.128947e-01 1.191649e+00 7.690771e-01 7.720570e-01
0.000000e+00 -7.697033e-01 -2.563503e-01 8.665048e-01 -1.598526e+00 -7.404278e-01 -5.410933e-01
0.000000e+00 1.547633e+00 7.239127e-01 -9.025945e-01 -5.522104e-01 1.185492e+00 1.204471e+00
0.000000e+00 1.161410e+00 3.202750e-01 8.665048e-01 -5.522104e-01 7.690771e-01 7.600764e-01
0.000000e+00 -3.834806e-01 4.932626e-01 -3.128947e-01 1.540420e+00 3.006101e-01 3.375259e-01
0.000000e+00 -1.542149e+00 -8.329756e-01 8.665048e-01 1.540420e+00 -1.156843e+00 -1.275093e+00
0.000000e+00 -1.542149e+00 1.588851e+00 -1.492294e+00 1.453332e-01 8.211290e-01 8.081296e-01
0.000000e+00 -1.542149e+00 4.356000e-01 -3.128947e-01 1.540420e+00 -2.199088e-01 -1.601420e-01
0.000000e+00 -1.542149e+00 1.646513e+00 1.456205e+00 -1.598526e+00 8.731809e-01 9.340254e-01
0.000000e+00 1.161410e+00 8.962487e-02 8.665048e-01 1.540420e+00 7.170252e-01 6.095595e-01
0.000000e+00 -7.697033e-01 -1.409601e+00 2.768051e-01 -2.034386e-01 -1.781466e+00 -1.583751e+00
0.000000e+00 3.889649e-01 2.049499e-01 -3.128947e-01 -9.009822e-01 3.006101e-01 2.979257e-01
0.000000e+00 -7.697033e-01 1.473526e+00 1.456205e+00 -1.598526e+00 1.081388e+00 1.071714e+00
0.000000e+00 2.742182e-03 -1.294276e+00 -1.492294e+00 1.453332e-01 -1.312999e+00 -1.245578e+00
0.000000e+00 7.751877e-01 -2.570019e-02 2.768051e-01 -9.009822e-01 1.965063e-01 2.592310e-01
0.000000e+00 -1.155926e+00 -1.986878e-01 -3.128947e-01 -5.522104e-01 -5.322202e-01 -6.553862e-01
0.000000e+00 3.889649e-01 -1.351938e+00 2.768051e-01 1.191649e+00 -8.445316e-01 -1.045271e+00
0.000000e+00 3.889649e-01 -1.986878e-01 -3.128947e-01 -1.249754e+00 -1.158051e-01 -8.281332e-02
0.000000e+00 -7.697033e-01 -3.140128e-01 -3.128947e-01 -1.598526e+00 -6.363240e-01 -6.436179e-01
0.000000e+00 3.889649e-01 1.473526e+00 -9.025945e-01 1.540420e+00 1.549856e+00 1.509093e+00
0.000000e+00 2.742182e-03 8.969003e-01 8.665048e-01 1.453332e-01 7.690771e-01 8.650855e-01
0.000000e+00 -1.155926e+00 6.085876e-01 -3.128947e-01 -1.598526e+00 4.035063e-02 5.507690e-02
0.000000e+00 1.547633e+00 -8.906381e-01 -1.492294e+00 -1.598526e+00 -1.678569e-01 -3.330777e-01
0.000000e+00 1.161410e+00 -3.140128e-01 1.456205e+00 4.941050e-01 5.088177e-01 2.332099e-01
0.000000e+00 -7.697033e-01 -4.870004e-01 8.665048e-01 -1.249754e+00 -8.445316e-01 -7.426252e-01
0.000000e+00 1.161410e+00 -7.176505e-01 -9.025945e-01 -5.522104e-01 -3.760645e-01 -2.671168e-01
0.000000e+00 1.547633e+00 -1.063626e+00 8.665048e-01 -5.522104e-01 -4.281164e-01 -3.620881e-01
0.000000e+00 -7.697033e-01 -4.293379e-01 8.665048e-01 -1.249754e+00 -7.404278e-01 -6.896915e-01
0.000000e+00 -7.697033e-01 1.185213e+00 -3.128947e-01 1.453332e-01 8.731809e-01 7.836738e-01
0.000000e+00 -1.155926e+00 8.392377e-01 -1.492294e+00 1.540420e+00 3.006101e-01 3.090479e-01
0.000000e+00 1.161410e+00 4.932626e-01 -3.128947e-01 -1.249754e+00 9.772847e-01 8.488808e-01
0.000000e+00 -1.542149e+00 -3.140128e-01 -1.492294e+00 8.428768e-01 -8.965834e-01 -9.182772e-01
0.000000e+00 1.161410e+00 -1.178951e+00 -1.492294e+00 -5.522104e-01 -6.883759e-01 -7.153820e-01
0.000000e+00 7.751877e-01 -2.570019e-02 2.768051e-01 -1.598526e+00 2.485582e-01 2.388250e-01
0.000000e+00 7.751877e-01 -1.178951e+00 -3.128947e-01 4.941050e-01 -1.052739e+00 -7.834269e-01
0.000000e+00 -7.697033e-01 2.049499e-01 -9.025945e-01 1.453332e-01 -1.678569e-01 -1.409949e-01
0.000000e+00 -1.542149e+00 8.969003e-01 1.456205e+00 1.453332e-01 3.006101e-01 2.969020e-01
0.000000e+00 -3.834806e-01 -1.005963e+00 8.665048e-01 -9.009822e-01 -1.208895e+00 -1.060581e+00
0.000000e+00 1.547633e+00 1.358200e+00 2.768051e-01 1.540420e+00 2.070374e+00 1.897551e+00
0.000000e+00 2.742182e-03 -8.336272e-02 -9.025945e-01 4.941050e-01 -1.158051e-01 -9.897103e-02
0.000000e+00 -1.542149e+00 4.356000e-01 1.456205e+00 1.453332e-01 -6.375316e-02 -1.265677e-01
0.000000e+00 2.742182e-03 6.085876e-01 1.456205e+00 1.540420e+00 7.690771e-01 6.660243e-01
0.000000e+00 1.161410e+00 8.392377e-01 -3.128947e-01 1.540420e+00 1.185492e+00 1.248107e+00
0.000000e+00 1.161410e+00 -1.236613e+00 -1.492294e+00 1.191649e+00 -6.883759e-01 -7.173007e-01
0.000000e+00 2.742182e-03 -1.005963e+00 -3.128947e-01 -9.009822e-01 -1.156843e+00 -9.619271e-01
0.000000e+00 1.547633e+00 3.779375e-01 1.456205e+00 -9.009822e-01 1.029337e+00 9.758473e-01
0.000000e+00 -1.542149e+00 -9.483006e-01 -3.128947e-01 -5.522104e-01 -1.521206e+00 -1.491769e+00
0.000000e+00 -3.834806e-01 3.779375e-01 2.768051e-01 -9.009822e-01 1.444544e-01 1.850329e-01
0.000000e+00 -7.697033e-01 -1.236613e+00 -9.025945e-01 -5.522104e-01 -1.365050e+00 -1.484744e+00
0.000000e+00 -1.155926e+00 -1.294276e+00 1.456205e+00 1.453332e-01 -1.365050e+00 -1.566335e+00
0.000000e+00 1.161410e+00 4.932626e-01 2.768051e-01 -1.598526e+00 7.690771e-01 8.634732e-01
0.000000e+00 7.751877e-01 5.509251e-01 -9.025945e-01 -1.249754e+00 6.129215e-01 7.287743e-01
0.000000e+00 1.547633e+00 1.358200e+00 2.768051e-01 1.540420e+00 1.966271e+00 1.897551e+00
0.000000e+00 -1.155926e+00 -1.582588e+00 8.665048e-01 1.453332e-01 -1.781466e+00 -1.855799e+00
0.000000e+00 -3.834806e-01 1.415863e+00 -1.492294e+00 1.453332e-01 9.772847e-01 1.094063e+00
0.000000e+00 3.889649e-01 1.473526e+00 -1.492294e+00 -1.598526e+00 1.393700e+00 1.392471e+00
0.000000e+00 -7.697033e-01 9.545628e-01 -1.492294e+00 1.453332e-01 5.088177e-01 5.223481e-01
0.000000e+00 1.161410e+00 5.509251e-01 8.665048e-01 1.191649e+00 1.029337e+00 1.022826e+00
0.000000e+00 -7.697033e-01 1.472874e-01 1.456205e+00 8.428768e-01 -1.170127e-02 -7.434089e-02
0.000000e+00 -1.155926e+00 8.962487e-02 1.456205e+00 1.540420e+00 -6.375316e-02 -2.551133e-01
0.000000e+00 -7.697033e-01 -1.351938e+00 8.665048e-01 -2.034386e-01 -1.521206e+00 -1.506022e+00
0.000000e+00 3.889649e-01 -6.599880e-01 -1.492294e+00 -5.522104e-01 -3.760645e-01 -5.354679e-01
0.000000e+00 -1.155926e+00 2.049499e-01 -1.492294e+00 1.453332e-01 -3.240126e-01 -3.140350e-01
0.000000e+00 1.161410e+00 -9.483006e-01 -9.025945e-01 -2.034386e-01 -3.240126e-01 -4.686487e-01
0.000000e+00 -1.542149e+00 1.127550e+00 -9.025945e-01 1.453332e-01 4.567658e-01 4.094552e-01
0.000000e+00 7.751877e-01 9.545628e-01 -3.128947e-01 1.540420e+00 1.341648e+00 1.205730e+00
0.000000e+00 -1.155926e+00 8.969003e-01 2.768051e-01 -9.009822e-01 4.567658e-01 3.649469e-01
0.000000e+00 3.889649e-01 1.473526e+00 -9.025945e-01 4.941050e-01 1.393700e+00 1.478484e+00
0.000000e+00 -1.155926e+00 1.531188e+00 -9.025945e-01 8.428768e-01 9.772847e-01 9.486420e-01
0.000000e+00 -1.155926e+00 -6.599880e-01 -9.025945e-01 -2.034386e-01 -1.208895e+00 -1.093448e+00
0.000000e+00 1.161410e+00 1.185213e+00 -9.025945e-01 -2.034386e-01 1.445752e+00 1.489899e+00
0.000000e+00 -1.155926e+00 1.358200e+00 8.665048e-01 -5.522104e-01 6.649733e-01 8.234151e-01
0.000000e+00 7.751877e-01 1.646513e+00 -3.128947e-01 1.540420e+00 1.810115e+00 1.840934e+00
0.000000e+00 -7.697033e-01 -2.563503e-01 -9.025945e-01 -2.034386e-01 -5.842721e-01 -5.746676e-01
0.000000e+00 1.161410e+00 -7.753131e-01 1.456205e+00 1.540420e+00 -2.199088e-01 -1.596508e-01
0.000000e+00 7.751877e-01 1.358200e+00 2.768051e-01 8.428768e-01 1.601907e+00 1.580655e+00
0.000000e+00 1.161410e+00 -1.410252e-01 -9.025945e-01 -2.034386e-01 3.526620e-01 2.724234e-01
0.000000e+00 7.751877e-01 -6.599880e-01 8.665048e-01 1.191649e+00 -3.760645e-01 -2.370265e-01
0.000000e+00 3.889649e-01 -1.986878e-01 1.456205e+00 -1.598526e+00 4.035063e-02 -1.863004e-02
0.000000e+00 7.751877e-01 1.012225e+00 -1.492294e+00 4.941050e-01 1.237544e+00 1.178464e+00
0.000000e+00 2.742182e-03 1.242875e+00 -1.492294e+00 -2.034386e-01 9.772847e-01 1.073303e+00
0.000000e+00 7.751877e-01 1.531188e+00 -3.128947e-01 -5.522104e-01 1.393700e+00 1.673849e+00
0.000000e+00 -1.542149e+00 -6.599880e-01 -1.492294e+00 -9.009822e-01 -1.208895e+00 -1.286895e+00
0.000000e+00 -1.542149e+00 1.472874e-01 -9.025945e-01 1.540420e+00 -4.801683e-01 -4.496060e-01
0.000000e+00 1.547633e+00 1.185213e+00 8.665048e-01 4.941050e-01 1.706011e+00 1.732936e+00
0.000000e+00 2.742182e-03 -1.351938e+00 -3.128947e-01 -1.249754e+00 -1.052739e+00 -1.289732e+00
0.000000e+00 2.742182e-03 -8.336272e-02 1.456205e+00 -2.034386e-01 4.035063e-02 -2.019533e-02
0.000000e+00 -7.697033e-01 1.415863e+00 -9.025945e-01 -1.249754e+00 9.772847e-01 9.298013e-01
0.000000e+00 2.742182e-03 7.239127e-01 -1.492294e+00 4.941050e-01 6.129215e-01 6.173056e-01
0.000000e+00 -7.697033e-01 -1.467263e+00 2.768051e-01 1.453332e-01 -1.677362e+00 -1.626482e+00
0.000000e+00 1.547633e+00 -2.570019e-02 -9.025945e-01 1.540420e+00 6.129215e-01 5.775505e-01
0.000000e+00 1.547633e+00 1.069888e+00 2.768051e-01 4.941050e-01 1.601907e+00 1.602273e+00
0.000000e+00 3.889649e-01 7.239127e-01 1.456205e+00 1.191649e+00 7.690771e-01 9.099335e-01
0.000000e+00 -1.542149e+00 1.473526e+00 2.768051e-01 -1.249754e+00 6.649733e-01 7.358364e-01
0.000000e+00 7.751877e-01 1.588851e+00 1.456205e+00 1.191649e+00 1.862167e+00 1.852184e+00
0.000000e+00 7.751877e-01 -1.294276e+00 -3.128947e-01 4.941050e-01 -6.883759e-01 -8.892943e-01
0.000000e+00 -3.834806e-01 6.662501e-01 8.665048e-01 -1.249754e+00 3.526620e-01 4.642939e-01
0.000000e+00 1.161410e+00 -1.063626e+00 -1.492294e+00 1.540420e+00 -5.842721e-01 -5.482966e-01
0.000000e+00 3.889649e-01 6.662501e-01 -1.492294e+00 -1.249754e+00 6.129215e-01 6.616016e-01
0.000000e+00 -3.834806e-01 -1.005963e+00 -9.025945e-01 -5.522104e-01 -1.052739e+00 -1.124764e+00
0.000000e+00 -3.834806e-01 -2.563503e-01 -1.492294e+00 -1.249754e+00 -4.801683e-01 -4.818273e-01
0.000000e+00 -1.155926e+00 -7.176505e-01 -3.128947e-01 -1.598526e+00 -1.260947e+00 -1.162399e+00
0.000000e+00 -1.155926e+00 6.662501e-01 -1.492294e+00 1.453332e-01 1.965063e-01 1.094348e-01
0.000000e+00 -3.834806e-01 1.185213e+00 -9.025945e-01 1.540420e+00 8.211290e-01 9.479351e-01
0.000000e+00 2.742182e-03 1.242875e+00 -1.492294e+00 -2.034386e-01 9.772847e-01 1.073303e+00
0.000000e+00 1.161410e+00 1.069888e+00 8.665048e-01 -9.009822e-01 1.289596e+00 1.438012e+00
0.000000e+00 3.889649e-01 -6.023255e-01 1.456205e+00 -1.598526e+00 -3.240126e-01 -3.891661e-01
0.000000e+00 -3.834806e-01 -8.329756e-01 2.768051e-01 1.191649e+00 -8.445316e-01 -8.653573e-01
0.000000e+00 7.751877e-01 3.779375e-01 2.768051e-01 8.428768e-01 6.129215e-01 6.807820e-01
0.000000e+00 1.161410e+00 -1.582588e+00 1.456205e+00 1.453332e-01 -8.965834e-01 -9.415349e-01
0.000000e+00 -1.155926e+00 -1.986878e-01 2.768051e-01 1.453332e-01 -4.281164e-01 -6.101848e-01
0.000000e+00 7.751877e-01 -8.906381e-01 8.665048e-01 -5.522104e-01 -7.404278e-01 -4.997764e-01
0.000000e+00 -1.155926e+00 1.588851e+00 -3.128947e-01 -1.249754e+00 1.029337e+00 9.651531e-01
0.000000e+00 -1.155926e+00 2.049499e-01 -9.025945e-01 -5.522104e-01 -1.158051e-01 -3.096456e-01
0.000000e+00 1.161410e+00 8.392377e-01 8.665048e-01 -1.249754e+00 1.341648e+00 1.216074e+00
0.000000e+00 -1.155926e+00 -4.870004e-01 -9.025945e-01 4.941050e-01 -9.486353e-01 -9.142412e-01
0.000000e+00 1.547633e+00 5.509251e-01 -3.128947e-01 1.191649e+00 1.133440e+00 1.121480e+00
0.000000e+00 -1.542149e+00 -4.293379e-01 8.665048e-01 -1.249754e+00 -1.000687e+00 -9.861809e-01
0.000000e+00 1.547633e+00 1.646513e+00 -1.492294e+00 1.191649e+00 2.070374e+00 2.077630e+00
0.000000e+00 -1.542149e+00 1.069888e+00 -3.128947e-01 1.191649e+00 5.088177e-01 4.119259e-01
0.000000e+00 -1.155926e+00 -1.524926e+00 2.768051e-01 8.428768e-01 -1.937621e+00 -1.807254e+00
0.000000e+00 3.889649e-01 1.185213e+00 8.665048e-01 -1.598526e+00 1.289596e+00 1.226984e+00
0.000000e+00 3.889649e-01 1.358200e+00 -3.128947e-01 -2.034386e-01 1.341648e+00 1.377006e+00
0.000000e+00 -1.542149e+00 1.531188e+00 -3.128947e-01 1.540420e+00 9.252328e-01 8.455987e-01
0.000000e+00 7.751877e-01 6.085876e-01 8.665048e-01 -5.522104e-01 9.772847e-01 8.765003e-01
0.000000e+00 1.161410e+00 -4.293379e-01 2.768051e-01 4.941050e-01 9.240252e-02 7.775165e-02
0.000000e+00 -1.155926e+00 9.545628e-01 1.456205e+00 8.428768e-01 4.567658e-01 5.184865e-01
0.000000e+00 1.161410e+00 1.704176e+00 2.768051e-01 1.540420e+00 2.174478e+00 2.066908e+00
0.000000e+00 1.547633e+00 -1.236613e+00 -3.128947e-01 8.428768e-01 -6.883759e-01 -5.296681e-01
0.000000e+00 3.889649e-01 -3.716754e-01 -9.025945e-01 -1.249754e+00 -3.760645e-01 -2.664099e-01
0.000000e+00 2.742182e-03 -5.446629e-01 1.456205e+00 -9.009822e-01 -4.801683e-01 -4.640711e-01
0.000000e+00 1.547633e+00 6.085876e-01 1.456205e+00 1.540420e+00 1.237544e+00 1.259003e+00
0.000000e+00 1.547633e+00 8.969003e-01 -3.128947e-01 1.540420e+00 1.445752e+00 1.449285e+00
0.000000e+00 -1.542149e+00 1.415863e+00 8.665048e-01 4.941050e-01 7.690771e-01 7.587131e-01
0.000000e+00 -7.697033e-01 1.300538e+00 8.665048e-01 -5.522104e-01 9.252328e-01 9.187261e-01
0.000000e+00 1.547633e+00 -8.329756e-01 8.665048e-01 1.453332e-01 4.035063e-02 -1.299473e-01
0.000000e+00 -1.155926e+00 1.473526e+00 2.768051e-01 8.428768e-01 8.211290e-01 9.452991e-01
0.000000e+00 -3.834806e-01 1.415863e+00 -1.492294e+00 8.428768e-01 1.081388e+00 1.114469e+00
0.000000e+00 -3.834806e-01 -3.140128e-01 8.665048e-01 4.941050e-01 -3.240126e-01 -3.845644e-01
0.000000e+00 -1.155926e+00 -2.563503e-01 8.665048e-01 -1.249754e+00 -6.363240e-01 -6.791351e-01
0.000000e+00 -7.697033e-01 1.069888e+00 1.456205e+00 -1.249754e+00 6.129215e-01 7.113807e-01
0.000000e+00 -7.697033e-01 8.392377e-01 -9.025945e-01 -9.009822e-01 4.047139e-01 4.106671e-01
0.000000e+00 -1.542149e+00 -1.236613e+00 -9.025945e-01 -5.522104e-01 -1.937621e+00 -1.781233e+00
0.000000e+00 3.889649e-01 -8.906381e-01 -3.128947e-01 -1.598526e+00 -6.363240e-01 -7.282210e-01
0.000000e+00 1.161410e+00 4.932626e-01 -3.128947e-01 -2.034386e-01 8.731809e-01 8.794897e-01
0.000000e+00 -7.697033e-01 1.472874e-01 -3.128947e-01 4.941050e-01 9.240252e-02 -1.589302e-01
0.000000e+00 2.742182e-03 -1.697914e+00 8.665048e-01 1.540420e+00 -1.573258e+00 -1.476120e+00
0.000000e+00 -1.542149e+00 -1.467263e+00 -9.025945e-01 -2.034386e-01 -2.093777e+00 -1.982765e+00
0.000000e+00 7.751877e-01 1.473526e+00 -3.128947e-01 4.941050e-01 1.706011e+00 1.651524e+00
0.000000e+00 -1.542149e+00 -1.236613e+00 -9.025945e-01 -2.034386e-01 -1.625310e+00 -1.771030e+00
0.000000e+00 1.547633e+00 7.815752e-01 8.665048e-01 1.540420e+00 1.341648e+00 1.393009e+00
0.000000e+00 1.161410e+00 -1.409601e+00 1.456205e+00 8.428768e-01 -7.924797e-01 -7.623278e-01
0.000000e+00 7.751877e-01 -1.410252e-01 8.665048e-01 4.941050e-01 2.485582e-01 2.189710e-01
0.000000e+00 7.751877e-01 8.392377e-01 -3.128947e-01 -1.598526e+00 9.252328e-01 1.008035e+00
0.000000e+00 2.742182e-03 -2.563503e-01 8.665048e-01 -1.598526e+00 -1.678569e-01 -2.446039e-01
0.000000e+00 2.742182e-03 -1.410252e-01 8.665048e-01 -2.034386e-01 -1.158051e-01 -9.792447e-02
0.000000e+00 2.742182e-03 5.509251e-01 -9.025945e-01 -1.249754e+00 5.088177e-01 4.322849e-01
0.000000e+00 -1.542149e+00 -8.906381e-01 -1.492294e+00 1.191649e+00 -1.312999e+00 -1.437411e+00
0.000000e+00 1.161410e+00 -1.409601e+00 2.768051e-01 -1.249754e+00 -8.445316e-01 -8.731366e-01
0.000000e+00 -1.542149e+00 -1.986878e-01 -3.128947e-01 1.191649e+00 -6.363240e-01 -7.526159e-01
0.000000e+00 -3.834806e-01 4.356000e-01 -1.492294e+00 1.540420e+00 1.965063e-01 2.350013e-01
0.000000e+00 1.547633e+00 -1.524926e+00 1.456205e+00 -1.249754e+00 -8.965834e-01 -7.811685e-01
0.000000e+00 1.547633e+00 -1.121288e+00 -3.128947e-01 -5.522104e-01 -5.842721e-01 -4.646127e-01
0.000000e+00 2.742182e-03 -5.446629e-01 -1.492294e+00 -9.009822e-01 -5.842721e-01 -5.880482e-01
0.000000e+00 -3.834806e-01 -2.570019e-02 8.665048e-01 1.453332e-01 -1.158051e-01 -1.300988e-01
0.000000e+00 -7.697033e-01 -7.176505e-01 -3.128947e-01 -5.522104e-01 -9.486353e-01 -9.835450e-01
0.000000e+00 -7.697033e-01 2.626125e-01 -1.492294e+00 1.191649e+00 -1.678569e-01 -8.224758e-02
0.000000e+00 2.742182e-03 -1.582588e+00 2.768051e-01 1.191649e+00 -1.312999e+00 -1.405251e+00
0.000000e+00 -1.542149e+00 -1.063626e+00 8.665048e-01 1.540420e+00 -1.729414e+00 -1.486828e+00
0.000000e+00 2.742182e-03 -1.986878e-01 -3.128947e-01 1.191649e+00 -2.199088e-01 -1.596371e-01
0.000000e+00 3.889649e-01 1.300538e+00 1.456205e+00 -9.009822e-01 1.393700e+00 1.378053e+00
0.000000e+00 7.751877e-01 -2.570019e-02 1.456205e+00 -9.009822e-01 4.047139e-01 3.088218e-01
0.000000e+00 1.547633e+00 -5.446629e-01 -3.128947e-01 -5.522104e-01 1.444544e-01 6.472450e-02
0.000000e+00 -7.697033e-01 4.356000e-01 -1.492294e+00 1.191649e+00 1.444544e-01 7.655358e-02
0.000000e+00 -1.155926e+00 -5.446629e-01 -3.128947e-01 1.453332e-01 -8.965834e-01 -9.525825e-01
0.000000e+00 -7.697033e-01 1.704176e+00 8.665048e-01 1.191649e+00 1.289596e+00 1.340277e+00
0.000000e+00 1.547633e+00 4.356000e-01 -9.025945e-01 8.428768e-01 7.690771e-01 9.806143e-01
0.000000e+00 7.751877e-01 5.509251e-01 1.456205e+00 4.941050e-01 8.731809e-01 8.789710e-01
0.000000e+00 1.547633e+00 -8.906381e-01 -1.492294e+00 -2.034386e-01 -3.760645e-01 -2.922657e-01
0.000000e+00 -1.155926e+00 -7.176505e-01 2.768051e-01 1.191649e+00 -1.000687e+00 -1.055979e+00
0.000000e+00 2.742182e-03 1.242875e+00 -3.128947e-01 -5.522104e-01 9.252328e-01 1.112691e+00
0.000000e+00 -3.834806e-01 -8.336272e-02 8.665048e-01 -5.522104e-01 -2.199088e-01 -2.034385e-01
0.000000e+00 -1.155926e+00 1.012225e+00 -3.128947e-01 8.428768e-01 4.047139e-01 4.970339e-01
0.000000e+00 1.547633e+00 4.356000e-01 2.768051e-01 -5.522104e-01 9.772847e-01 9.893932e-01
0.000000e+00 1.547633e+00 1.704176e+00 8.665048e-01 4.941050e-01 2.226530e+00 2.209339e+00
0.000000e+00 3.889649e-01 -5.446629e-01 2.768051e-01 -5.522104e-01 -5.322202e-01 -3.552142e-01
0.000000e+00 3.889649e-01 -7.753131e-01 8.665048e-01 -1.598526e+00 -5.322202e-01 -5.727627e-01
0.000000e+00 1.161410e+00 6.085876e-01 -9.025945e-01 1.540420e+00 9.772847e-01 1.011577e+00
0.000000e+00 3.889649e-01 1.185213e+00 1.456205e+00 1.191649e+00 1.341648e+00 1.333403e+00
0.000000e+00 -1.542149e+00 -7.176505e-01 8.665048e-01 -5.522104e-01 -1.312999e+00 -1.230444e+00
0.000000e+00 -3.834806e-01 1.531188e+00 2.768051e-01 -9.009822e-01 1.133440e+00 1.243707e+00
0.000000e+00 7.751877e-01 1.415863e+00 -1.492294e+00 -9.009822e-01 1.601907e+00 1.508188e+00
0.000000e+00 -1.155926e+00 3.779375e-01 1.456205e+00 1.191649e+00 1.444544e-01 -6.477268e-04
0.000000e+00 1.547633e+00 1.704176e+00 -9.025945e-01 8.428768e-01 2.278582e+00 2.145156e+00
0.000000e+00 1.161410e+00 4.356000e-01 -3.128947e-01 1.540420e+00 7.170252e-01 8.775710e-01
0.000000e+00 1.161410e+00 -1.063626e+00 -9.025945e-01 4.941050e-01 -4.281164e-01 -5.541101e-01
0.000000e+00 7.751877e-01 -1.121288e+00 -9.025945e-01 4.941050e-01 -6.883759e-01 -7.552886e-01
0.000000e+00 -3.834806e-01 1.012225e+00 -3.128947e-01 -5.522104e-01 9.252328e-01 7.527114e-01
0.000000e+00 -1.155926e+00 1.242875e+00 8.665048e-01 -9.009822e-01 8.211290e-01 7.073447e-01
0.000000e+00 -7.697033e-01 1.069888e+00 -9.025945e-01 -5.522104e-01 6.649733e-01 6.326049e-01
0.000000e+00 3.889649e-01 -6.023255e-01 1.456205e+00 1.453332e-01 -4.281164e-01 -3.381511e-01
0.000000e+00 2.742182e-03 -1.236613e+00 -9.025945e-01 -5.522104e-01 -1.260947e+00 -1.188254e+00
0.000000e+00 1.161410e+00 -1.697914e+00 -1.492294e+00 -5.522104e-01 -1.260947e+00 -1.191785e+00
0.000000e+00 3.889649e-01 1.588851e+00 1.456205e+00 -1.249754e+00 1.601907e+00 1.632518e+00
0.000000e+00 3.889649e-01 -1.582588e+00 -1.492294e+00 4.941050e-01 -1.469154e+00 -1.351798e+00
0.000000e+00 -1.542149e+00 -5.446629e-01 1.456205e+00 1.453332e-01 -1.208895e+00 -1.026441e+00
0.000000e+00 -3.834806e-01 -4.293379e-01 2.768051e-01 -1.249754e+00 -7.404278e-01 -5.662422e-01
0.000000e+00 2.742182e-03 -1.236613e+00 -3.128947e-01 -2.034386e-01 -1.156843e+00 -1.153256e+00
0.000000e+00 -7.697033e-01 1.358200e+00 1.456205e+00 1.453332e-01 1.029337e+00 1.016861e+00
0.000000e+00 1.547633e+00 -6.599880e-01 1.456205e+00 -2.034386e-01 9.240252e-02 4.344634e-02
0.000000e+00 -1.542149e+00 8.392377e-01 8.665048e-01 -5.522104e-01 1.965063e-01 1.987669e-01
0.000000e+00 3.889649e-01 1.415863e+00 8.665048e-01 1.191649e+00 1.653959e+00 1.520343e+00
0.000000e+00 3.889649e-01 8.969003e-01 2.768051e-01 -9.009822e-01 8.731809e-01 9.579258e-01
0.000000e+00 2.742182e-03 1.242875e+00 8.665048e-01 -1.249754e+00 1.185492e+00 1.141876e+00
0.000000e+00 2.742182e-03 -6.599880e-01 8.665048e-01 1.191649e+00 -4.801683e-01 -5.335160e-01
0.000000e+00 2.742182e-03 -4.293379e-01 -1.492294e+00 8.428768e-01 -4.281164e-01 -4.311658e-01
0.000000e+00 3.889649e-01 -1.986878e-01 8.665048e-01 1.191649e+00 1.444544e-01 3.819851e-02
0.000000e+00 1.161410e+00 -1.986878e-01 8.665048e-01 1.540420e+00 4.047139e-01 3.448909e-01
0.000000e+00 -1.155926e+00 4.932626e-01 2.768051e-01 -9.009822e-01 4.035063e-02 -5.589120e-03
0.000000e+00 3.889649e-01 3.202750e-01 2.768051e-01 -1.598526e+00 3.526620e-01 4.081826e-01
0.000000e+00 -1.542149e+00 -1.063626e+00 -9.025945e-01 -1.598526e+00 -1.677362e+00 -1.653041e+00
0.000000e+00 -3.834806e-01 1.415863e+00 8.665048e-01 -9.009822e-01 9.252328e-01 1.162635e+00
0.000000e+00 -7.697033e-01 -1.986878e-01 8.665048e-01 -5.522104e-01 -4.801683e-01 -4.575506e-01
0.000000e+00 1.547633e+00 8.969003e-01 1.456205e+00 -1.249754e+00 1.289596e+00 1.442048e+00
0.000000e+00 -7.697033e-01 2.049499e-01 8.665048e-01 8.428768e-01 1.965063e-01 -4.620259e-02
0.000000e+00 3.889649e-01 1.472874e-01 -1.492294e+00 -9.009822e-01 2.485582e-01 1.954012e-01
0.000000e+00 -1.542149e+00 -1.410252e-01 1.456205e+00 -5.522104e-01 -7.404278e-01 -6.763109e-01
0.000000e+00 3.889649e-01 3.196234e-02 8.665048e-01 1.453332e-01 3.006101e-01 2.193244e-01
0.000000e+00 -3.834806e-01 8.962487e-02 -1.492294e+00 1.540420e+00 -2.199088e-01 -8.260102e-02
0.000000e+00 1.161410e+00 1.127550e+00 -9.025945e-01 1.453332e-01 1.393700e+00 1.447168e+00
0.000000e+00 1.547633e+00 -6.023255e-01 1.456205e+00 -1.249754e+00 -1.170127e-02 6.577106e-02
0.000000e+00 -3.834806e-01 5.509251e-01 -3.128947e-01 1.453332e-01 4.567658e-01 3.496476e-01
0.000000e+00 3.889649e-01 2.626125e-01 8.665048e-01 -5.522104e-01 3.006101e-01 4.106533e-01
0.000000e+00 -1.542149e+00 3.196234e-02 1.456205e+00 -2.034386e-01 -5.842721e-01 -5.073068e-01
0.000000e+00 -3.834806e-01 1.588851e+00 2.768051e-01 4.941050e-01 1.341648e+00 1.337453e+00
0.000000e+00 7.751877e-01 3.196234e-02 1.456205e+00 4.941050e-01 4.567658e-01 4.025675e-01
0.000000e+00 -1.542149e+00 4.356000e-01 2.768051e-01 1.453332e-01 -1.158051e-01 -1.761586e-01
0.000000e+00 1.161410e+00 -4.870004e-01 8.665048e-01 1.540420e+00 -1.170127e-02 8.022234e-02
0.000000e+00 3.889649e-01 8.392377e-01 -1.492294e+00 1.453332e-01 8.731809e-01 8.612148e-01
0.000000e+00 2.742182e-03 6.085876e-01 2.768051e-01 1.453332e-01 5.088177e-01 5.756215e-01
0.000000e+00 1.547633e+00 -1.236613e+00 1.456205e+00 -5.522104e-01 -5.842721e-01 -4.960939e-01
0.000000e+00 -1.155926e+00 1.242875e+00 1.456205e+00 -9.009822e-01 7.690771e-01 7.321401e-01
0.000000e+00 2.742182e-03 -1.236613e+00 2.768051e-01 -1.598526e+00 -1.104791e+00 -1.169273e+00
0.000000e+00 3.889649e-01 -8.906381e-01 -9.025945e-01 -9.009822e-01 -7.404278e-01 -7.326104e-01
0.000000e+00 7.751877e-01 -1.005963e+00 -9.025945e-01 -9.009822e-01 -6.363240e-01 -6.902331e-01
0.000000e+00 2.742182e-03 -4.870004e-01 -9.025945e-01 1.191649e+00 -3.760645e-01 -4.491011e-01
0.000000e+00 1.547633e+00 -8.329756e-01 2.768051e-01 -9.009822e-01 -4.801683e-01 -1.853517e-01
0.000000e+00 -1.542149e+00 8.962487e-02 2.768051e-01 8.428768e-01 -4.281164e-01 -4.733549e-01
0.000000e+00 7.751877e-01 -1.640251e+00 1.456205e+00 8.428768e-01 -9.486353e-01 -1.122307e+00
0.000000e+00 7.751877e-01 -2.563503e-01 8.665048e-01 -9.009822e-01 4.035063e-02 7.229153e-02
0.000000e+00 -3.834806e-01 -9.483006e-01 8.665048e-01 1.540420e+00 -7.924797e-01 -9.362263e-01
0.000000e+00 1.547633e+00 1.646513e+00 -1.492294e+00 1.540420e+00 2.122426e+00 2.087833e+00
0.000000e+00 2.742182e-03 4.356000e-01 2.768051e-01 1.453332e-01 4.047139e-01 4.168203e-01
0.000000e+00 -3.834806e-01 2.049499e-01 8.665048e-01 8.428768e-01 1.444544e-01 1.020421e-01
0.000000e+00 7.751877e-01 -1.294276e+00 8.665048e-01 8.428768e-01 -1.000687e+00 -8.295005e-01
0.000000e+00 -3.834806e-01 3.202750e-01 -9.025945e-01 1.540420e+00 3.006101e-01 1.539293e-01
0.000000e+00 -7.697033e-01 -5.446629e-01 -9.025945e-01 1.540420e+00 -8.445316e-01 -7.883212e-01
0.000000e+00 1.547633e+00 1.473526e+00 -9.025945e-01 1.191649e+00 1.810115e+00 1.943624e+00
0.000000e+00 1.161410e+00 8.969003e-01 -3.128947e-01 1.191649e+00 1.237544e+00 1.290838e+00
0.000000e+00 -1.542149e+00 7.239127e-01 8.665048e-01 8.428768e-01 1.444544e-01 1.337115e-01
0.000000e+00 7.751877e-01 1.473526e+00 -9.025945e-01 4.941050e-01 1.758063e+00 1.626729e+00
0.000000e+00 1.547633e+00 -1.410252e-01 -9.025945e-01 1.540420e+00 4.567658e-01 4.716831e-01
0.000000e+00 1.161410e+00 8.969003e-01 2.768051e-01 -9.009822e-01 1.185492e+00 1.254415e+00
0.000000e+00 1.161410e+00 7.815752e-01 1.456205e+00 4.941050e-01 1.237544e+00 1.238951e+00
0.000000e+00 3.889649e-01 1.012225e+00 -9.025945e-01 -5.522104e-01 8.731809e-01 1.024405e+00
0.000000e+00 -3.834806e-01 -1.409601e+00 2.768051e-01 -1.249754e+00 -1.521206e+00 -1.466115e+00
0.000000e+00 1.161410e+00 -6.023255e-01 -1.492294e+00 8.428768e-01 -1.678569e-01 -1.452328e-01
0.000000e+00 -7.697033e-01 3.196234e-02 -9.025945e-01 -1.249754e+00 -3.240126e-01 -3.406080e-01
0.000000e+00 1.547633e+00 1.472874e-01 1.456205e+00 -1.598526e+00 5.608696e-01 7.437064e-01
0.000000e+00 -1.155926e+00 7.815752e-01 2.768051e-01 -2.034386e-01 1.965063e-01 2.794855e-01
0.000000e+00 -1.155926e+00 -1.351938e+00 1.456205e+00 1.540420e+00 -1.417102e+00 -1.578456e+00
0.000000e+00 7.751877e-01 -1.294276e+00 -9.025945e-01 1.191649e+00 -8.445316e-01 -8.936837e-01
0.000000e+00 -3.834806e-01 -1.236613e+00 -1.492294e+00 -2.034386e-01 -1.260947e+00 -1.351092e+00
0.000000e+00 1.161410e+00 -1.640251e+00 -9.025945e-01 -1.249754e+00 -1.156843e+00 -1.134462e+00
0.000000e+00 1.547633e+00 -7.753131e-01 2.768051e-01 1.540420e+00 9.240252e-02 -6.099697e-02
0.000000e+00 7.751877e-01 1.242875e+00 -1.492294e+00 -5.522104e-01 1.445752e+00 1.359590e+00
0.000000e+00 2.742182e-03 8.392377e-01 -1.492294e+00 8.428768e-01 7.170252e-01 7.333761e-01
0.000000e+00 1.161410e+00 3.779375e-01 -1.492294e+00 4.941050e-01 8.211290e-01 7.444375e-01
0.000000e+00 -3.834806e-01 6.662501e-01 -3.128947e-01 -2.034386e-01 3.526620e-01 4.453120e-01
0.000000e+00 -1.155926e+00 7.815752e-01 2.768051e-01 -5.522104e-01 1.444544e-01 2.692825e-01
0.000000e+00 3.889649e-01 -7.753131e-01 -3.128947e-01 -2.034386e-01 -4.801683e-01 -5.815415e-01
0.000000e+00 1.547633e+00 1.300538e+00 1.456205e+00 4.941050e-01 1.966271e+00 1.863599e+00
0.000000e+00 -1.542149e+00 4.356000e-01 -1.492294e+00 -2.034386e-01 -3.760645e-01 -2.607478e-01
0.000000e+00 7.751877e-01 2.626125e-01 -3.128947e-01 8.428768e-01 6.649733e-01 5.501191e-01
0.000000e+00 1.547633e+00 1.704176e+00 -9.025945e-01 4.941050e-01 2.174478e+00 2.134953e+00
0.000000e+00 1.547633e+00 9.545628e-01 -3.128947e-01 4.941050e-01 1.393700e+00 1.471610e+00
0.000000e+00 -7.697033e-01 4.932626e-01 8.665048e-01 1.191649e+00 9.240252e-02 2.286690e-01
0.000000e+00 2.742182e-03 -2.570019e-02 1.456205e+00 8.428768e-01 -1.170127e-02 6.334738e-02
0.000000e+00 1.161410e+00 -1.409601e+00 -1.492294e+00 8.428768e-01 -9.486353e-01 -8.863049e-01
0.000000e+00 1.161410e+00 -1.524926e+00 -1.492294e+00 1.453332e-01 -1.052739e+00 -1.012578e+00
0.000000e+00 -3.834806e-01 1.185213e+00 1.456205e+00 4.941050e-01 8.731809e-01 1.016508e+00
0.000000e+00 -1.542149e+00 3.779375e-01 1.456205e+00 8.428768e-01 -2.199088e-01 -1.590954e-01
0.000000e+00 -1.542149e+00 2.626125e-01 2.768051e-01 -2.034386e-01 -2.719607e-01 -3.451627e-01
0.000000e+00 -3.834806e-01 1.588851e+00 -9.025945e-01 1.540420e+00 1.393700e+00 1.318471e+00
0.000000e+00 3.889649e-01 1.531188e+00 1.456205e+00 -1.249754e+00 1.497804e+00 1.579585e+00
0.000000e+00 1.161410e+00 -1.236613e+00 1.456205e+00 4.941050e-01 -4.801683e-01 -6.137296e-01
0.000000e+00 3.889649e-01 -1.409601e+00 2.768051e-01 1.540420e+00 -1.104791e+00 -1.088002e+00
0.000000e+00 1.547633e+00 -1.005963e+00 1.456205e+00 -9.009822e-01 -1.170127e-02 -2.945620e-01
0.000000e+00 1.547633e+00 1.646513e+00 -3.128947e-01 1.540420e+00 2.070374e+00 2.137424e+00
0.000000e+00 -1.155926e+00 -4.870004e-01 8.665048e-01 8.428768e-01 -7.924797e-01 -8.296520e-01
0.000000e+00 -1.542149e+00 -1.410252e-01 8.665048e-01 1.453332e-01 -6.883759e-01 -6.807003e-01
0.000000e+00 -1.155926e+00 -2.570019e-02 8.665048e-01 -5.522104e-01 -5.322202e-01 -4.469942e-01
0.000000e+00 2.742182e-03 1.242875e+00 1.456205e+00 -1.249754e+00 1.289596e+00 1.166671e+00
0.000000e+00 -3.834806e-01 3.202750e-01 8.665048e-01 4.941050e-01 2.485582e-01 1.977066e-01
0.000000e+00 -3.834806e-01 -1.640251e+00 -9.025945e-01 -1.598526e+00 -1.781466e+00 -1.737644e+00
0.000000e+00 1.547633e+00 1.588851e+00 -3.128947e-01 4.941050e-01 2.070374e+00 2.053881e+00
0.000000e+00 1.161410e+00 3.202750e-01 8.665048e-01 1.540420e+00 8.731809e-01 8.212944e-01
0.000000e+00 3.889649e-01 -1.294276e+00 -1.492294e+00 1.540420e+00 -1.052739e+00 -1.056521e+00
0.000000e+00 -1.542149e+00 8.392377e-01 1.456205e+00 4.941050e-01 1.444544e-01 2.541713e-01
0.000000e+00 -1.155926e+00 6.662501e-01 -3.128947e-01 1.540420e+00 1.965063e-01 1.998376e-01
0.000000e+00 3.889649e-01 1.127550e+00 -9.025945e-01 -9.009822e-01 1.133440e+00 1.120070e+00
0.000000e+00 -1.155926e+00 -1.236613e+00 8.665048e-01 -5.522104e-01 -1.677362e+00 -1.558602e+00
0.000000e+00 2.742182e-03 -1.697914e+00 -9.025945e-01 -5.522104e-01 -1.521206e+00 -1.611724e+00
0.000000e+00 2.742182e-03 -1.005963e+00 1.456205e+00 -5.522104e-01 -8.445316e-01 -8.773378e-01
0.000000e+00 3.889649e-01 1.127550e+00 8.665048e-01 1.191649e+00 1.237544e+00 1.255674e+00
0.000000e+00 3.889649e-01 -8.906381e-01 -1.492294e+00 1.453332e-01 -8.445316e-01 -7.267968e-01
0.000000e+00 3.889649e-01 8.962487e-02 -3.128947e-01 1.540420e+00 3.006101e-01 2.634793e-01
0.000000e+00 -1.155926e+00 2.049499e-01 -1.492294e+00 1.191649e+00 -4.281164e-01 -2.834260e-01
0.000000e+00 -7.697033e-01 7.239127e-01 8.665048e-01 -5.522104e-01 4.047139e-01 3.893889e-01
0.000000e+00 3.889649e-01 3.196234e-02 2.768051e-01 4.941050e-01 3.006101e-01 2.047320e-01
0.000000e+00 1.161410e+00 -9.483006e-01 -3.128947e-01 1.540420e+00 -2.199088e-01 -3.928383e-01
0.000000e+00 -1.542149e+00 1.358200e+00 -9.025945e-01 1.191649e+00 6.649733e-01 6.517991e-01
0.000000e+00 -1.542149e+00 9.545628e-01 8.665048e-01 1.540420e+00 5.608696e-01 3.658523e-01
0.000000e+00 -1.155926e+00 -9.483006e-01 -1.492294e+00 -9.009822e-01 -1.365050e+00 -1.403318e+00
0.000000e+00 3.889649e-01 1.012225e+00 1.456205e+00 -9.009822e-01 1.185492e+00 1.113384e+00
0.000000e+00 1.547633e+00 1.415863e+00 2.768051e-01 1.453332e-01 2.018323e+00 1.909672e+00
0.000000e+00 -3.834806e-01 -8.336272e-02 1.456205e+00 8.428768e-01 4.035063e-02 -1.378311e-01
0.000000e+00 -7.697033e-01 9.545628e-01 8.665048e-01 -1.598526e+00 6.649733e-01 5.705148e-01
0.000000e+00 1.161410e+00 -6.599880e-01 -9.025945e-01 -5.522104e-01 -2.719607e-01 -2.141831e-01
0.000000e+00 1.547633e+00 -1.986878e-01 -1.492294e+00 8.428768e-01 3.526620e-01 3.735480e-01
0.000000e+00 2.742182e-03 -1.236613e+00 -3.128947e-01 1.453332e-01 -1.260947e+00 -1.143053e+00
0.000000e+00 1.547633e+00 3.779375e-01 2.768051e-01 -1.249754e+00 9.252328e-01 9.160535e-01
0.000000e+00 -1.155926e+00 3.779375e-01 8.665048e-01 8.428768e-01 9.240252e-02 -3.564615e-02
0.000000e+00 -7.697033e-01 7.239127e-01 8.665048e-01 -1.598526e+00 2.485582e-01 3.587799e-01
0.000000e+00 7.751877e-01 -1.410252e-01 8.665048e-01 -1.598526e+00 4.035063e-02 1.577530e-01
0.000000e+00 7.751877e-01 1.242875e+00 8.665048e-01 4.941050e-01 1.706011e+00 1.489380e+00
0.000000e+00 3.889649e-01 1.531188e+00 -1.492294e+00 1.540420e+00 1.497804e+00 1.537231e+00
0.000000e+00 3.889649e-01 -3.716754e-01 -3.128947e-01 -9.009822e-01 -3.760645e-01 -2.314115e-01
0.000000e+00 -1.155926e+00 -1.410252e-01 -9.025945e-01 8.428768e-01 -7.404278e-01 -5.864359e-01
0.000000e+00 3.889649e-01 3.202750e-01 2.768051e-01 1.191649e+00 5.088177e-01 4.898066e-01
0.000000e+00 -3.834806e-01 1.242875e+00 8.665048e-01 8.428768e-01 9.772847e-01 1.054849e+00
0.000000e+00 -7.697033e-01 -7.176505e-01 1.456205e+00 -1.598526e+00 -8.965834e-01 -9.397677e-01
0.000000e+00 -1.155926e+00 -3.140128e-01 8.665048e-01 -1.598526e+00 -7.924797e-01 -7.422718e-01
0.000000e+00 -1.542149e+00 2.626125e-01 -3.128947e-01 1.453332e-01 -3.240126e-01 -3.597551e-01
0.000000e+00 2.742182e-03 -1.524926e+00 -3.128947e-01 -1.598526e+00 -1.312999e+00 -1.458737e+00
0.000000e+00 -1.155926e+00 -9.483006e-01 -1.492294e+00 8.428768e-01 -1.365050e+00 -1.352303e+00
0.000000e+00 -1.155926e+00 4.932626e-01 -1.492294e+00 1.453332e-01 9.240252e-02 -4.936640e-02
0.000000e+00 7.751877e-01 -2.563503e-01 1.456205e+00 -2.034386e-01 1.444544e-01 1.174929e-01
0.000000e+00 1.161410e+00 -1.294276e+00 1.456205e+00 1.453332e-01 -7.924797e-01 -6.768663e-01
0.000000e+00 1.161410e+00 -3.716754e-01 -1.492294e+00 -5.522104e-01 2.485582e-01 2.569010e-02
0.000000e+00 -3.834806e-01 -8.329756e-01 2.768051e-01 -1.598526e+00 -7.404278e-01 -9.469812e-01
0.000000e+00 -1.542149e+00 -6.023255e-01 1.456205e+00 4.941050e-01 -1.104791e+00 -1.069172e+00
0.000000e+00 7.751877e-01 -8.906381e-01 -1.492294e+00 1.540420e+00 -4.801683e-01 -5.377401e-01
0.000000e+00 -1.542149e+00 -1.351938e+00 8.665048e-01 1.191649e+00 -1.625310e+00 -1.761699e+00
0.000000e+00 -3.834806e-01 1.588851e+00 -1.492294e+00 -5.522104e-01 1.237544e+00 1.232458e+00
0.000000e+00 1.161410e+00 -7.753131e-01 2.768051e-01 -5.522104e-01 -1.678569e-01 -2.704597e-01
0.000000e+00 -1.155926e+00 -4.870004e-01 -1.492294e+00 1.191649e+00 -1.000687e+00 -9.186307e-01
0.000000e+00 3.889649e-01 -4.870004e-01 -1.492294e+00 -5.522104e-01 -1.678569e-01 -3.766668e-01
0.000000e+00 3.889649e-01 1.358200e+00 8.665048e-01 1.540420e+00 1.497804e+00 1.477612e+00
0.000000e+00 1.547633e+00 -1.063626e+00 1.456205e+00 -5.522104e-01 -2.719607e-01 -3.372927e-01
0.000000e+00 2.742182e-03 -7.176505e-01 8.665048e-01 8.428768e-01 -4.281164e-01 -5.966527e-01
0.000000e+00 -3.834806e-01 1.473526e+00 8.665048e-01 -5.522104e-01 1.341648e+00 1.225772e+00
0.000000e+00 2.742182e-03 8.969003e-01 -1.492294e+00 1.191649e+00 7.690771e-01 7.965128e-01
0.000000e+00 2.742182e-03 9.545628e-01 8.665048e-01 8.428768e-01 1.133440e+00 9.384252e-01
0.000000e+00 1.161410e+00 -8.906381e-01 -3.128947e-01 -2.034386e-01 -3.240126e-01 -3.909195e-01
0.000000e+00 1.161410e+00 3.779375e-01 -9.025945e-01 1.191649e+00 7.690771e-01 7.896389e-01
0.000000e+00 -1.155926e+00 -8.329756e-01 -9.025945e-01 8.428768e-01 -1.417102e+00 -1.221641e+00
0.000000e+00 7.751877e-01 -1.467263e+00 8.665048e-01 1.540420e+00 -1.000687e+00 -9.678956e-01
0.000000e+00 1.161410e+00 -1.640251e+00 1.456205e+00 -5.522104e-01 -1.104791e+00 -1.014875e+00
0.000000e+00 3.889649e-01 1.242875e+00 2.768051e-01 -5.522104e-01 1.289596e+00 1.285731e+00
0.000000e+00 2.742182e-03 -1.410252e-01 8.665048e-01 -1.598526e+00 -2.199088e-01 -1.387365e-01
0.000000e+00 1.547633e+00 1.531188e+00 1.456205e+00 -5.522104e-01 2.070374e+00 2.044725e+00
0.000000e+00 -7.697033e-01 6.085876e-01 8.665048e-01 8.428768e-01 2.485582e-01 3.243334e-01
0.000000e+00 -3.834806e-01 1.358200e+00 -1.492294e+00 -2.034386e-01 1.185492e+00 1.030926e+00
0.000000e+00 1.547633e+00 -1.986878e-01 1.456205e+00 1.453332e-01 5.088177e-01 4.771191e-01
0.000000e+00 3.889649e-01 3.196234e-02 2.768051e-01 -5.522104e-01 9.240252e-02 1.741230e-01
0.000000e+00 1.161410e+00 6.085876e-01 8.665048e-01 -2.034386e-01 1.029337e+00 1.034948e+00
0.000000e+00 7.751877e-01 3.202750e-01 -3.128947e-01 1.540420e+00 7.170252e-01 6.234589e-01
0.000000e+00 -1.155926e+00 9.545628e-01 1.456205e+00 8.428768e-01 3.526620e-01 5.184865e-01
0.000000e+00 -7.697033e-01 7.239127e-01 -9.025945e-01 1.191649e+00 4.047139e-01 3.660176e-01
0.000000e+00 -1.542149e+00 -1.697914e+00 1.456205e+00 -9.009822e-01 -2.301985e+00 -2.115724e+00
0.000000e+00 1.547633e+00 1.127550e+00 -3.128947e-01 1.540420e+00 1.862167e+00 1.661020e+00
0.000000e+00 7.751877e-01 -8.336272e-02 -3.128947e-01 -5.522104e-01 1.444544e-01 1.917048e-01
0.000000e+00 -1.542149e+00 -1.697914e+00 -3.128947e-01 -1.598526e+00 -2.093777e+00 -2.210517e+00
0.000000e+00 -7.697033e-01 -1.294276e+00 2.768051e-01 -2.034386e-01 -1.625310e+00 -1.477884e+00
0.000000e+00 -3.834806e-01 1.531188e+00 2.768051e-01 -5.522104e-01 1.289596e+00 1.253910e+00
0.000000e+00 -3.834806e-01 -8.329756e-01 1.456205e+00 1.453332e-01 -1.000687e+00 -8.463754e-01
0.000000e+00 2.742182e-03 1.588851e+00 2.768051e-01 1.453332e-01 1.445752e+00 1.475495e+00
0.000000e+00 -7.697033e-01 -1.410252e-01 -9.025945e-01 1.540420e+00 -3.240126e-01 -4.177852e-01
0.000000e+00 -7.697033e-01 -4.870004e-01 -1.492294e+00 1.453332e-01 -7.404278e-01 -8.009949e-01
0.000000e+00 -1.542149e+00 -7.176505e-01 1.456205e+00 -9.009822e-01 -1.156843e+00 -1.215851e+00
0.000000e+00 7.751877e-01 -4.870004e-01 8.665048e-01 4.941050e-01 -1.678569e-01 -9.863137e-02
0.000000e+00 -1.542149e+00 6.085876e-01 8.665048e-01 -9.009822e-01 -1.678569e-01 -2.317097e-02
0.000000e+00 -1.155926e+00 -1.063626e+00 1.456205e+00 1.453332e-01 -1.260947e+00 -1.354600e+00
0.000000e+00 -3.834806e-01 -6.599880e-01 -1.492294e+00 1.540420e+00 -8.965834e-01 -7.707394e-01
0.000000e+00 -3.834806e-01 -3.140128e-01 8.665048e-01 -1.598526e+00 -5.322202e-01 -4.457823e-01
0.000000e+00 2.742182e-03 1.127550e+00 1.456205e+00 8.428768e-01 1.237544e+00 1.122022e+00
0.000000e+00 -1.155926e+00 1.646513e+00 1.456205e+00 4.941050e-01 1.185492e+00 1.143488e+00
0.000000e+00 -3.834806e-01 -1.467263e+00 -3.128947e-01 1.191649e+00 -1.625310e+00 -1.472424e+00
0.000000e+00 -1.542149e+00 1.646513e+00 -9.025945e-01 -9.009822e-01 8.731809e-01 8.552497e-01
0.000000e+00 -1.155926e+00 2.049499e-01 8.665048e-01 8.428768e-01 -1.678569e-01 -1.944473e-01
0.000000e+00 -1.542149e+00 4.932626e-01 -9.025945e-01 -1.249754e+00 -2.719607e-01 -2.136277e-01
0.000000e+00 -3.834806e-01 1.646513e+00 1.456205e+00 1.191649e+00 1.445752e+00 1.460384e+00
0.000000e+00 -3.834806e-01 -1.178951e+00 -1.492294e+00 -1.598526e+00 -1.208895e+00 -1.338970e+00
0.000000e+00 7.751877e-01 9.545628e-01 1.456205e+00 1.540420e+00 1.497804e+00 1.280116e+00
0.000000e+00 1.547633e+00 1.531188e+00 8.665048e-01 4.941050e-01 2.070374e+00 2.050538e+00
0.000000e+00 1.547633e+00 -1.351938e+00 -9.025945e-01 1.540420e+00 -6.363240e-01 -6.399250e-01
0.000000e+00 2.742182e-03 1.704176e+00 -3.128947e-01 -1.598526e+00 1.393700e+00 1.505552e+00
0.000000e+00 -1.542149e+00 3.779375e-01 -3.128947e-01 1.453332e-01 -6.375316e-02 -2.538877e-01
0.000000e+00 -1.542149e+00 9.545628e-01 1.456205e+00 -1.598526e+00 1.965063e-01 2.988208e-01
0.000000e+00 3.889649e-01 1.242875e+00 -1.492294e+00 -5.522104e-01 1.185492e+00 1.211345e+00
0.000000e+00 -1.155926e+00 1.704176e+00 2.768051e-01 4.941050e-01 1.237544e+00 1.146831e+00
0.000000e+00 1.161410e+00 1.242875e+00 8.665048e-01 -1.249754e+00 1.653959e+00 1.586610e+00
0.000000e+00 1.547633e+00 -8.906381e-01 1.456205e+00 -9.009822e-01 -1.158051e-01 -1.886945e-01
0.000000e+00 -3.834806e-01 6.662501e-01 -3.128947e-01 -5.522104e-01 5.088177e-01 4.351090e-01
0.000000e+00 2.742182e-03 -3.716754e-01 -3.128947e-01 1.453332e-01 -3.760645e-01 -3.490472e-01
0.000000e+00 1.161410e+00 -2.563503e-01 -1.492294e+00 1.191649e+00 3.006101e-01 1.825725e-01
0.000000e+00 -7.697033e-01 -2.563503e-01 -3.128947e-01 -5.522104e-01 -7.404278e-01 -5.600752e-01
0.000000e+00 2.742182e-03 8.969003e-01 8.665048e-01 1.453332e-01 1.029337e+00 8.650855e-01
0.000000e+00 -7.697033e-01 -2.563503e-01 -1.492294e+00 4.941050e-01 -5.842721e-01 -5.790571e-01
0.000000e+00 -7.697033e-01 1.588851e+00 -9.025945e-01 -5.522104e-01 1.237544e+00 1.109008e+00
0.000000e+00 -7.697033e-01 -1.178951e+00 -1.492294e+00 1.453332e-01 -1.365050e+00 -1.436200e+00
0.000000e+00 7.751877e-01 -7.753131e-01 8.665048e-01 -9.009822e-01 -5.842721e-01 -4.041120e-01
0.000000e+00 7.751877e-01 1.300538e+00 8.665048e-01 -2.034386e-01 1.549856e+00 1.521908e+00
0.000000e+00 7.751877e-01 -9.483006e-01 -9.025945e-01 1.540420e+00 -7.924797e-01 -5.658784e-01
0.000000e+00 1.161410e+00 -1.640251e+00 1.456205e+00 -5.522104e-01 -1.000687e+00 -1.014875e+00
0.000000e+00 2.742182e-03 1.012225e+00 -1.492294e+00 4.941050e-01 8.731809e-01 8.819742e-01
0.000000e+00 2.742182e-03 -1.005963e+00 8.665048e-01 1.453332e-01 -1.000687e+00 -8.817273e-01
0.000000e+00 -3.834806e-01 -1.986878e-01 8.665048e-01 4.941050e-01 -2.199088e-01 -2.786969e-01
0.000000e+00 7.751877e-01 -1.236613e+00 -9.025945e-01 1.453332e-01 -8.965834e-01 -8.713590e-01
0.000000e+00 -3.834806e-01 -1.351938e+00 2.768051e-01 -1.249754e+00 -1.417102e+00 -1.413182e+00
0.000000e+00 -1.155926e+00 1.012225e+00 -1.492294e+00 4.941050e-01 1.965063e-01 4.372401e-01
0.000000e+00 -3.834806e-01 -1.178951e+00 8.665048e-01 8.428768e-01 -1.312999e+00 -1.168367e+00
0.000000e+00 1.161410e+00 1.473526e+00 -3.128947e-01 4.941050e-01 1.706011e+00 1.799769e+00
0.000000e+00 1.547633e+00 1.358200e+00 -9.025945e-01 -5.522104e-01 1.653959e+00 1.786742e+00
0.000000e+00 -7.697033e-01 -1.236613e+00 2.768051e-01 -5.522104e-01 -1.469154e+00 -1.435153e+00
0.000000e+00 7.751877e-01 -4.870004e-01 2.768051e-01 -2.034386e-01 -2.199088e-01 -1.438328e-01
0.000000e+00 1.547633e+00 -4.293379e-01 -9.025945e-01 1.191649e+00 1.965063e-01 1.968115e-01
0.000000e+00 -3.834806e-01 -1.351938e+00 2.768051e-01 -2.034386e-01 -1.677362e+00 -1.382573e+00
0.000000e+00 -7.697033e-01 1.012225e+00 8.665048e-01 -1.249754e+00 8.211290e-01 6.336515e-01
0.000000e+00 2.742182e-03 -1.236613e+00 2.768051e-01 -2.034386e-01 -1.156843e+00 -1.128461e+00
0.000000e+00 -1.542149e+00 -1.986878e-01 -1.492294e+00 -9.009822e-01 -8.965834e-01 -8.634248e-01
0.000000e+00 -7.697033e-01 -3.716754e-01 -3.128947e-01 1.540420e+00 -5.322202e-01 -6.047246e-01
0.000000e+00 1.161410e+00 -8.336272e-02 8.665048e-01 8.428768e-01 6.129215e-01 4.303524e-01
0.000000e+00 1.161410e+00 -7.753131e-01 -9.025945e-01 1.540420e+00 -3.240126e-01 -2.588325e-01
0.000000e+00 -3.834806e-01 -6.023255e-01 -3.128947e-01 1.540420e+00 -5.842721e-01 -6.682148e-01
0.000000e+00 -1.155926e+00 -1.351938e+00 1.456205e+00 -1.249754e+00 -1.729414e+00 -1.660080e+00
0.000000e+00 1.161410e+00 7.239127e-01 8.665048e-01 -5.522104e-01 1.237544e+00 1.130612e+00
0.000000e+00 1.161410e+00 5.509251e-01 -3.128947e-01 -2.034386e-01 9.772847e-01 9.324235e-01
0.000000e+00 -3.834806e-01 -1.351938e+00 2.768051e-01 -5.522104e-01 -1.521206e+00 -1.392776e+00
0.000000e+00 -7.697033e-01 -1.410252e-01 1.456205e+00 -2.034386e-01 -3.240126e-01 -3.696185e-01
0.000000e+00 -1.155926e+00 -6.599880e-01 -9.025945e-01 1.540420e+00 -1.156843e+00 -1.042433e+00
0.000000e+00 1.547633e+00 -6.023255e-01 -9.025945e-01 -5.522104e-01 -1.158051e-01 -1.300464e-02
0.000000e+00 -1.542149e+00 7.815752e-01 -1.492294e+00 -9.009822e-01 -1.158051e-01 3.644849e-02
0.000000e+00 7.751877e-01 4.932626e-01 2.768051e-01 -1.598526e+00 7.170252e-01 7.152285e-01
0.000000e+00 2.742182e-03 5.509251e-01 -1.492294e+00 -5.522104e-01 5.088177e-01 4.278955e-01
0.000000e+00 1.161410e+00 -1.351938e+00 -1.492294e+00 1.191649e+00 -9.486353e-01 -8.231682e-01
0.000000e+00 -3.834806e-01 -1.409601e+00 2.768051e-01 -1.598526e+00 -1.417102e+00 -1.476318e+00
0.000000e+00 7.751877e-01 -3.140128e-01 8.665048e-01 4.941050e-01 4.035063e-02 6.016979e-02
0.000000e+00 2.742182e-03 6.085876e-01 1.456205e+00 -9.009822e-01 4.567658e-01 5.946033e-01
0.000000e+00 2.742182e-03 1.646513e+00 -1.492294e+00 8.428768e-01 1.445752e+00 1.474448e+00
0.000000e+00 1.547633e+00 -1.005963e+00 -3.128947e-01 1.453332e-01 -2.719607e-01 -3.383393e-01
0.000000e+00 1.547633e+00 4.932626e-01 1.456205e+00 -1.598526e+00 1.133440e+00 1.061309e+00
0.000000e+00 1.547633e+00 5.509251e-01 8.665048e-01 1.540420e+00 1.237544e+00 1.181274e+00
0.000000e+00 3.889649e-01 -4.870004e-01 2.768051e-01 -2.034386e-01 -3.240126e-01 -2.920775e-01
0.000000e+00 3.889649e-01 1.069888e+00 -9.025945e-01 8.428768e-01 1.133440e+00 1.118151e+00
0.000000e+00 2.742182e-03 -7.753131e-01 8.665048e-01 -9.009822e-01 -7.924797e-01 -7.006014e-01
0.000000e+00 1.547633e+00 1.012225e+00 -1.492294e+00 -5.522104e-01 1.445752e+00 1.444344e+00
0.000000e+00 1.161410e+00 -4.870004e-01 -3.128947e-01 4.941050e-01 -1.158051e-01 2.250001e-05
0.000000e+00 7.751877e-01 2.049499e-01 1.456205e+00 1.453332e-01 5.608696e-01 5.511657e-01
0.000000e+00 7.751877e-01 -1.294276e+00 2.768051e-01 4.941050e-01 -6.883759e-01 -8.644989e-01
0.000000e+00 3.889649e-01 1.069888e+00 -9.025945e-01 1.191649e+00 1.081388e+00 1.128354e+00
0.000000e+00 2.742182e-03 8.392377e-01 1.456205e+00 1.191649e+00 1.029337e+00 8.675562e-01
0.000000e+00 -3.834806e-01 -7.176505e-01 -3.128947e-01 -1.249754e+00 -7.924797e-01 -8.557062e-01
0.000000e+00 -7.697033e-01 -3.716754e-01 -9.025945e-01 -9.009822e-01 -5.322202e-01 -7.009411e-01
0.000000e+00 -7.697033e-01 1.704176e+00 2.768051e-01 -5.522104e-01 9.252328e-01 1.264467e+00
0.000000e+00 3.889649e-01 1.358200e+00 1.456205e+00 1.453332e-01 1.497804e+00 1.461595e+00
0.000000e+00 -3.834806e-01 1.704176e+00 8.665048e-01 -2.034386e-01 1.497804e+00 1.447710e+00
0.000000e+00 3.889649e-01 6.662501e-01 -1.492294e+00 1.453332e-01 8.211290e-01 7.024136e-01
0.000000e+00 -7.697033e-01 -1.640251e+00 2.768051e-01 8.428768e-01 -1.677362e+00 -1.764877e+00
0.000000e+00 -3.834806e-01 -1.640251e+00 -3.128947e-01 -1.249754e+00 -1.625310e+00 -1.702646e+00
0.000000e+00 1.547633e+00 -1.986878e-01 8.665048e-01 1.453332e-01 4.567658e-01 4.523237e-01
0.000000e+00 2.742182e-03 -9.483006e-01 1.456205e+00 1.191649e+00 -8.965834e-01 -7.733891e-01
0.000000e+00 7.751877e-01 1.012225e+00 -9.025945e-01 -2.034386e-01 9.772847e-01 1.182853e+00
0.000000e+00 -1.155926e+00 4.932626e-01 8.665048e-01 -1.598526e+00 1.444544e-01 -1.199689e-03
0.000000e+00 2.742182e-03 1.300538e+00 8.665048e-01 8.428768e-01 1.185492e+00 1.256028e+00
0.000000e+00 1.547633e+00 1.300538e+00 -3.128947e-01 -5.522104e-01 1.706011e+00 1.758604e+00
0.000000e+00 -7.697033e-01 1.473526e+00 -1.492294e+00 8.428768e-01 1.081388e+00 1.019158e+00
0.000000e+00 1.547633e+00 -1.063626e+00 8.665048e-01 -5.522104e-01 -3.760645e-01 -3.620881e-01
0.000000e+00 3.889649e-01 8.962487e-02 8.665048e-01 8.428768e-01 1.965063e-01 2.926641e-01
0.000000e+00 -3.834806e-01 -1.410252e-01 -1.492294e+00 1.191649e+00 -4.801683e-01 -3.045389e-01
0.000000e+00 7.751877e-01 1.415863e+00 -1.492294e+00 -2.034386e-01 1.497804e+00 1.528594e+00
0.000000e+00 1.161410e+00 -1.410252e-01 -9.025945e-01 -2.034386e-01 3.006101e-01 2.724234e-01
0.000000e+00 3.889649e-01 8.969003e-01 1.456205e+00 -1.249754e+00 1.081388e+00 9.973136e-01
0.000000e+00 2.742182e-03 -3.140128e-01 -9.025945e-01 1.191649e+00 -3.240126e-01 -2.902999e-01
0.000000e+00 3.889649e-01 -1.524926e+00 -1.492294e+00 -5.522104e-01 -1.312999e+00 -1.329474e+00
0.000000e+00 2.742182e-03 -2.563503e-01 2.768051e-01 -9.009822e-01 -4.281164e-01 -2.489933e-01
0.000000e+00 1.161410e+00 3.202750e-01 -1.492294e+00 -1.249754e+00 7.690771e-01 6.404887e-01
0.000000e+00 -1.542149e+00 1.127550e+00 -9.025945e-01 -9.009822e-01 7.170252e-01 3.788462e-01
0.000000e+00 7.751877e-01 -1.582588e+00 -3.128947e-01 -5.522104e-01 -1.052739e+00 -1.184572e+00
0.000000e+00 -1.155926e+00 -1.697914e+00 -3.128947e-01 1.191649e+00 -1.833518e+00 -1.980648e+00
0.000000e+00 1.547633e+00 -7.753131e-01 1.456205e+00 1.453332e-01 -1.170127e-02 -5.221811e-02
0.000000e+00 -1.542149e+00 -1.351938e+00 8.665048e-01 1.540420e+00 -1.885569e+00 -1.751496e+00
0.000000e+00 3.889649e-01 1.012225e+00 -3.128947e-01 -2.034386e-01 9.772847e-01 1.059404e+00
0.000000e+00 1.547633e+00 -1.467263e+00 -9.025945e-01 1.191649e+00 -6.883759e-01 -7.559955e-01
0.000000e+00 -1.542149e+00 -6.599880e-01 -3.128947e-01 8.428768e-01 -1.104791e+00 -1.186289e+00
0.000000e+00 -3.834806e-01 4.932626e-01 2.768051e-01 1.453332e-01 1.965063e-01 3.215093e-01
0.000000e+00 -3.834806e-01 8.969003e-01 -1.492294e+00 -9.009822e-01 6.129215e-01 5.870501e-01
0.000000e+00 1.547633e+00 2.049499e-01 -1.492294e+00 4.941050e-01 7.690771e-01 7.338810e-01
0.000000e+00 2.742182e-03 2.626125e-01 -9.025945e-01 1.540420e+00 3.006101e-01 2.492403e-01
0.000000e+00 2.742182e-03 1.069888e+00 8.665048e-01 1.453332e-01 1.081388e+00 1.023887e+00
0.000000e+00 3.889649e-01 -8.329756e-01 -1.492294e+00 8.428768e-01 -5.842721e-01 -6.534571e-01
0.000000e+00 -1.542149e+00 5.509251e-01 -3.128947e-01 1.453332e-01 -2.719607e-01 -9.508655e-02
0.000000e+00 -1.542149e+00 1.127550e+00 2.768051e-01 1.540420e+00 6.649733e-01 4.998581e-01
0.000000e+00 1.547633e+00 9.545628e-01 8.665048e-01 -5.522104e-01 1.653959e+00 1.490592e+00
0.000000e+00 -7.697033e-01 4.932626e-01 8.665048e-01 1.540420e+00 2.485582e-01 2.388720e-01
0.000000e+00 -3.834806e-01 -1.986878e-01 8.665048e-01 4.941050e-01 -4.281164e-01 -2.786969e-01
0.000000e+00 -1.542149e+00 6.085876e-01 -1.492294e+00 4.941050e-01 -1.170127e-02 -8.154068e-02
0.000000e+00 1.547633e+00 4.356000e-01 1.456205e+00 8.428768e-01 9.252328e-01 1.079796e+00
0.000000e+00 1.161410e+00 1.127550e+00 8.665048e-01 -1.249754e+00 1.653959e+00 1.480743e+00
0.000000e+00 -1.155926e+00 1.127550e+00 -9.025945e-01 1.453332e-01 5.608696e-01 5.576999e-01
0.000000e+00 1.161410e+00 -3.140128e-01 -3.128947e-01 -9.009822e-01 4.035063e-02 1.180117e-01
0.000000e+00 7.751877e-01 -2.563503e-01 1.456205e+00 8.428768e-01 1.965063e-01 1.481019e-01
0.000000e+00 3.889649e-01 1.473526e+00 2.768051e-01 -5.522104e-01 1.445752e+00 1.497466e+00
0.000000e+00 -1.542149e+00 -9.483006e-01 -3.128947e-01 -5.522104e-01 -1.521206e+00 -1.491769e+00
0.000000e+00 7.751877e-01 -9.483006e-01 -9.025945e-01 -1.249754e+00 -7.404278e-01 -6.475024e-01
0.000000e+00 7.751877e-01 -9.483006e-01 -9.025945e-01 1.453332e-01 -5.322202e-01 -6.066904e-01
0.000000e+00 1.547633e+00 -3.140128e-01 1.456205e+00 1.453332e-01 4.047139e-01 3.712517e-01
0.000000e+00 -1.542149e+00 3.202750e-01 -3.128947e-01 -1.598526e+00 -2.719607e-01 -3.578364e-01
0.000000e+00 -1.155926e+00 -1.524926e+00 -1.492294e+00 8.428768e-01 -2.093777e+00 -1.881641e+00
0.000000e+00 1.547633e+00 9.545628e-01 -9.025945e-01 -9.009822e-01 1.237544e+00 1.406003e+00
0.000000e+00 1.547633e+00 -8.906381e-01 8.665048e-01 -1.598526e+00 -3.240126e-01 -2.338960e-01
0.000000e+00 3.889649e-01 8.962487e-02 2.768051e-01 1.540420e+00 4.047139e-01 2.882747e-01
0.000000e+00 3.889649e-01 -7.176505e-01 2.768051e-01 -1.598526e+00 -6.883759e-01 -5.446244e-01
0.000000e+00 -3.834806e-01 -9.483006e-01 -9.025945e-01 -1.598526e+00 -1.208895e+00 -1.102440e+00
0.000000e+00 -3.834806e-01 1.588851e+00 8.665048e-01 -2.034386e-01 1.497804e+00 1.341842e+00
0.000000e+00 2.742182e-03 -1.697914e+00 -3.128947e-01 -2.034386e-01 -1.521206e+00 -1.576726e+00
0.000000e+00 -7.697033e-01 6.662501e-01 2.768051e-01 -1.598526e+00 3.526620e-01 2.810508e-01
0.000000e+00 -1.542149e+00 -6.023255e-01 8.665048e-01 -2.034386e-01 -1.156843e+00 -1.114373e+00
0.000000e+00 -1.542149e+00 -1.178951e+00 8.665048e-01 4.941050e-01 -1.417102e+00 -1.623304e+00
0.000000e+00 7.751877e-01 -1.178951e+00 -1.492294e+00 -2.034386e-01 -1.000687e+00 -8.534237e-01
0.000000e+00 -1.542149e+00 1.646513e+00 -9.025945e-01 1.191649e+00 9.252328e-01 9.164677e-01
0.000000e+00 -1.542149e+00 -3.716754e-01 8.665048e-01 -5.522104e-01 -9.486353e-01 -9.128412e-01
0.000000e+00 -7.697033e-01 2.049499e-01 -3.128947e-01 1.191649e+00 -1.158051e-01 -8.559045e-02
0.000000e+00 -3.834806e-01 -1.410252e-01 2.768051e-01 8.428768e-01 -3.760645e-01 -2.403556e-01
0.000000e+00 -3.834806e-01 -1.986878e-01 -1.492294e+00 -1.598526e+00 -3.760645e-01 -4.390966e-01
0.000000e+00 -1.155926e+00 5.509251e-01 -3.128947e-01 -5.522104e-01 -6.375316e-02 3.275217e-02
0.000000e+00 -1.542149e+00 -1.697914e+00 2.768051e-01 4.941050e-01 -2.249933e+00 -2.124503e+00
0.000000e+00 -7.697033e-01 1.472874e-01 -9.025945e-01 -1.598526e+00 -4.801683e-01 -2.449436e-01
0.000000e+00 -3.834806e-01 -1.524926e+00 -3.128947e-01 8.428768e-01 -1.625310e+00 -1.535560e+00
0.000000e+00 -7.697033e-01 -1.351938e+00 2.768051e-01 -1.249754e+00 -1.521206e+00 -1.561426e+00
0.000000e+00 1.161410e+00 -1.236613e+00 -1.492294e+00 8.428768e-01 -6.883759e-01 -7.275037e-01
0.000000e+00 -1.542149e+00 -8.329756e-01 2.768051e-01 -5.522104e-01 -1.417102e+00 -1.361106e+00
0.000000e+00 -1.155926e+00 -1.467263e+00 8.665048e-01 8.428768e-01 -1.833518e+00 -1.729525e+00
0.000000e+00 7.751877e-01 2.049499e-01 -1.492294e+00 -1.598526e+00 3.006101e-01 3.761736e-01
0.000000e+00 -3.834806e-01 1.704176e+00 -3.128947e-01 -2.034386e-01 1.289596e+00 1.398119e+00
0.000000e+00 1.161410e+00 -4.293379e-01 1.456205e+00 1.191649e+00 3.526620e-01 1.477485e-01
0.000000e+00 -7.697033e-01 7.239127e-01 -9.025945e-01 4.941050e-01 1.965063e-01 3.456116e-01
0.000000e+00 3.889649e-01 1.127550e+00 -1.492294e+00 -9.009822e-01 9.772847e-01 1.095274e+00
0.000000e+00 1.547633e+00 -3.140128e-01 -1.492294e+00 -5.522104e-01 1.965063e-01 2.268685e-01
0.000000e+00 -1.542149e+00 1.531188e+00 -1.492294e+00 1.540420e+00 6.649733e-01 7.960078e-01
0.000000e+00 -1.542149e+00 1.185213e+00 2.768051e-01 4.941050e-01 5.608696e-01 5.221828e-01
0.000000e+00 1.161410e+00 -1.005963e+00 8.665048e-01 1.453332e-01 -6.363240e-01 -4.369931e-01
0.000000e+00 -7.697033e-01 -3.716754e-01 1.456205e+00 -5.522104e-01 -5.842721e-01 -5.915564e-01
0.000000e+00 2.742182e-03 -1.121288e+00 -9.025945e-01 -9.009822e-01 -1.104791e+00 -1.092590e+00
0.000000e+00 -1.542149e+00 1.242875e+00 -9.025945e-01 -1.249754e+00 3.526620e-01 4.745107e-01
0.000000e+00 2.742182e-03 1.185213e+00 8.665048e-01 1.540420e+00 1.133440e+00 1.170566e+00
0.000000e+00 3.889649e-01 -7.753131e-01 2.768051e-01 1.191649e+00 -5.842721e-01 -5.159341e-01
0.000000e+00 1.161410e+00 3.779375e-01 2.768051e-01 -9.009822e-01 7.170252e-01 7.780117e-01
0.000000e+00 -7.697033e-01 -1.005963e+00 8.665048e-01 4.941050e-01 -1.052739e+00 -1.168014e+00
0.000000e+00 -7.697033e-01 -1.986878e-01 8.665048e-01 -1.598526e+00 -2.719607e-01 -4.881596e-01
0.000000e+00 1.547633e+00 -6.023255e-01 -3.128947e-01 8.428768e-01 -2.719607e-01 5.260277e-02
0.000000e+00 -3.834806e-01 1.472874e-01 2.768051e-01 -1.598526e+00 -6.375316e-02 -4.710800e-02
0.000000e+00 -3.834806e-01 6.662501e-01 -1.492294e+00 -1.249754e+00 1.965063e-01 3.651122e-01
0.000000e+00 7.751877e-01 8.962487e-02 -9.025945e-01 -1.598526e+00 2.485582e-01 2.951016e-01
0.000000e+00 -1.155926e+00 -1.294276e+00 2.768051e-01 -5.522104e-01 -1.573258e+00 -1.636331e+00
0.000000e+00 1.161410e+00 1.473526e+00 8.665048e-01 -1.249754e+00 2.018323e+00 1.798345e+00
0.000000e+00 3.889649e-01 -8.336272e-02 -1.492294e+00 -1.598526e+00 -1.158051e-01 -3.673972e-02
0.000000e+00 -7.697033e-01 5.509251e-01 -3.128947e-01 -1.598526e+00 1.965063e-01 1.503879e-01
0.000000e+00 1.547633e+00 -6.599880e-01 1.456205e+00 -1.249754e+00 -1.158051e-01 1.283734e-02
0.000000e+00 2.742182e-03 -1.409601e+00 -3.128947e-01 1.453332e-01 -1.365050e+00 -1.301854e+00
0.000000e+00 1.161410e+00 7.815752e-01 -1.492294e+00 -1.249754e+00 9.252328e-01 1.063959e+00
0.000000e+00 7.751877e-01 1.704176e+00 -1.492294e+00 -1.249754e+00 1.653959e+00 1.762653e+00
0.000000e+00 1.161410e+00 4.932626e-01 8.665048e-01 8.428768e-01 8.731809e-01 9.596896e-01
0.000000e+00 7.751877e-01 1.012225e+00 1.456205e+00 -2.034386e-01 1.393700e+00 1.282035e+00
0.000000e+00 -7.697033e-01 6.085876e-01 8.665048e-01 8.428768e-01 2.485582e-01 3.243334e-01
0.000000e+00 -1.155926e+00 -5.446629e-01 -9.025945e-01 8.428768e-01 -8.965834e-01 -9.569719e-01
0.000000e+00 7.751877e-01 1.531188e+00 1.456205e+00 -1.249754e+00 1.758063e+00 1.727829e+00
0.000000e+00 -7.697033e-01 -4.870004e-01 1.456205e+00 4.941050e-01 -5.322202e-01 -6.668148e-01
0.000000e+00 -7.697033e-01 6.662501e-01 -9.025945e-01 1.191649e+00 9.240252e-02 3.130839e-01
0.000000e+00 -1.155926e+00 -1.178951e+00 -3.128947e-01 8.428768e-01 -1.469154e+00 -1.514447e+00
0.000000e+00 -3.834806e-01 -1.178951e+00 -1.492294e+00 1.191649e+00 -1.260947e+00 -1.257346e+00
0.000000e+00 1.161410e+00 1.242875e+00 -3.128947e-01 8.428768e-01 1.601907e+00 1.598237e+00
0.000000e+00 -1.542149e+00 -8.336272e-02 8.665048e-01 -5.522104e-01 -5.322202e-01 -6.481726e-01
0.000000e+00 -1.542149e+00 -8.329756e-01 2.768051e-01 1.540420e+00 -1.312999e+00 -1.299888e+00
0.000000e+00 2.742182e-03 -1.697914e+00 8.665048e-01 4.941050e-01 -1.417102e+00 -1.506729e+00
0.000000e+00 2.742182e-03 -7.753131e-01 2.768051e-01 1.191649e+00 -6.363240e-01 -6.641788e-01
0.000000e+00 -1.542149e+00 -2.570019e-02 -1.492294e+00 1.191649e+00 -6.363240e-01 -6.434056e-01
0.000000e+00 3.889649e-01 -2.563503e-01 -1.492294e+00 -5.522104e-01 -1.678569e-01 -1.649319e-01
0.000000e+00 -1.542149e+00 1.300538e+00 1.456205e+00 4.941050e-01 6.649733e-01 6.776411e-01
0.000000e+00 2.742182e-03 8.969003e-01 -1.492294e+00 1.453332e-01 9.252328e-01 7.659038e-01
0.000000e+00 1.547633e+00 -6.599880e-01 -9.025945e-01 -9.009822e-01 4.035063e-02 -7.614136e-02
0.000000e+00 2.742182e-03 1.300538e+00 -9.025945e-01 1.540420e+00 1.185492e+00 1.202047e+00
0.000000e+00 3.889649e-01 -5.446629e-01 2.768051e-01 1.453332e-01 -3.240126e-01 -3.348082e-01
0.000000e+00 1.161410e+00 -7.753131e-01 -3.128947e-01 8.428768e-01 -1.678569e-01 -2.544431e-01
0.000000e+00 -1.542149e+00 8.969003e-01 1.456205e+00 -1.249754e+00 3.526620e-01 2.560901e-01
0.000000e+00 -1.155926e+00 5.509251e-01 -3.128947e-01 -9.009822e-01 1.965063e-01 2.254918e-02
0.000000e+00 1.547633e+00 -5.446629e-01 2.768051e-01 8.428768e-01 2.485582e-01 1.303319e-01
0.000000e+00 -7.697033e-01 1.300538e+00 -9.025945e-01 -5.522104e-01 8.211290e-01 8.443398e-01
0.000000e+00 3.889649e-01 6.085876e-01 8.665048e-01 -5.522104e-01 6.649733e-01 7.282556e-01
0.000000e+00 2.742182e-03 5.509251e-01 1.456205e+00 -1.249754e+00 6.649733e-01 5.314666e-01
0.000000e+00 -1.155926e+00 8.392377e-01 2.768051e-01 1.540420e+00 4.047139e-01 3.834342e-01
0.000000e+00 7.751877e-01 1.069888e+00 -3.128947e-01 -1.598526e+00 1.133440e+00 1.219770e+00
0.000000e+00 -3.834806e-01 -6.599880e-01 2.768051e-01 4.941050e-01 -6.363240e-01 -7.269621e-01
0.000000e+00 -1.542149e+00 1.704176e+00 2.768051e-01 -5.522104e-01 1.133440e+00 9.679773e-01
0.000000e+00 -3.834806e-01 -1.351938e+00 -1.492294e+00 1.453332e-01 -1.417102e+00 -1.446756e+00
0.000000e+00 3.889649e-01 -7.753131e-01 -9.025945e-01 8.428768e-01 -4.281164e-01 -5.757280e-01
0.000000e+00 7.751877e-01 -1.697914e+00 1.456205e+00 4.941050e-01 -1.104791e+00 -1.185444e+00
0.000000e+00 7.751877e-01 3.779375e-01 -1.492294e+00 4.941050e-01 4.567658e-01 5.961927e-01
0.000000e+00 7.751877e-01 1.531188e+00 -9.025945e-01 1.453332e-01 1.706011e+00 1.669460e+00
0.000000e+00 -7.697033e-01 -1.409601e+00 2.768051e-01 -5.522104e-01 -1.781466e+00 -1.593954e+00
0.000000e+00 3.889649e-01 -2.563503e-01 -9.025945e-01 -5.522104e-01 -1.158051e-01 -1.401365e-01
0.000000e+00 1.161410e+00 -1.640251e+00 -3.128947e-01 1.191649e+00 -1.104791e+00 -1.038246e+00
0.000000e+00 -3.834806e-01 1.646513e+00 1.456205e+00 -2.034386e-01 1.445752e+00 1.419572e+00
0.000000e+00 1.161410e+00 8.962487e-02 -1.492294e+00 1.191649e+00 6.129215e-01 5.001748e-01
0.000000e+00 -1.155926e+00 1.531188e+00 1.456205e+00 1.191649e+00 1.029337e+00 1.058027e+00
0.000000e+00 1.547633e+00 1.012225e+00 2.768051e-01 -5.522104e-01 1.706011e+00 1.518730e+00
0.000000e+00 1.547633e+00 1.358200e+00 -3.128947e-01 -1.249754e+00 1.653959e+00 1.791131e+00
0.000000e+00 1.161410e+00 -1.467263e+00 -9.025945e-01 -1.249754e+00 -1.208895e+00 -9.756612e-01
0.000000e+00 -1.542149e+00 3.779375e-01 -9.025945e-01 1.191649e+00 -2.719607e-01 -2.480741e-01
0.000000e+00 -1.155926e+00 3.196234e-02 -3.128947e-01 1.191649e+00 -2.719607e-01 -3.926363e-01
0.000000e+00 3.889649e-01 -1.063626e+00 -9.025945e-01 -9.009822e-01 -8.965834e-01 -8.914115e-01
0.000000e+00 2.742182e-03 2.626125e-01 -1.492294e+00 -2.034386e-01 9.240252e-02 1.734299e-01
0.000000e+00 1.547633e+00 -2.570019e-02 8.665048e-01 -2.034386e-01 4.567658e-01 6.009218e-01
0.000000e+00 2.742182e-03 1.012225e+00 -9.025945e-01 -1.249754e+00 8.211290e-01 8.557547e-01
0.000000e+00 -1.155926e+00 -1.409601e+00 2.768051e-01 -1.249754e+00 -1.885569e+00 -1.762605e+00
0.000000e+00 -3.834806e-01 -8.906381e-01 -9.025945e-01 1.540420e+00 -8.965834e-01 -9.576788e-01
0.000000e+00 1.547633e+00 -8.906381e-01 1.456205e+00 -1.598526e+00 -1.678569e-01 -2.091005e-01
0.000000e+00 -1.542149e+00 -8.329756e-01 2.768051e-01 -1.249754e+00 -1.469154e+00 -1.381512e+00
0.000000e+00 -1.542149e+00 -6.023255e-01 -9.025945e-01 4.941050e-01 -1.208895e+00 -1.168353e+00
0.000000e+00 7.751877e-01 -1.005963e+00 -9.025945e-01 -1.598526e+00 -5.322202e-01 -7.106391e-01
0.000000e+00 -7.697033e-01 7.815752e-01 2.768051e-01 -1.598526e+00 3.006101e-01 3.869182e-01
0.000000e+00 -1.155926e+00 6.662501e-01 -1.492294e+00 1.191649e+00 9.240252e-02 1.400437e-01
0.000000e+00 1.547633e+00 8.969003e-01 8.665048e-01 -1.249754e+00 1.445752e+00 1.417252e+00
0.000000e+00 -7.697033e-01 3.196234e-02 8.665048e-01 -5.522104e-01 -3.760645e-01 -2.458157e-01
0.000000e+00 -1.155926e+00 2.049499e-01 -1.492294e+00 -9.009822e-01 -2.719607e-01 -3.446440e-01
0.000000e+00 1.161410e+00 -8.336272e-02 -9.025945e-01 -5.522104e-01 3.006101e-01 3.151541e-01
0.000000e+00 3.889649e-01 -1.582588e+00 8.665048e-01 4.941050e-01 -1.365050e+00 -1.252617e+00
0.000000e+00 3.889649e-01 -1.236613e+00 -1.492294e+00 1.540420e+00 -9.486353e-01 -1.003587e+00
0.000000e+00 7.751877e-01 -1.121288e+00 -1.492294e+00 -1.249754e+00 -8.445316e-01 -8.310990e-01
0.000000e+00 7.751877e-01 -1.121288e+00 8.665048e-01 -1.249754e+00 -8.445316e-01 -7.319173e-01
0.000000e+00 3.889649e-01 -3.140128e-01 2.768051e-01 1.191649e+00 -6.375316e-02 -9.246435e-02
0.000000e+00 -3.834806e-01 -4.870004e-01 -3.128947e-01 1.453332e-01 -4.801683e-01 -6.031594e-01
0.000000e+00 1.547633e+00 6.662501e-01 2.768051e-01 4.941050e-01 1.185492e+00 1.231737e+00
0.000000e+00 3.889649e-01 1.588851e+00 -9.025945e-01 -2.034386e-01 1.445752e+00 1.563946e+00
0.000000e+00 -3.834806e-01 8.969003e-01 2.768051e-01 -2.034386e-01 4.567658e-01 6.818423e-01
0.000000e+00 -7.697033e-01 -1.236613e+00 1.456205e+00 -5.522104e-01 -1.521206e+00 -1.385562e+00
0.000000e+00 -3.834806e-01 -6.023255e-01 -3.128947e-01 8.428768e-01 -7.404278e-01 -6.886208e-01
0.000000e+00 -7.697033e-01 1.646513e+00 -3.128947e-01 4.941050e-01 1.081388e+00 1.217347e+00
0.000000e+00 -1.155926e+00 -5.446629e-01 -1.492294e+00 1.540420e+00 -1.052739e+00 -9.613614e-01
0.000000e+00 2.742182e-03 -1.178951e+00 1.456205e+00 -1.249754e+00 -8.445316e-01 -1.056545e+00
0.000000e+00 -1.155926e+00 -4.870004e-01 -9.025945e-01 -1.249754e+00 -8.445316e-01 -9.652562e-01
0.000000e+00 3.889649e-01 -8.336272e-02 -1.492294e+00 1.453332e-01 -6.375316e-02 1.427526e-02
0.000000e+00 -7.697033e-01 -1.236613e+00 2.768051e-01 -1.598526e+00 -1.417102e+00 -1.465762e+00
0.000000e+00 3.889649e-01 -1.467263e+00 2.768051e-01 4.941050e-01 -1.312999e+00 -1.171545e+00
0.000000e+00 1.547633e+00 5.509251e-01 8.665048e-01 8.428768e-01 1.341648e+00 1.160868e+00
0.000000e+00 -1.542149e+00 -1.121288e+00 -1.492294e+00 1.540420e+00 -1.625310e+00 -1.638943e+00
0.000000e+00 3.889649e-01 -1.697914e+00 1.456205e+00 8.428768e-01 -1.208895e+00 -1.323486e+00
0.000000e+00 1.547633e+00 1.300538e+00 -1.492294e+00 -9.009822e-01 1.653959e+00 1.698810e+00
0.000000e+00 -3.834806e-01 6.662501e-01 -1.492294e+00 4.941050e-01 5.608696e-01 4.161272e-01
0.000000e+00 -1.155926e+00 -1.697914e+00 -1.492294e+00 -1.598526e+00 -2.197881e+00 -2.111863e+00
0.000000e+00 -3.834806e-01 1.588851e+00 -3.128947e-01 -9.009822e-01 1.081388e+00 1.271846e+00
0.000000e+00 -1.542149e+00 1.358200e+00 8.665048e-01 1.453332e-01 6.649733e-01 6.955764e-01
0.000000e+00 -7.697033e-01 4.932626e-01 -9.025945e-01 1.191649e+00 9.240252e-02 1.542827e-01
0.000000e+00 1.547633e+00 1.704176e+00 -9.025945e-01 -2.034386e-01 2.226530e+00 2.114547e+00
0.000000e+00 2.742182e-03 8.969003e-01 -9.025945e-01 -2.034386e-01 7.170252e-01 7.804962e-01
0.000000e+00 3.889649e-01 -1.467263e+00 -3.128947e-01 1.191649e+00 -1.104791e+00 -1.175934e+00
0.000000e+00 -7.697033e-01 1.069888e+00 8.665048e-01 1.191649e+00 6.649733e-01 7.580062e-01
0.000000e+00 2.742182e-03 -4.870004e-01 1.456205e+00 1.453332e-01 -4.281164e-01 -3.805284e-01
0.000000e+00 1.161410e+00 -2.563503e-01 8.665048e-01 -2.034386e-01 2.485582e-01 2.409422e-01
0.000000e+00 3.889649e-01 1.300538e+00 -3.128947e-01 1.540420e+00 1.445752e+00 1.375087e+00
0.000000e+00 -3.834806e-01 -1.409601e+00 1.456205e+00 -1.249754e+00 -1.573258e+00 -1.416525e+00
0.000000e+00 -1.155926e+00 8.962487e-02 -1.492294e+00 8.428768e-01 -2.719607e-01 -3.994964e-01
0.000000e+00 1.547633e+00 1.012225e+00 2.768051e-01 8.428768e-01 1.653959e+00 1.559542e+00
0.000000e+00 -1.542149e+00 -1.121288e+00 -1.492294e+00 4.941050e-01 -1.729414e+00 -1.669552e+00
0.000000e+00 -1.542149e+00 -1.178951e+00 -9.025945e-01 8.428768e-01 -1.729414e+00 -1.687488e+00
0.000000e+00 -3.834806e-01 9.545628e-01 -1.492294e+00 -9.009822e-01 3.526620e-01 6.399838e-01
0.000000e+00 7.751877e-01 4.932626e-01 -3.128947e-01 -9.009822e-01 8.731809e-01 7.108390e-01
0.000000e+00 -1.542149e+00 1.415863e+00 -9.025945e-01 -1.249754e+00 5.608696e-01 6.333118e-01
0.000000e+00 1.547633e+00 2.049499e-01 2.768051e-01 -1.598526e+00 8.211290e-01 7.470493e-01
0.000000e+00 -3.834806e-01 3.196234e-02 1.456205e+00 -9.009822e-01 -1.158051e-01 -8.297860e-02
0.000000e+00 -7.697033e-01 -1.063626e+00 1.456205e+00 -9.009822e-01 -1.208895e+00 -1.236964e+00
0.000000e+00 -1.542149e+00 1.185213e+00 -9.025945e-01 4.941050e-01 5.088177e-01 4.725919e-01
0.000000e+00 -3.834806e-01 7.815752e-01 -1.492294e+00 1.540420e+00 5.088177e-01 5.526036e-01
0.000000e+00 1.547633e+00 -8.329756e-01 8.665048e-01 1.191649e+00 -2.719607e-01 -9.933826e-02
0.000000e+00 3.889649e-01 4.356000e-01 8.665048e-01 -1.598526e+00 5.608696e-01 5.388455e-01
0.000000e+00 3.889649e-01 -1.582588e+00 1.456205e+00 8.428768e-01 -1.365050e+00 -1.217618e+00
0.000000e+00 -1.542149e+00 -1.640251e+00 8.665048e-01 -1.598526e+00 -2.197881e+00 -2.107992e+00
0.000000e+00 -1.155926e+00 1.242875e+00 -9.025945e-01 -9.009822e-01 5.608696e-01 6.329584e-01
0.000000e+00 3.889649e-01 -1.467263e+00 8.665048e-01 -5.522104e-01 -1.208895e+00 -1.177358e+00
0.000000e+00 -1.155926e+00 -1.121288e+00 -3.128947e-01 8.428768e-01 -1.521206e+00 -1.461514e+00
0.000000e+00 -7.697033e-01 1.588851e+00 1.456205e+00 -1.598526e+00 1.029337e+00 1.177581e+00
0.000000e+00 -3.834806e-01 -3.140128e-01 2.768051e-01 -1.249754e+00 -4.801683e-01 -4.603748e-01
0.000000e+00 2.742182e-03 2.626125e-01 8.665048e-01 -2.034386e-01 3.526620e-01 2.726116e-01
0.000000e+00 1.547633e+00 2.626125e-01 -3.128947e-01 1.453332e-01 7.170252e-01 8.262026e-01
0.000000e+00 -3.834806e-01 -4.870004e-01 -3.128947e-01 -2.034386e-01 -6.363240e-01 -6.133624e-01
0.000000e+00 1.547633e+00 3.779375e-01 -9.025945e-01 -9.009822e-01 9.772847e-01 8.766656e-01
0.000000e+00 -7.697033e-01 -4.870004e-01 1.456205e+00 1.540420e+00 -6.363240e-01 -6.362058e-01
0.000000e+00 1.161410e+00 1.415863e+00 -9.025945e-01 4.941050e-01 1.601907e+00 1.722040e+00
0.000000e+00 -1.542149e+00 -1.121288e+00 2.768051e-01 -1.598526e+00 -1.625310e+00 -1.656384e+00
0.000000e+00 1.547633e+00 8.962487e-02 2.768051e-01 -1.249754e+00 6.129215e-01 6.513849e-01
0.000000e+00 1.547633e+00 2.626125e-01 -1.492294e+00 1.191649e+00 8.211290e-01 8.072207e-01
0.000000e+00 -1.155926e+00 3.196234e-02 2.768051e-01 -5.522104e-01 -3.760645e-01 -4.188559e-01
0.000000e+00 -3.834806e-01 8.392377e-01 1.456205e+00 8.428768e-01 4.567658e-01 7.091085e-01
0.000000e+00 1.161410e+00 1.300538e+00 1.456205e+00 1.191649e+00 1.706011e+00 1.735760e+00
0.000000e+00 7.751877e-01 -1.294276e+00 -9.025945e-01 4.941050e-01 -8.445316e-01 -9.140897e-01
0.000000e+00 -1.542149e+00 -6.023255e-01 -3.128947e-01 -1.598526e+00 -1.052739e+00 -1.204776e+00
0.000000e+00 2.742182e-03 6.662501e-01 -1.492294e+00 -2.034386e-01 6.129215e-01 5.439659e-01
0.000000e+00 7.751877e-01 2.049499e-01 2.768051e-01 1.453332e-01 5.088177e-01 5.015749e-01
0.000000e+00 -3.834806e-01 -1.524926e+00 -3.128947e-01 8.428768e-01 -1.469154e+00 -1.535560e+00
0.000000e+00 -1.542149e+00 -7.176505e-01 -9.025945e-01 1.540420e+00 -1.208895e+00 -1.243612e+00
0.000000e+00 1.547633e+00 1.185213e+00 8.665048e-01 8.428768e-01 1.758063e+00 1.743139e+00
0.000000e+00 2.742182e-03 -1.524926e+00 -1.492294e+00 1.191649e+00 -1.312999e+00 -1.426703e+00
0.000000e+00 -1.155926e+00 -6.023255e-01 1.456205e+00 1.191649e+00 -9.486353e-01 -9.005210e-01
0.000000e+00 1.161410e+00 1.588851e+00 -3.128947e-01 -5.522104e-01 1.862167e+00 1.875027e+00
0.000000e+00 -1.155926e+00 -1.236613e+00 -9.025945e-01 1.453332e-01 -1.521206e+00 -1.612583e+00
0.000000e+00 -7.697033e-01 -8.329756e-01 -9.025945e-01 -9.009822e-01 -1.208895e+00 -1.124411e+00
0.000000e+00 -1.542149e+00 -2.563503e-01 -1.492294e+00 -1.598526e+00 -1.104791e+00 -9.367645e-01
0.000000e+00 -1.155926e+00 4.356000e-01 -1.492294e+00 1.453332e-01 -2.199088e-01 -1.023001e-01
0.000000e+00 7.751877e-01 -3.140128e-01 2.768051e-01 -1.598526e+00 4.035063e-02 -2.584361e-02
0.000000e+00 -1.155926e+00 -1.524926e+00 2.768051e-01 1.191649e+00 -1.521206e+00 -1.797051e+00
0.000000e+00 3.889649e-01 6.085876e-01 1.456205e+00 1.453332e-01 9.252328e-01 7.734570e-01
0.000000e+00 -7.697033e-01 1.646513e+00 1.456205e+00 -1.598526e+00 1.289596e+00 1.230515e+00
0.000000e+00 -3.834806e-01 8.392377e-01 -1.492294e+00 -9.009822e-01 7.170252e-01 5.341164e-01
0.000000e+00 1.161410e+00 6.085876e-01 -1.492294e+00 -1.598526e+00 9.252328e-01 8.949543e-01
0.000000e+00 -7.697033e-01 4.356000e-01 -3.128947e-01 -1.249754e+00 -1.170127e-02 5.472345e-02
0.000000e+00 3.889649e-01 1.300538e+00 2.768051e-01 1.453332e-01 1.393700e+00 1.359071e+00
0.000000e+00 -1.542149e+00 -6.599880e-01 -9.025945e-01 4.941050e-01 -1.208895e+00 -1.221287e+00
0.000000e+00 7.751877e-01 -9.483006e-01 2.768051e-01 -1.598526e+00 -7.404278e-01 -6.081145e-01
0.000000e+00 1.161410e+00 -5.446629e-01 2.768051e-01 1.540420e+00 -1.170127e-02 2.493196e-03
0.000000e+00 1.161410e+00 -8.906381e-01 -1.492294e+00 -2.034386e-01 -6.363240e-01 -4.405104e-01
0.000000e+00 -7.697033e-01 -1.582588e+00 -1.492294e+00 1.453332e-01 -1.833518e+00 -1.806736e+00
0.000000e+00 -1.542149e+00 3.779375e-01 2.768051e-01 -5.522104e-01 -2.719607e-01 -2.494983e-01
0.000000e+00 1.547633e+00 1.300538e+00 8.665048e-01 1.453332e-01 1.810115e+00 1.828600e+00
0.000000e+00 3.889649e-01 1.127550e+00 8.665048e-01 -2.034386e-01 1.393700e+00 1.214862e+00
0.000000e+00 1.547633e+00 8.969003e-01 1.456205e+00 4.941050e-01 1.549856e+00 1.493063e+00
0.000000e+00 7.751877e-01 -8.329756e-01 2.768051e-01 -5.522104e-01 -3.240126e-01 -4.716381e-01
0.000000e+00 -1.542149e+00 -9.483006e-01 8.665048e-01 -1.598526e+00 -1.625310e+00 -1.472787e+00
0.000000e+00 -1.542149e+00 -1.236613e+00 1.456205e+00 -1.249754e+00 -1.573258e+00 -1.702458e+00
0.000000e+00 3.889649e-01 9.545628e-01 1.456205e+00 1.453332e-01 1.081388e+00 1.091059e+00
0.000000e+00 2.742182e-03 -1.351938e+00 2.768051e-01 1.540420e+00 -1.156843e+00 -1.183313e+00
0.000000e+00 1.547633e+00 -9.483006e-01 1.456205e+00 -1.249754e+00 -3.760645e-01 -2.518313e-01
0.000000e+00 -1.155926e+00 -1.409601e+00 -1.492294e+00 -2.034386e-01 -1.781466e+00 -1.806382e+00
0.000000e+00 1.161410e+00 -5.446629e-01 -1.492294e+00 -5.522104e-01 1.444544e-01 -1.331111e-01
0.000000e+00 2.742182e-03 -8.906381e-01 -1.492294e+00 4.941050e-01 -7.924797e-01 -8.648385e-01
0.000000e+00 -1.155926e+00 1.242875e+00 -9.025945e-01 -5.522104e-01 6.129215e-01 6.431614e-01
0.000000e+00 3.889649e-01 -1.294276e+00 -1.492294e+00 4.941050e-01 -1.052739e+00 -1.087130e+00
0.000000e+00 1.161410e+00 2.049499e-01 -1.492294e+00 8.428768e-01 6.649733e-01 5.958393e-01
0.000000e+00 -3.834806e-01 5.509251e-01 2.768051e-01 4.941050e-01 5.608696e-01 3.846460e-01
0.000000e+00 -1.155926e+00 -1.697914e+00 8.665048e-01 -1.249754e+00 -2.041725e+00 -2.002478e+00
0.000000e+00 2.742182e-03 8.962487e-02 8.665048e-01 -1.598526e+00 9.240252e-02 7.299842e-02
0.000000e+00 -1.155926e+00 1.588851e+00 -1.492294e+00 -2.034386e-01 9.252328e-01 9.461713e-01
0.000000e+00 -1.155926e+00 1.069888e+00 -1.492294e+00 4.941050e-01 4.567658e-01 4.901738e-01
0.000000e+00 3.889649e-01 1.185213e+00 -1.492294e+00 -1.598526e+00 1.133440e+00 1.127802e+00
0.000000e+00 1.547633e+00 -1.467263e+00 1.456205e+00 8.428768e-01 -4.801683e-01 -6.670168e-01
0.000000e+00 -3.834806e-01 -2.570019e-02 2.768051e-01 -9.009822e-01 -2.719607e-01 -1.855032e-01
0.000000e+00 3.889649e-01 -4.870004e-01 2.768051e-01 4.941050e-01 -2.719607e-01 -2.716715e-01
0.000000e+00 7.751877e-01 -6.023255e-01 2.768051e-01 -9.009822e-01 -2.199088e-01 -2.701062e-01
0.000000e+00 3.889649e-01 -8.329756e-01 8.665048e-01 -5.522104e-01 -6.363240e-01 -5.950874e-01
0.000000e+00 1.161410e+00 -1.351938e+00 -9.025945e-01 8.428768e-01 -7.924797e-01 -8.085757e-01
0.000000e+00 -3.834806e-01 -1.351938e+00 8.665048e-01 -1.249754e+00 -1.312999e+00 -1.388386e+00
0.000000e+00 -1.542149e+00 1.127550e+00 2.768051e-01 1.453332e-01 4.047139e-01 4.590461e-01
0.000000e+00 7.751877e-01 1.127550e+00 -3.128947e-01 1.540420e+00 1.393700e+00 1.364531e+00
0.000000e+00 -7.697033e-01 -1.640251e+00 -9.025945e-01 1.191649e+00 -1.833518e+00 -1.804265e+00
0.000000e+00 3.889649e-01 9.545628e-01 -1.492294e+00 1.540420e+00 9.252328e-01 1.007894e+00
0.000000e+00 -1.155926e+00 -9.483006e-01 1.456205e+00 1.191649e+00 -1.208895e+00 -1.218123e+00
0.000000e+00 1.547633e+00 3.196234e-02 8.665048e-01 -2.034386e-01 6.129215e-01 6.538556e-01
0.000000e+00 -1.542149e+00 1.127550e+00 1.456205e+00 -9.009822e-01 7.170252e-01 4.780279e-01
0.000000e+00 3.889649e-01 6.085876e-01 -9.025945e-01 1.453332e-01 6.129215e-01 6.742753e-01
0.000000e+00 3.889649e-01 -9.483006e-01 -3.128947e-01 1.191649e+00 -5.842721e-01 -6.995307e-01
0.000000e+00 2.742182e-03 -1.467263e+00 -9.025945e-01 1.453332e-01 -1.365050e+00 -1.379583e+00
0.000000e+00 2.742182e-03 -1.121288e+00 8.665048e-01 -5.522104e-01 -8.965834e-01 -1.008001e+00
0.000000e+00 -1.542149e+00 5.509251e-01 2.768051e-01 -2.034386e-01 -1.678569e-01 -8.049412e-02
0.000000e+00 2.742182e-03 -1.467263e+00 -1.492294e+00 4.941050e-01 -1.573258e+00 -1.394176e+00
0.000000e+00 -1.155926e+00 -8.336272e-02 2.768051e-01 1.540420e+00 -4.801683e-01 -4.635053e-01
0.000000e+00 7.751877e-01 -1.121288e+00 2.768051e-01 -9.009822e-01 -6.883759e-01 -7.465097e-01
0.000000e+00 -7.697033e-01 -1.467263e+00 8.665048e-01 1.191649e+00 -1.625310e+00 -1.571077e+00
0.000000e+00 -3.834806e-01 1.069888e+00 2.768051e-01 -1.598526e+00 7.690771e-01 7.998315e-01
0.000000e+00 -7.697033e-01 1.358200e+00 2.768051e-01 8.428768e-01 1.185492e+00 9.876764e-01
0.000000e+00 -7.697033e-01 8.962487e-02 8.665048e-01 -2.034386e-01 -2.199088e-01 -1.826790e-01
0.000000e+00 -3.834806e-01 3.202750e-01 8.665048e-01 1.540420e+00 3.006101e-01 2.283156e-01
0.000000e+00 2.742182e-03 -8.906381e-01 -3.128947e-01 1.191649e+00 -8.965834e-01 -7.948417e-01
0.000000e+00 -1.542149e+00 -6.599880e-01 2.768051e-01 -1.249754e+00 -1.104791e+00 -1.222711e+00
0.000000e+00 -3.834806e-01 -4.870004e-01 -9.025945e-01 -1.598526e+00 -6.883759e-01 -6.789698e-01
0.000000e+00 1.161410e+00 2.049499e-01 -1.492294e+00 1.540420e+00 6.649733e-01 6.162453e-01
0.000000e+00 7.751877e-01 1.473526e+00 1.456205e+00 4.941050e-01 1.653959e+00 1.725911e+00
0.000000e+00 1.547633e+00 -7.753131e-01 -1.492294e+00 1.540420e+00 -1.158051e-01 -1.353832e-01
0.000000e+00 2.742182e-03 -1.063626e+00 8.665048e-01 1.191649e+00 -8.445316e-01 -9.040520e-01
0.000000e+00 -3.834806e-01 -3.140128e-01 1.456205e+00 -2.034386e-01 -5.322202e-01 -3.801749e-01
0.000000e+00 1.161410e+00 1.473526e+00 8.665048e-01 -5.522104e-01 1.758063e+00 1.818751e+00
0.000000e+00 1.547633e+00 -7.753131e-01 -3.128947e-01 -5.522104e-01 -1.158051e-01 -1.470104e-01
0.000000e+00 7.751877e-01 -1.178951e+00 2.768051e-01 8.428768e-01 -8.445316e-01 -7.484284e-01
0.000000e+00 7.751877e-01 -1.410252e-01 8.665048e-01 -1.598526e+00 1.965063e-01 1.577530e-01
0.000000e+00 2.742182e-03 1.531188e+00 8.665048e-01 -1.598526e+00 1.341648e+00 1.396341e+00
0.000000e+00 -3.834806e-01 -7.176505e-01 -1.492294e+00 8.428768e-01 -7.924797e-01 -8.440791e-01
0.000000e+00 -1.542149e+00 1.185213e+00 2.768051e-01 -1.249754e+00 4.567658e-01 4.711678e-01
0.000000e+00 7.751877e-01 -7.176505e-01 -3.128947e-01 1.540420e+00 -1.158051e-01 -3.293481e-01
0.000000e+00 -1.542149e+00 8.392377e-01 8.665048e-01 1.453332e-01 4.035063e-02 2.191729e-01
0.000000e+00 -1.542149e+00 8.962487e-02 8.665048e-01 -1.249754e+00 -5.842721e-01 -5.097774e-01
0.000000e+00 2.742182e-03 -9.483006e-01 8.665048e-01 -2.034386e-01 -7.404278e-01 -8.389966e-01
0.000000e+00 1.547633e+00 1.473526e+00 -1.492294e+00 -9.009822e-01 1.862167e+00 1.857611e+00
0.000000e+00 3.889649e-01 -8.329756e-01 8.665048e-01 4.941050e-01 -4.801683e-01 -5.644784e-01
0.000000e+00 -7.697033e-01 1.127550e+00 8.665048e-01 1.191649e+00 5.088177e-01 8.109399e-01
0.000000e+00 -7.697033e-01 1.588851e+00 -1.492294e+00 -1.249754e+00 1.081388e+00 1.063807e+00
0.000000e+00 7.751877e-01 -7.176505e-01 8.665048e-01 4.941050e-01 -2.719607e-01 -3.103662e-01
0.000000e+00 3.889649e-01 -8.329756e-01 2.768051e-01 8.428768e-01 -5.322202e-01 -5.790708e-01
0.000000e+00 1.547633e+00 -7.753131e-01 2.768051e-01 1.540420e+00 -1.170127e-02 -6.099697e-02
0.000000e+00 3.889649e-01 -1.351938e+00 -1.492294e+00 8.428768e-01 -1.156843e+00 -1.129861e+00
0.000000e+00 2.742182e-03 -1.063626e+00 2.768051e-01 4.941050e-01 -9.486353e-01 -9.492534e-01
0.000000e+00 7.751877e-01 2.049499e-01 1.456205e+00 -5.522104e-01 4.047139e-01 5.307597e-01
0.000000e+00 -1.542149e+00 -1.178951e+00 1.456205e+00 -5.522104e-01 -1.625310e+00 -1.629118e+00
0.000000e+00 7.751877e-01 -1.467263e+00 1.456205e+00 1.540420e+00 -9.486353e-01 -9.431002e-01
0.000000e+00 -7.697033e-01 -5.446629e-01 -3.128947e-01 1.191649e+00 -8.445316e-01 -7.737288e-01
0.000000e+00 1.547633e+00 -1.582588e+00 8.665048e-01 1.540420e+00 -7.404278e-01 -7.772736e-01
0.000000e+00 3.889649e-01 -6.599880e-01 -3.128947e-01 1.191649e+00 -4.801683e-01 -4.348621e-01
0.000000e+00 1.547633e+00 8.392377e-01 2.768051e-01 -2.034386e-01 1.185492e+00 1.370132e+00
0.000000e+00 2.742182e-03 7.815752e-01 -1.492294e+00 4.941050e-01 7.170252e-01 6.702393e-01
0.000000e+00 7.751877e-01 2.626125e-01 1.456205e+00 4.941050e-01 8.211290e-01 6.143024e-01
0.000000e+00 -3.834806e-01 -1.409601e+00 -1.492294e+00 1.191649e+00 -1.417102e+00 -1.469081e+00
0.000000e+00 7.751877e-01 -9.483006e-01 -3.128947e-01 4.941050e-01 -5.322202e-01 -5.716920e-01
0.000000e+00 -1.542149e+00 -1.524926e+00 2.768051e-01 8.428768e-01 -1.833518e+00 -1.955499e+00
0.000000e+00 7.751877e-01 8.392377e-01 8.665048e-01 4.941050e-01 1.341648e+00 1.118844e+00
0.000000e+00 1.161410e+00 1.185213e+00 2.768051e-01 -5.522104e-01 1.549856e+00 1.529287e+00
0.000000e+00 2.742182e-03 -7.176505e-01 1.456205e+00 -1.249754e+00 -6.883759e-01 -6.330752e-01
0.000000e+00 -1.155926e+00 -8.336272e-02 2.768051e-01 -9.009822e-01 -4.801683e-01 -5.349263e-01
0.000000e+00 2.742182e-03 2.626125e-01 -1.492294e+00 4.941050e-01 2.485582e-01 1.938359e-01
0.000000e+00 3.889649e-01 1.242875e+00 -9.025945e-01 1.191649e+00 1.393700e+00 1.287155e+00
0.000000e+00 -1.155926e+00 4.356000e-01 1.456205e+00 -1.249754e+00 -1.170127e-02 -1.913499e-02
0.000000e+00 3.889649e-01 -8.329756e-01 8.665048e-01 4.941050e-01 -5.842721e-01 -5.644784e-01
0.000000e+00 3.889649e-01 -6.023255e-01 1.456205e+00 -5.522104e-01 -4.281164e-01 -3.585571e-01
0.000000e+00 -1.542149e+00 -3.716754e-01 1.456205e+00 4.941050e-01 -7.404278e-01 -8.574368e-01
0.000000e+00 -1.542149e+00 2.626125e-01 8.665048e-01 -2.034386e-01 -3.760645e-01 -3.203673e-01
0.000000e+00 -7.697033e-01 7.815752e-01 1.456205e+00 4.941050e-01 3.526620e-01 4.977270e-01
0.000000e+00 -7.697033e-01 1.185213e+00 -1.492294e+00 1.453332e-01 4.567658e-01 7.340830e-01
0.000000e+00 -3.834806e-01 -6.599880e-01 2.768051e-01 -1.249754e+00 -7.924797e-01 -7.779771e-01
0.000000e+00 -1.155926e+00 1.473526e+00 -1.492294e+00 4.941050e-01 7.690771e-01 8.607098e-01
0.000000e+00 1.547633e+00 -1.524926e+00 2.768051e-01 -2.034386e-01 -8.445316e-01 -8.001503e-01
0.000000e+00 7.751877e-01 1.472874e-01 -9.025945e-01 1.191649e+00 4.047139e-01 4.296593e-01
0.000000e+00 7.751877e-01 -1.640251e+00 1.456205e+00 -1.598526e+00 -1.208895e+00 -1.193728e+00
0.000000e+00 3.889649e-01 -1.005963e+00 -9.025945e-01 -1.598526e+00 -9.486353e-01 -8.588838e-01
0.000000e+00 -7.697033e-01 1.588851e+00 -3.128947e-01 -1.249754e+00 1.029337e+00 1.113398e+00
0.000000e+00 3.889649e-01 8.392377e-01 2.768051e-01 8.428768e-01 8.731809e-01 9.560071e-01
0.000000e+00 1.161410e+00 -2.570019e-02 -1.492294e+00 1.191649e+00 4.047139e-01 3.943074e-01
0.000000e+00 1.161410e+00 2.049499e-01 -1.492294e+00 4.941050e-01 4.567658e-01 5.856363e-01
0.000000e+00 1.547633e+00 -2.570019e-02 1.456205e+00 -1.598526e+00 7.170252e-01 5.849053e-01
0.000000e+00 -1.542149e+00 1.185213e+00 -1.492294e+00 4.941050e-01 4.047139e-01 4.477965e-01
0.000000e+00 -1.542149e+00 1.358200e+00 -3.128947e-01 8.428768e-01 5.088177e-01 6.663915e-01
0.000000e+00 -7.697033e-01 -3.716754e-01 8.665048e-01 4.941050e-01 -5.842721e-01 -5.857428e-01
0.000000e+00 -7.697033e-01 1.012225e+00 -1.492294e+00 -2.034386e-01 5.088177e-01 5.650788e-01
0.000000e+00 1.161410e+00 7.815752e-01 1.456205e+00 4.941050e-01 1.341648e+00 1.238951e+00
0.000000e+00 -1.542149e+00 1.472874e-01 -9.025945e-01 1.540420e+00 -5.322202e-01 -4.496060e-01
0.000000e+00 -1.155926e+00 6.085876e-01 -1.492294e+00 -1.249754e+00 1.965063e-01 1.568905e-02
0.000000e+00 -1.155926e+00 1.069888e+00 -1.492294e+00 1.191649e+00 6.129215e-01 5.105798e-01
0.000000e+00 -7.697033e-01 -1.178951e+00 -1.492294e+00 -1.249754e+00 -1.104791e+00 -1.477012e+00
0.000000e+00 3.889649e-01 -7.176505e-01 1.456205e+00 -1.249754e+00 -4.801683e-01 -4.848305e-01
0.000000e+00 -1.542149e+00 -6.599880e-01 8.665048e-01 -2.034386e-01 -1.052739e+00 -1.167307e+00
0.000000e+00 -1.155926e+00 -1.351938e+00 -1.492294e+00 8.428768e-01 -1.729414e+00 -1.722839e+00
0.000000e+00 -1.542149e+00 1.531188e+00 8.665048e-01 1.453332e-01 8.731809e-01 8.543775e-01
0.000000e+00 2.742182e-03 -6.599880e-01 8.665048e-01 1.191649e+00 -4.281164e-01 -5.335160e-01
0.000000e+00 7.751877e-01 -3.716754e-01 -3.128947e-01 1.453332e-01 -1.170127e-02 -5.255777e-02
0.000000e+00 1.161410e+00 -8.906381e-01 -9.025945e-01 -2.034386e-01 -4.281164e-01 -4.157150e-01
0.000000e+00 -1.542149e+00 6.085876e-01 -1.492294e+00 -1.598526e+00 -1.170127e-02 -1.427587e-01
0.000000e+00 7.751877e-01 6.662501e-01 -1.492294e+00 8.428768e-01 9.772847e-01 8.710643e-01
0.000000e+00 2.742182e-03 -4.293379e-01 -1.492294e+00 -9.009822e-01 -3.240126e-01 -4.821808e-01
0.000000e+00 -1.542149e+00 1.242875e+00 8.665048e-01 -1.249754e+00 6.649733e-01 5.488970e-01
0.000000e+00 -7.697033e-01 1.242875e+00 2.768051e-01 4.941050e-01 8.731809e-01 8.716059e-01
0.000000e+00 7.751877e-01 -1.524926e+00 -9.025945e-01 -1.249754e+00 -1.208895e+00 -1.176840e+00
0.000000e+00 -1.542149e+00 4.356000e-01 1.456205e+00 -1.598526e+00 -2.199088e-01 -1.775827e-01
0.000000e+00 7.751877e-01 -1.524926e+00 -1.492294e+00 -1.249754e+00 -1.104791e+00 -1.201635e+00
0.000000e+00 2.742182e-03 -1.467263e+00 2.768051e-01 1.453332e-01 -1.156843e+00 -1.329992e+00
0.000000e+00 -1.542149e+00 6.085876e-01 2.768051e-01 -1.249754e+00 4.035063e-02 -5.816939e-02
0.000000e+00 -1.542149e+00 7.815752e-01 2.768051e-01 -1.598526e+00 -6.375316e-02 9.042877e-02
0.000000e+00 -1.542149e+00 -4.293379e-01 -9.025945e-01 -1.598526e+00 -1.156843e+00 -1.070770e+00
0.000000e+00 1.547633e+00 5.509251e-01 2.768051e-01 -5.522104e-01 1.185492e+00 1.095261e+00
0.000000e+00 -7.697033e-01 1.300538e+00 1.456205e+00 8.428768e-01 1.133440e+00 9.843335e-01
0.000000e+00 2.742182e-03 3.779375e-01 -1.492294e+00 1.453332e-01 3.526620e-01 2.895003e-01
0.000000e+00 1.547633e+00 -1.121288e+00 1.456205e+00 -5.522104e-01 -2.199088e-01 -3.902264e-01
0.000000e+00 3.889649e-01 1.415863e+00 -1.492294e+00 1.453332e-01 1.185492e+00 1.390552e+00
0.000000e+00 1.547633e+00 -1.121288e+00 -3.128947e-01 1.453332e-01 -4.801683e-01 -4.442067e-01
0.000000e+00 1.161410e+00 -1.005963e+00 8.665048e-01 1.191649e+00 -2.719607e-01 -4.063841e-01
0.000000e+00 1.161410e+00 -9.483006e-01 2.768051e-01 -5.522104e-01 -4.281164e-01 -4.292608e-01
0.000000e+00 -1.542149e+00 1.704176e+00 1.456205e+00 1.453332e-01 9.772847e-01 1.037974e+00
0.000000e+00 1.547633e+00 -1.294276e+00 8.665048e-01 1.540420e+00 -4.281164e-01 -5.126050e-01
0.000000e+00 3.889649e-01 -3.140128e-01 8.665048e-01 -1.598526e+00 -1.678569e-01 -1.492929e-01
0.000000e+00 1.547633e+00 -7.176505e-01 8.665048e-01 4.941050e-01 -6.375316e-02 -1.387681e-02
0.000000e+00 -7.697033e-01 1.185213e+00 8.665048e-01 4.941050e-01 7.170252e-01 8.434677e-01
0.000000e+00 -7.697033e-01 7.815752e-01 8.665048e-01 -1.598526e+00 4.567658e-01 4.117136e-01
0.000000e+00 3.889649e-01 7.815752e-01 -1.492294e+00 8.428768e-01 7.170252e-01 8.286871e-01
0.000000e+00 1.547633e+00 -7.176505e-01 -9.025945e-01 -2.034386e-01 1.444544e-01 -1.086691e-01
0.000000e+00 7.751877e-01 -1.178951e+00 2.768051e-01 1.191649e+00 -9.486353e-01 -7.382254e-01
0.000000e+00 -7.697033e-01 -1.351938e+00 2.768051e-01 8.428768e-01 -1.521206e+00 -1.500208e+00
0.000000e+00 -7.697033e-01 1.704176e+00 -1.492294e+00 -9.009822e-01 1.289596e+00 1.179877e+00
0.000000e+00 -1.155926e+00 1.127550e+00 1.456205e+00 -1.598526e+00 4.567658e-01 6.058667e-01
0.000000e+00 1.547633e+00 7.815752e-01 -1.492294e+00 -9.009822e-01 1.185492e+00 1.222406e+00
0.000000e+00 -7.697033e-01 -9.483006e-01 8.665048e-01 -1.249754e+00 -1.052739e+00 -1.166095e+00
0.000000e+00 2.742182e-03 -8.906381e-01 -9.025945e-01 -1.249754e+00 -1.000687e+00 -8.910581e-01
0.000000e+00 1.547633e+00 -8.329756e-01 2.768051e-01 -5.522104e-01 -1.170127e-02 -1.751487e-01
0.000000e+00 1.161410e+00 -1.640251e+00 1.456205e+00 -1.249754e+00 -1.000687e+00 -1.035281e+00
0.000000e+00 -1.155926e+00 -2.570019e-02 -3.128947e-01 8.428768e-01 -4.801683e-01 -4.557730e-01
0.000000e+00 -7.697033e-01 -2.570019e-02 -1.492294e+00 -2.034386e-01 -2.199088e-01 -3.877282e-01
0.000000e+00 -1.155926e+00 -7.176505e-01 -3.128947e-01 -1.598526e+00 -1.312999e+00 -1.162399e+00
0.000000e+00 1.161410e+00 3.196234e-02 2.768051e-01 1.453332e-01 6.649733e-01 4.910184e-01
0.000000e+00 3.889649e-01 7.815752e-01 -1.492294e+00 4.941050e-01 7.170252e-01 8.184841e-01
0.000000e+00 3.889649e-01 1.012225e+00 2.768051e-01 -1.598526e+00 1.185492e+00 1.043387e+00
0.000000e+00 1.547633e+00 -1.005963e+00 -1.492294e+00 -9.009822e-01 -2.199088e-01 -4.185391e-01
0.000000e+00 1.161410e+00 -6.023255e-01 1.456205e+00 1.191649e+00 -1.170127e-02 -1.105267e-02
0.000000e+00 -3.834806e-01 1.069888e+00 2.768051e-01 4.941050e-01 8.731809e-01 8.610495e-01
0.000000e+00 -3.834806e-01 1.127550e+00 -3.128947e-01 -5.522104e-01 8.211290e-01 8.585788e-01
0.000000e+00 1.547633e+00 2.626125e-01 -9.025945e-01 1.453332e-01 7.170252e-01 8.014072e-01
0.000000e+00 -1.542149e+00 -4.293379e-01 1.456205e+00 1.453332e-01 -8.965834e-01 -9.205735e-01
0.000000e+00 -1.155926e+00 6.662501e-01 1.456205e+00 -9.009822e-01 3.006101e-01 2.028029e-01
0.000000e+00 -1.155926e+00 1.472874e-01 -1.492294e+00 -1.249754e+00 -3.240126e-01 -4.077807e-01
0.000000e+00 3.889649e-01 4.356000e-01 -3.128947e-01 -2.034386e-01 6.129215e-01 5.300666e-01
0.000000e+00 -3.834806e-01 2.626125e-01 2.768051e-01 8.428768e-01 4.035063e-02 1.301804e-01
0.000000e+00 -7.697033e-01 1.185213e+00 -3.128947e-01 -9.009822e-01 6.649733e-01 7.530648e-01
0.000000e+00 -7.697033e-01 3.202750e-01 1.456205e+00 -2.034386e-01 2.485582e-01 5.385128e-02
0.000000e+00 -7.697033e-01 -6.023255e-01 -1.492294e+00 -9.009822e-01 -1.104791e+00 -9.374714e-01
0.000000e+00 3.889649e-01 1.415863e+00 -3.128947e-01 4.941050e-01 1.445752e+00 1.450346e+00
0.000000e+00 1.161410e+00 -1.582588e+00 2.768051e-01 1.453332e-01 -9.486353e-01 -9.911258e-01
0.000000e+00 7.751877e-01 -1.294276e+00 8.665048e-01 1.453332e-01 -6.883759e-01 -8.499064e-01
0.000000e+00 -3.834806e-01 5.509251e-01 1.456205e+00 -1.598526e+00 3.526620e-01 3.730189e-01
0.000000e+00 -3.834806e-01 1.646513e+00 -9.025945e-01 -1.249754e+00 1.289596e+00 1.289781e+00
0.000000e+00 -1.155926e+00 8.962487e-02 -9.025945e-01 1.453332e-01 -4.801683e-01 -3.951070e-01
0.000000e+00 -1.542149e+00 -8.336272e-02 1.456205e+00 8.428768e-01 -4.281164e-01 -5.825652e-01
0.000000e+00 1.547633e+00 -1.351938e+00 8.665048e-01 -2.034386e-01 -4.801683e-01 -6.165537e-01
0.000000e+00 -1.155926e+00 -1.640251e+00 -1.492294e+00 -1.249754e+00 -2.197881e+00 -2.048726e+00
0.000000e+00 1.161410e+00 -5.446629e-01 -3.128947e-01 -2.034386e-01 -1.170127e-02 -7.331721e-02
0.000000e+00 1.547633e+00 -1.409601e+00 -3.128947e-01 1.191649e+00 -6.883759e-01 -6.782663e-01
0.000000e+00 -3.834806e-01 -1.410252e-01 8.665048e-01 1.453332e-01 -2.199088e-01 -2.359662e-01
0.000000e+00 1.161410e+00 1.012225e+00 8.665048e-01 -2.034386e-01 1.341648e+00 1.405484e+00
0.000000e+00 1.547633e+00 6.662501e-01 2.768051e-01 1.540420e+00 1.029337e+00 1.262346e+00
0.000000e+00 2.742182e-03 3.202750e-01 2.768051e-01 1.453332e-01 1.965063e-01 3.109529e-01
0.000000e+00 7.751877e-01 8.962487e-02 -9.025945e-01 1.191649e+00 3.526620e-01 3.767256e-01
0.000000e+00 -3.834806e-01 8.392377e-01 -1.492294e+00 4.941050e-01 5.088177e-01 5.749283e-01
0.000000e+00 -1.542149e+00 6.662501e-01 -1.492294e+00 1.540420e+00 -2.199088e-01 2.002030e-03
0.000000e+00 -7.697033e-01 1.300538e+00 8.665048e-01 -9.009822e-01 9.252328e-01 9.085231e-01
0.000000e+00 2.742182e-03 8.969003e-01 -9.025945e-01 1.540420e+00 6.649733e-01 8.315112e-01
0.000000e+00 -7.697033e-01 -1.236613e+00 -9.025945e-01 1.540420e+00 -1.417102e+00 -1.423526e+00
0.000000e+00 7.751877e-01 -1.121288e+00 2.768051e-01 -2.034386e-01 -8.445316e-01 -7.261037e-01
0.000000e+00 1.547633e+00 -4.293379e-01 -3.128947e-01 -5.522104e-01 -1.170127e-02 1.705919e-01
0.000000e+00 3.889649e-01 1.127550e+00 -1.492294e+00 -2.034386e-01 1.081388e+00 1.115680e+00
0.000000e+00 -1.542149e+00 -1.121288e+00 -9.025945e-01 8.428768e-01 -1.625310e+00 -1.634554e+00
0.000000e+00 7.751877e-01 1.069888e+00 2.768051e-01 1.453332e-01 1.341648e+00 1.295581e+00
0.000000e+00 -7.697033e-01 -1.640251e+00 2.768051e-01 -5.522104e-01 -1.625310e+00 -1.805689e+00
0.000000e+00 2.742182e-03 -1.582588e+00 2.768051e-01 -2.034386e-01 -1.365050e+00 -1.446063e+00
0.000000e+00 -3.834806e-01 -1.121288e+00 -3.128947e-01 4.941050e-01 -9.486353e-01 -1.175227e+00
0.000000e+00 2.742182e-03 1.127550e+00 -9.025945e-01 8.428768e-01 9.772847e-01 1.022840e+00
0.000000e+00 2.742182e-03 1.646513e+00 8.665048e-01 -2.034386e-01 1.497804e+00 1.543021e+00
0.000000e+00 3.889649e-01 2.626125e-01 8.665048e-01 -1.249754e+00 4.567658e-01 3.902473e-01
0.000000e+00 3.889649e-01 1.588851e+00 2.768051e-01 1.453332e-01 1.810115e+00 1.623739e+00
0.000000e+00 1.161410e+00 -8.906381e-01 2.768051e-01 1.191649e+00 -4.801683e-01 -3.253121e-01
0.000000e+00 1.161410e+00 7.239127e-01 -3.128947e-01 -9.009822e-01 1.237544e+00 1.070819e+00
0.000000e+00 1.547633e+00 -1.121288e+00 2.768051e-01 4.941050e-01 -3.760645e-01 -4.092083e-01
0.000000e+00 1.161410e+00 3.196234e-02 1.456205e+00 8.428768e-01 5.088177e-01 5.610153e-01
0.000000e+00 -1.155926e+00 -1.410252e-01 -9.025945e-01 1.453332e-01 -4.801683e-01 -6.068419e-01
0.000000e+00 -1.542149e+00 -1.410252e-01 2.768051e-01 -9.009822e-01 -8.445316e-01 -7.361048e-01
0.000000e+00 -1.155926e+00 8.962487e-02 2.768051e-01 -1.598526e+00 -3.240126e-01 -3.965312e-01
0.000000e+00 -1.155926e+00 -3.140128e-01 -9.025945e-01 -9.009822e-01 -8.445316e-01 -7.962521e-01
0.000000e+00 -7.697033e-01 -6.023255e-01 -1.492294e+00 1.453332e-01 -7.924797e-01 -9.068624e-01
0.000000e+00 7.751877e-01 -1.410252e-01 1.456205e+00 -5.522104e-01 2.485582e-01 2.131574e-01
0.000000e+00 -1.155926e+00 -3.140128e-01 1.456205e+00 -1.598526e+00 -6.363240e-01 -7.174763e-01
0.000000e+00 -1.542149e+00 -1.121288e+00 8.665048e-01 1.453332e-01 -1.573258e+00 -1.580574e+00
0.000000e+00 3.889649e-01 -6.599880e-01 2.768051e-01 -1.598526e+00 -5.322202e-01 -4.916907e-01
0.000000e+00 1.547633e+00 -1.410252e-01 -9.025945e-01 8.428768e-01 4.567658e-01 4.512771e-01
0.000000e+00 -7.697033e-01 -1.697914e+00 8.665048e-01 -9.009822e-01 -1.833518e+00 -1.844030e+00
0.000000e+00 3.889649e-01 1.646513e+00 -3.128947e-01 -9.009822e-01 1.653959e+00 1.621269e+00
0.000000e+00 -7.697033e-01 -1.467263e+00 -1.492294e+00 -1.598526e+00 -1.677362e+00 -1.751883e+00
0.000000e+00 -1.542149e+00 -1.178951e+00 2.768051e-01 -9.009822e-01 -1.677362e+00 -1.688912e+00
0.000000e+00 2.742182e-03 6.662501e-01 -1.492294e+00 4.941050e-01 6.129215e-01 5.643719e-01
0.000000e+00 -3.834806e-01 8.969003e-01 2.768051e-01 1.540420e+00 9.772847e-01 7.328573e-01
0.000000e+00 7.751877e-01 2.049499e-01 2.768051e-01 8.428768e-01 4.567658e-01 5.219808e-01
0.000000e+00 3.889649e-01 3.202750e-01 2.768051e-01 8.428768e-01 5.608696e-01 4.796036e-01
0.000000e+00 7.751877e-01 -1.640251e+00 -1.492294e+00 -9.009822e-01 -1.365050e+00 -1.297299e+00
0.000000e+00 2.742182e-03 -7.176505e-01 1.456205e+00 -2.034386e-01 -6.883759e-01 -6.024662e-01
0.000000e+00 -3.834806e-01 -1.005963e+00 -3.128947e-01 -1.598526e+00 -9.486353e-01 -1.130578e+00
0.000000e+00 7.751877e-01 1.185213e+00 1.456205e+00 1.191649e+00 1.393700e+00 1.481648e+00
0.000000e+00 7.751877e-01 -1.467263e+00 -9.025945e-01 8.428768e-01 -1.052739e+00 -1.062688e+00
0.000000e+00 3.889649e-01 -6.023255e-01 -9.025945e-01 1.540420e+00 -4.801683e-01 -3.965208e-01
0.000000e+00 1.161410e+00 -1.640251e+00 1.456205e+00 -1.249754e+00 -7.924797e-01 -1.035281e+00
0.000000e+00 -3.834806e-01 -1.121288e+00 -3.128947e-01 1.540420e+00 -1.104791e+00 -1.144618e+00
0.000000e+00 2.742182e-03 -2.570019e-02 -3.128947e-01 -1.598526e+00 -1.678569e-01 -8.245987e-02
0.000000e+00 -3.834806e-01 8.962487e-02 2.768051e-01 -5.522104e-01 -1.678569e-01 -6.943273e-02
0.000000e+00 -1.542149e+00 8.962487e-02 2.768051e-01 1.191649e+00 -2.719607e-01 -4.631519e-01
0.000000e+00 1.161410e+00 1.588851e+00 -9.025945e-01 8.428768e-01 1.862167e+00 1.891044e+00
0.000000e+00 -1.542149e+00 1.127550e+00 2.768051e-01 -9.009822e-01 4.567658e-01 4.284371e-01
0.000000e+00 2.742182e-03 4.356000e-01 2.768051e-01 1.540420e+00 6.129215e-01 4.576323e-01
0.000000e+00 3.889649e-01 1.415863e+00 -3.128947e-01 1.453332e-01 1.549856e+00 1.440143e+00
0.000000e+00 3.889649e-01 -1.410252e-01 -1.492294e+00 1.191649e+00 -1.158051e-01 -8.049467e-03
0.000000e+00 2.742182e-03 -1.178951e+00 1.456205e+00 1.540420e+00 -1.052739e+00 -9.749210e-01
0.000000e+00 -7.697033e-01 -4.870004e-01 8.665048e-01 8.428768e-01 -7.404278e-01 -6.814072e-01
0.000000e+00 2.742182e-03 1.415863e+00 8.665048e-01 1.540420e+00 1.341648e+00 1.382301e+00
0.000000e+00 1.161410e+00 -7.753131e-01 2.768051e-01 -2.034386e-01 -1.678569e-01 -2.602567e-01
0.000000e+00 -1.155926e+00 -4.870004e-01 2.768051e-01 1.191649e+00 -8.445316e-01 -8.442444e-01
0.000000e+00 3.889649e-01 7.239127e-01 1.456205e+00 1.191649e+00 8.731809e-01 9.099335e-01
0.000000e+00 1.547633e+00 -6.599880e-01 8.665048e-01 -9.009822e-01 -1.170127e-02 -1.755083e-03
0.000000e+00 1.161410e+00 -7.753131e-01 -3.128947e-01 8.428768e-01 -3.240126e-01 -2.544431e-01
0.000000e+00 1.161410e+00 -3.716754e-01 8.665048e-01 -5.522104e-01 2.485582e-01 1.248718e-01
0.000000e+00 1.161410e+00 3.202750e-01 8.665048e-01 1.540420e+00 7.170252e-01 8.212944e-01
0.000000e+00 7.751877e-01 8.962487e-02 8.665048e-01 4.941050e-01 4.047139e-01 4.307058e-01
0.000000e+00 1.161410e+00 1.588851e+00 2.768051e-01 1.540420e+00 2.018323e+00 1.961041e+00
0.000000e+00 3.889649e-01 1.473526e+00 2.768051e-01 8.428768e-01 1.601907e+00 1.538278e+00
0.000000e+00 -1.155926e+00 1.588851e+00 1.456205e+00 4.941050e-01 1.029337e+00 1.090554e+00
0.000000e+00 -1.155926e+00 8.969003e-01 8.665048e-01 -2.034386e-01 5.608696e-01 4.101483e-01
0.000000e+00 1.161410e+00 1.646513e+00 2.768051e-01 -1.598526e+00 2.174478e+00 1.922148e+00
0.000000e+00 -1.542149e+00 1.242875e+00 1.456205e+00 8.428768e-01 8.211290e-01 6.349104e-01
0.000000e+00 3.889649e-01 3.202750e-01 8.665048e-01 -2.034386e-01 1.965063e-01 4.737900e-01
0.000000e+00 3.889649e-01 -1.410252e-01 -3.128947e-01 -9.009822e-01 -6.375316e-02 -1.967660e-02
0.000000e+00 -3.834806e-01 -9.483006e-01 2.768051e-01 -1.249754e+00 -1.104791e+00 -1.042646e+00
0.000000e+00 -7.697033e-01 1.588851e+00 -1.492294e+00 -9.009822e-01 1.133440e+00 1.074010e+00
0.000000e+00 -7.697033e-01 3.202750e-01 1.456205e+00 1.191649e+00 2.485582e-01 9.466327e-02
0.000000e+00 -1.542149e+00 -1.409601e+00 2.768051e-01 -1.249754e+00 -2.041725e+00 -1.910850e+00
0.000000e+00 -7.697033e-01 -1.236613e+00 -3.128947e-01 1.540420e+00 -1.312999e+00 -1.398730e+00
0.000000e+00 -3.834806e-01 -5.446629e-01 -3.128947e-01 -1.598526e+00 -6.883759e-01 -7.071081e-01
0.000000e+00 2.742182e-03 -1.063626e+00 2.768051e-01 -1.249754e+00 -1.000687e+00 -1.000268e+00
0.000000e+00 -7.697033e-01 1.588851e+00 -9.025945e-01 -1.249754e+00 1.133440e+00 1.088602e+00
0.000000e+00 3.889649e-01 -2.570019e-02 1.456205e+00 -2.034386e-01 1.444544e-01 1.809831e-01
0.000000e+00 2.742182e-03 3.196234e-02 8.665048e-01 -1.598526e+00 1.444544e-01 2.006470e-02
0.000000e+00 -7.697033e-01 5.509251e-01 8.665048e-01 1.540420e+00 2.485582e-01 2.918057e-01
0.000000e+00 3.889649e-01 1.473526e+00 -3.128947e-01 8.428768e-01 1.653959e+00 1.513483e+00
0.000000e+00 3.889649e-01 -1.524926e+00 2.768051e-01 -1.249754e+00 -1.312999e+00 -1.275493e+00
0.000000e+00 1.161410e+00 3.196234e-02 -9.025945e-01 1.453332e-01 1.965063e-01 4.414276e-01
0.000000e+00 -1.155926e+00 -1.986878e-01 1.456205e+00 -2.034386e-01 -6.883759e-01 -5.707969e-01
0.000000e+00 -1.542149e+00 1.588851e+00 -1.492294e+00 -1.249754e+00 7.690771e-01 7.673176e-01
0.000000e+00 -3.834806e-01 1.531188e+00 8.665048e-01 1.540420e+00 1.393700e+00 1.339924e+00
0.000000e+00 7.751877e-01 -3.140128e-01 1.456205e+00 -1.598526e+00 4.035063e-02 2.374724e-02
0.000000e+00 -7.697033e-01 -1.467263e+00 1.456205e+00 1.453332e-01 -1.625310e+00 -1.576891e+00
0.000000e+00 -7.697033e-01 -1.409601e+00 -9.025945e-01 1.453332e-01 -1.469154e+00 -1.623139e+00
0.000000e+00 2.742182e-03 -1.467263e+00 1.456205e+00 -9.009822e-01 -1.156843e+00 -1.311011e+00
0.000000e+00 2.742182e-03 1.185213e+00 8.665048e-01 8.428768e-01 1.029337e+00 1.150160e+00
0.000000e+00 -7.697033e-01 -1.986878e-01 2.768051e-01 1.191649e+00 -5.322202e-01 -4.313311e-01
0.000000e+00 1.547633e+00 -1.294276e+00 8.665048e-01 -9.009822e-01 -5.322202e-01 -5.840260e-01
0.000000e+00 -3.834806e-01 -1.236613e+00 -1.492294e+00 1.191649e+00 -1.312999e+00 -1.310280e+00
0.000000e+00 -7.697033e-01 -8.906381e-01 2.768051e-01 8.428768e-01 -1.365050e+00 -1.076739e+00
0.000000e+00 -1.155926e+00 3.202750e-01 -3.128947e-01 -2.034386e-01 -2.719607e-01 -1.687797e-01
0.000000e+00 1.547633e+00 1.531188e+00 -9.025945e-01 1.453332e-01 2.070374e+00 1.965949e+00
0.000000e+00 -3.834806e-01 6.085876e-01 8.665048e-01 -1.598526e+00 4.047139e-01 4.011572e-01
0.000000e+00 -7.697033e-01 -1.351938e+00 2.768051e-01 -2.034386e-01 -1.625310e+00 -1.530817e+00
0.000000e+00 7.751877e-01 8.962487e-02 1.456205e+00 1.540420e+00 4.047139e-01 4.861103e-01
0.000000e+00 1.161410e+00 -1.294276e+00 2.768051e-01 1.540420e+00 -7.404278e-01 -6.856452e-01
0.000000e+00 -1.155926e+00 9.545628e-01 8.665048e-01 4.941050e-01 7.170252e-01 4.834881e-01
0.000000e+00 7.751877e-01 1.185213e+00 -3.128947e-01 -1.598526e+00 1.341648e+00 1.325638e+00
0.000000e+00 2.742182e-03 -8.906381e-01 8.665048e-01 1.540420e+00 -7.924797e-01 -7.350478e-01
0.000000e+00 2.742182e-03 3.779375e-01 -3.128947e-01 1.191649e+00 5.608696e-01 3.697001e-01
0.000000e+00 -7.697033e-01 -6.599880e-01 1.456205e+00 4.941050e-01 -7.924797e-01 -8.256160e-01
0.000000e+00 2.742182e-03 4.932626e-01 8.665048e-01 -5.522104e-01 4.047139e-01 4.741435e-01
0.000000e+00 -1.155926e+00 -1.409601e+00 2.768051e-01 -5.522104e-01 -1.781466e+00 -1.742199e+00
0.000000e+00 -3.834806e-01 1.646513e+00 -1.492294e+00 1.540420e+00 1.341648e+00 1.346609e+00
0.000000e+00 3.889649e-01 -6.599880e-01 -1.492294e+00 4.941050e-01 -4.281164e-01 -5.048589e-01
0.000000e+00 -1.542149e+00 1.531188e+00 1.456205e+00 1.453332e-01 7.170252e-01 8.791730e-01
0.000000e+00 -3.834806e-01 -1.410252e-01 2.768051e-01 -9.009822e-01 -4.281164e-01 -2.913706e-01
0.000000e+00 3.889649e-01 -7.753131e-01 -1.492294e+00 1.191649e+00 -5.842721e-01 -5.903204e-01
0.000000e+00 1.547633e+00 6.662501e-01 1.456205e+00 1.453332e-01 1.185492e+00 1.271125e+00
0.000000e+00 -1.155926e+00 -6.599880e-01 -3.128947e-01 -1.249754e+00 -1.000687e+00 -1.099262e+00
0.000000e+00 7.751877e-01 3.196234e-02 2.768051e-01 1.540420e+00 2.485582e-01 3.835857e-01
0.000000e+00 3.889649e-01 -1.121288e+00 -3.128947e-01 -1.249754e+00 -6.363240e-01 -9.297528e-01
0.000000e+00 -1.155926e+00 -8.906381e-01 2.768051e-01 -1.598526e+00 -1.312999e+00 -1.296404e+00
0.000000e+00 1.161410e+00 -1.178951e+00 -3.128947e-01 -2.034386e-01 -6.363240e-01 -6.555881e-01
0.000000e+00 7.751877e-01 7.239127e-01 -3.128947e-01 1.540420e+00 1.029337e+00 9.939949e-01
0.000000e+00 2.742182e-03 -4.293379e-01 -1.492294e+00 1.453332e-01 -4.801683e-01 -4.515718e-01
0.000000e+00 2.742182e-03 -1.582588e+00 2.768051e-01 -9.009822e-01 -1.365050e+00 -1.466469e+00
0.000000e+00 7.751877e-01 -1.582588e+00 8.665048e-01 -5.522104e-01 -1.156843e+00 -1.134981e+00
0.000000e+00 1.547633e+00 -7.176505e-01 -1.492294e+00 -2.034386e-01 -2.199088e-01 -1.334645e-01
0.000000e+00 1.547633e+00 -3.140128e-01 -3.128947e-01 -5.522104e-01 1.444544e-01 2.764594e-01
0.000000e+00 1.547633e+00 7.239127e-01 -3.128947e-01 1.191649e+00 1.341648e+00 1.280281e+00
0.000000e+00 3.889649e-01 -6.023255e-01 8.665048e-01 -9.009822e-01 -3.240126e-01 -3.935555e-01
0.000000e+00 3.889649e-01 1.588851e+00 8.665048e-01 -2.034386e-01 1.497804e+00 1.638332e+00
0.000000e+00 -7.697033e-01 -8.336272e-02 -3.128947e-01 4.941050e-01 -4.281164e-01 -3.706650e-01
0.000000e+00 -1.542149e+00 -4.870004e-01 8.665048e-01 4.941050e-01 -8.965834e-01 -9.880997e-01
0.000000e+00 7.751877e-01 1.127550e+00 -9.025945e-01 1.453332e-01 1.185492e+00 1.298924e+00
0.000000e+00 -3.834806e-01 1.531188e+00 -1.492294e+00 1.191649e+00 1.133440e+00 1.230539e+00
0.000000e+00 -1.542149e+00 -8.906381e-01 2.768051e-01 4.941050e-01 -1.365050e+00 -1.383431e+00
0.000000e+00 1.161410e+00 4.932626e-01 8.665048e-01 -5.522104e-01 1.081388e+00 9.188776e-01
0.000000e+00 3.889649e-01 -1.178951e+00 8.665048e-01 1.540420e+00 -7.404278e-01 -8.514717e-01
0.000000e+00 3.889649e-01 -5.446629e-01 -9.025945e-01 1.191649e+00 -2.199088e-01 -3.537901e-01
0.000000e+00 -1.155926e+00 1.415863e+00 2.768051e-01 1.453332e-01 7.690771e-01 8.719594e-01
0.000000e+00 -1.542149e+00 1.242875e+00 -9.025945e-01 -1.598526e+00 4.047139e-01 4.643077e-01
0.000000e+00 -1.155926e+00 -8.336272e-02 2.768051e-01 1.191649e+00 -4.801683e-01 -4.737083e-01
0.000000e+00 -3.834806e-01 8.962487e-02 -1.492294e+00 4.941050e-01 -1.158051e-01 -1.132100e-01
0.000000e+00 -1.155926e+00 -1.178951e+00 8.665048e-01 1.453332e-01 -1.573258e+00 -1.485263e+00
0.000000e+00 -1.542149e+00 -1.005963e+00 -1.492294e+00 1.453332e-01 -1.521206e+00 -1.573888e+00
0.000000e+00 7.751877e-01 9.545628e-01 2.768051e-01 -5.522104e-01 9.772847e-01 1.169307e+00
0.000000e+00 1.161410e+00 -4.293379e-01 8.665048e-01 -5.522104e-01 9.240252e-02 7.193808e-02
0.000000e+00 3.889649e-01 1.127550e+00 -9.025945e-01 -9.009822e-01 1.289596e+00 1.120070e+00
0.000000e+00 -3.834806e-01 -4.293379e-01 -3.128947e-01 8.428768e-01 -5.322202e-01 -5.298196e-01
0.000000e+00 3.889649e-01 3.196234e-02 -9.025945e-01 8.428768e-01 4.035063e-02 1.653441e-01
0.000000e+00 -7.697033e-01 -1.524926e+00 -3.128947e-01 -1.249754e+00 -1.885569e+00 -1.745023e+00
0.000000e+00 1.161410e+00 1.242875e+00 -9.025945e-01 -2.034386e-01 1.601907e+00 1.542833e+00
0.000000e+00 -1.155926e+00 1.069888e+00 2.768051e-01 1.191649e+00 7.690771e-01 5.849661e-01
0.000000e+00 2.742182e-03 1.704176e+00 -1.492294e+00 1.191649e+00 1.549856e+00 1.537585e+00
0.000000e+00 -1.542149e+00 -1.582588e+00 -3.128947e-01 4.941050e-01 -2.041725e+00 -2.043431e+00
0.000000e+00 3.889649e-01 -5.446629e-01 2.768051e-01 -5.522104e-01 -4.281164e-01 -3.552142e-01
0.000000e+00 -1.155926e+00 1.300538e+00 -1.492294e+00 -5.522104e-01 5.088177e-01 6.712997e-01
0.000000e+00 -3.834806e-01 -1.640251e+00 -1.492294e+00 1.540420e+00 -1.677362e+00 -1.670613e+00
0.000000e+00 3.889649e-01 -1.524926e+00 8.665048e-01 4.941050e-01 -1.365050e+00 -1.199683e+00
0.000000e+00 1.161410e+00 -1.697914e+00 8.665048e-01 -9.009822e-01 -1.000687e+00 -1.102807e+00
0.000000e+00 1.161410e+00 -8.906381e-01 8.665048e-01 -9.009822e-01 -3.240126e-01 -3.617347e-01
0.000000e+00 3.889649e-01 1.531188e+00 -3.128947e-01 -2.034386e-01 1.549856e+00 1.535807e+00
0.000000e+00 -3.834806e-01 1.472874e-01 -3.128947e-01 1.453332e-01 4.035063e-02 -2.088844e-02
0.000000e+00 1.161410e+00 -1.409601e+00 -1.492294e+00 8.428768e-01 -8.445316e-01 -8.863049e-01
0.000000e+00 1.161410e+00 -1.351938e+00 -3.128947e-01 -1.598526e+00 -7.924797e-01 -8.552013e-01
0.000000e+00 -1.542149e+00 -6.599880e-01 -1.492294e+00 4.941050e-01 -1.156843e+00 -1.246083e+00
0.000000e+00 -3.834806e-01 7.815752e-01 2.768051e-01 8.428768e-01 6.129215e-01 6.065839e-01
0.000000e+00 -3.834806e-01 -1.697914e+00 -9.025945e-01 -2.034386e-01 -1.885569e+00 -1.749766e+00
0.000000e+00 7.751877e-01 4.932626e-01 -1.492294e+00 1.540420e+00 9.772847e-01 7.326692e-01
0.000000e+00 7.751877e-01 -6.599880e-01 -1.492294e+00 -1.249754e+00 -4.281164e-01 -4.076292e-01
0.000000e+00 1.161410e+00 8.392377e-01 2.768051e-01 -5.522104e-01 1.133440e+00 1.211684e+00
0.000000e+00 2.742182e-03 -2.563503e-01 8.665048e-01 1.453332e-01 -1.678569e-01 -1.935889e-01
0.000000e+00 7.751877e-01 7.815752e-01 1.456205e+00 1.191649e+00 1.081388e+00 1.111112e+00
0.000000e+00 1.161410e+00 -1.063626e+00 8.665048e-01 -1.249754e+00 -6.883759e-01 -5.307388e-01
0.000000e+00 1.547633e+00 -4.870004e-01 8.665048e-01 -5.522104e-01 4.035063e-02 1.672491e-01
0.000000e+00 -7.697033e-01 -1.005963e+00 -1.492294e+00 1.540420e+00 -1.312999e+00 -1.236586e+00
0.000000e+00 -7.697033e-01 -1.410252e-01 -1.492294e+00 -2.034386e-01 -4.281164e-01 -4.935956e-01
0.000000e+00 -3.834806e-01 -9.483006e-01 -3.128947e-01 8.428768e-01 -1.104791e+00 -1.006223e+00
0.000000e+00 2.742182e-03 -4.870004e-01 -3.128947e-01 8.428768e-01 -3.760645e-01 -4.345087e-01
0.000000e+00 -1.542149e+00 -2.570019e-02 -9.025945e-01 -1.249754e+00 -6.883759e-01 -6.900312e-01
0.000000e+00 7.751877e-01 7.815752e-01 -9.025945e-01 1.453332e-01 9.772847e-01 9.813212e-01
0.000000e+00 1.547633e+00 -6.023255e-01 1.456205e+00 1.453332e-01 1.444544e-01 1.065831e-01
0.000000e+00 1.161410e+00 7.815752e-01 -3.128947e-01 -2.034386e-01 1.029337e+00 1.144158e+00
0.000000e+00 2.742182e-03 -1.986878e-01 -1.492294e+00 8.428768e-01 -6.375316e-02 -2.194309e-01
0.000000e+00 -3.834806e-01 4.356000e-01 2.768051e-01 1.540420e+00 3.526620e-01 3.093876e-01
0.000000e+00 7.751877e-01 1.646513e+00 -3.128947e-01 -1.249754e+00 1.706011e+00 1.759310e+00
0.000000e+00 2.742182e-03 6.662501e-01 -1.492294e+00 -1.249754e+00 4.567658e-01 5.133569e-01
0.000000e+00 7.751877e-01 1.242875e+00 -3.128947e-01 4.941050e-01 1.341648e+00 1.439789e+00
0.000000e+00 -1.542149e+00 1.473526e+00 8.665048e-01 1.191649e+00 7.170252e-01 8.320528e-01
0.000000e+00 -1.542149e+00 6.085876e-01 -3.128947e-01 -9.009822e-01 -2.199088e-01 -7.276182e-02
0.000000e+00 -7.697033e-01 2.049499e-01 1.456205e+00 4.941050e-01 -1.678569e-01 -3.161017e-02
0.000000e+00 -1.155926e+00 4.932626e-01 8.665048e-01 -9.009822e-01 1.444544e-01 1.920631e-02
0.000000e+00 -1.155926e+00 6.085876e-01 -1.492294e+00 1.453332e-01 -1.170127e-02 5.650104e-02
0.000000e+00 7.751877e-01 1.531188e+00 8.665048e-01 -9.009822e-01 1.601907e+00 1.713237e+00
0.000000e+00 -1.155926e+00 7.815752e-01 -3.128947e-01 -1.598526e+00 3.526620e-01 2.138781e-01
0.000000e+00 -3.834806e-01 3.779375e-01 8.665048e-01 1.453332e-01 2.485582e-01 2.404373e-01
0.000000e+00 -1.155926e+00 -1.697914e+00 1.456205e+00 -9.009822e-01 -2.093777e+00 -1.967480e+00
0.000000e+00 3.889649e-01 1.358200e+00 2.768051e-01 -1.598526e+00 1.393700e+00 1.360990e+00
0.000000e+00 1.161410e+00 -8.906381e-01 8.665048e-01 -2.034386e-01 -1.678569e-01 -3.413287e-01
0.000000e+00 -3.834806e-01 8.962487e-02 1.456205e+00 8.428768e-01 9.240252e-02 2.097011e-02
0.000000e+00 2.742182e-03 -1.294276e+00 8.665048e-01 8.428768e-01 -1.104791e+00 -1.125990e+00
0.000000e+00 -3.834806e-01 1.472874e-01 -9.025945e-01 8.428768e-01 -1.170127e-02 -2.527787e-02
0.000000e+00 -7.697033e-01 -7.176505e-01 2.768051e-01 -9.009822e-01 -8.445316e-01 -9.689525e-01
0.000000e+00 2.742182e-03 8.392377e-01 -1.492294e+00 8.428768e-01 9.252328e-01 7.333761e-01
0.000000e+00 1.547633e+00 -8.336272e-02 1.456205e+00 -5.522104e-01 4.567658e-01 5.625805e-01
0.000000e+00 1.161410e+00 8.962487e-02 8.665048e-01 8.428768e-01 6.129215e-01 5.891535e-01
0.000000e+00 1.161410e+00 1.472874e-01 2.768051e-01 -9.009822e-01 6.129215e-01 5.662769e-01
0.000000e+00 1.161410e+00 -1.467263e+00 -1.492294e+00 -9.009822e-01 -1.000687e+00 -9.902536e-01
0.000000e+00 1.161410e+00 -7.176505e-01 2.768051e-01 -1.598526e+00 -1.678569e-01 -2.481349e-01
0.000000e+00 7.751877e-01 1.012225e+00 1.456205e+00 8.428768e-01 1.549856e+00 1.312644e+00
0.000000e+00 1.161410e+00 1.588851e+00 -9.025945e-01 8.428768e-01 1.862167e+00 1.891044e+00
0.000000e+00 1.161410e+00 -1.178951e+00 1.456205e+00 1.191649e+00 -6.883759e-01 -5.403899e-01
0.000000e+00 1.161410e+00 3.202750e-01 1.456205e+00 1.453332e-01 9.772847e-01 8.052779e-01
0.000000e+00 7.751877e-01 1.472874e-01 -1.492294e+00 -1.249754e+00 5.088177e-01 3.334429e-01
0.000000e+00 -1.542149e+00 -4.293379e-01 -1.492294e+00 -1.598526e+00 -1.000687e+00 -1.095566e+00
0.000000e+00 -3.834806e-01 5.509251e-01 8.665048e-01 8.428768e-01 4.047139e-01 4.196444e-01
0.000000e+00 -3.834806e-01 -1.467263e+00 -3.128947e-01 1.540420e+00 -1.365050e+00 -1.462221e+00
0.000000e+00 2.742182e-03 2.049499e-01 1.456205e+00 -5.522104e-01 2.485582e-01 2.342703e-01
0.000000e+00 3.889649e-01 -3.716754e-01 -1.492294e+00 4.941050e-01 -2.719607e-01 -2.401903e-01
0.000000e+00 -3.834806e-01 -7.753131e-01 1.456205e+00 1.540420e+00 -7.924797e-01 -7.526297e-01
0.000000e+00 -1.155926e+00 3.196234e-02 1.456205e+00 -5.522104e-01 -3.760645e-01 -3.692650e-01
0.000000e+00 3.889649e-01 -1.351938e+00 -1.492294e+00 -1.598526e+00 -1.156843e+00 -1.201282e+00
0.000000e+00 1.161410e+00 -7.753131e-01 -9.025945e-01 8.428768e-01 -2.199088e-01 -2.792385e-01
0.000000e+00 1.161410e+00 -1.410252e-01 -9.025945e-01 1.540420e+00 4.567658e-01 3.234384e-01
0.000000e+00 7.751877e-01 4.356000e-01 1.456205e+00 1.191649e+00 7.690771e-01 7.935096e-01
0.000000e+00 3.889649e-01 -4.870004e-01 -9.025945e-01 1.540420e+00 -3.240126e-01 -2.906534e-01
0.000000e+00 -1.155926e+00 -8.906381e-01 1.456205e+00 1.191649e+00 -1.156843e+00 -1.165190e+00
0.000000e+00 7.751877e-01 3.779375e-01 8.665048e-01 1.191649e+00 7.170252e-01 7.157804e-01
0.000000e+00 2.742182e-03 -8.906381e-01 -1.492294e+00 -5.522104e-01 -7.404278e-01 -8.954475e-01
0.000000e+00 3.889649e-01 1.127550e+00 1.456205e+00 1.191649e+00 1.237544e+00 1.280470e+00
0.000000e+00 1.161410e+00 1.127550e+00 -9.025945e-01 -5.522104e-01 1.341648e+00 1.426762e+00
0.000000e+00 1.161410e+00 -3.140128e-01 -9.025945e-01 -1.249754e+00 9.240252e-02 8.301325e-02
0.000000e+00 -7.697033e-01 1.300538e+00 2.768051e-01 1.540420e+00 9.252328e-01 9.551487e-01
0.000000e+00 7.751877e-01 -5.446629e-01 2.768051e-01 -9.009822e-01 -3.240126e-01 -2.171725e-01
0.000000e+00 -1.542149e+00 1.415863e+00 -9.025945e-01 -1.249754e+00 4.567658e-01 6.333118e-01
0.000000e+00 -1.542149e+00 4.356000e-01 8.665048e-01 -1.598526e+00 -3.240126e-01 -2.023781e-01
0.000000e+00 7.751877e-01 -1.640251e+00 -3.128947e-01 1.453332e-01 -1.260947e+00 -1.217100e+00
0.000000e+00 1.547633e+00 -1.986878e-01 1.456205e+00 -5.522104e-01 3.006101e-01 4.567131e-01
0.000000e+00 7.751877e-01 1.069888e+00 2.768051e-01 4.941050e-01 1.341648e+00 1.305784e+00
0.000000e+00 2.742182e-03 8.962487e-02 1.456205e+00 4.941050e-01 1.965063e-01 1.590118e-01
0.000000e+00 1.161410e+00 -5.446629e-01 2.768051e-01 1.540420e+00 -6.375316e-02 2.493196e-03
0.000000e+00 -1.155926e+00 -1.524926e+00 -1.492294e+00 -1.598526e+00 -1.937621e+00 -1.953062e+00
0.000000e+00 1.547633e+00 7.815752e-01 -1.492294e+00 1.191649e+00 1.289596e+00 1.283624e+00
0.000000e+00 3.889649e-01 -6.599880e-01 -9.025945e-01 8.428768e-01 -6.363240e-01 -4.698605e-01
0.000000e+00 1.547633e+00 -1.640251e+00 -1.492294e+00 1.540420e+00 -8.445316e-01 -9.293890e-01
0.000000e+00 -1.155926e+00 -2.563503e-01 -1.492294e+00 -1.598526e+00 -8.445316e-01 -7.885198e-01
0.000000e+00 -7.697033e-01 2.049499e-01 -3.128947e-01 8.428768e-01 -2.199088e-01 -9.579344e-02
0.000000e+00 1.161410e+00 -9.483006e-01 8.665048e-01 -2.034386e-01 -3.240126e-01 -3.942624e-01
0.000000e+00 -1.542149e+00 -8.906381e-01 -9.025945e-01 -1.598526e+00 -1.469154e+00 -1.494240e+00
0.000000e+00 7.751877e-01 -6.023255e-01 -3.128947e-01 -5.522104e-01 -2.199088e-01 -2.846986e-01
0.000000e+00 7.751877e-01 2.049499e-01 -9.025945e-01 4.941050e-01 4.567658e-01 4.621870e-01
0.000000e+00 -1.542149e+00 3.202750e-01 8.665048e-01 -2.034386e-01 -2.199088e-01 -2.674336e-01
0.000000e+00 1.547633e+00 -6.599880e-01 -9.025945e-01 -9.009822e-01 4.035063e-02 -7.614136e-02
0.000000e+00 1.161410e+00 -1.236613e+00 1.456205e+00 -5.522104e-01 -4.801683e-01 -6.443386e-01
0.000000e+00 -3.834806e-01 -1.351938e+00 1.456205e+00 -1.249754e+00 -1.417102e+00 -1.363591e+00
0.000000e+00 2.742182e-03 -2.570019e-02 1.456205e+00 8.428768e-01 9.240252e-02 6.334738e-02
0.000000e+00 -1.155926e+00 -1.005963e+00 -1.492294e+00 -1.249754e+00 -1.417102e+00 -1.466455e+00
0.000000e+00 1.547633e+00 -1.986878e-01 8.665048e-01 1.453332e-01 5.088177e-01 4.523237e-01
0.000000e+00 3.889649e-01 7.815752e-01 -3.128947e-01 4.941050e-01 8.211290e-01 8.680749e-01
0.000000e+00 -7.697033e-01 2.626125e-01 -3.128947e-01 4.941050e-01 -6.375316e-02 -5.306272e-02
0.000000e+00 7.751877e-01 -1.005963e+00 2.768051e-01 -1.598526e+00 -5.842721e-01 -6.610483e-01
0.000000e+00 1.547633e+00 -8.906381e-01 -3.128947e-01 8.428768e-01 -1.678569e-01 -2.120658e-01
0.000000e+00 -7.697033e-01 8.969003e-01 1.456205e+00 1.191649e+00 8.211290e-01 6.240005e-01
0.000000e+00 -1.155926e+00 1.473526e+00 1.456205e+00 4.941050e-01 9.772847e-01 9.846870e-01
0.000000e+00 7.751877e-01 -1.236613e+00 2.768051e-01 8.428768e-01 -8.965834e-01 -8.013622e-01
0.000000e+00 7.751877e-01 8.392377e-01 -1.492294e+00 -5.522104e-01 1.029337e+00 9.890535e-01
0.000000e+00 -3.834806e-01 -4.293379e-01 -3.128947e-01 8.428768e-01 -6.363240e-01 -5.298196e-01
0.000000e+00 1.547633e+00 1.358200e+00 8.665048e-01 -9.009822e-01 1.810115e+00 1.850925e+00
0.000000e+00 1.161410e+00 3.202750e-01 2.768051e-01 -1.598526e+00 7.170252e-01 7.046720e-01
0.000000e+00 -1.542149e+00 1.300538e+00 -3.128947e-01 8.428768e-01 6.129215e-01 6.134578e-01
0.000000e+00 -1.542149e+00 5.509251e-01 -1.492294e+00 1.453332e-01 -1.678569e-01 -1.446774e-01
0.000000e+00 2.742182e-03 -1.582588e+00 8.665048e-01 1.191649e+00 -1.469154e+00 -1.380455e+00
0.000000e+00 3.889649e-01 2.049499e-01 8.665048e-01 -9.009822e-01 4.047139e-01 3.475166e-01
0.000000e+00 -7.697033e-01 -6.599880e-01 -1.492294e+00 8.428768e-01 -7.404278e-01 -9.393901e-01
0.000000e+00 1.547633e+00 -1.410252e-01 -3.128947e-01 1.191649e+00 6.129215e-01 4.862755e-01
0.000000e+00 3.889649e-01 -4.293379e-01 -9.025945e-01 1.191649e+00 -4.281164e-01 -2.479226e-01
0.000000e+00 -3.834806e-01 5.509251e-01 -3.128947e-01 4.941050e-01 3.006101e-01 3.598506e-01
0.000000e+00 7.751877e-01 1.069888e+00 2.768051e-01 1.540420e+00 1.393700e+00 1.336393e+00
0.000000e+00 1.161410e+00 8.392377e-01 2.768051e-01 -9.009822e-01 1.029337e+00 1.201481e+00
0.000000e+00 1.547633e+00 -1.351938e+00 -3.128947e-01 -9.009822e-01 -9.486353e-01 -6.865506e-01
0.000000e+00 3.889649e-01 6.085876e-01 1.456205e+00 -1.249754e+00 6.649733e-01 7.326450e-01
0.000000e+00 3.889649e-01 -1.063626e+00 2.768051e-01 -1.598526e+00 -9.486353e-01 -8.622267e-01
0.000000e+00 1.161410e+00 -9.483006e-01 -9.025945e-01 -1.249754e+00 -3.240126e-01 -4.992577e-01
0.000000e+00 2.742182e-03 8.969003e-01 1.456205e+00 -2.034386e-01 9.252328e-01 8.796779e-01
0.000000e+00 -7.697033e-01 -8.906381e-01 -9.025945e-01 -1.598526e+00 -1.208895e+00 -1.197751e+00
0.000000e+00 -7.697033e-01 -1.582588e+00 8.665048e-01 1.540420e+00 -1.677362e+00 -1.666742e+00
0.000000e+00 3.889649e-01 -8.906381e-01 2.768051e-01 -5.522104e-01 -6.363240e-01 -6.728165e-01
0.000000e+00 -1.155926e+00 1.185213e+00 1.456205e+00 1.540420e+00 7.690771e-01 7.506274e-01
0.000000e+00 3.889649e-01 -3.716754e-01 -3.128947e-01 1.540420e+00 -1.158051e-01 -1.599905e-01
0.000000e+00 3.889649e-01 1.242875e+00 1.456205e+00 -1.598526e+00 1.341648e+00 1.304713e+00
0.000000e+00 1.161410e+00 8.969003e-01 8.665048e-01 1.540420e+00 1.497804e+00 1.350632e+00
0.000000e+00 7.751877e-01 -1.294276e+00 -9.025945e-01 8.428768e-01 -8.965834e-01 -9.038867e-01
0.000000e+00 1.161410e+00 -1.467263e+00 8.665048e-01 -2.034386e-01 -7.924797e-01 -8.706659e-01
0.000000e+00 1.547633e+00 1.185213e+00 -1.492294e+00 1.540420e+00 1.706011e+00 1.664363e+00
0.000000e+00 3.889649e-01 -1.524926e+00 2.768051e-01 -5.522104e-01 -1.208895e+00 -1.255087e+00
0.000000e+00 -7.697033e-01 -9.483006e-01 -3.128947e-01 -9.009822e-01 -1.260947e+00 -1.205483e+00
0.000000e+00 -7.697033e-01 -8.329756e-01 -9.025945e-01 1.191649e+00 -1.052739e+00 -1.063193e+00
0.000000e+00 -1.542149e+00 -6.023255e-01 8.665048e-01 1.453332e-01 -1.104791e+00 -1.104170e+00
0.000000e+00 2.742182e-03 -3.716754e-01 -3.128947e-01 -1.598526e+00 -3.240126e-01 -4.000622e-01
0.000000e+00 -3.834806e-01 -1.409601e+00 2.768051e-01 8.428768e-01 -1.417102e+00 -1.404897e+00
0.000000e+00 1.547633e+00 1.415863e+00 -3.128947e-01 1.540420e+00 1.862167e+00 1.925689e+00
0.000000e+00 1.547633e+00 1.531188e+00 2.768051e-01 -1.249754e+00 1.810115e+00 1.974728e+00
0.000000e+00 2.742182e-03 3.196234e-02 2.768051e-01 1.191649e+00 -1.170127e-02 7.689325e-02
0.000000e+00 -3.834806e-01 -1.409601e+00 2.768051e-01 4.941050e-01 -1.469154e+00 -1.415100e+00
0.000000e+00 7.751877e-01 2.626125e-01 8.665048e-01 -9.009822e-01 6.129215e-01 5.486950e-01
0.000000e+00 3.889649e-01 -8.906381e-01 2.768051e-01 -5.522104e-01 -7.404278e-01 -6.728165e-01
0.000000e+00 -3.834806e-01 -8.336272e-02 -3.128947e-01 -9.009822e-01 -1.158051e-01 -2.632323e-01
0.000000e+00 -1.155926e+00 -1.582588e+00 -1.492294e+00 1.453332e-01 -2.093777e+00 -1.954980e+00
0.000000e+00 -1.542149e+00 -1.121288e+00 -3.128947e-01 1.191649e+00 -1.521206e+00 -1.599555e+00
0.000000e+00 -3.834806e-01 -1.582588e+00 8.665048e-01 1.540420e+00 -1.729414e+00 -1.518497e+00
0.000000e+00 -3.834806e-01 -1.410252e-01 2.768051e-01 1.191649e+00 -3.760645e-01 -2.301526e-01
0.000000e+00 -1.542149e+00 -1.178951e+00 -1.492294e+00 -1.598526e+00 -1.885569e+00 -1.783704e+00
0.000000e+00 3.889649e-01 1.127550e+00 8.665048e-01 1.540420e+00 1.185492e+00 1.265877e+00
0.000000e+00 -3.834806e-01 1.472874e-01 -9.025945e-01 1.453332e-01 -1.158051e-01 -4.568387e-02
0.000000e+00 -1.542149e+00 1.012225e+00 -9.025945e-01 -1.598526e+00 3.006101e-01 2.525728e-01
0.000000e+00 -1.542149e+00 -8.329756e-01 -9.025945e-01 -5.522104e-01 -1.312999e+00 -1.410697e+00
0.000000e+00 -1.542149e+00 1.646513e+00 -1.492294e+00 4.941050e-01 7.690771e-01 8.712663e-01
0.000000e+00 1.161410e+00 -1.178951e+00 -3.128947e-01 -5.522104e-01 -6.883759e-01 -6.657911e-01
0.000000e+00 1.161410e+00 1.472874e-01 -1.492294e+00 1.191649e+00 6.129215e-01 5.531086e-01
0.000000e+00 -1.155926e+00 3.202750e-01 -1.492294e+00 1.540420e+00 -2.199088e-01 -1.673556e-01
0.000000e+00 7.751877e-01 -1.582588e+00 -1.492294e+00 -2.034386e-01 -1.052739e+00 -1.223960e+00
0.000000e+00 1.161410e+00 -1.467263e+00 -9.025945e-01 1.191649e+00 -8.965834e-01 -9.042402e-01
0.000000e+00 1.161410e+00 -1.063626e+00 1.456205e+00 -1.598526e+00 -5.842721e-01 -5.161464e-01
0.000000e+00 7.751877e-01 1.531188e+00 -3.128947e-01 -5.522104e-01 1.601907e+00 1.673849e+00
0.000000e+00 2.742182e-03 7.815752e-01 1.456205e+00 4.941050e-01 6.649733e-01 7.942165e-01
0.000000e+00 -1.542149e+00 -1.005963e+00 1.456205e+00 -1.249754e+00 -1.573258e+00 -1.490723e+00
0.000000e+00 1.547633e+00 -3.716754e-01 -1.492294e+00 1.191649e+00 1.965063e-01 2.249498e-01
0.000000e+00 7.751877e-01 7.815752e-01 -3.128947e-01 -9.009822e-01 9.772847e-01 9.755076e-01
0.000000e+00 -1.155926e+00 1.531188e+00 1.456205e+00 -5.522104e-01 9.252328e-01 1.007012e+00
0.000000e+00 3.889649e-01 8.962487e-02 2.768051e-01 -5.522104e-01 3.006101e-01 2.270567e-01
0.000000e+00 -1.155926e+00 -8.329756e-01 -1.492294e+00 8.428768e-01 -1.208895e+00 -1.246436e+00
0.000000e+00 -1.542149e+00 8.962487e-02 -1.492294e+00 -1.249754e+00 -7.404278e-01 -6.089591e-01
0.000000e+00 7.751877e-01 8.392377e-01 -1.492294e+00 -2.034386e-01 8.731809e-01 9.992565e-01
0.000000e+00 -1.155926e+00 3.779375e-01 2.768051e-01 -1.249754e+00 -2.199088e-01 -1.216596e-01
0.000000e+00 -1.155926e+00 1.473526e+00 2.768051e-01 1.453332e-01 8.731809e-01 9.248931e-01
0.000000e+00 2.742182e-03 3.202750e-01 -9.025945e-01 1.191649e+00 2.485582e-01 2.919710e-01
0.000000e+00 2.742182e-03 -5.446629e-01 8.665048e-01 1.191649e+00 -4.801683e-01 -4.276485e-01
0.000000e+00 7.751877e-01 9.545628e-01 -3.128947e-01 -1.598526e+00 1.133440e+00 1.113903e+00
0.000000e+00 -1.542149e+00 -1.063626e+00 8.665048e-01 -5.522104e-01 -1.677362e+00 -1.548046e+00
0.000000e+00 1.161410e+00 1.185213e+00 -1.492294e+00 -5.522104e-01 1.393700e+00 1.454901e+00
0.000000e+00 -7.697033e-01 -5.446629e-01 1.456205e+00 -1.598526e+00 -9.486353e-01 -7.809665e-01
0.000000e+00 -3.834806e-01 1.704176e+00 -1.492294e+00 1.540420e+00 1.289596e+00 1.399543e+00
0.000000e+00 1.547633e+00 1.185213e+00 1.456205e+00 -1.249754e+00 1.653959e+00 1.706716e+00
0.000000e+00 -3.834806e-01 -5.446629e-01 -9.025945e-01 1.453332e-01 -7.404278e-01 -6.808885e-01
0.000000e+00 2.742182e-03 7.239127e-01 8.665048e-01 1.540420e+00 6.129215e-01 7.470963e-01
0.000000e+00 7.751877e-01 1.300538e+00 -1.492294e+00 -9.009822e-01 1.341648e+00 1.402320e+00
0.000000e+00 -3.834806e-01 -1.409601e+00 8.665048e-01 1.191649e+00 -1.312999e+00 -1.369899e+00
0.000000e+00 -1.542149e+00 -1.236613e+00 -9.025945e-01 -9.009822e-01 -1.885569e+00 -1.791436e+00
0.000000e+00 1.547633e+00 -1.697914e+00 8.665048e-01 -9.009822e-01 -8.445316e-01 -9.545620e-01
0.000000e+00 -3.834806e-01 -1.063626e+00 1.456205e+00 1.191649e+00 -1.104791e+00 -1.027501e+00
0.000000e+00 1.547633e+00 1.588851e+00 -3.128947e-01 -9.009822e-01 1.966271e+00 2.013069e+00
0.000000e+00 3.889649e-01 -9.483006e-01 -9.025945e-01 1.453332e-01 -6.363240e-01 -7.549351e-01
0.000000e+00 -1.542149e+00 -1.409601e+00 8.665048e-01 1.453332e-01 -1.781466e+00 -1.845242e+00
0.000000e+00 -7.697033e-01 -1.697914e+00 -1.492294e+00 -1.598526e+00 -1.989673e+00 -1.963618e+00
0.000000e+00 -1.155926e+00 -4.870004e-01 2.768051e-01 4.941050e-01 -7.924797e-01 -8.646504e-01
0.000000e+00 1.547633e+00 2.049499e-01 2.768051e-01 1.191649e+00 6.649733e-01 8.286733e-01
0.000000e+00 -1.542149e+00 1.473526e+00 -9.025945e-01 1.191649e+00 9.772847e-01 7.576665e-01
0.000000e+00 1.547633e+00 -1.121288e+00 2.768051e-01 1.191649e+00 -5.322202e-01 -3.888023e-01
0.000000e+00 1.547633e+00 -1.582588e+00 -3.128947e-01 -1.249754e+00 -8.965834e-01 -9.084885e-01
0.000000e+00 1.161410e+00 6.662501e-01 -9.025945e-01 -1.598526e+00 1.081388e+00 9.726835e-01
0.000000e+00 1.161410e+00 -1.409601e+00 -1.492294e+00 1.453332e-01 -8.965834e-01 -9.067109e-01
0.000000e+00 -1.542149e+00 -1.409601e+00 -1.492294e+00 1.453332e-01 -1.937621e+00 -1.944424e+00
0.000000e+00 1.161410e+00 -6.023255e-01 -9.025945e-01 -5.522104e-01 -6.375316e-02 -1.612494e-01
0.000000e+00 -7.697033e-01 -5.446629e-01 2.768051e-01 8.428768e-01 -6.883759e-01 -7.591364e-01
0.000000e+00 7.751877e-01 -1.640251e+00 2.768051e-01 -2.034386e-01 -1.260947e+00 -1.202507e+00
0.000000e+00 -1.542149e+00 -2.563503e-01 -1.492294e+00 4.941050e-01 -6.883759e-01 -8.755465e-01
0.000000e+00 -1.542149e+00 3.196234e-02 -3.128947e-01 1.191649e+00 -5.842721e-01 -5.408810e-01
0.000000e+00 2.742182e-03 -2.563503e-01 1.456205e+00 -1.598526e+00 -6.375316e-02 -2.198085e-01
0.000000e+00 2.742182e-03 1.473526e+00 2.768051e-01 1.191649e+00 1.445752e+00 1.400236e+00
0.000000e+00 1.161410e+00 8.962487e-02 -3.128947e-01 -5.522104e-01 4.567658e-01 4.987507e-01
0.000000e+00 7.751877e-01 -1.178951e+00 2.768051e-01 4.941050e-01 -8.965834e-01 -7.586314e-01
0.000000e+00 1.161410e+00 -4.293379e-01 1.456205e+00 -5.522104e-01 9.240252e-02 9.673350e-02
0.000000e+00 3.889649e-01 1.588851e+00 -9.025945e-01 -5.522104e-01 1.445752e+00 1.553743e+00
0.000000e+00 3.889649e-01 -1.409601e+00 8.665048e-01 -5.522104e-01 -1.104791e+00 -1.124425e+00
0.000000e+00 -1.155926e+00 -4.293379e-01 -1.492294e+00 1.453332e-01 -8.445316e-01 -8.963059e-01
0.000000e+00 3.889649e-01 -1.410252e-01 -9.025945e-01 -2.034386e-01 4.035063e-02 -2.406603e-02
0.000000e+00 2.742182e-03 1.069888e+00 2.768051e-01 -1.249754e+00 1.081388e+00 9.582792e-01
0.000000e+00 -7.697033e-01 -2.570019e-02 1.456205e+00 1.191649e+00 -3.240126e-01 -2.229391e-01
0.000000e+00 3.889649e-01 -9.483006e-01 -1.492294e+00 1.453332e-01 -7.404278e-01 -7.797305e-01
0.000000e+00 1.161410e+00 3.779375e-01 8.665048e-01 1.540420e+00 7.170252e-01 8.742281e-01
0.000000e+00 1.547633e+00 1.415863e+00 8.665048e-01 1.453332e-01 1.966271e+00 1.934468e+00
0.000000e+00 -1.542149e+00 8.962487e-02 1.456205e+00 1.191649e+00 -5.842721e-01 -4.135610e-01
0.000000e+00 -7.697033e-01 1.069888e+00 1.456205e+00 -1.598526e+00 9.252328e-01 7.011777e-01
0.000000e+00 -7.697033e-01 2.049499e-01 2.768051e-01 4.941050e-01 4.035063e-02 -8.120102e-02
0.000000e+00 1.161410e+00 6.085876e-01 -1.492294e+00 -9.009822e-01 7.690771e-01 9.153603e-01
0.000000e+00 -1.542149e+00 7.815752e-01 2.768051e-01 -5.522104e-01 4.035063e-02 1.210378e-01
0.000000e+00 2.742182e-03 1.185213e+00 8.665048e-01 -1.598526e+00 1.133440e+00 1.078739e+00
0.000000e+00 -7.697033e-01 -4.870004e-01 -9.025945e-01 -9.009822e-01 -7.924797e-01 -8.068085e-01
0.000000e+00 -1.155926e+00 3.196234e-02 -9.025945e-01 4.941050e-01 -4.281164e-01 -4.378377e-01
0.000000e+00 1.161410e+00 -1.351938e+00 -3.128947e-01 1.453332e-01 -7.924797e-01 -8.041863e-01
0.000000e+00 -7.697033e-01 6.085876e-01 8.665048e-01 -1.598526e+00 3.526620e-01 2.529125e-01
0.000000e+00 7.751877e-01 -5.446629e-01 8.665048e-01 1.191649e+00 9.240252e-02 -1.311591e-01
0.000000e+00 -1.542149e+00 -8.329756e-01 2.768051e-01 -5.522104e-01 -1.521206e+00 -1.361106e+00
0.000000e+00 3.889649e-01 -6.023255e-01 -3.128947e-01 4.941050e-01 -4.281164e-01 -4.023344e-01
0.000000e+00 -7.697033e-01 7.239127e-01 1.456205e+00 -5.522104e-01 1.965063e-01 4.141843e-01
0.000000e+00 1.161410e+00 7.815752e-01 -3.128947e-01 4.941050e-01 1.185492e+00 1.164564e+00
0.000000e+00 3.889649e-01 9.545628e-01 -1.492294e+00 -2.034386e-01 1.133440e+00 9.568792e-01
0.000000e+00 -1.155926e+00 1.127550e+00 2.768051e-01 -1.598526e+00 6.129215e-01 5.562758e-01
0.000000e+00 3.889649e-01 -6.599880e-01 1.456205e+00 -5.522104e-01 -3.240126e-01 -4.114908e-01
0.000000e+00 7.751877e-01 1.012225e+00 1.456205e+00 -9.009822e-01 1.289596e+00 1.261629e+00
0.000000e+00 2.742182e-03 8.962487e-02 -9.025945e-01 1.453332e-01 -6.375316e-02 4.962713e-02
0.000000e+00 -7.697033e-01 -8.906381e-01 -1.492294e+00 1.453332e-01 -1.312999e+00 -1.171531e+00
0.000000e+00 -3.834806e-01 -1.467263e+00 -3.128947e-01 -1.598526e+00 -1.365050e+00 -1.554048e+00
0.000000e+00 -3.834806e-01 -1.121288e+00 -9.025945e-01 -1.249754e+00 -1.260947e+00 -1.251038e+00
0.000000e+00 3.889649e-01 -8.906381e-01 8.665048e-01 -1.249754e+00 -6.883759e-01 -6.684271e-01
0.000000e+00 -1.542149e+00 -8.336272e-02 2.768051e-01 1.540420e+00 -8.445316e-01 -6.117501e-01
0.000000e+00 -3.834806e-01 1.127550e+00 -3.128947e-01 -5.522104e-01 7.690771e-01 8.585788e-01
0.000000e+00 -3.834806e-01 8.392377e-01 8.665048e-01 1.191649e+00 7.170252e-01 6.945160e-01
0.000000e+00 -1.542149e+00 -1.524926e+00 1.456205e+00 -1.249754e+00 -1.937621e+00 -1.967126e+00
0.000000e+00 1.547633e+00 1.069888e+00 -3.128947e-01 8.428768e-01 1.758063e+00 1.587681e+00
0.000000e+00 -3.834806e-01 3.202750e-01 -9.025945e-01 -1.598526e+00 4.035063e-02 6.210231e-02
0.000000e+00 7.751877e-01 1.012225e+00 -1.492294e+00 8.428768e-01 1.185492e+00 1.188667e+00
0.000000e+00 -7.697033e-01 -4.293379e-01 -9.025945e-01 -9.009822e-01 -5.842721e-01 -7.538748e-01
0.000000e+00 -7.697033e-01 -8.906381e-01 2.768051e-01 -2.034386e-01 -1.000687e+00 -1.107348e+00
0.000000e+00 1.161410e+00 8.969003e-01 2.768051e-01 -1.598526e+00 1.081388e+00 1.234009e+00
0.000000e+00 1.161410e+00 7.815752e-01 -3.128947e-01 -1.598526e+00 1.237544e+00 1.103346e+00
0.000000e+00 -1.542149e+00 -1.582588e+00 -9.025945e-01 1.453332e-01 -2.249933e+00 -2.078430e+00
0.000000e+00 -1.155926e+00 8.962487e-02 -1.492294e+00 -9.009822e-01 -3.760645e-01 -4.505114e-01
0.000000e+00 1.161410e+00 -1.178951e+00 1.456205e+00 8.428768e-01 -4.801683e-01 -5.505929e-01
0.000000e+00 -1.542149e+00 5.509251e-01 2.768051e-01 -5.522104e-01 -6.375316e-02 -9.069712e-02
0.000000e+00 1.161410e+00 4.356000e-01 -1.492294e+00 1.453332e-01 7.170252e-01 7.871682e-01
0.000000e+00 1.161410e+00 -4.870004e-01 8.665048e-01 1.540420e+00 4.035063e-02 8.022234e-02
0.000000e+00 -1.155926e+00 -9.483006e-01 -3.128947e-01 1.191649e+00 -1.521206e+00 -1.292510e+00
0.000000e+00 -3.834806e-01 -7.753131e-01 -1.492294e+00 8.428768e-01 -8.445316e-01 -8.970128e-01
0.000000e+00 3.889649e-01 -5.446629e-01 -3.128947e-01 -5.522104e-01 -3.760645e-01 -3.800096e-01
0.000000e+00 1.547633e+00 1.185213e+00 8.665048e-01 1.540420e+00 1.914219e+00 1.763545e+00
0.000000e+00 1.161410e+00 1.012225e+00 -1.492294e+00 8.428768e-01 1.341648e+00 1.336911e+00
0.000000e+00 1.161410e+00 -8.906381e-01 -1.492294e+00 4.941050e-01 -4.801683e-01 -4.201044e-01
0.000000e+00 7.751877e-01 1.588851e+00 1.456205e+00 -2.034386e-01 1.758063e+00 1.811372e+00
0.000000e+00 1.547633e+00 -8.906381e-01 8.665048e-01 4.941050e-01 -2.199088e-01 -1.726780e-01
0.000000e+00 -1.155926e+00 -1.697914e+00 -9.025945e-01 4.941050e-01 -2.041725e+00 -2.025849e+00
0.000000e+00 -7.697033e-01 -3.716754e-01 -1.492294e+00 1.540420e+00 -7.924797e-01 -6.543155e-01
0.000000e+00 1.161410e+00 1.415863e+00 1.456205e+00 -1.249754e+00 1.810115e+00 1.770207e+00
0.000000e+00 3.889649e-01 1.415863e+00 -1.492294e+00 4.941050e-01 1.445752e+00 1.400755e+00
0.000000e+00 1.547633e+00 -1.063626e+00 1.456205e+00 -9.009822e-01 -4.801683e-01 -3.474957e-01
0.000000e+00 -3.834806e-01 -1.178951e+00 2.768051e-01 8.428768e-01 -1.208895e+00 -1.193163e+00
0.000000e+00 1.161410e+00 8.969003e-01 -9.025945e-01 8.428768e-01 1.393700e+00 1.255839e+00
0.000000e+00 -7.697033e-01 6.662501e-01 -1.492294e+00 1.191649e+00 4.047139e-01 2.882885e-01
0.000000e+00 -7.697033e-01 6.662501e-01 8.665048e-01 -5.522104e-01 1.965063e-01 3.364552e-01
0.000000e+00 1.161410e+00 1.242875e+00 -3.128947e-01 1.540420e+00 1.758063e+00 1.618643e+00
0.000000e+00 2.742182e-03 3.196234e-02 8.665048e-01 -9.009822e-01 -1.170127e-02 4.047069e-02
0.000000e+00 -7.697033e-01 -1.121288e+00 -9.025945e-01 1.191649e+00 -1.365050e+00 -1.327861e+00
0.000000e+00 -1.542149e+00 1.358200e+00 2.768051e-01 1.191649e+00 6.649733e-01 7.013899e-01
0.000000e+00 -7.697033e-01 -8.329756e-01 2.768051e-01 -1.249754e+00 -1.208895e+00 -1.085023e+00
0.000000e+00 1.547633e+00 -1.236613e+00 2.768051e-01 1.453332e-01 -5.842721e-01 -5.252787e-01
0.000000e+00 2.742182e-03 9.545628e-01 1.456205e+00 -9.009822e-01 1.029337e+00 9.122056e-01
0.000000e+00 -1.155926e+00 -9.483006e-01 8.665048e-01 -2.034386e-01 -1.156843e+00 -1.283731e+00
0.000000e+00 7.751877e-01 -6.599880e-01 -3.128947e-01 -1.249754e+00 -3.240126e-01 -3.580384e-01
0.000000e+00 -1.155926e+00 3.196234e-02 -3.128947e-01 -5.522104e-01 -4.281164e-01 -4.436513e-01
0.000000e+00 -3.834806e-01 -1.236613e+00 1.456205e+00 -9.009822e-01 -1.052739e+00 -1.247520e+00
0.000000e+00 7.751877e-01 3.202750e-01 -1.492294e+00 -1.249754e+00 6.129215e-01 4.922440e-01
0.000000e+00 -3.834806e-01 1.300538e+00 1.456205e+00 1.453332e-01 1.133440e+00 1.112172e+00
0.000000e+00 7.751877e-01 4.932626e-01 -3.128947e-01 -9.009822e-01 5.088177e-01 7.108390e-01
0.000000e+00 7.751877e-01 1.358200e+00 -3.128947e-01 -5.522104e-01 1.601907e+00 1.515048e+00
0.000000e+00 -1.542149e+00 -2.563503e-01 -1.492294e+00 1.453332e-01 -7.924797e-01 -8.857495e-01
0.000000e+00 3.889649e-01 -1.294276e+00 8.665048e-01 -2.034386e-01 -9.486353e-01 -1.008354e+00
0.000000e+00 1.547633e+00 -3.716754e-01 8.665048e-01 -5.522104e-01 9.240252e-02 2.731165e-01
0.000000e+00 -1.155926e+00 -1.294276e+00 -9.025945e-01 -5.522104e-01 -1.677362e+00 -1.685922e+00
0.000000e+00 -7.697033e-01 -6.599880e-01 8.665048e-01 -1.249754e+00 -6.883759e-01 -9.014264e-01
0.000000e+00 2.742182e-03 9.545628e-01 2.768051e-01 1.540420e+00 9.252328e-01 9.340358e-01
0.000000e+00 1.547633e+00 1.012225e+00 2.768051e-01 -5.522104e-01 1.706011e+00 1.518730e+00
0.000000e+00 -3.834806e-01 -2.570019e-02 -9.025945e-01 8.428768e-01 -1.158051e-01 -1.840790e-01
0.000000e+00 -1.542149e+00 1.588851e+00 -3.128947e-01 -2.034386e-01 8.731809e-01 8.475174e-01
0.000000e+00 -3.834806e-01 -4.870004e-01 -9.025945e-01 1.540420e+00 -4.281164e-01 -5.871428e-01
0.000000e+00 3.889649e-01 1.415863e+00 -1.492294e+00 1.540420e+00 1.341648e+00 1.431364e+00
0.000000e+00 2.742182e-03 -1.236613e+00 -9.025945e-01 8.428768e-01 -1.312999e+00 -1.147442e+00
0.000000e+00 -1.542149e+00 1.588851e+00 -9.025945e-01 1.453332e-01 6.649733e-01 8.329250e-01
0.000000e+00 -3.834806e-01 1.588851e+00 1.456205e+00 1.540420e+00 1.445752e+00 1.417653e+00
0.000000e+00 3.889649e-01 7.815752e-01 2.768051e-01 -2.034386e-01 9.252328e-01 8.724643e-01
0.000000e+00 -3.834806e-01 1.012225e+00 -1.492294e+00 -5.522104e-01 6.129215e-01 7.031205e-01
0.000000e+00 1.547633e+00 -1.524926e+00 1.456205e+00 1.540420e+00 -5.322202e-01 -6.995445e-01
0.000000e+00 2.742182e-03 3.779375e-01 -1.492294e+00 1.191649e+00 3.006101e-01 3.201093e-01
0.000000e+00 1.161410e+00 -1.294276e+00 -9.025945e-01 1.540420e+00 -6.363240e-01 -7.352360e-01
0.000000e+00 1.547633e+00 -1.697914e+00 1.456205e+00 -2.034386e-01 -9.486353e-01 -9.093606e-01
0.000000e+00 2.742182e-03 -1.410252e-01 1.456205e+00 1.540420e+00 -6.375316e-02 -2.211406e-02
0.000000e+00 3.889649e-01 -1.409601e+00 -1.492294e+00 1.453332e-01 -1.365050e+00 -1.203200e+00
0.000000e+00 -1.542149e+00 9.545628e-01 -1.492294e+00 4.941050e-01 1.965063e-01 2.360616e-01
0.000000e+00 7.751877e-01 3.202750e-01 8.665048e-01 -1.598526e+00 6.129215e-01 5.812227e-01
0.000000e+00 -3.834806e-01 1.300538e+00 -1.492294e+00 1.191649e+00 9.252328e-01 1.018804e+00
0.000000e+00 -1.155926e+00 -1.121288e+00 1.456205e+00 8.428768e-01 -1.365050e+00 -1.387127e+00
0.000000e+00 2.742182e-03 -1.467263e+00 -3.128947e-01 -2.034386e-01 -1.365050e+00 -1.364991e+00
0.000000e+00 -7.697033e-01 1.127550e+00 -1.492294e+00 -9.009822e-01 6.129215e-01 6.505402e-01
0.000000e+00 3.889649e-01 -3.716754e-01 2.768051e-01 -2.034386e-01 -2.199088e-01 -1.862101e-01
0.000000e+00 1.161410e+00 9.545628e-01 8.665048e-01 -2.034386e-01 1.289596e+00 1.352550e+00
0.000000e+00 7.751877e-01 -7.176505e-01 2.768051e-01 1.191649e+00 -3.760645e-01 -3.147557e-01
0.000000e+00 -7.697033e-01 -6.023255e-01 2.768051e-01 4.941050e-01 -6.883759e-01 -8.222731e-01
0.000000e+00 1.161410e+00 -1.410252e-01 -3.128947e-01 -1.249754e+00 9.240252e-02 2.666098e-01
0.000000e+00 -1.155926e+00 -1.005963e+00 8.665048e-01 -2.034386e-01 -1.260947e+00 -1.336664e+00
0.000000e+00 1.547633e+00 -1.467263e+00 -9.025945e-01 1.191649e+00 -8.965834e-01 -7.559955e-01
0.000000e+00 -3.834806e-01 -2.570019e-02 1.456205e+00 -1.249754e+00 -1.170127e-02 -1.461153e-01
0.000000e+00 -1.542149e+00 -1.697914e+00 1.456205e+00 8.428768e-01 -2.041725e+00 -2.064709e+00
0.000000e+00 1.161410e+00 -4.870004e-01 -1.492294e+00 -9.009822e-01 -1.158051e-01 -9.038034e-02
0.000000e+00 7.751877e-01 -7.176505e-01 1.456205e+00 -5.522104e-01 -2.199088e-01 -3.161798e-01
0.000000e+00 2.742182e-03 8.969003e-01 -3.128947e-01 -1.249754e+00 8.731809e-01 7.746826e-01
0.000000e+00 2.742182e-03 -1.467263e+00 1.456205e+00 1.191649e+00 -1.156843e+00 -1.249793e+00
0.000000e+00 7.751877e-01 3.196234e-02 -3.128947e-01 1.453332e-01 3.526620e-01 3.179783e-01
0.000000e+00 2.742182e-03 -1.409601e+00 -9.025945e-01 1.191649e+00 -1.312999e+00 -1.296041e+00
0.000000e+00 1.161410e+00 -1.986878e-01 -3.128947e-01 8.428768e-01 4.047139e-01 2.748941e-01
0.000000e+00 3.889649e-01 1.473526e+00 -9.025945e-01 1.191649e+00 1.497804e+00 1.498890e+00
0.000000e+00 2.742182e-03 -3.140128e-01 -9.025945e-01 -2.034386e-01 -3.240126e-01 -3.311119e-01
0.000000e+00 1.547633e+00 -8.336272e-02 -9.025945e-01 1.453332e-01 5.608696e-01 4.838048e-01
0.000000e+00 -1.155926e+00 -1.410252e-01 -3.128947e-01 4.941050e-01 -5.842721e-01 -5.718435e-01
0.000000e+00 -1.542149e+00 -8.329756e-01 -9.025945e-01 -2.034386e-01 -1.312999e+00 -1.400494e+00
0.000000e+00 1.161410e+00 1.358200e+00 -3.128947e-01 -1.598526e+00 1.706011e+00 1.632684e+00
0.000000e+00 -7.697033e-01 1.300538e+00 8.665048e-01 1.191649e+00 1.237544e+00 9.697411e-01
0.000000e+00 7.751877e-01 -1.063626e+00 -9.025945e-01 -1.249754e+00 -7.404278e-01 -7.533698e-01
0.000000e+00 1.161410e+00 -6.023255e-01 -3.128947e-01 4.941050e-01 -1.170127e-02 -1.058449e-01
0.000000e+00 3.889649e-01 -7.176505e-01 -3.128947e-01 8.428768e-01 -4.281164e-01 -4.979988e-01
0.000000e+00 1.547633e+00 2.049499e-01 -3.128947e-01 8.428768e-01 8.731809e-01 7.936749e-01
0.000000e+00 7.751877e-01 1.415863e+00 -1.492294e+00 -1.598526e+00 1.445752e+00 1.487782e+00
0.000000e+00 2.742182e-03 1.300538e+00 -1.492294e+00 1.540420e+00 1.237544e+00 1.177252e+00
0.000000e+00 1.161410e+00 -4.293379e-01 -9.025945e-01 4.941050e-01 4.035063e-02 2.816080e-02
0.000000e+00 -1.155926e+00 8.392377e-01 1.456205e+00 1.191649e+00 5.088177e-01 4.228220e-01
0.000000e+00 7.751877e-01 -1.986878e-01 8.665048e-01 -9.009822e-01 -1.158051e-01 1.252252e-01
0.000000e+00 -3.834806e-01 1.069888e+00 1.456205e+00 8.428768e-01 9.252328e-01 9.208434e-01
0.000000e+00 1.547633e+00 -7.753131e-01 -9.025945e-01 8.428768e-01 9.240252e-02 -1.309938e-01
0.000000e+00 -1.542149e+00 1.012225e+00 2.768051e-01 1.191649e+00 5.608696e-01 3.837876e-01
0.000000e+00 7.751877e-01 -5.446629e-01 2.768051e-01 8.428768e-01 -1.678569e-01 -1.661575e-01
0.000000e+00 3.889649e-01 1.127550e+00 8.665048e-01 -2.034386e-01 1.289596e+00 1.214862e+00
0.000000e+00 1.161410e+00 5.509251e-01 8.665048e-01 -2.034386e-01 1.029337e+00 9.820143e-01
0.000000e+00 2.742182e-03 3.196234e-02 8.665048e-01 -9.009822e-01 9.240252e-02 4.047069e-02
0.000000e+00 -1.542149e+00 -1.582588e+00 -1.492294e+00 1.453332e-01 -2.197881e+00 -2.103225e+00
0.000000e+00 -1.542149e+00 -7.753131e-01 -1.492294e+00 1.540420e+00 -1.417102e+00 -1.321341e+00
0.000000e+00 1.547633e+00 1.127550e+00 2.768051e-01 -9.009822e-01 1.549856e+00 1.614395e+00
0.000000e+00 3.889649e-01 1.588851e+00 8.665048e-01 -1.249754e+00 1.601907e+00 1.607723e+00
0.000000e+00 2.742182e-03 -2.563503e-01 -3.128947e-01 4.941050e-01 -6.375316e-02 -2.329768e-01
0.000000e+00 -1.542149e+00 -4.293379e-01 1.456205e+00 1.540420e+00 -1.000687e+00 -8.797615e-01
0.000000e+00 3.889649e-01 -1.409601e+00 2.768051e-01 -9.009822e-01 -9.486353e-01 -1.159423e+00
0.000000e+00 3.889649e-01 -1.410252e-01 8.665048e-01 -5.522104e-01 9.240252e-02 4.011725e-02
0.000000e+00 -7.697033e-01 -1.294276e+00 -3.128947e-01 1.540420e+00 -1.573258e+00 -1.451664e+00
0.000000e+00 1.161410e+00 1.415863e+00 8.665048e-01 8.428768e-01 1.758063e+00 1.806629e+00
0.000000e+00 -1.542149e+00 1.588851e+00 -9.025945e-01 -1.598526e+00 8.211290e-01 7.819100e-01
0.000000e+00 -1.542149e+00 8.392377e-01 -3.128947e-01 1.191649e+00 4.035063e-02 2.001910e-01
0.000000e+00 3.889649e-01 -1.294276e+00 1.456205e+00 1.453332e-01 -1.000687e+00 -9.733557e-01
0.000000e+00 -1.542149e+00 -6.599880e-01 -9.025945e-01 -1.249754e+00 -1.417102e+00 -1.272302e+00
0.000000e+00 3.889649e-01 4.356000e-01 -1.492294e+00 -9.009822e-01 5.608696e-01 4.600698e-01
0.000000e+00 -1.542149e+00 -8.336272e-02 2.768051e-01 -2.034386e-01 -7.404278e-01 -6.627650e-01
0.000000e+00 3.889649e-01 -4.293379e-01 8.665048e-01 1.453332e-01 -3.240126e-01 -2.041454e-01
0.000000e+00 -7.697033e-01 9.545628e-01 2.768051e-01 1.191649e+00 8.211290e-01 6.273433e-01
0.000000e+00 1.161410e+00 8.962487e-02 1.456205e+00 -1.249754e+00 5.088177e-01 5.527310e-01
0.000000e+00 3.889649e-01 -1.178951e+00 8.665048e-01 -2.034386e-01 -9.486353e-01 -9.024867e-01
0.000000e+00 -1.542149e+00 -1.986878e-01 -9.025945e-01 4.941050e-01 -7.404278e-01 -7.978173e-01
0.000000e+00 2.742182e-03 1.069888e+00 -3.128947e-01 4.941050e-01 9.772847e-01 9.844988e-01
0.000000e+00 1.161410e+00 -1.697914e+00 -3.128947e-01 -5.522104e-01 -1.260947e+00 -1.142195e+00
0.000000e+00 -7.697033e-01 4.932626e-01 8.665048e-01 -9.009822e-01 9.240252e-02 1.674510e-01
0.000000e+00 3.889649e-01 -8.336272e-02 -9.025945e-01 8.428768e-01 1.444544e-01 5.947668e-02
0.000000e+00 2.742182e-03 1.646513e+00 8.665048e-01 -1.249754e+00 1.393700e+00 1.512412e+00
0.000000e+00 3.889649e-01 8.392377e-01 8.665048e-01 -2.034386e-01 9.772847e-01 9.501935e-01
0.000000e+00 -1.542149e+00 -1.582588e+00 8.665048e-01 1.540420e+00 -1.781466e+00 -1.963231e+00
0.000000e+00 7.751877e-01 1.185213e+00 -3.128947e-01 -2.034386e-01 1.341648e+00 1.366450e+00
0.000000e+00 1.547633e+00 9.545628e-01 1.456205e+00 -1.598526e+00 1.653959e+00 1.484779e+00
0.000000e+00 -1.155926e+00 3.779375e-01 8.665048e-01 4.941050e-01 -1.158051e-01 -4.584915e-02
0.000000e+00 2.742182e-03 3.196234e-02 -3.128947e-01 -5.522104e-01 4.035063e-02 1.082841e-03
0.000000e+00 -3.834806e-01 -1.121288e+00 -1.492294e+00 1.540420e+00 -1.052739e+00 -1.194209e+00
0.000000e+00 3.889649e-01 -4.870004e-01 -9.025945e-01 -1.249754e+00 -4.281164e-01 -3.722773e-01
0.000000e+00 3.889649e-01 -7.176505e-01 -1.492294e+00 8.428768e-01 -3.760645e-01 -5.475897e-01
0.000000e+00 -1.155926e+00 2.626125e-01 8.665048e-01 -5.522104e-01 -1.678569e-01 -1.823256e-01
0.000000e+00 -1.155926e+00 -1.409601e+00 -3.128947e-01 -1.598526e+00 -1.885569e+00 -1.797603e+00
0.000000e+00 -3.834806e-01 -1.582588e+00 -9.025945e-01 8.428768e-01 -1.469154e+00 -1.613289e+00
0.000000e+00 -1.542149e+00 -1.467263e+00 2.768051e-01 4.941050e-01 -1.729414e+00 -1.912768e+00
0.000000e+00 1.547633e+00 -1.236613e+00 -9.025945e-01 -9.009822e-01 -7.404278e-01 -6.054786e-01
0.000000e+00 7.751877e-01 -1.410252e-01 -9.025945e-01 -9.009822e-01 1.444544e-01 1.037727e-01
0.000000e+00 7.751877e-01 -6.599880e-01 8.665048e-01 4.941050e-01 -3.240126e-01 -2.574325e-01
0.000000e+00 -7.697033e-01 -1.410252e-01 -1.492294e+00 -1.249754e+00 -6.363240e-01 -5.242046e-01
0.000000e+00 -7.697033e-01 -1.986878e-01 -1.492294e+00 -2.034386e-01 -6.363240e-01 -5.465293e-01
0.000000e+00 -1.542149e+00 -1.005963e+00 2.768051e-01 4.941050e-01 -1.469154e+00 -1.489299e+00
0.000000e+00 -7.697033e-01 4.356000e-01 8.665048e-01 1.453332e-01 3.006101e-01 1.451263e-01
0.000000e+00 -7.697033e-01 7.239127e-01 -9.025945e-01 1.540420e+00 4.047139e-01 3.762206e-01
0.000000e+00 -3.834806e-01 1.300538e+00 1.456205e+00 4.941050e-01 1.133440e+00 1.122375e+00
0.000000e+00 -3.834806e-01 -5.446629e-01 -1.492294e+00 -1.249754e+00 -8.445316e-01 -7.464959e-01
0.000000e+00 -7.697033e-01 -1.986878e-01 -1.492294e+00 4.941050e-01 -5.322202e-01 -5.261233e-01
0.000000e+00 1.161410e+00 8.969003e-01 -3.128947e-01 -1.249754e+00 1.133440e+00 1.219417e+00
0.000000e+00 1.161410e+00 -1.409601e+00 -9.025945e-01 4.941050e-01 -1.104791e+00 -8.717124e-01
0.000000e+00 -1.542149e+00 4.356000e-01 8.665048e-01 8.428768e-01 -2.199088e-01 -1.309571e-01
0.000000e+00 7.751877e-01 1.069888e+00 -1.492294e+00 1.540420e+00 1.393700e+00 1.262006e+00
0.000000e+00 -1.155926e+00 -1.121288e+00 8.665048e-01 8.428768e-01 -1.677362e+00 -1.411923e+00
0.000000e+00 -1.542149e+00 9.545628e-01 -9.025945e-01 -2.034386e-01 3.526620e-01 2.404511e-01
0.000000e+00 -7.697033e-01 6.085876e-01 -9.025945e-01 4.941050e-01 2.485582e-01 2.397442e-01
0.000000e+00 -3.834806e-01 1.300538e+00 -1.492294e+00 8.428768e-01 1.029337e+00 1.008601e+00
0.000000e+00 3.889649e-01 -7.753131e-01 2.768051e-01 -5.522104e-01 -6.363240e-01 -5.669491e-01
0.000000e+00 2.742182e-03 1.473526e+00 8.665048e-01 -1.249754e+00 1.393700e+00 1.353611e+00
0.000000e+00 -3.834806e-01 4.932626e-01 8.665048e-01 4.941050e-01 5.088177e-01 3.565077e-01
0.000000e+00 1.161410e+00 -1.351938e+00 -3.128947e-01 -1.598526e+00 -8.445316e-01 -8.552013e-01
0.000000e+00 -3.834806e-01 -2.570019e-02 -9.025945e-01 -1.249754e+00 -2.719607e-01 -2.452970e-01
0.000000e+00 -1.155926e+00 -5.446629e-01 -9.025945e-01 1.540420e+00 -6.363240e-01 -9.365660e-01
0.000000e+00 -7.697033e-01 -1.697914e+00 -1.492294e+00 4.941050e-01 -1.885569e+00 -1.902400e+00
0.000000e+00 3.889649e-01 -3.140128e-01 -1.492294e+00 1.540420e+00 -3.240126e-01 -1.566476e-01
0.000000e+00 1.161410e+00 8.962487e-02 -1.492294e+00 -1.598526e+00 4.567658e-01 4.185509e-01
0.000000e+00 1.161410e+00 1.646513e+00 -3.128947e-01 4.941050e-01 1.914219e+00 1.958570e+00
0.000000e+00 1.547633e+00 1.531188e+00 2.768051e-01 -2.034386e-01 1.966271e+00 2.005337e+00
0.000000e+00 7.751877e-01 -1.294276e+00 -1.492294e+00 -9.009822e-01 -8.445316e-01 -9.796971e-01
0.000000e+00 -1.155926e+00 -1.467263e+00 -1.492294e+00 -1.249754e+00 -1.833518e+00 -1.889925e+00
0.000000e+00 1.161410e+00 -2.570019e-02 1.456205e+00 4.941050e-01 3.006101e-01 4.978785e-01
0.000000e+00 7.751877e-01 1.185213e+00 -1.492294e+00 1.191649e+00 1.133440e+00 1.357671e+00
0.000000e+00 1.161410e+00 -1.294276e+00 -3.128947e-01 1.191649e+00 -6.883759e-01 -7.206436e-01
0.000000e+00 -7.697033e-01 1.069888e+00 8.665048e-01 1.540420e+00 8.731809e-01 7.682092e-01
0.000000e+00 7.751877e-01 -6.599880e-01 2.768051e-01 1.540420e+00 -4.801683e-01 -2.516190e-01
0.000000e+00 1.547633e+00 7.815752e-01 8.665048e-01 8.428768e-01 1.445752e+00 1.372603e+00
0.000000e+00 -7.697033e-01 1.646513e+00 1.456205e+00 -1.249754e+00 1.497804e+00 1.240718e+00
0.000000e+00 3.889649e-01 1.415863e+00 -9.025945e-01 -1.598526e+00 1.445752e+00 1.364332e+00
0.000000e+00 -1.155926e+00 -2.570019e-02 -9.025945e-01 8.428768e-01 -5.322202e-01 -4.805685e-01
0.000000e+00 -1.155926e+00 -8.906381e-01 -1.492294e+00 -1.249754e+00 -1.260947e+00 -1.360588e+00
0.000000e+00 2.742182e-03 3.202750e-01 1.456205e+00 -5.522104e-01 3.526620e-01 3.401377e-01
0.000000e+00 2.742182e-03 1.415863e+00 8.665048e-01 -5.522104e-01 1.497804e+00 1.321083e+00
0.000000e+00 7.751877e-01 7.815752e-01 -3.128947e-01 -1.249754e+00 1.081388e+00 9.653046e-01
0.000000e+00 -1.155926e+00 -1.986878e-01 2.768051e-01 -5.522104e-01 -6.883759e-01 -6.305908e-01
0.000000e+00 7.751877e-01 -1.005963e+00 8.665048e-01 4.941050e-01 -4.801683e-01 -5.750348e-01
0.000000e+00 2.742182e-03 -9.483006e-01 1.456205e+00 1.453332e-01 -8.965834e-01 -8.039981e-01
0.000000e+00 3.889649e-01 3.779375e-01 1.456205e+00 1.540420e+00 7.170252e-01 6.025341e-01
0.000000e+00 1.161410e+00 1.358200e+00 8.665048e-01 1.453332e-01 1.706011e+00 1.733289e+00
0.000000e+00 -3.834806e-01 1.012225e+00 2.768051e-01 -5.522104e-01 7.690771e-01 7.775068e-01
0.000000e+00 7.751877e-01 -2.570019e-02 8.665048e-01 -1.249754e+00 3.006101e-01 2.738234e-01
0.000000e+00 3.889649e-01 4.932626e-01 8.665048e-01 -2.034386e-01 5.608696e-01 6.325912e-01
0.000000e+00 -1.155926e+00 9.545628e-01 2.768051e-01 -9.009822e-01 4.047139e-01 4.178806e-01
0.000000e+00 1.161410e+00 -1.005963e+00 -3.128947e-01 -9.009822e-01 -4.801683e-01 -5.171930e-01
0.000000e+00 1.547633e+00 1.588851e+00 1.456205e+00 -5.522104e-01 2.070374e+00 2.097658e+00
0.000000e+00 2.742182e-03 -8.329756e-01 2.768051e-01 -2.034386e-01 -7.404278e-01 -7.579245e-01
0.000000e+00 -3.834806e-01 7.815752e-01 -1.492294e+00 -1.249754e+00 3.526620e-01 4.709796e-01
0.000000e+00 3.889649e-01 -1.351938e+00 -1.492294e+00 1.453332e-01 -1.260947e+00 -1.150267e+00
0.000000e+00 1.161410e+00 1.012225e+00 -1.492294e+00 1.453332e-01 1.341648e+00 1.316505e+00
0.000000e+00 -7.697033e-01 1.415863e+00 -1.492294e+00 8.428768e-01 1.081388e+00 9.662238e-01
0.000000e+00 -1.542149e+00 1.415863e+00 -9.025945e-01 -1.249754e+00 7.690771e-01 6.333118e-01
0.000000e+00 -3.834806e-01 -1.986878e-01 -3.128947e-01 8.428768e-01 -2.199088e-01 -3.180848e-01
0.000000e+00 -3.834806e-01 8.392377e-01 -9.025945e-01 8.428768e-01 7.170252e-01 6.099268e-01
0.000000e+00 -1.542149e+00 1.415863e+00 8.665048e-01 -5.522104e-01 7.170252e-01 7.281041e-01
0.000000e+00 1.547633e+00 2.626125e-01 8.665048e-01 4.941050e-01 8.211290e-01 8.859964e-01
0.000000e+00 -7.697033e-01 -8.906381e-01 2.768051e-01 4.941050e-01 -1.104791e+00 -1.086942e+00
0.000000e+00 2.742182e-03 -1.410252e-01 -1.492294e+00 -1.598526e+00 -2.199088e-01 -2.379182e-01
0.000000e+00 3.889649e-01 2.626125e-01 2.768051e-01 -1.598526e+00 2.485582e-01 3.552489e-01
0.000000e+00 1.161410e+00 -1.351938e+00 8.665048e-01 8.428768e-01 -6.363240e-01 -7.341895e-01
0.000000e+00 3.889649e-01 1.127550e+00 -1.492294e+00 -1.598526e+00 9.772847e-01 1.074868e+00
0.000000e+00 -7.697033e-01 8.969003e-01 1.456205e+00 -9.009822e-01 3.526620e-01 5.627825e-01
0.000000e+00 3.889649e-01 1.127550e+00 -3.128947e-01 1.453332e-01 1.289596e+00 1.175474e+00
0.000000e+00 -1.542149e+00 1.185213e+00 8.665048e-01 8.428768e-01 6.129215e-01 5.571812e-01
0.000000e+00 -3.834806e-01 8.969003e-01 1.456205e+00 -2.034386e-01 5.088177e-01 7.314332e-01
0.000000e+00 3.889649e-01 -6.023255e-01 2.768051e-01 -2.034386e-01 -4.281164e-01 -3.979449e-01
0.000000e+00 7.751877e-01 8.962487e-02 1.456205e+00 -5.522104e-01 4.047139e-01 4.248923e-01
0.000000e+00 -7.697033e-01 4.356000e-01 2.768051e-01 -5.522104e-01 9.240252e-02 9.992487e-02
0.000000e+00 1.547633e+00 5.509251e-01 8.665048e-01 4.941050e-01 1.393700e+00 1.150665e+00
0.000000e+00 7.751877e-01 8.962487e-02 -9.025945e-01 1.453332e-01 2.485582e-01 3.461166e-01
0.000000e+00 -1.542149e+00 -2.563503e-01 -3.128947e-01 8.428768e-01 -8.965834e-01 -8.157526e-01
0.000000e+00 -1.155926e+00 1.588851e+00 1.456205e+00 1.453332e-01 1.185492e+00 1.080351e+00
0.000000e+00 -1.542149e+00 4.932626e-01 1.456205e+00 1.540420e+00 -6.375316e-02 -3.282201e-02
0.000000e+00 1.547633e+00 -6.023255e-01 8.665048e-01 4.941050e-01 1.965063e-01 9.199063e-02
0.000000e+00 1.547633e+00 -7.176505e-01 8.665048e-01 1.540420e+00 -1.170127e-02 1.673218e-02
0.000000e+00 7.751877e-01 1.127550e+00 2.768051e-01 1.540420e+00 1.497804e+00 1.389326e+00
0.000000e+00 -7.697033e-01 -8.906381e-01 -1.492294e+00 -2.034386e-01 -1.208895e+00 -1.181734e+00
0.000000e+00 2.742182e-03 1.242875e+00 -1.492294e+00 1.453332e-01 1.029337e+00 1.083506e+00
0.000000e+00 -3.834806e-01 -4.870004e-01 -1.492294e+00 -1.598526e+00 -7.924797e-01 -7.037652e-01
0.000000e+00 7.751877e-01 1.185213e+00 2.768051e-01 -9.009822e-01 1.549856e+00 1.370839e+00
0.000000e+00 1.547633e+00 -4.870004e-01 -1.492294e+00 8.428768e-01 4.035063e-02 1.088794e-01
0.000000e+00 -1.155926e+00 1.300538e+00 8.665048e-01 -9.009822e-01 6.129215e-01 7.602784e-01
0.000000e+00 1.161410e+00 -5.446629e-01 -9.025945e-01 -1.598526e+00 4.035063e-02 -1.389246e-01
0.000000e+00 1.547633e+00 -1.640251e+00 -9.025945e-01 -9.009822e-01 -8.965834e-01 -9.760146e-01
0.000000e+00 1.547633e+00 5.509251e-01 -9.025945e-01 -5.522104e-01 1.237544e+00 1.045670e+00
0.000000e+00 7.751877e-01 1.300538e+00 -1.492294e+00 8.428768e-01 1.341648e+00 1.453335e+00
0.000000e+00 1.547633e+00 7.239127e-01 -9.025945e-01 1.191649e+00 1.289596e+00 1.255486e+00
0.000000e+00 1.547633e+00 -7.176505e-01 1.456205e+00 -5.522104e-01 9.240252e-02 -1.969038e-02
0.000000e+00 -7.697033e-01 -4.293379e-01 -1.492294e+00 4.941050e-01 -8.965834e-01 -7.378582e-01
0.000000e+00 -3.834806e-01 -1.005963e+00 1.456205e+00 -1.598526e+00 -1.000687e+00 -1.056192e+00
0.000000e+00 -1.155926e+00 6.085876e-01 8.665048e-01 1.191649e+00 1.444544e-01 1.862917e-01
0.000000e+00 -7.697033e-01 -1.236613e+00 1.456205e+00 -5.522104e-01 -1.417102e+00 -1.385562e+00
0.000000e+00 2.742182e-03 1.069888e+00 8.665048e-01 1.191649e+00 9.772847e-01 1.054496e+00
0.000000e+00 2.742182e-03 -1.351938e+00 2.768051e-01 -9.009822e-01 -1.208895e+00 -1.254734e+00
0.000000e+00 3.889649e-01 6.085876e-01 2.768051e-01 -2.034386e-01 6.649733e-01 7.136632e-01
0.000000e+00 7.751877e-01 1.358200e+00 1.456205e+00 -1.598526e+00 1.445752e+00 1.558825e+00
0.000000e+00 7.751877e-01 -1.697914e+00 -3.128947e-01 -9.009822e-01 -1.156843e+00 -1.300642e+00
0.000000e+00 -1.542149e+00 -1.640251e+00 8.665048e-01 -2.034386e-01 -2.093777e+00 -2.067180e+00
0.000000e+00 -1.155926e+00 -1.524926e+00 -1.492294e+00 1.453332e-01 -2.041725e+00 -1.902047e+00
0.000000e+00 1.547633e+00 -9.483006e-01 -3.128947e-01 8.428768e-01 -3.760645e-01 -2.649995e-01
0.000000e+00 -1.155926e+00 8.962487e-02 8.665048e-01 -1.598526e+00 -5.322202e-01 -3.717357e-01
0.000000e+00 3.889649e-01 3.202750e-01 -1.492294e+00 -9.009822e-01 2.485582e-01 3.542023e-01
0.000000e+00 -1.542149e+00 -1.640251e+00 8.665048e-01 -1.598526e+00 -2.041725e+00 -2.107992e+00
0.000000e+00 -7.697033e-01 5.509251e-01 8.665048e-01 -2.034386e-01 3.006101e-01 2.407907e-01
0.000000e+00 -1.155926e+00 1.127550e+00 -1.492294e+00 8.428768e-01 6.129215e-01 5.533105e-01
0.000000e+00 -7.697033e-01 1.185213e+00 8.665048e-01 -5.522104e-01 7.690771e-01 8.128587e-01
0.000000e+00 2.742182e-03 -9.483006e-01 8.665048e-01 1.191649e+00 -7.924797e-01 -7.981846e-01
0.000000e+00 3.889649e-01 -6.023255e-01 8.665048e-01 1.453332e-01 -3.240126e-01 -3.629465e-01
0.000000e+00 1.547633e+00 -3.140128e-01 2.768051e-01 1.453332e-01 4.047139e-01 3.216608e-01
0.000000e+00 -3.834806e-01 6.662501e-01 -9.025945e-01 -2.034386e-01 4.047139e-01 4.205166e-01
0.000000e+00 7.751877e-01 1.069888e+00 8.665048e-01 1.540420e+00 1.393700e+00 1.361188e+00
0.000000e+00 3.889649e-01 -1.294276e+00 -1.492294e+00 -2.034386e-01 -1.156843e+00 -1.107536e+00
0.000000e+00 -1.155926e+00 -1.410252e-01 1.456205e+00 4.941050e-01 -7.404278e-01 -4.974572e-01
0.000000e+00 1.161410e+00 8.969003e-01 8.665048e-01 8.428768e-01 1.445752e+00 1.330226e+00
0.000000e+00 7.751877e-01 -5.446629e-01 2.768051e-01 4.941050e-01 -1.158051e-01 -1.763605e-01
0.000000e+00 7.751877e-01 -4.293379e-01 2.768051e-01 -1.598526e+00 -1.158051e-01 -1.317111e-01
0.000000e+00 1.161410e+00 8.962487e-02 1.456205e+00 -1.598526e+00 5.608696e-01 5.425280e-01
0.000000e+00 -1.542149e+00 -1.294276e+00 8.665048e-01 1.540420e+00 -1.573258e+00 -1.698563e+00
0.000000e+00 -1.542149e+00 3.196234e-02 -3.128947e-01 1.453332e-01 -5.842721e-01 -5.714900e-01
0.000000e+00 1.161410e+00 3.779375e-01 1.456205e+00 -9.009822e-01 5.608696e-01 8.276026e-01
0.000000e+00 -3.834806e-01 -8.329756e-01 -9.025945e-01 1.191649e+00 -1.104791e+00 -9.149481e-01
0.000000e+00 2.742182e-03 5.509251e-01 -1.492294e+00 4.941050e-01 6.129215e-01 4.585045e-01
0.000000e+00 1.161410e+00 6.662501e-01 -1.492294e+00 -1.249754e+00 9.772847e-01 9.580911e-01
0.000000e+00 2.742182e-03 -1.986878e-01 -1.492294e+00 -9.009822e-01 -1.678569e-01 -2.704459e-01
0.000000e+00 -3.834806e-01 5.509251e-01 -1.492294e+00 8.428768e-01 4.567658e-01 3.204627e-01
0.000000e+00 3.889649e-01 6.085876e-01 2.768051e-01 -1.598526e+00 8.211290e-01 6.728512e-01
0.000000e+00 2.742182e-03 -7.176505e-01 -9.025945e-01 -2.034386e-01 -8.445316e-01 -7.016479e-01
0.000000e+00 7.751877e-01 2.626125e-01 8.665048e-01 1.540420e+00 5.608696e-01 6.201160e-01
0.000000e+00 7.751877e-01 1.069888e+00 8.665048e-01 -1.598526e+00 1.185492e+00 1.269361e+00
0.000000e+00 -3.834806e-01 1.242875e+00 -3.128947e-01 1.191649e+00 1.029337e+00 1.015461e+00
0.000000e+00 2.742182e-03 -8.906381e-01 8.665048e-01 4.941050e-01 -9.486353e-01 -7.656568e-01
0.000000e+00 -7.697033e-01 1.300538e+00 -9.025945e-01 -2.034386e-01 8.211290e-01 8.545428e-01
0.000000e+00 -3.834806e-01 -1.986878e-01 8.665048e-01 1.453332e-01 -4.281164e-01 -2.888999e-01
0.000000e+00 -3.834806e-01 -7.753131e-01 2.768051e-01 -9.009822e-01 -9.486353e-01 -8.736415e-01
0.000000e+00 -7.697033e-01 5.509251e-01 1.456205e+00 -9.009822e-01 4.047139e-01 2.451802e-01
0.000000e+00 2.742182e-03 -1.640251e+00 8.665048e-01 4.941050e-01 -1.521206e+00 -1.453795e+00
0.000000e+00 2.742182e-03 1.069888e+00 -1.492294e+00 4.941050e-01 8.211290e-01 9.349079e-01
0.000000e+00 7.751877e-01 1.127550e+00 -1.492294e+00 4.941050e-01 1.289596e+00 1.284331e+00
0.000000e+00 -3.834806e-01 3.196234e-02 1.456205e+00 -1.249754e+00 -6.375316e-02 -9.318160e-02
0.000000e+00 -3.834806e-01 3.779375e-01 -1.492294e+00 -1.249754e+00 9.240252e-02 1.004436e-01
0.000000e+00 1.547633e+00 6.085876e-01 -1.492294e+00 -2.034386e-01 1.029337e+00 1.084011e+00
0.000000e+00 3.889649e-01 6.085876e-01 2.768051e-01 -5.522104e-01 6.129215e-01 7.034602e-01
0.000000e+00 -3.834806e-01 2.049499e-01 2.768051e-01 4.941050e-01 9.240252e-02 6.704370e-02
0.000000e+00 -1.155926e+00 2.049499e-01 2.768051e-01 -9.009822e-01 -1.678569e-01 -2.702577e-01
0.000000e+00 3.889649e-01 1.185213e+00 8.665048e-01 -2.034386e-01 1.185492e+00 1.267796e+00
0.000000e+00 -1.155926e+00 1.415863e+00 1.456205e+00 -1.249754e+00 8.731809e-01 8.807383e-01
0.000000e+00 2.742182e-03 1.646513e+00 -1.492294e+00 -1.598526e+00 1.185492e+00 1.403027e+00
0.000000e+00 3.889649e-01 -1.582588e+00 -3.128947e-01 1.191649e+00 -1.312999e+00 -1.281802e+00
0.000000e+00 -3.834806e-01 -7.753131e-01 1.456205e+00 -5.522104e-01 -7.924797e-01 -8.138477e-01
0.000000e+00 -7.697033e-01 -9.483006e-01 -3.128947e-01 8.428768e-01 -1.052739e+00 -1.154468e+00
0.000000e+00 7.751877e-01 -9.483006e-01 -1.492294e+00 4.941050e-01 -7.404278e-01 -6.212828e-01
0.000000e+00 -1.155926e+00 8.969003e-01 -9.025945e-01 -1.598526e+00 3.006101e-01 2.949501e-01
0.000000e+00 3.889649e-01 4.356000e-01 1.456205e+00 1.540420e+00 7.170252e-01 6.554679e-01
0.000000e+00 -3.834806e-01 2.626125e-01 8.665048e-01 4.941050e-01 -1.170127e-02 1.447728e-01
0.000000e+00 3.889649e-01 -1.697914e+00 -3.128947e-01 -1.249754e+00 -1.625310e+00 -1.459090e+00
0.000000e+00 -3.834806e-01 1.012225e+00 1.456205e+00 -9.009822e-01 8.731809e-01 8.168946e-01
0.000000e+00 -3.834806e-01 -8.336272e-02 1.456205e+00 -1.598526e+00 -1.678569e-01 -2.092520e-01
0.000000e+00 -3.834806e-01 -1.524926e+00 2.768051e-01 4.941050e-01 -1.521206e+00 -1.520968e+00
0.000000e+00 1.547633e+00 1.472874e-01 -9.025945e-01 -9.009822e-01 5.608696e-01 6.649307e-01
0.000000e+00 7.751877e-01 -7.753131e-01 2.768051e-01 1.453332e-01 -5.322202e-01 -3.982984e-01
0.000000e+00 -7.697033e-01 -1.410252e-01 -9.025945e-01 4.941050e-01 -4.281164e-01 -4.483942e-01
0.000000e+00 -7.697033e-01 1.127550e+00 -9.025945e-01 -9.009822e-01 6.649733e-01 6.753357e-01
0.000000e+00 3.889649e-01 -2.563503e-01 8.665048e-01 -1.249754e+00 -3.240126e-01 -8.615619e-02
0.000000e+00 3.889649e-01 -1.294276e+00 1.456205e+00 1.191649e+00 -9.486353e-01 -9.427467e-01
0.000000e+00 -3.834806e-01 2.049499e-01 2.768051e-01 1.191649e+00 3.006101e-01 8.744970e-02
0.000000e+00 1.547633e+00 1.646513e+00 2.768051e-01 4.941050e-01 2.174478e+00 2.131610e+00
0.000000e+00 -3.834806e-01 -7.176505e-01 -3.128947e-01 -2.034386e-01 -8.965834e-01 -8.250972e-01
0.000000e+00 1.547633e+00 3.196234e-02 1.456205e+00 -5.522104e-01 7.170252e-01 6.684480e-01
0.000000e+00 -3.834806e-01 1.646513e+00 -1.492294e+00 -5.522104e-01 1.237544e+00 1.285391e+00
0.000000e+00 -1.155926e+00 -1.986878e-01 -1.492294e+00 -1.598526e+00 -5.322202e-01 -7.355860e-01
0.000000e+00 -1.155926e+00 -8.329756e-01 -3.128947e-01 -5.522104e-01 -1.365050e+00 -1.237657e+00
0.000000e+00 2.742182e-03 1.588851e+00 -9.025945e-01 4.941050e-01 1.601907e+00 1.436107e+00
0.000000e+00 -3.834806e-01 -1.178951e+00 -3.128947e-01 -2.034386e-01 -1.365050e+00 -1.248567e+00
0.000000e+00 7.751877e-01 5.509251e-01 -3.128947e-01 1.191649e+00 8.731809e-01 8.249907e-01
0.000000e+00 2.742182e-03 -1.063626e+00 2.768051e-01 -5.522104e-01 -9.486353e-01 -9.798624e-01
0.000000e+00 3.889649e-01 -4.870004e-01 -3.128947e-01 -9.009822e-01 -2.199088e-01 -3.372789e-01
0.000000e+00 -3.834806e-01 -8.329756e-01 -9.025945e-01 1.453332e-01 -8.445316e-01 -9.455571e-01
0.000000e+00 -1.155926e+00 -1.063626e+00 -1.492294e+00 -5.522104e-01 -1.625310e+00 -1.498983e+00
0.000000e+00 1.547633e+00 -1.121288e+00 8.665048e-01 -1.249754e+00 -4.281164e-01 -4.354278e-01
0.000000e+00 7.751877e-01 -6.023255e-01 1.456205e+00 -2.034386e-01 -1.678569e-01 -2.001094e-01
0.000000e+00 -3.834806e-01 1.185213e+00 -3.128947e-01 -5.522104e-01 1.029337e+00 9.115125e-01
0.000000e+00 -7.697033e-01 -1.697914e+00 1.456205e+00 -2.034386e-01 -1.937621e+00 -1.798829e+00
0.000000e+00 -7.697033e-01 -1.986878e-01 -3.128947e-01 1.191649e+00 -5.842721e-01 -4.561265e-01
0.000000e+00 1.547633e+00 -1.582588e+00 1.456205e+00 -5.522104e-01 -9.486353e-01 -8.136962e-01
0.000000e+00 2.742182e-03 -1.063626e+00 2.768051e-01 1.453332e-01 -9.486353e-01 -9.594564e-01
0.000000e+00 -7.697033e-01 -2.570019e-02 2.768051e-01 -5.522104e-01 -2.719607e-01 -3.235449e-01
0.000000e+00 2.742182e-03 -1.236613e+00 1.456205e+00 -1.598526e+00 -1.104791e+00 -1.119682e+00
0.000000e+00 -1.155926e+00 1.300538e+00 -3.128947e-01 -1.249754e+00 6.649733e-01 7.004845e-01
0.000000e+00 -3.834806e-01 1.358200e+00 -3.128947e-01 1.453332e-01 1.081388e+00 1.090720e+00
0.000000e+00 -1.155926e+00 3.779375e-01 -9.025945e-01 8.428768e-01 -1.158051e-01 -1.100324e-01
0.000000e+00 -1.155926e+00 -1.697914e+00 -1.492294e+00 1.191649e+00 -2.041725e+00 -2.030239e+00
0.000000e+00 1.161410e+00 6.662501e-01 -1.492294e+00 -5.522104e-01 7.690771e-01 9.784971e-01
0.000000e+00 -1.542149e+00 1.069888e+00 8.665048e-01 1.453332e-01 3.526620e-01 4.309078e-01
0.000000e+00 7.751877e-01 -1.524926e+00 -1.492294e+00 -9.009822e-01 -1.156843e+00 -1.191432e+00
0.000000e+00 2.742182e-03 -8.906381e-01 8.665048e-01 1.191649e+00 -7.924797e-01 -7.452508e-01
0.000000e+00 1.161410e+00 1.185213e+00 2.768051e-01 8.428768e-01 1.549856e+00 1.570099e+00
0.000000e+00 -1.542149e+00 -1.986878e-01 8.665048e-01 -1.598526e+00 -6.363240e-01 -7.846490e-01
0.000000e+00 7.751877e-01 -1.294276e+00 8.665048e-01 -1.249754e+00 -7.924797e-01 -8.907184e-01
0.000000e+00 2.742182e-03 1.704176e+00 -1.492294e+00 1.540420e+00 1.445752e+00 1.547788e+00
0.000000e+00 -3.834806e-01 1.704176e+00 -3.128947e-01 1.191649e+00 1.601907e+00 1.438931e+00
0.000000e+00 7.751877e-01 -4.293379e-01 2.768051e-01 1.540420e+00 -6.375316e-02 -3.988408e-02
0.000000e+00 -1.155926e+00 -8.906381e-01 -9.025945e-01 -9.009822e-01 -1.208895e+00 -1.325589e+00
0.000000e+00 -1.542149e+00 -1.986878e-01 8.665048e-01 -9.009822e-01 -7.924797e-01 -7.642431e-01
0.000000e+00 -1.542149e+00 3.196234e-02 8.665048e-01 1.540420e+00 -5.322202e-01 -4.810872e-01
0.000000e+00 -1.542149e+00 4.932626e-01 1.456205e+00 1.191649e+00 4.035063e-02 -4.302500e-02
0.000000e+00 2.742182e-03 9.545628e-01 8.665048e-01 -9.009822e-01 8.211290e-01 8.874102e-01
0.000000e+00 7.751877e-01 -1.294276e+00 -3.128947e-01 1.540420e+00 -8.965834e-01 -8.586853e-01
0.000000e+00 -1.155926e+00 -2.570019e-02 -9.025945e-01 -2.034386e-01 -5.322202e-01 -5.111775e-01
0.000000e+00 1.161410e+00 1.588851e+00 1.456205e+00 1.453332e-01 1.966271e+00 1.969820e+00
0.000000e+00 -3.834806e-01 1.415863e+00 -1.492294e+00 -9.009822e-01 9.252328e-01 1.063454e+00
0.000000e+00 -7.697033e-01 6.662501e-01 2.768051e-01 1.540420e+00 4.047139e-01 3.728777e-01
0.000000e+00 1.161410e+00 -7.176505e-01 -3.128947e-01 8.428768e-01 -6.375316e-02 -2.015094e-01
0.000000e+00 -1.155926e+00 -1.524926e+00 -9.025945e-01 -1.249754e+00 -1.937621e+00 -1.918063e+00
0.000000e+00 -7.697033e-01 9.545628e-01 2.768051e-01 1.453332e-01 5.088177e-01 5.967343e-01
0.000000e+00 -7.697033e-01 7.239127e-01 -1.492294e+00 -1.249754e+00 4.567658e-01 2.698012e-01
0.000000e+00 -1.542149e+00 -4.870004e-01 2.768051e-01 1.191649e+00 -1.052739e+00 -9.924891e-01
0.000000e+00 3.889649e-01 -1.582588e+00 1.456205e+00 1.453332e-01 -1.260947e+00 -1.238024e+00
0.000000e+00 -1.155926e+00 -8.906381e-01 8.665048e-01 1.191649e+00 -1.521206e+00 -1.189985e+00
0.000000e+00 -1.542149e+00 2.626125e-01 8.665048e-01 -5.522104e-01 -4.801683e-01 -3.305703e-01
0.000000e+00 -1.155926e+00 9.545628e-01 -3.128947e-01 -9.009822e-01 5.088177e-01 3.930852e-01
0.000000e+00 3.889649e-01 4.356000e-01 2.768051e-01 -1.249754e+00 8.731809e-01 5.242530e-01
0.000000e+00 -3.834806e-01 1.472874e-01 8.665048e-01 8.428768e-01 1.965063e-01 4.910840e-02
0.000000e+00 3.889649e-01 -9.483006e-01 -3.128947e-01 -5.522104e-01 -8.445316e-01 -7.505457e-01
0.000000e+00 1.547633e+00 1.012225e+00 -3.128947e-01 -1.249754e+00 1.549856e+00 1.473529e+00
0.000000e+00 1.161410e+00 -1.697914e+00 1.456205e+00 1.191649e+00 -1.052739e+00 -1.016793e+00
0.000000e+00 -1.542149e+00 1.300538e+00 -3.128947e-01 8.428768e-01 6.129215e-01 6.134578e-01
0.000000e+00 1.161410e+00 1.069888e+00 -1.492294e+00 -2.034386e-01 1.185492e+00 1.359236e+00
0.000000e+00 1.547633e+00 -2.563503e-01 8.665048e-01 8.428768e-01 4.567658e-01 4.197959e-01
0.000000e+00 3.889649e-01 -1.294276e+00 8.665048e-01 -2.034386e-01 -1.104791e+00 -1.008354e+00
0.000000e+00 2.742182e-03 1.127550e+00 -9.025945e-01 4.941050e-01 7.690771e-01 1.012637e+00
0.000000e+00 3.889649e-01 -8.329756e-01 -1.492294e+00 -2.034386e-01 -6.883759e-01 -6.840661e-01
0.000000e+00 3.889649e-01 4.356000e-01 8.665048e-01 -2.034386e-01 3.006101e-01 5.796574e-01
0.000000e+00 1.547633e+00 -1.178951e+00 1.456205e+00 -5.522104e-01 -5.322202e-01 -4.431601e-01
0.000000e+00 -3.834806e-01 6.662501e-01 8.665048e-01 -2.034386e-01 5.608696e-01 4.949029e-01
0.000000e+00 -1.155926e+00 3.779375e-01 -9.025945e-01 4.941050e-01 4.035063e-02 -1.202354e-01
0.000000e+00 1.547633e+00 -2.563503e-01 2.768051e-01 -9.009822e-01 4.047139e-01 3.439855e-01
0.000000e+00 -1.155926e+00 -1.410252e-01 2.768051e-01 -5.522104e-01 -5.842721e-01 -5.776570e-01
0.000000e+00 1.547633e+00 -1.063626e+00 -1.492294e+00 8.428768e-01 -4.801683e-01 -4.204578e-01
0.000000e+00 -1.155926e+00 -6.023255e-01 -3.128947e-01 1.453332e-01 -1.104791e+00 -1.005516e+00
0.000000e+00 1.161410e+00 1.069888e+00 -9.025945e-01 8.428768e-01 1.549856e+00 1.414641e+00
0.000000e+00 1.547633e+00 -9.483006e-01 -9.025945e-01 -1.249754e+00 -4.801683e-01 -3.510130e-01
0.000000e+00 1.547633e+00 8.969003e-01 8.665048e-01 1.191649e+00 1.497804e+00 1.488673e+00
0.000000e+00 1.547633e+00 2.626125e-01 1.456205e+00 4.941050e-01 9.772847e-01 9.107919e-01
0.000000e+00 -1.155926e+00 -8.336272e-02 8.665048e-01 -2.034386e-01 -7.404278e-01 -4.897249e-01
0.000000e+00 -3.834806e-01 -1.063626e+00 1.456205e+00 4.941050e-01 -1.312999e+00 -1.047907e+00
0.000000e+00 7.751877e-01 1.242875e+00 -9.025945e-01 -1.249754e+00 1.393700e+00 1.363979e+00
0.000000e+00 -1.155926e+00 -7.176505e-01 -3.128947e-01 -5.522104e-01 -1.312999e+00 -1.131790e+00
0.000000e+00 -1.542149e+00 7.815752e-01 2.768051e-01 4.941050e-01 1.965063e-01 1.516468e-01
0.000000e+00 -7.697033e-01 -1.640251e+00 -1.492294e+00 -1.249754e+00 -1.989673e+00 -1.900481e+00
0.000000e+00 -3.834806e-01 -1.640251e+00 1.456205e+00 8.428768e-01 -1.521206e+00 -1.567041e+00
0.000000e+00 1.161410e+00 1.646513e+00 2.768051e-01 1.540420e+00 2.018323e+00 2.013975e+00
0.000000e+00 3.889649e-01 -7.753131e-01 -1.492294e+00 1.540420e+00 -4.801683e-01 -5.801174e-01
0.000000e+00 -1.155926e+00 -1.178951e+00 -3.128947e-01 -2.034386e-01 -1.521206e+00 -1.545056e+00
0.000000e+00 1.547633e+00 -7.176505e-01 -9.025945e-01 -2.034386e-01 -6.375316e-02 -1.086691e-01
0.000000e+00 -1.155926e+00 -4.870004e-01 -3.128947e-01 8.428768e-01 -6.883759e-01 -8.792428e-01
0.000000e+00 2.742182e-03 -6.599880e-01 1.456205e+00 -1.598526e+00 -6.883759e-01 -5.903445e-01
0.000000e+00 -3.834806e-01 1.588851e+00 -9.025945e-01 1.453332e-01 1.289596e+00 1.277659e+00
0.000000e+00 7.751877e-01 1.300538e+00 8.665048e-01 -1.249754e+00 1.549856e+00 1.491299e+00
0.000000e+00 1.161410e+00 -1.697914e+00 -1.492294e+00 -1.598526e+00 -1.521206e+00 -1.222394e+00
0.000000e+00 2.742182e-03 -3.716754e-01 8.665048e-01 4.941050e-01 -1.678569e-01 -2.892534e-01
0.000000e+00 2.742182e-03 3.202750e-01 -9.025945e-01 -5.522104e-01 2.485582e-01 2.409560e-01
0.000000e+00 -1.155926e+00 -3.140128e-01 -1.492294e+00 -1.598526e+00 -7.924797e-01 -8.414535e-01
0.000000e+00 1.161410e+00 3.202750e-01 -1.492294e+00 1.540420e+00 6.649733e-01 7.221127e-01
0.000000e+00 -1.155926e+00 3.196234e-02 8.665048e-01 1.453332e-01 -3.240126e-01 -3.736545e-01
0.000000e+00 3.889649e-01 3.196234e-02 -1.492294e+00 1.540420e+00 1.965063e-01 1.609547e-01
0.000000e+00 1.161410e+00 -1.640251e+00 -9.025945e-01 1.453332e-01 -1.208895e+00 -1.093650e+00
0.000000e+00 3.889649e-01 -6.599880e-01 1.456205e+00 -9.009822e-01 -4.281164e-01 -4.216938e-01
0.000000e+00 -3.834806e-01 1.300538e+00 1.456205e+00 1.453332e-01 1.133440e+00 1.112172e+00
0.000000e+00 -3.834806e-01 -1.063626e+00 -9.025945e-01 1.540420e+00 -1.000687e+00 -1.116480e+00
0.000000e+00 3.889649e-01 -1.178951e+00 8.665048e-01 1.191649e+00 -8.965834e-01 -8.616747e-01
0.000000e+00 -3.834806e-01 3.196234e-02 -3.128947e-01 1.453332e-01 -2.719607e-01 -1.267559e-01
0.000000e+00 1.161410e+00 8.392377e-01 -9.025945e-01 -1.598526e+00 1.133440e+00 1.131485e+00
0.000000e+00 1.547633e+00 -4.870004e-01 1.456205e+00 1.540420e+00 1.965063e-01 2.532625e-01
0.000000e+00 -1.542149e+00 -4.293379e-01 -9.025945e-01 1.453332e-01 -9.486353e-01 -1.019755e+00
0.000000e+00 -3.834806e-01 1.242875e+00 -1.492294e+00 8.428768e-01 8.731809e-01 9.556674e-01
0.000000e+00 -3.834806e-01 -4.293379e-01 -1.492294e+00 4.941050e-01 -7.404278e-01 -5.896135e-01
0.000000e+00 -1.155926e+00 -8.906381e-01 -9.025945e-01 8.428768e-01 -1.104791e+00 -1.274574e+00
0.000000e+00 3.889649e-01 -2.563503e-01 8.665048e-01 8.428768e-01 -6.375316e-02 -2.493821e-02
0.000000e+00 -7.697033e-01 -1.582588e+00 -3.128947e-01 1.191649e+00 -1.781466e+00 -1.726536e+00
0.000000e+00 7.751877e-01 -4.293379e-01 -1.492294e+00 -9.009822e-01 -2.719607e-01 -1.856913e-01
0.000000e+00 2.742182e-03 -6.023255e-01 1.456205e+00 4.941050e-01 -3.240126e-01 -4.761928e-01
0.000000e+00 -3.834806e-01 8.392377e-01 -1.492294e+00 1.453332e-01 8.211290e-01 5.647254e-01
0.000000e+00 2.742182e-03 5.509251e-01 1.456205e+00 -1.249754e+00 4.567658e-01 5.314666e-01
0.000000e+00 1.161410e+00 1.531188e+00 -3.128947e-01 -2.034386e-01 1.810115e+00 1.832297e+00
0.000000e+00 -7.697033e-01 4.932626e-01 -1.492294e+00 -9.009822e-01 9.240252e-02 6.826932e-02
0.000000e+00 7.751877e-01 1.473526e+00 8.665048e-01 -2.034386e-01 1.497804e+00 1.680709e+00
0.000000e+00 3.889649e-01 -1.294276e+00 1.456205e+00 1.191649e+00 -1.000687e+00 -9.427467e-01
0.000000e+00 -1.542149e+00 -7.176505e-01 -1.492294e+00 8.428768e-01 -1.104791e+00 -1.288813e+00
0.000000e+00 7.751877e-01 6.085876e-01 -1.492294e+00 1.191649e+00 7.690771e-01 8.283336e-01
0.000000e+00 7.751877e-01 -1.409601e+00 -9.025945e-01 1.191649e+00 -8.445316e-01 -9.995512e-01
0.000000e+00 -1.542149e+00 -1.986878e-01 8.665048e-01 8.428768e-01 -6.883759e-01 -7.132281e-01
0.000000e+00 1.547633e+00 3.202750e-01 8.665048e-01 8.428768e-01 7.170252e-01 9.491331e-01
0.000000e+00 3.889649e-01 -8.906381e-01 -9.025945e-01 1.453332e-01 -5.842721e-01 -7.020014e-01
0.000000e+00 -1.155926e+00 3.779375e-01 1.456205e+00 1.453332e-01 -6.375316e-02 -3.125672e-02
0.000000e+00 2.742182e-03 1.588851e+00 2.768051e-01 1.453332e-01 1.653959e+00 1.475495e+00
0.000000e+00 -3.834806e-01 -1.467263e+00 -3.128947e-01 1.540420e+00 -1.417102e+00 -1.462221e+00
0.000000e+00 7.751877e-01 4.932626e-01 8.665048e-01 1.453332e-01 7.690771e-01 7.910389e-01
0.000000e+00 1.161410e+00 -1.236613e+00 2.768051e-01 1.191649e+00 -5.842721e-01 -6.429144e-01
0.000000e+00 -1.542149e+00 -1.351938e+00 1.456205e+00 1.540420e+00 -1.677362e+00 -1.726701e+00
0.000000e+00 2.742182e-03 6.085876e-01 -3.128947e-01 -1.598526e+00 3.006101e-01 4.998111e-01
0.000000e+00 -7.697033e-01 -6.023255e-01 8.665048e-01 1.540420e+00 -6.363240e-01 -7.668687e-01
0.000000e+00 -1.542149e+00 -1.178951e+00 -1.492294e+00 1.453332e-01 -1.729414e+00 -1.732689e+00
0.000000e+00 -7.697033e-01 -2.563503e-01 8.665048e-01 8.428768e-01 -4.281164e-01 -4.696724e-01
0.000000e+00 3.889649e-01 -1.524926e+00 -3.128947e-01 -1.598526e+00 -1.260947e+00 -1.310492e+00
0.000000e+00 7.751877e-01 4.356000e-01 2.768051e-01 1.453332e-01 8.211290e-01 7.133097e-01
0.000000e+00 1.161410e+00 -3.716754e-01 -1.492294e+00 1.191649e+00 1.965063e-01 7.670508e-02
0.000000e+00 -3.834806e-01 -9.483006e-01 -3.128947e-01 1.453332e-01 -9.486353e-01 -1.026629e+00
0.000000e+00 -7.697033e-01 6.085876e-01 1.456205e+00 -1.249754e+00 1.444544e-01 2.879109e-01
0.000000e+00 2.742182e-03 -1.697914e+00 -3.128947e-01 -1.598526e+00 -1.625310e+00 -1.617538e+00
0.000000e+00 1.547633e+00 -7.753131e-01 8.665048e-01 -5.522104e-01 -1.678569e-01 -9.741953e-02
0.000000e+00 3.889649e-01 8.392377e-01 1.456205e+00 1.453332e-01 9.772847e-01 9.851919e-01
0.000000e+00 1.547633e+00 -3.716754e-01 -9.025945e-01 1.540420e+00 2.485582e-01 2.599482e-01
0.000000e+00 3.889649e-01 -1.986878e-01 -9.025945e-01 1.540420e+00 1.965063e-01 -2.598477e-02
0.000000e+00 -1.155926e+00 -1.351938e+00 -1.492294e+00 1.191649e+00 -1.833518e+00 -1.712636e+00
0.000000e+00 2.742182e-03 -1.236613e+00 -3.128947e-01 -2.034386e-01 -1.156843e+00 -1.153256e+00
0.000000e+00 1.547633e+00 7.239127e-01 2.768051e-01 4.941050e-01 1.289596e+00 1.284671e+00
0.000000e+00 1.161410e+00 2.626125e-01 -1.492294e+00 1.453332e-01 6.129215e-01 6.283670e-01
0.000000e+00 7.751877e-01 1.588851e+00 1.456205e+00 1.453332e-01 1.810115e+00 1.821575e+00
0.000000e+00 -1.542149e+00 -1.063626e+00 -1.492294e+00 1.191649e+00 -1.365050e+00 -1.596213e+00
0.000000e+00 -3.834806e-01 -5.446629e-01 8.665048e-01 -2.034386e-01 -5.842721e-01 -6.167052e-01
0.000000e+00 7.751877e-01 -1.582588e+00 1.456205e+00 -1.249754e+00 -9.486353e-01 -1.130592e+00
0.000000e+00 7.751877e-01 -8.906381e-01 2.768051e-01 8.428768e-01 -5.322202e-01 -4.837598e-01
0.000000e+00 3.889649e-01 -5.446629e-01 -3.128947e-01 -9.009822e-01 -2.719607e-01 -3.902126e-01
0.000000e+00 1.161410e+00 -1.178951e+00 1.456205e+00 1.191649e+00 -5.842721e-01 -5.403899e-01
0.000000e+00 3.889649e-01 1.472874e-01 -3.128947e-01 -2.034386e-01 1.965063e-01 2.653980e-01
0.000000e+00 -7.697033e-01 8.969003e-01 -3.128947e-01 -1.598526e+00 2.485582e-01 4.679902e-01
0.000000e+00 -3.834806e-01 1.646513e+00 -1.492294e+00 -5.522104e-01 1.185492e+00 1.285391e+00
0.000000e+00 -7.697033e-01 1.242875e+00 8.665048e-01 1.191649e+00 9.252328e-01 9.168074e-01
0.000000e+00 -1.542149e+00 -1.409601e+00 -1.492294e+00 -1.598526e+00 -1.833518e+00 -1.995439e+00
0.000000e+00 2.742182e-03 -1.640251e+00 -9.025945e-01 8.428768e-01 -1.521206e+00 -1.517978e+00
0.000000e+00 -1.542149e+00 -8.336272e-02 -9.025945e-01 8.428768e-01 -6.883759e-01 -6.817469e-01
0.000000e+00 -1.542149e+00 1.415863e+00 -3.128947e-01 1.191649e+00 8.211290e-01 7.295282e-01
0.000000e+00 -1.155926e+00 5.509251e-01 8.665048e-01 1.191649e+00 9.240252e-02 1.333580e-01
0.000000e+00 -3.834806e-01 1.472874e-01 1.456205e+00 1.453332e-01 -1.170127e-02 5.349783e-02
0.000000e+00 3.889649e-01 -1.524926e+00 -3.128947e-01 -2.034386e-01 -1.365050e+00 -1.269680e+00
0.000000e+00 1.161410e+00 1.646513e+00 1.456205e+00 4.941050e-01 2.122426e+00 2.032956e+00
0.000000e+00 -7.697033e-01 -1.524926e+00 -3.128947e-01 1.191649e+00 -1.677362e+00 -1.673602e+00
0.000000e+00 -1.542149e+00 -8.336272e-02 -1.492294e+00 -2.034386e-01 -6.883759e-01 -7.371513e-01
0.000000e+00 -7.697033e-01 3.779375e-01 -3.128947e-01 -9.009822e-01 -6.375316e-02 1.199273e-02
0.000000e+00 -7.697033e-01 1.704176e+00 -3.128947e-01 1.191649e+00 1.445752e+00 1.290686e+00
0.000000e+00 2.742182e-03 1.704176e+00 8.665048e-01 1.540420e+00 1.862167e+00 1.646970e+00
0.000000e+00 -3.834806e-01 -6.023255e-01 8.665048e-01 -1.598526e+00 -6.883759e-01 -7.104509e-01
0.000000e+00 -3.834806e-01 6.085876e-01 1.456205e+00 -1.598526e+00 5.088177e-01 4.259526e-01
0.000000e+00 1.547633e+00 -4.293379e-01 8.665048e-01 1.540420e+00 2.485582e-01 2.814008e-01
0.000000e+00 7.751877e-01 8.392377e-01 -3.128947e-01 -5.522104e-01 1.133440e+00 1.038644e+00
0.000000e+00 -3.834806e-01 -7.176505e-01 8.665048e-01 -1.249754e+00 -7.404278e-01 -8.061154e-01
0.000000e+00 -7.697033e-01 1.069888e+00 8.665048e-01 4.941050e-01 6.129215e-01 7.376002e-01
0.000000e+00 3.889649e-01 -3.140128e-01 2.768051e-01 -1.249754e+00 -1.158051e-01 -1.638853e-01
0.000000e+00 -7.697033e-01 -1.697914e+00 2.768051e-01 4.941050e-01 -1.781466e+00 -1.828014e+00
0.000000e+00 3.889649e-01 1.358200e+00 -9.025945e-01 8.428768e-01 1.393700e+00 1.382820e+00
0.000000e+00 1.547633e+00 -8.906381e-01 -1.492294e+00 8.428768e-01 -1.678569e-01 -2.616567e-01
0.000000e+00 3.889649e-01 2.049499e-01 -1.492294e+00 -9.009822e-01 2.485582e-01 2.483349e-01
0.000000e+00 -3.834806e-01 1.012225e+00 8.665048e-01 1.191649e+00 8.211290e-01 8.533172e-01
0.000000e+00 2.742182e-03 -6.023255e-01 -9.025945e-01 1.540420e+00 -5.322202e-01 -5.447655e-01
0.000000e+00 3.889649e-01 1.358200e+00 -9.025945e-01 1.540420e+00 1.393700e+00 1.403226e+00
0.000000e+00 -7.697033e-01 3.779375e-01 1.456205e+00 1.540420e+00 9.240252e-02 1.578000e-01
0.000000e+00 1.161410e+00 -1.986878e-01 2.768051e-01 1.453332e-01 4.047139e-01 2.792835e-01
0.000000e+00 -3.834806e-01 -4.870004e-01 -9.025945e-01 -5.522104e-01 -7.404278e-01 -6.483608e-01
0.000000e+00 1.161410e+00 1.185213e+00 -3.128947e-01 8.428768e-01 1.497804e+00 1.545303e+00
0.000000e+00 -7.697033e-01 -1.467263e+00 1.456205e+00 -5.522104e-01 -1.625310e+00 -1.597297e+00
0.000000e+00 7.751877e-01 2.049499e-01 8.665048e-01 -5.522104e-01 4.047139e-01 5.059643e-01
0.000000e+00 1.547633e+00 4.932626e-01 -3.128947e-01 8.428768e-01 1.237544e+00 1.058343e+00
0.000000e+00 -3.834806e-01 -1.582588e+00 -1.492294e+00 -5.522104e-01 -1.833518e+00 -1.678897e+00
0.000000e+00 1.161410e+00 -7.753131e-01 2.768051e-01 -1.598526e+00 -2.719607e-01 -3.010687e-01
0.000000e+00 -7.697033e-01 -3.716754e-01 -3.128947e-01 1.453332e-01 -6.363240e-01 -6.455366e-01
0.000000e+00 7.751877e-01 -3.716754e-01 8.665048e-01 8.428768e-01 4.035063e-02 1.743907e-02
0.000000e+00 -7.697033e-01 -1.582588e+00 -3.128947e-01 -9.009822e-01 -1.781466e+00 -1.787754e+00
0.000000e+00 7.751877e-01 8.392377e-01 -3.128947e-01 -1.249754e+00 1.081388e+00 1.018238e+00
0.000000e+00 3.889649e-01 -1.351938e+00 -9.025945e-01 1.453332e-01 -1.104791e+00 -1.125471e+00
0.000000e+00 -1.155926e+00 -3.140128e-01 2.768051e-01 -1.598526e+00 -6.883759e-01 -7.670672e-01
0.000000e+00 -7.697033e-01 1.473526e+00 -1.492294e+00 -2.034386e-01 1.185492e+00 9.885486e-01
0.000000e+00 3.889649e-01 -1.582588e+00 8.665048e-01 1.453332e-01 -1.417102e+00 -1.262820e+00
0.000000e+00 -3.834806e-01 -8.906381e-01 1.456205e+00 8.428768e-01 -8.445316e-01 -8.789031e-01
0.000000e+00 3.889649e-01 -8.336272e-02 1.456205e+00 4.941050e-01 4.035063e-02 1.484554e-01
0.000000e+00 -1.542149e+00 1.127550e+00 8.665048e-01 1.453332e-01 4.047139e-01 4.838415e-01
0.000000e+00 -1.542149e+00 -8.336272e-02 -1.492294e+00 -1.249754e+00 -8.965834e-01 -7.677603e-01
0.000000e+00 -7.697033e-01 -1.178951e+00 8.665048e-01 8.428768e-01 -1.365050e+00 -1.316612e+00
0.000000e+00 1.161410e+00 8.962487e-02 -9.025945e-01 8.428768e-01 6.129215e-01 5.147673e-01
0.000000e+00 1.161410e+00 -4.293379e-01 1.456205e+00 -2.034386e-01 9.240252e-02 1.069365e-01
0.000000e+00 -3.834806e-01 4.932626e-01 1.456205e+00 -9.009822e-01 4.047139e-01 3.404912e-01
0.000000e+00 3.889649e-01 -1.236613e+00 -3.128947e-01 8.428768e-01 -8.965834e-01 -9.744023e-01
0.000000e+00 1.161410e+00 3.779375e-01 -9.025945e-01 -2.034386e-01 6.649733e-01 7.488269e-01
0.000000e+00 7.751877e-01 1.242875e+00 1.456205e+00 -9.009822e-01 1.393700e+00 1.473364e+00
0.000000e+00 7.751877e-01 5.509251e-01 -9.025945e-01 1.191649e+00 7.690771e-01 8.001953e-01
0.000000e+00 -3.834806e-01 -9.483006e-01 -9.025945e-01 1.191649e+00 -1.208895e+00 -1.020816e+00
0.000000e+00 1.547633e+00 -1.524926e+00 -1.492294e+00 4.941050e-01 -6.363240e-01 -8.541306e-01
0.000000e+00 3.889649e-01 -6.023255e-01 1.456205e+00 8.428768e-01 -3.240126e-01 -3.177451e-01
0.000000e+00 -7.697033e-01 -1.410252e-01 2.768051e-01 -2.034386e-01 -3.240126e-01 -4.192093e-01
0.000000e+00 2.742182e-03 -9.483006e-01 -1.492294e+00 -2.034386e-01 -1.000687e+00 -9.381783e-01
0.000000e+00 2.742182e-03 7.815752e-01 -1.492294e+00 -2.034386e-01 7.170252e-01 6.498333e-01
0.000000e+00 2.742182e-03 2.049499e-01 -9.025945e-01 -1.249754e+00 9.240252e-02 1.146826e-01
0.000000e+00 1.161410e+00 -1.005963e+00 2.768051e-01 -9.009822e-01 -4.281164e-01 -4.923975e-01
0.000000e+00 1.547633e+00 3.196234e-02 -1.492294e+00 8.428768e-01 7.170252e-01 5.852828e-01
0.000000e+00 1.547633e+00 1.472874e-01 2.768051e-01 1.453332e-01 5.088177e-01 7.451306e-01
0.000000e+00 3.889649e-01 1.242875e+00 1.456205e+00 1.191649e+00 1.497804e+00 1.386337e+00
0.000000e+00 3.889649e-01 4.932626e-01 -9.025945e-01 4.941050e-01 5.608696e-01 5.786109e-01
0.000000e+00 1.547633e+00 -1.410252e-01 -1.492294e+00 1.453332e-01 2.485582e-01 4.060757e-01
0.000000e+00 -3.834806e-01 -3.140128e-01 2.768051e-01 -5.522104e-01 -5.842721e-01 -4.399688e-01
0.000000e+00 3.889649e-01 8.962487e-02 8.665048e-01 4.941050e-01 3.006101e-01 2.824611e-01
0.000000e+00 -3.834806e-01 -1.236613e+00 -1.492294e+00 -5.522104e-01 -1.312999e+00 -1.361295e+00
0.000000e+00 -1.542149e+00 -1.410252e-01 -1.492294e+00 4.941050e-01 -8.445316e-01 -7.696790e-01
0.000000e+00 7.751877e-01 1.588851e+00 -1.492294e+00 -2.034386e-01 1.549856e+00 1.687395e+00
0.000000e+00 3.889649e-01 3.196234e-02 2.768051e-01 -1.249754e+00 1.444544e-01 1.537170e-01
0.000000e+00 1.547633e+00 -7.753131e-01 -3.128947e-01 4.941050e-01 -1.158051e-01 -1.164014e-01
0.000000e+00 7.751877e-01 1.300538e+00 1.456205e+00 8.428768e-01 1.601907e+00 1.577312e+00
0.000000e+00 7.751877e-01 -4.293379e-01 -1.492294e+00 1.540420e+00 -1.170127e-02 -1.142704e-01
0.000000e+00 -1.155926e+00 -1.005963e+00 8.665048e-01 -1.249754e+00 -1.208895e+00 -1.367273e+00
0.000000e+00 1.547633e+00 1.415863e+00 8.665048e-01 1.453332e-01 2.018323e+00 1.934468e+00
0.000000e+00 1.547633e+00 -1.178951e+00 -9.025945e-01 -5.522104e-01 -7.404278e-01 -5.423418e-01
0.000000e+00 3.889649e-01 -8.329756e-01 -3.128947e-01 -2.034386e-01 -6.363240e-01 -6.344752e-01
0.000000e+00 -7.697033e-01 -1.409601e+00 -3.128947e-01 -1.598526e+00 -1.573258e+00 -1.649359e+00
0.000000e+00 -1.542149e+00 1.012225e+00 2.768051e-01 1.453332e-01 4.567658e-01 3.531786e-01
0.000000e+00 -3.834806e-01 -1.121288e+00 -9.025945e-01 8.428768e-01 -9.486353e-01 -1.189820e+00
0.000000e+00 -7.697033e-01 1.588851e+00 2.768051e-01 -1.249754e+00 1.237544e+00 1.138193e+00
0.000000e+00 -1.542149e+00 1.242875e+00 -9.025945e-01 -1.598526e+00 3.526620e-01 4.643077e-01
0.000000e+00 -7.697033e-01 -1.582588e+00 1.456205e+00 1.191649e+00 -1.781466e+00 -1.652149e+00
0.000000e+00 -3.834806e-01 -1.410252e-01 -3.128947e-01 -1.249754e+00 -3.240126e-01 -3.263690e-01
0.000000e+00 1.161410e+00 6.085876e-01 1.456205e+00 8.428768e-01 1.133440e+00 1.090352e+00
0.000000e+00 1.547633e+00 -8.906381e-01 2.768051e-01 -2.034386e-01 -2.719607e-01 -2.178794e-01
0.000000e+00 -7.697033e-01 1.704176e+00 -9.025945e-01 -1.249754e+00 1.237544e+00 1.194470e+00
0.000000e+00 3.889649e-01 -1.005963e+00 -3.128947e-01 -2.034386e-01 -1.052739e+00 -7.932764e-01
0.000000e+00 2.742182e-03 6.662501e-01 -3.128947e-01 1.191649e+00 5.608696e-01 6.343687e-01
0.000000e+00 3.889649e-01 1.242875e+00 -1.492294e+00 1.453332e-01 9.772847e-01 1.231751e+00
0.000000e+00 -3.834806e-01 1.473526e+00 2.768051e-01 -9.009822e-01 1.133440e+00 1.190774e+00
0.000000e+00 3.889649e-01 8.392377e-01 -1.492294e+00 8.428768e-01 8.731809e-01 8.816208e-01
0.000000e+00 7.751877e-01 -7.753131e-01 -3.128947e-01 -1.598526e+00 -3.760645e-01 -4.741088e-01
0.000000e+00 1.547633e+00 -1.351938e+00 2.768051e-01 1.191649e+00 -6.883759e-01 -6.005372e-01
0.000000e+00 7.751877e-01 -1.410252e-01 2.768051e-01 1.191649e+00 1.965063e-01 2.145815e-01
0.000000e+00 3.889649e-01 4.356000e-01 1.456205e+00 -5.522104e-01 5.608696e-01 5.942499e-01
0.000000e+00 -1.542149e+00 -1.005963e+00 8.665048e-01 8.428768e-01 -1.469154e+00 -1.454300e+00
0.000000e+00 -1.155926e+00 1.704176e+00 -9.025945e-01 -9.009822e-01 1.029337e+00 1.056428e+00
0.000000e+00 -1.542149e+00 -7.753131e-01 8.665048e-01 1.453332e-01 -1.260947e+00 -1.262971e+00
0.000000e+00 1.547633e+00 -8.906381e-01 8.665048e-01 1.540420e+00 -2.199088e-01 -1.420690e-01
0.000000e+00 1.547633e+00 3.202750e-01 -3.128947e-01 1.540420e+00 9.772847e-01 9.199483e-01
0.000000e+00 7.751877e-01 -1.410252e-01 1.456205e+00 8.428768e-01 4.047139e-01 2.539694e-01
0.000000e+00 -1.155926e+00 -8.906381e-01 -9.025945e-01 1.191649e+00 -1.260947e+00 -1.264371e+00
0.000000e+00 3.889649e-01 8.969003e-01 8.665048e-01 8.428768e-01 1.237544e+00 1.033736e+00
0.000000e+00 -3.834806e-01 1.300538e+00 8.665048e-01 1.191649e+00 1.133440e+00 1.117986e+00
0.000000e+00 -1.542149e+00 -1.121288e+00 2.768051e-01 -5.522104e-01 -1.521206e+00 -1.625775e+00
0.000000e+00 -1.542149e+00 1.473526e+00 -3.128947e-01 1.540420e+00 7.170252e-01 7.926650e-01
0.000000e+00 2.742182e-03 3.196234e-02 8.665048e-01 -1.598526e+00 4.035063e-02 2.006470e-02
0.000000e+00 -1.155926e+00 -1.524926e+00 -9.025945e-01 4.941050e-01 -1.937621e+00 -1.867048e+00
0.000000e+00 -3.834806e-01 2.626125e-01 -1.492294e+00 1.540420e+00 -1.170127e-02 7.620014e-02
0.000000e+00 -1.542149e+00 2.049499e-01 -1.492294e+00 -5.522104e-01 -5.322202e-01 -4.826857e-01
0.000000e+00 -3.834806e-01 1.242875e+00 -3.128947e-01 -1.598526e+00 9.772847e-01 9.338373e-01
0.000000e+00 3.889649e-01 -1.986878e-01 -1.492294e+00 -9.009822e-01 4.035063e-02 -1.222012e-01
0.000000e+00 -3.834806e-01 -1.178951e+00 2.768051e-01 4.941050e-01 -1.104791e+00 -1.203366e+00
0.000000e+00 -1.542149e+00 -2.570019e-02 2.768051e-01 -9.009822e-01 -5.842721e-01 -6.302373e-01
0.000000e+00 7.751877e-01 8.392377e-01 -9.025945e-01 -1.598526e+00 9.252328e-01 9.832399e-01
0.000000e+00 -1.155926e+00 -6.023255e-01 1.456205e+00 4.941050e-01 -8.965834e-01 -9.209270e-01
0.000000e+00 1.547633e+00 -8.336272e-02 -3.128947e-01 8.428768e-01 4.567658e-01 5.290063e-01
0.000000e+00 -7.697033e-01 1.588851e+00 -3.128947e-01 -2.034386e-01 1.029337e+00 1.144007e+00
0.000000e+00 1.161410e+00 1.300538e+00 -1.492294e+00 1.453332e-01 1.497804e+00 1.581174e+00
0.000000e+00 1.161410e+00 -8.336272e-02 8.665048e-01 -9.009822e-01 3.526620e-01 3.793374e-01
0.000000e+00 -7.697033e-01 -4.293379e-01 8.665048e-01 -2.034386e-01 -7.404278e-01 -6.590825e-01
0.000000e+00 -3.834806e-01 1.531188e+00 1.456205e+00 -9.009822e-01 1.341648e+00 1.293298e+00
0.000000e+00 -1.155926e+00 1.127550e+00 8.665048e-01 -1.249754e+00 5.608696e-01 5.912742e-01
0.000000e+00 -3.834806e-01 -5.446629e-01 1.456205e+00 4.941050e-01 -5.322202e-01 -5.715038e-01
0.000000e+00 1.547633e+00 1.012225e+00 -9.025945e-01 1.540420e+00 1.497804e+00 1.530358e+00
0.000000e+00 -1.155926e+00 7.239127e-01 -3.128947e-01 4.941050e-01 2.485582e-01 2.221623e-01
0.000000e+00 -7.697033e-01 -1.178951e+00 -1.492294e+00 8.428768e-01 -1.521206e+00 -1.415794e+00
0.000000e+00 -3.834806e-01 6.085876e-01 -9.025945e-01 -1.598526e+00 4.567658e-01 3.267709e-01
0.000000e+00 2.742182e-03 -1.063626e+00 2.768051e-01 -1.249754e+00 -1.208895e+00 -1.000268e+00
0.000000e+00 -1.542149e+00 -2.570019e-02 2.768051e-01 -1.249754e+00 -3.760645e-01 -6.404403e-01
0.000000e+00 7.751877e-01 1.185213e+00 2.768051e-01 -9.009822e-01 1.445752e+00 1.370839e+00
0.000000e+00 7.751877e-01 1.472874e-01 1.456205e+00 4.941050e-01 3.526620e-01 5.084350e-01
0.000000e+00 1.547633e+00 -7.176505e-01 1.456205e+00 4.941050e-01 -1.170127e-02 1.091861e-02
0.000000e+00 -3.834806e-01 -9.483006e-01 -3.128947e-01 4.941050e-01 -1.000687e+00 -1.016426e+00
0.000000e+00 3.889649e-01 -4.870004e-01 2.768051e-01 -1.598526e+00 -1.678569e-01 -3.328895e-01
0.000000e+00 -1.155926e+00 -5.446629e-01 1.456205e+00 -1.249754e+00 -1.052739e+00 -9.190082e-01
0.000000e+00 -3.834806e-01 -1.697914e+00 1.456205e+00 8.428768e-01 -1.781466e+00 -1.619975e+00
0.000000e+00 -1.155926e+00 1.069888e+00 8.665048e-01 1.191649e+00 6.129215e-01 6.097615e-01
0.000000e+00 2.742182e-03 7.239127e-01 1.456205e+00 1.540420e+00 8.211290e-01 7.718917e-01
0.000000e+00 7.751877e-01 1.242875e+00 2.768051e-01 4.941050e-01 1.653959e+00 1.464585e+00
0.000000e+00 -1.542149e+00 1.704176e+00 -9.025945e-01 -1.598526e+00 7.690771e-01 8.877774e-01
0.000000e+00 7.751877e-01 -8.906381e-01 2.768051e-01 -5.522104e-01 -6.363240e-01 -5.245718e-01
0.000000e+00 3.889649e-01 3.202750e-01 8.665048e-01 1.540420e+00 7.170252e-01 5.248050e-01
0.000000e+00 3.889649e-01 9.545628e-01 2.768051e-01 8.428768e-01 1.029337e+00 1.061874e+00
0.000000e+00 1.161410e+00 1.358200e+00 -1.492294e+00 -2.034386e-01 1.549856e+00 1.623905e+00
0.000000e+00 1.161410e+00 -4.870004e-01 8.665048e-01 -1.598526e+00 4.035063e-02 -1.160463e-02
0.000000e+00 3.889649e-01 8.962487e-02 -3.128947e-01 4.941050e-01 -1.170127e-02 2.328703e-01
0.000000e+00 -7.697033e-01 1.588851e+00 2.768051e-01 1.453332e-01 1.185492e+00 1.179005e+00
0.000000e+00 2.742182e-03 8.969003e-01 1.456205e+00 1.191649e+00 8.211290e-01 9.204899e-01
0.000000e+00 -1.155926e+00 1.358200e+00 -9.025945e-01 -5.522104e-01 6.649733e-01 7.490288e-01
0.000000e+00 2.742182e-03 1.472874e-01 2.768051e-01 -5.522104e-01 2.485582e-01 1.317457e-01
0.000000e+00 1.547633e+00 1.588851e+00 -9.025945e-01 8.428768e-01 2.070374e+00 2.039289e+00
0.000000e+00 -1.542149e+00 6.085876e-01 -1.492294e+00 -5.522104e-01 -2.199088e-01 -1.121497e-01
0.000000e+00 2.742182e-03 1.646513e+00 -3.128947e-01 -9.009822e-01 1.497804e+00 1.473024e+00
0.000000e+00 3.889649e-01 4.932626e-01 1.456205e+00 4.941050e-01 6.649733e-01 6.777926e-01
0.000000e+00 7.751877e-01 -4.293379e-01 8.665048e-01 -2.034386e-01 -6.375316e-02 -6.610364e-02
0.000000e+00 1.547633e+00 7.239127e-01 8.665048e-01 1.191649e+00 1.237544e+00 1.329872e+00
0.000000e+00 3.889649e-01 1.415863e+00 -3.128947e-01 -2.034386e-01 1.445752e+00 1.429940e+00
0.000000e+00 2.742182e-03 -1.640251e+00 -1.492294e+00 1.191649e+00 -1.417102e+00 -1.532571e+00
0.000000e+00 7.751877e-01 -1.640251e+00 -1.492294e+00 1.453332e-01 -1.260947e+00 -1.266690e+00
0.000000e+00 -1.542149e+00 4.356000e-01 2.768051e-01 1.453332e-01 -2.719607e-01 -1.761586e-01
0.000000e+00 2.742182e-03 1.415863e+00 -1.492294e+00 1.453332e-01 1.237544e+00 1.242307e+00
0.000000e+00 -1.155926e+00 1.185213e+00 2.768051e-01 4.941050e-01 4.567658e-01 6.704275e-01
0.000000e+00 -3.834806e-01 -8.336272e-02 -9.025945e-01 -5.522104e-01 -1.158051e-01 -2.778247e-01
0.000000e+00 7.751877e-01 1.242875e+00 -3.128947e-01 -5.522104e-01 1.341648e+00 1.409180e+00
0.000000e+00 2.742182e-03 8.969003e-01 -9.025945e-01 1.191649e+00 7.690771e-01 8.213082e-01
0.000000e+00 3.889649e-01 1.704176e+00 -9.025945e-01 4.941050e-01 1.549856e+00 1.690219e+00
0.000000e+00 -1.155926e+00 -1.582588e+00 -9.025945e-01 1.540420e+00 -1.833518e+00 -1.889373e+00
0.000000e+00 -7.697033e-01 4.932626e-01 -9.025945e-01 1.453332e-01 2.485582e-01 1.236737e-01
0.000000e+00 7.751877e-01 -1.351938e+00 8.665048e-01 -1.598526e+00 -1.000687e+00 -9.538552e-01
0.000000e+00 -1.155926e+00 3.202750e-01 -1.492294e+00 4.941050e-01 -3.240126e-01 -1.979646e-01
0.000000e+00 3.889649e-01 -8.336272e-02 -3.128947e-01 1.453332e-01 4.035063e-02 6.386611e-02
0.000000e+00 2.742182e-03 1.415863e+00 -3.128947e-01 -5.522104e-01 1.237544e+00 1.271492e+00
0.000000e+00 -1.542149e+00 3.779375e-01 1.456205e+00 8.428768e-01 -1.158051e-01 -1.590954e-01
0.000000e+00 -3.834806e-01 1.069888e+00 -9.025945e-01 4.941050e-01 7.690771e-01 8.114587e-01
0.000000e+00 -1.155926e+00 1.588851e+00 -3.128947e-01 8.428768e-01 9.772847e-01 1.026371e+00
0.000000e+00 -3.834806e-01 3.202750e-01 2.768051e-01 1.191649e+00 2.485582e-01 1.933171e-01
0.000000e+00 -1.542149e+00 -4.293379e-01 -3.128947e-01 -1.598526e+00 -1.208895e+00 -1.045975e+00
0.000000e+00 -1.155926e+00 8.392377e-01 -9.025945e-01 -9.009822e-01 1.965063e-01 2.624224e-01
0.000000e+00 1.161410e+00 -8.329756e-01 -3.128947e-01 -1.249754e+00 -3.760645e-01 -3.685948e-01
0.000000e+00 3.889649e-01 1.012225e+00 -1.492294e+00 -9.009822e-01 9.772847e-01 9.894070e-01
0.000000e+00 -1.155926e+00 3.196234e-02 -9.025945e-01 -1.249754e+00 -4.801683e-01 -4.888527e-01
0.000000e+00 3.889649e-01 2.049499e-01 8.665048e-01 1.453332e-01 4.047139e-01 3.781256e-01
0.000000e+00 1.547633e+00 1.127550e+00 -1.492294e+00 1.191649e+00 1.653959e+00 1.601227e+00
0.000000e+00 7.751877e-01 -1.697914e+00 -3.128947e-01 -1.249754e+00 -1.365050e+00 -1.310845e+00
0.000000e+00 1.547633e+00 -7.176505e-01 8.665048e-01 -5.522104e-01 -2.199088e-01 -4.448581e-02
0.000000e+00 2.742182e-03 1.588851e+00 1.456205e+00 -2.034386e-01 1.341648e+00 1.514883e+00
0.000000e+00 7.751877e-01 5.509251e-01 -1.492294e+00 -2.034386e-01 7.690771e-01 7.345879e-01
0.000000e+00 7.751877e-01 7.239127e-01 1.456205e+00 -1.598526e+00 1.029337e+00 9.765542e-01
0.000000e+00 -7.697033e-01 1.473526e+00 2.768051e-01 1.453332e-01 1.029337e+00 1.073138e+00
0.000000e+00 7.751877e-01 1.473526e+00 -1.492294e+00 -2.034386e-01 1.549856e+00 1.581527e+00
0.000000e+00 -1.542149e+00 -8.906381e-01 8.665048e-01 1.453332e-01 -1.417102e+00 -1.368839e+00
0.000000e+00 1.547633e+00 1.012225e+00 1.456205e+00 -5.522104e-01 1.497804e+00 1.568321e+00
0.000000e+00 3.889649e-01 1.069888e+00 2.768051e-01 1.453332e-01 1.081388e+00 1.147336e+00
0.000000e+00 2.742182e-03 -7.753131e-01 1.456205e+00 1.191649e+00 -6.363240e-01 -6.145880e-01
0.000000e+00 7.751877e-01 7.815752e-01 -3.128947e-01 -1.598526e+00 9.252328e-01 9.551016e-01
0.000000e+00 2.742182e-03 -1.178951e+00 -9.025945e-01 1.453332e-01 -1.156843e+00 -1.114915e+00
0.000000e+00 2.742182e-03 -6.023255e-01 1.456205e+00 -1.598526e+00 -5.322202e-01 -5.374108e-01
0.000000e+00 7.751877e-01 -1.409601e+00 -3.128947e-01 4.941050e-01 -8.965834e-01 -9.951617e-01
0.000000e+00 7.751877e-01 -1.294276e+00 -9.025945e-01 -5.522104e-01 -8.445316e-01 -9.446987e-01
0.000000e+00 -7.697033e-01 8.392377e-01 -9.025945e-01 1.453332e-01 6.129215e-01 4.412761e-01
0.000000e+00 -7.697033e-01 2.049499e-01 8.665048e-01 4.941050e-01 -1.158051e-01 -5.640559e-02
0.000000e+00 -7.697033e-01 8.962487e-02 2.768051e-01 -2.034386e-01 -2.719607e-01 -2.074744e-01
0.000000e+00 3.889649e-01 1.185213e+00 2.768051e-01 1.191649e+00 1.289596e+00 1.283812e+00
0.000000e+00 3.889649e-01 1.358200e+00 -1.492294e+00 8.428768e-01 1.289596e+00 1.358024e+00
0.000000e+00 -7.697033e-01 6.662501e-01 -3.128947e-01 -9.009822e-01 2.485582e-01 2.766613e-01
0.000000e+00 -7.697033e-01 -1.524926e+00 8.665048e-01 -1.598526e+00 -1.677362e+00 -1.705635e+00
0.000000e+00 1.161410e+00 7.815752e-01 1.456205e+00 1.540420e+00 1.289596e+00 1.269560e+00
0.000000e+00 1.161410e+00 1.127550e+00 -3.128947e-01 8.428768e-01 1.445752e+00 1.492370e+00
0.000000e+00 7.751877e-01 4.932626e-01 1.456205e+00 -5.522104e-01 8.731809e-01 7.954283e-01
0.000000e+00 -3.834806e-01 -6.023255e-01 1.456205e+00 4.941050e-01 -4.801683e-01 -6.244375e-01
0.000000e+00 -3.834806e-01 -3.716754e-01 1.456205e+00 -5.522104e-01 -5.322202e-01 -4.433116e-01
0.000000e+00 -7.697033e-01 -3.716754e-01 -1.492294e+00 4.941050e-01 -6.883759e-01 -6.849245e-01
0.000000e+00 2.742182e-03 1.415863e+00 -1.492294e+00 -1.598526e+00 1.185492e+00 1.191292e+00
0.000000e+00 -7.697033e-01 -2.563503e-01 8.665048e-01 -1.598526e+00 -6.363240e-01 -5.410933e-01
0.000000e+00 1.161410e+00 -3.140128e-01 -1.492294e+00 -1.249754e+00 -1.170127e-02 5.821782e-02
0.000000e+00 7.751877e-01 3.202750e-01 8.665048e-01 -2.034386e-01 6.129215e-01 6.220347e-01
0.000000e+00 -7.697033e-01 -1.351938e+00 -1.492294e+00 1.540420e+00 -1.417102e+00 -1.554189e+00
0.000000e+00 1.547633e+00 -1.178951e+00 2.768051e-01 1.453332e-01 -3.760645e-01 -4.723450e-01
0.000000e+00 2.742182e-03 1.588851e+00 8.665048e-01 -1.249754e+00 1.341648e+00 1.459478e+00
0.000000e+00 1.547633e+00 9.545628e-01 2.768051e-01 -1.598526e+00 1.497804e+00 1.435188e+00
0.000000e+00 7.751877e-01 -1.063626e+00 2.768051e-01 1.191649e+00 -7.404278e-01 -6.323580e-01
0.000000e+00 7.751877e-01 -1.697914e+00 8.665048e-01 4.941050e-01 -1.260947e+00 -1.210239e+00
0.000000e+00 3.889649e-01 1.242875e+00 -3.128947e-01 8.428768e-01 1.445752e+00 1.301748e+00
0.000000e+00 -1.155926e+00 1.127550e+00 -9.025945e-01 1.453332e-01 7.690771e-01 5.576999e-01
0.000000e+00 1.547633e+00 -3.140128e-01 -1.492294e+00 1.191649e+00 9.240252e-02 2.778835e-01
0.000000e+00 3.889649e-01 -8.329756e-01 1.456205e+00 8.428768e-01 -5.322202e-01 -5.294800e-01
0.000000e+00 1.161410e+00 -1.467263e+00 -1.492294e+00 -5.522104e-01 -9.486353e-01 -9.800506e-01
0.000000e+00 -1.542149e+00 -6.599880e-01 1.456205e+00 -2.034386e-01 -1.156843e+00 -1.142511e+00
0.000000e+00 2.742182e-03 -1.524926e+00 -3.128947e-01 -1.249754e+00 -1.417102e+00 -1.448534e+00
0.000000e+00 -1.542149e+00 -1.409601e+00 -9.025945e-01 -1.598526e+00 -2.041725e+00 -1.970643e+00
0.000000e+00 1.161410e+00 -2.563503e-01 -3.128947e-01 1.453332e-01 2.485582e-01 2.015544e-01
0.000000e+00 1.161410e+00 1.069888e+00 -9.025945e-01 -9.009822e-01 1.341648e+00 1.363626e+00
0.000000e+00 -1.542149e+00 4.932626e-01 8.665048e-01 -5.522104e-01 -6.375316e-02 -1.188354e-01
0.000000e+00 1.547633e+00 1.473526e+00 8.665048e-01 -1.598526e+00 2.018323e+00 1.936387e+00
0.000000e+00 -1.155926e+00 1.415863e+00 1.456205e+00 1.453332e-01 9.772847e-01 9.215502e-01
0.000000e+00 1.547633e+00 4.932626e-01 2.768051e-01 8.428768e-01 1.081388e+00 1.083139e+00
0.000000e+00 -1.542149e+00 -1.236613e+00 2.768051e-01 1.540420e+00 -1.885569e+00 -1.670424e+00
0.000000e+00 1.547633e+00 8.392377e-01 1.456205e+00 -5.522104e-01 1.445752e+00 1.409520e+00
0.000000e+00 -3.834806e-01 1.242875e+00 8.665048e-01 1.540420e+00 9.252328e-01 1.075255e+00
0.000000e+00 1.547633e+00 -9.483006e-01 1.456205e+00 8.428768e-01 -1.678569e-01 -1.906133e-01
0.000000e+00 7.751877e-01 1.012225e+00 2.768051e-01 1.540420e+00 1.341648e+00 1.283459e+00
0.000000e+00 3.889649e-01 1.415863e+00 1.456205e+00 -9.009822e-01 1.497804e+00 1.483920e+00
0.000000e+00 2.742182e-03 -1.236613e+00 8.665048e-01 4.941050e-01 -1.052739e+00 -1.083259e+00
0.000000e+00 1.547633e+00 -8.906381e-01 -3.128947e-01 -9.009822e-01 -1.158051e-01 -2.630808e-01
0.000000e+00 -1.155926e+00 3.779375e-01 -1.492294e+00 1.453332e-01 -1.170127e-02 -1.552338e-01
0.000000e+00 -1.155926e+00 1.127550e+00 8.665048e-01 -5.522104e-01 5.608696e-01 6.116802e-01
0.000000e+00 1.547633e+00 1.300538e+00 1.456205e+00 1.453332e-01 1.653959e+00 1.853396e+00
0.000000e+00 -7.697033e-01 -6.023255e-01 8.665048e-01 4.941050e-01 -6.363240e-01 -7.974777e-01
0.000000e+00 1.161410e+00 -1.294276e+00 8.665048e-01 8.428768e-01 -8.445316e-01 -6.812557e-01
0.000000e+00 1.547633e+00 8.962487e-02 2.768051e-01 1.453332e-01 6.649733e-01 6.921968e-01
0.000000e+00 1.161410e+00 9.545628e-01 1.456205e+00 -5.522104e-01 1.341648e+00 1.367143e+00
0.000000e+00 -3.834806e-01 -5.446629e-01 2.768051e-01 1.191649e+00 -5.322202e-01 -6.006887e-01
0.000000e+00 -1.542149e+00 1.531188e+00 1.456205e+00 4.941050e-01 1.029337e+00 8.893760e-01
0.000000e+00 -3.834806e-01 6.085876e-01 2.768051e-01 1.191649e+00 4.567658e-01 4.579857e-01
0.000000e+00 1.547633e+00 -6.599880e-01 2.768051e-01 -9.009822e-01 -6.375316e-02 -2.655051e-02
0.000000e+00 -1.155926e+00 -8.336272e-02 -3.128947e-01 -2.034386e-01 -5.322202e-01 -5.393158e-01
0.000000e+00 -7.697033e-01 1.588851e+00 8.665048e-01 -1.598526e+00 1.029337e+00 1.152786e+00
0.000000e+00 1.161410e+00 3.196234e-02 -3.128947e-01 8.428768e-01 4.567658e-01 4.866290e-01
0.000000e+00 3.889649e-01 1.358200e+00 2.768051e-01 -1.598526e+00 1.341648e+00 1.360990e+00
0.000000e+00 1.161410e+00 -1.409601e+00 -3.128947e-01 -1.598526e+00 -8.445316e-01 -9.081350e-01
0.000000e+00 7.751877e-01 -1.524926e+00 8.665048e-01 4.941050e-01 -8.965834e-01 -1.051438e+00
0.000000e+00 2.742182e-03 7.239127e-01 8.665048e-01 8.428768e-01 8.731809e-01 7.266903e-01
0.000000e+00 1.547633e+00 -8.336272e-02 2.768051e-01 -9.009822e-01 6.129215e-01 5.027867e-01
0.000000e+00 -3.834806e-01 6.662501e-01 8.665048e-01 -1.249754e+00 5.608696e-01 4.642939e-01
0.000000e+00 3.889649e-01 -1.582588e+00 -3.128947e-01 4.941050e-01 -1.208895e+00 -1.302208e+00
0.000000e+00 -1.155926e+00 -1.697914e+00 -9.025945e-01 1.540420e+00 -1.989673e+00 -1.995240e+00
0.000000e+00 -1.155926e+00 7.815752e-01 8.665048e-01 -2.034386e-01 1.965063e-01 3.042809e-01
0.000000e+00 -1.155926e+00 1.415863e+00 -3.128947e-01 -1.598526e+00 7.690771e-01 7.961490e-01
0.000000e+00 7.751877e-01 -8.906381e-01 -3.128947e-01 -1.249754e+00 -7.404278e-01 -5.697732e-01
0.000000e+00 -1.155926e+00 9.545628e-01 -3.128947e-01 -9.009822e-01 3.526620e-01 3.930852e-01
0.000000e+00 -1.155926e+00 -5.446629e-01 8.665048e-01 1.453332e-01 -8.965834e-01 -9.029917e-01
0.000000e+00 1.547633e+00 8.969003e-01 -9.025945e-01 -1.598526e+00 1.341648e+00 1.332663e+00
0.000000e+00 7.751877e-01 1.588851e+00 2.768051e-01 8.428768e-01 1.706011e+00 1.792390e+00
0.000000e+00 -7.697033e-01 3.196234e-02 2.768051e-01 -1.249754e+00 -4.801683e-01 -2.910172e-01
0.000000e+00 -7.697033e-01 -1.351938e+00 8.665048e-01 -2.034386e-01 -1.573258e+00 -1.506022e+00
0.000000e+00 7.751877e-01 -7.753131e-01 8.665048e-01 8.428768e-01 -3.760645e-01 -3.530970e-01
0.000000e+00 2.742182e-03 1.473526e+00 -1.492294e+00 -2.034386e-01 1.341648e+00 1.285038e+00
0.000000e+00 3.889649e-01 -6.599880e-01 1.456205e+00 8.428768e-01 -3.240126e-01 -3.706788e-01
0.000000e+00 1.161410e+00 4.932626e-01 -9.025945e-01 1.453332e-01 8.731809e-01 8.648973e-01
0.000000e+00 1.547633e+00 1.704176e+00 -3.128947e-01 4.941050e-01 2.122426e+00 2.159749e+00
0.000000e+00 -1.542149e+00 -1.582588e+00 1.456205e+00 8.428768e-01 -1.989673e+00 -1.958842e+00
0.000000e+00 -7.697033e-01 -2.570019e-02 -3.128947e-01 -9.009822e-01 -3.760645e-01 -3.585433e-01
0.000000e+00 7.751877e-01 2.626125e-01 1.456205e+00 -2.034386e-01 7.170252e-01 5.938964e-01
0.000000e+00 3.889649e-01 1.588851e+00 2.768051e-01 1.540420e+00 1.549856e+00 1.664551e+00
0.000000e+00 7.751877e-01 1.531188e+00 1.456205e+00 4.941050e-01 1.549856e+00 1.778844e+00
0.000000e+00 1.161410e+00 -8.336272e-02 8.665048e-01 1.191649e+00 4.567658e-01 4.405554e-01
0.000000e+00 3.889649e-01 1.127550e+00 -9.025945e-01 1.453332e-01 1.237544e+00 1.150679e+00
0.000000e+00 -7.697033e-01 1.242875e+00 2.768051e-01 1.540420e+00 9.772847e-01 9.022149e-01
0.000000e+00 -1.155926e+00 1.358200e+00 1.456205e+00 -1.598526e+00 7.170252e-01 8.176015e-01
0.000000e+00 7.751877e-01 -9.483006e-01 -9.025945e-01 8.428768e-01 -5.842721e-01 -5.862844e-01
0.000000e+00 -1.542149e+00 2.626125e-01 8.665048e-01 1.453332e-01 -2.719607e-01 -3.101643e-01
0.000000e+00 -7.697033e-01 -1.410252e-01 -3.128947e-01 -1.598526e+00 -3.760645e-01 -4.848167e-01
0.000000e+00 -3.834806e-01 1.588851e+00 -1.492294e+00 -5.522104e-01 1.133440e+00 1.232458e+00
0.000000e+00 -1.542149e+00 -2.570019e-02 -9.025945e-01 1.453332e-01 -4.801683e-01 -6.492192e-01
0.000000e+00 2.742182e-03 -2.563503e-01 -3.128947e-01 1.540420e+00 -2.199088e-01 -2.023678e-01
0.000000e+00 -7.697033e-01 -1.351938e+00 -9.025945e-01 -1.598526e+00 -1.677362e+00 -1.621220e+00
0.000000e+00 -1.155926e+00 4.932626e-01 -9.025945e-01 1.540420e+00 4.035063e-02 1.624101e-02
0.000000e+00 -7.697033e-01 3.196234e-02 -9.025945e-01 -2.034386e-01 -4.281164e-01 -3.099990e-01
0.000000e+00 1.161410e+00 -1.467263e+00 8.665048e-01 -9.009822e-01 -6.883759e-01 -8.910719e-01
0.000000e+00 3.889649e-01 2.626125e-01 2.768051e-01 4.941050e-01 4.567658e-01 4.164669e-01
0.000000e+00 7.751877e-01 1.127550e+00 -9.025945e-01 8.428768e-01 1.289596e+00 1.319330e+00
0.000000e+00 3.889649e-01 9.545628e-01 8.665048e-01 -9.009822e-01 9.252328e-01 1.035655e+00
0.000000e+00 3.889649e-01 1.242875e+00 -1.492294e+00 1.540420e+00 1.289596e+00 1.272563e+00
0.000000e+00 -7.697033e-01 -9.483006e-01 2.768051e-01 -9.009822e-01 -1.104791e+00 -1.180687e+00
0.000000e+00 1.161410e+00 3.202750e-01 8.665048e-01 -9.009822e-01 7.170252e-01 7.498734e-01
0.000000e+00 7.751877e-01 -1.986878e-01 -1.492294e+00 1.453332e-01 -6.375316e-02 5.665254e-02
0.000000e+00 7.751877e-01 -3.716754e-01 2.768051e-01 1.453332e-01 4.035063e-02 -2.776235e-02
0.000000e+00 3.889649e-01 5.509251e-01 8.665048e-01 -9.009822e-01 5.608696e-01 6.651189e-01
0.000000e+00 2.742182e-03 -8.336272e-02 -1.492294e+00 1.453332e-01 -1.158051e-01 -1.339695e-01
0.000000e+00 1.161410e+00 1.300538e+00 8.665048e-01 1.191649e+00 1.758063e+00 1.710965e+00
0.000000e+00 2.742182e-03 8.392377e-01 -1.492294e+00 8.428768e-01 7.690771e-01 7.333761e-01
0.000000e+00 1.547633e+00 -4.870004e-01 -9.025945e-01 4.941050e-01 1.965063e-01 1.234718e-01
0.000000e+00 1.547633e+00 -1.294276e+00 -9.025945e-01 4.941050e-01 -7.404278e-01 -6.176003e-01
0.000000e+00 -1.542149e+00 -8.906381e-01 2.768051e-01 8.428768e-01 -1.417102e+00 -1.373228e+00
0.000000e+00 3.889649e-01 1.069888e+00 -1.492294e+00 4.941050e-01 1.029337e+00 1.083153e+00
0.000000e+00 7.751877e-01 -1.467263e+00 -9.025945e-01 -9.009822e-01 -1.104791e+00 -1.113703e+00
0.000000e+00 -7.697033e-01 1.242875e+00 2.768051e-01 8.428768e-01 6.649733e-01 8.818089e-01
0.000000e+00 7.751877e-01 -1.524926e+00 -3.128947e-01 8.428768e-01 -1.208895e+00 -1.090826e+00
0.000000e+00 7.751877e-01 -1.121288e+00 -9.025945e-01 -1.598526e+00 -5.842721e-01 -8.165065e-01
0.000000e+00 -1.155926e+00 -7.176505e-01 -9.025945e-01 1.540420e+00 -1.052739e+00 -1.095367e+00
0.000000e+00 7.751877e-01 6.662501e-01 1.456205e+00 -2.034386e-01 9.772847e-01 9.644325e-01
0.000000e+00 -1.542149e+00 1.069888e+00 8.665048e-01 -2.034386e-01 4.567658e-01 4.207048e-01
0.000000e+00 2.742182e-03 -2.570019e-02 -3.128947e-01 -1.598526e+00 9.240252e-02 -8.245987e-02
0.000000e+00 1.547633e+00 -8.906381e-01 -1.492294e+00 1.453332e-01 -4.801683e-01 -2.820627e-01
0.000000e+00 7.751877e-01 -1.409601e+00 2.768051e-01 1.453332e-01 -1.000687e+00 -9.805693e-01
0.000000e+00 7.751877e-01 1.415863e+00 -3.128947e-01 -5.522104e-01 1.549856e+00 1.567982e+00
0.000000e+00 -1.155926e+00 1.300538e+00 -1.492294e+00 1.453332e-01 8.211290e-01 6.917057e-01
0.000000e+00 1.161410e+00 -8.329756e-01 -9.025945e-01 1.453332e-01 -3.240126e-01 -3.525782e-01
0.000000e+00 -7.697033e-01 9.545628e-01 1.456205e+00 -1.598526e+00 8.211290e-01 5.953102e-01
0.000000e+00 1.161410e+00 5.509251e-01 2.768051e-01 -2.034386e-01 1.081388e+00 9.572189e-01
0.000000e+00 -7.697033e-01 -1.236613e+00 2.768051e-01 -1.249754e+00 -1.521206e+00 -1.455559e+00
0.000000e+00 7.751877e-01 7.239127e-01 -3.128947e-01 4.941050e-01 9.772847e-01 9.633859e-01
0.000000e+00 -1.155926e+00 1.646513e+00 8.665048e-01 1.191649e+00 1.185492e+00 1.139099e+00
0.000000e+00 -3.834806e-01 2.049499e-01 -1.492294e+00 1.191649e+00 1.965063e-01 1.306342e-02
0.000000e+00 3.889649e-01 -1.986878e-01 1.456205e+00 1.191649e+00 -1.170127e-02 6.299394e-02
0.000000e+00 1.547633e+00 -1.005963e+00 1.456205e+00 4.941050e-01 -2.199088e-01 -2.537500e-01
0.000000e+00 2.742182e-03 3.202750e-01 -3.128947e-01 4.941050e-01 9.240252e-02 2.963604e-01
0.000000e+00 1.547633e+00 -1.986878e-01 8.665048e-01 -1.598526e+00 4.047139e-01 4.013087e-01
0.000000e+00 2.742182e-03 -1.236613e+00 8.665048e-01 1.453332e-01 -9.486353e-01 -1.093462e+00
0.000000e+00 1.161410e+00 -1.467263e+00 8.665048e-01 -2.034386e-01 -7.404278e-01 -8.706659e-01
0.000000e+00 -1.542149e+00 1.185213e+00 2.768051e-01 8.428768e-01 6.129215e-01 5.323858e-01
0.000000e+00 7.751877e-01 -4.870004e-01 -1.492294e+00 8.428768e-01 4.035063e-02 -1.876101e-01
0.000000e+00 -3.834806e-01 3.196234e-02 -1.492294e+00 -5.522104e-01 -2.199088e-01 -1.967527e-01
0.000000e+00 2.742182e-03 -1.582588e+00 -3.128947e-01 -1.598526e+00 -1.521206e+00 -1.511670e+00
0.000000e+00 3.889649e-01 -2.570019e-02 -9.025945e-01 1.453332e-01 4.035063e-02 9.200441e-02
0.000000e+00 2.742182e-03 -5.446629e-01 -3.128947e-01 1.540420e+00 -3.760645e-01 -4.670364e-01
0.000000e+00 -1.542149e+00 2.626125e-01 -1.492294e+00 -1.598526e+00 -1.678569e-01 -4.603610e-01
0.000000e+00 1.547633e+00 -1.409601e+00 2.768051e-01 -2.034386e-01 -6.883759e-01 -6.942829e-01
0.000000e+00 -1.155926e+00 -1.410252e-01 -3.128947e-01 -2.034386e-01 -7.404278e-01 -5.922495e-01
0.000000e+00 1.547633e+00 8.962487e-02 -9.025945e-01 -9.009822e-01 4.567658e-01 6.119970e-01
0.000000e+00 -1.155926e+00 6.662501e-01 1.456205e+00 -2.034386e-01 9.240252e-02 2.232089e-01
0.000000e+00 1.547633e+00 3.779375e-01 -3.128947e-01 1.453332e-01 8.731809e-01 9.320700e-01
0.000000e+00 3.889649e-01 -3.140128e-01 8.665048e-01 -2.034386e-01 -1.678569e-01 -1.084809e-01
0.000000e+00 1.547633e+00 8.962487e-02 -9.025945e-01 -1.598526e+00 6.129215e-01 5.915910e-01
0.000000e+00 3.889649e-01 2.626125e-01 8.665048e-01 4.941050e-01 3.006101e-01 4.412623e-01
0.000000e+00 3.889649e-01 -4.870004e-01 2.768051e-01 -9.009822e-01 -2.199088e-01 -3.124835e-01
0.000000e+00 -1.155926e+00 -3.716754e-01 -1.492294e+00 4.941050e-01 -6.883759e-01 -8.331692e-01
0.000000e+00 1.161410e+00 4.932626e-01 -3.128947e-01 -2.034386e-01 8.211290e-01 8.794897e-01
0.000000e+00 -7.697033e-01 1.358200e+00 -3.128947e-01 -9.009822e-01 9.772847e-01 9.118660e-01
0.000000e+00 7.751877e-01 -2.570019e-02 8.665048e-01 1.453332e-01 3.526620e-01 3.146354e-01
0.000000e+00 2.742182e-03 1.127550e+00 8.665048e-01 -1.598526e+00 1.081388e+00 1.025805e+00
0.000000e+00 -7.697033e-01 8.962487e-02 -1.492294e+00 1.453332e-01 -2.719607e-01 -2.716577e-01
0.000000e+00 -1.542149e+00 3.196234e-02 -3.128947e-01 -5.522104e-01 -6.883759e-01 -5.918960e-01
0.000000e+00 1.161410e+00 -4.293379e-01 -1.492294e+00 -5.522104e-01 -1.170127e-02 -2.724362e-02
0.000000e+00 -7.697033e-01 5.509251e-01 8.665048e-01 -2.034386e-01 2.485582e-01 2.407907e-01
0.000000e+00 -1.155926e+00 1.472874e-01 1.456205e+00 1.191649e+00 -1.678569e-01 -2.123826e-01
0.000000e+00 -1.542149e+00 -3.140128e-01 8.665048e-01 -1.598526e+00 -1.000687e+00 -8.905165e-01
0.000000e+00 -3.834806e-01 3.202750e-01 -9.025945e-01 -9.009822e-01 -1.158051e-01 8.250830e-02
0.000000e+00 1.161410e+00 -3.716754e-01 8.665048e-01 -5.522104e-01 -6.375316e-02 1.248718e-01
0.000000e+00 -7.697033e-01 3.196234e-02 8.665048e-01 -1.249754e+00 -4.281164e-01 -2.662217e-01
0.000000e+00 -1.542149e+00 1.588851e+00 1.456205e+00 1.191649e+00 7.690771e-01 9.627157e-01
0.000000e+00 -3.834806e-01 4.932626e-01 -1.492294e+00 4.941050e-01 3.526620e-01 2.573260e-01
0.000000e+00 1.547633e+00 8.969003e-01 -9.025945e-01 -1.598526e+00 1.393700e+00 1.332663e+00
0.000000e+00 -1.542149e+00 -1.005963e+00 -9.025945e-01 1.191649e+00 -1.521206e+00 -1.518483e+00
0.000000e+00 -1.155926e+00 -1.178951e+00 -3.128947e-01 1.453332e-01 -1.573258e+00 -1.534853e+00
0.000000e+00 1.547633e+00 -4.293379e-01 1.456205e+00 -1.249754e+00 -1.170127e-02 2.245722e-01
0.000000e+00 -1.155926e+00 -7.176505e-01 2.768051e-01 -1.598526e+00 -1.104791e+00 -1.137603e+00
0.000000e+00 -7.697033e-01 8.962487e-02 -3.128947e-01 1.453332e-01 -2.199088e-01 -2.220669e-01
0.000000e+00 7.751877e-01 1.472874e-01 -3.128947e-01 4.941050e-01 4.047139e-01 4.340487e-01
0.000000e+00 -7.697033e-01 3.202750e-01 -3.128947e-01 1.540420e+00 -6.375316e-02 3.047999e-02
0.000000e+00 1.547633e+00 -1.410252e-01 -9.025945e-01 1.453332e-01 3.526620e-01 4.308711e-01
0.000000e+00 3.889649e-01 -8.329756e-01 -1.492294e+00 4.941050e-01 -6.363240e-01 -6.636601e-01
0.000000e+00 -7.697033e-01 -8.329756e-01 8.665048e-01 1.453332e-01 -1.104791e+00 -1.019416e+00
0.000000e+00 1.547633e+00 -7.176505e-01 -9.025945e-01 8.428768e-01 4.035063e-02 -7.806009e-02
0.000000e+00 -1.542149e+00 -1.294276e+00 8.665048e-01 -1.249754e+00 -1.625310e+00 -1.780187e+00
0.000000e+00 -7.697033e-01 6.662501e-01 8.665048e-01 1.191649e+00 5.088177e-01 3.874702e-01
0.000000e+00 -1.542149e+00 -8.329756e-01 2.768051e-01 1.191649e+00 -1.260947e+00 -1.310091e+00
0.000000e+00 -1.155926e+00 1.415863e+00 -3.128947e-01 1.191649e+00 8.731809e-01 8.777730e-01
0.000000e+00 1.161410e+00 1.473526e+00 2.768051e-01 4.941050e-01 1.810115e+00 1.824564e+00
0.000000e+00 7.751877e-01 -1.121288e+00 -3.128947e-01 1.191649e+00 -6.363240e-01 -7.100871e-01
0.000000e+00 -1.155926e+00 -1.409601e+00 -9.025945e-01 -1.598526e+00 -1.677362e+00 -1.822399e+00
0.000000e+00 -1.155926e+00 -1.697914e+00 8.665048e-01 -9.009822e-01 -1.937621e+00 -1.992275e+00
0.000000e+00 1.547633e+00 -1.063626e+00 2.768051e-01 -1.249754e+00 -5.842721e-01 -4.072895e-01
0.000000e+00 3.889649e-01 1.531188e+00 1.456205e+00 -1.598526e+00 1.497804e+00 1.569382e+00
0.000000e+00 2.742182e-03 4.356000e-01 -9.025945e-01 -2.034386e-01 3.526620e-01 3.570265e-01
0.000000e+00 3.889649e-01 -1.410252e-01 -9.025945e-01 -1.598526e+00 4.035063e-02 -6.487802e-02
0.000000e+00 1.547633e+00 8.392377e-01 1.456205e+00 -9.009822e-01 1.653959e+00 1.399317e+00
0.000000e+00 7.751877e-01 1.588851e+00 -3.128947e-01 1.453332e-01 1.758063e+00 1.747189e+00
0.000000e+00 1.547633e+00 -7.753131e-01 8.665048e-01 1.453332e-01 -1.170127e-02 -7.701353e-02
0.000000e+00 -3.834806e-01 -1.697914e+00 -3.128947e-01 -9.009822e-01 -1.937621e+00 -1.745376e+00
0.000000e+00 -1.155926e+00 8.962487e-02 -3.128947e-01 -5.522104e-01 -4.801683e-01 -3.907176e-01
0.000000e+00 1.161410e+00 -1.294276e+00 -9.025945e-01 4.941050e-01 -6.883759e-01 -7.658450e-01
0.000000e+00 -3.834806e-01 1.358200e+00 -3.128947e-01 1.453332e-01 8.731809e-01 1.090720e+00
0.000000e+00 1.547633e+00 5.509251e-01 -1.492294e+00 -1.249754e+00 1.029337e+00 1.000468e+00
0.000000e+00 -3.834806e-01 1.473526e+00 1.456205e+00 1.191649e+00 1.237544e+00 1.301582e+00
0.000000e+00 1.161410e+00 7.239127e-01 1.456205e+00 1.453332e-01 1.185492e+00 1.175814e+00
0.000000e+00 1.547633e+00 8.969003e-01 8.665048e-01 -1.249754e+00 1.341648e+00 1.417252e+00
0.000000e+00 1.547633e+00 -3.716754e-01 1.456205e+00 4.941050e-01 4.047139e-01 3.285209e-01
0.000000e+00 -3.834806e-01 -1.178951e+00 -3.128947e-01 1.540420e+00 -1.052739e+00 -1.197552e+00
0.000000e+00 -1.542149e+00 9.545628e-01 -3.128947e-01 1.540420e+00 4.047139e-01 3.162615e-01
0.000000e+00 -7.697033e-01 4.932626e-01 2.768051e-01 -5.522104e-01 1.965063e-01 1.528586e-01
0.000000e+00 1.547633e+00 4.932626e-01 8.665048e-01 -1.598526e+00 1.081388e+00 1.036513e+00
0.000000e+00 -3.834806e-01 -1.178951e+00 8.665048e-01 1.540420e+00 -1.156843e+00 -1.147961e+00
0.000000e+00 2.742182e-03 3.202750e-01 1.456205e+00 1.191649e+00 3.526620e-01 3.911527e-01
0.000000e+00 7.751877e-01 -3.140128e-01 -3.128947e-01 1.540420e+00 1.444544e-01 4.118794e-02
0.000000e+00 2.742182e-03 1.704176e+00 -1.492294e+00 8.428768e-01 1.393700e+00 1.527382e+00
0.000000e+00 -3.834806e-01 1.127550e+00 2.768051e-01 -2.034386e-01 9.252328e-01 8.935772e-01
0.000000e+00 -1.155926e+00 1.646513e+00 -1.492294e+00 -9.009822e-01 1.029337e+00 9.786990e-01
0.000000e+00 -1.155926e+00 1.531188e+00 -3.128947e-01 -5.522104e-01 8.211290e-01 9.326254e-01
0.000000e+00 -3.834806e-01 -1.178951e+00 8.665048e-01 -9.009822e-01 -1.312999e+00 -1.219382e+00
0.000000e+00 1.547633e+00 -6.599880e-01 8.665048e-01 1.540420e+00 1.444544e-01 6.966590e-02
0.000000e+00 1.161410e+00 8.969003e-01 -1.492294e+00 8.428768e-01 1.289596e+00 1.231044e+00
0.000000e+00 -7.697033e-01 8.392377e-01 -9.025945e-01 -2.034386e-01 5.088177e-01 4.310731e-01
0.000000e+00 1.547633e+00 -8.906381e-01 -3.128947e-01 8.428768e-01 -2.199088e-01 -2.120658e-01
0.000000e+00 2.742182e-03 -8.329756e-01 8.665048e-01 -1.598526e+00 -5.842721e-01 -7.739411e-01
0.000000e+00 -7.697033e-01 -1.640251e+00 1.456205e+00 1.191649e+00 -1.677362e+00 -1.705083e+00
0.000000e+00 2.742182e-03 -8.336272e-02 -9.025945e-01 1.540420e+00 4.035063e-02 -6.836204e-02
0.000000e+00 -3.834806e-01 -1.524926e+00 8.665048e-01 -9.009822e-01 -1.573258e+00 -1.536984e+00
0.000000e+00 1.161410e+00 1.300538e+00 1.456205e+00 -1.598526e+00 1.758063e+00 1.654136e+00
0.000000e+00 2.742182e-03 1.127550e+00 8.665048e-01 -9.009822e-01 1.029337e+00 1.046211e+00
0.000000e+00 1.161410e+00 -8.336272e-02 -9.025945e-01 -1.249754e+00 2.485582e-01 2.947481e-01
0.000000e+00 1.547633e+00 3.196234e-02 -1.492294e+00 4.941050e-01 4.567658e-01 5.750798e-01
0.000000e+00 -3.834806e-01 -7.753131e-01 -3.128947e-01 1.540420e+00 -7.924797e-01 -8.270160e-01
0.000000e+00 7.751877e-01 -1.178951e+00 -9.025945e-01 -5.522104e-01 -9.486353e-01 -8.388313e-01
0.000000e+00 -1.155926e+00 -1.986878e-01 -9.025945e-01 4.941050e-01 -6.883759e-01 -6.495726e-01
0.000000e+00 3.889649e-01 1.300538e+00 8.665048e-01 -9.009822e-01 1.185492e+00 1.353257e+00
0.000000e+00 1.161410e+00 6.085876e-01 1.456205e+00 1.453332e-01 8.731809e-01 1.069946e+00
0.000000e+00 7.751877e-01 -8.906381e-01 -9.025945e-01 4.941050e-01 -5.842721e-01 -5.435537e-01
0.000000e+00 7.751877e-01 1.704176e+00 -3.128947e-01 4.941050e-01 1.758063e+00 1.863259e+00
0.000000e+00 1.161410e+00 7.815752e-01 -1.492294e+00 -2.034386e-01 1.133440e+00 1.094567e+00
0.000000e+00 7.751877e-01 3.196234e-02 1.456205e+00 1.453332e-01 3.526620e-01 3.923645e-01
0.000000e+00 2.742182e-03 -5.446629e-01 -1.492294e+00 -9.009822e-01 -4.801683e-01 -5.880482e-01
0.000000e+00 7.751877e-01 1.704176e+00 -1.492294e+00 -5.522104e-01 2.018323e+00 1.783059e+00
0.000000e+00 -7.697033e-01 1.646513e+00 -3.128947e-01 1.453332e-01 1.289596e+00 1.207144e+00
0.000000e+00 2.742182e-03 1.588851e+00 8.665048e-01 -9.009822e-01 1.445752e+00 1.469681e+00
0.000000e+00 7.751877e-01 6.085876e-01 1.456205e+00 4.941050e-01 9.772847e-01 9.319047e-01
0.000000e+00 1.547633e+00 8.969003e-01 1.456205e+00 -9.009822e-01 1.549856e+00 1.452251e+00
0.000000e+00 -1.155926e+00 8.392377e-01 -3.128947e-01 1.191649e+00 3.006101e-01 3.484358e-01
0.000000e+00 -3.834806e-01 1.704176e+00 1.456205e+00 -5.522104e-01 1.549856e+00 1.462302e+00
0.000000e+00 7.751877e-01 -2.563503e-01 -9.025945e-01 -1.249754e+00 1.444544e-01 -1.229775e-02
0.000000e+00 -1.542149e+00 4.356000e-01 2.768051e-01 1.453332e-01 -1.678569e-01 -1.761586e-01
0.000000e+00 -1.155926e+00 1.185213e+00 2.768051e-01 1.191649e+00 7.170252e-01 6.908335e-01
0.000000e+00 1.547633e+00 3.202750e-01 2.768051e-01 1.540420e+00 1.185492e+00 9.447437e-01
0.000000e+00 7.751877e-01 1.242875e+00 -1.492294e+00 1.540420e+00 1.393700e+00 1.420808e+00
0.000000e+00 7.751877e-01 -7.753131e-01 1.456205e+00 -1.249754e+00 -4.281164e-01 -3.895195e-01
0.000000e+00 3.889649e-01 1.185213e+00 -3.128947e-01 -5.522104e-01 1.237544e+00 1.208002e+00
0.000000e+00 -7.697033e-01 -1.582588e+00 1.456205e+00 -2.034386e-01 -1.781466e+00 -1.692961e+00
0.000000e+00 -7.697033e-01 -9.483006e-01 -3.128947e-01 1.191649e+00 -1.156843e+00 -1.144265e+00
0.000000e+00 -1.155926e+00 1.069888e+00 1.456205e+00 4.941050e-01 5.088177e-01 6.141509e-01
0.000000e+00 3.889649e-01 -1.005963e+00 -1.492294e+00 -2.034386e-01 -1.052739e+00 -8.428673e-01
0.000000e+00 -3.834806e-01 6.085876e-01 -9.025945e-01 1.453332e-01 4.047139e-01 3.777859e-01
0.000000e+00 2.742182e-03 -1.986878e-01 2.768051e-01 1.191649e+00 -2.719607e-01 -1.348416e-01
0.000000e+00 -7.697033e-01 -1.697914e+00 2.768051e-01 -5.522104e-01 -1.937621e+00 -1.858623e+00
0.000000e+00 3.889649e-01 1.531188e+00 1.456205e+00 -1.249754e+00 1.706011e+00 1.579585e+00
0.000000e+00 -7.697033e-01 -7.753131e-01 -1.492294e+00 -2.034386e-01 -1.052739e+00 -1.075867e+00
0.000000e+00 1.161410e+00 1.012225e+00 2.768051e-01 4.941050e-01 1.393700e+00 1.401095e+00
0.000000e+00 1.547633e+00 1.127550e+00 1.456205e+00 -5.522104e-01 1.653959e+00 1.674189e+00
0.000000e+00 -3.834806e-01 2.049499e-01 8.665048e-01 -1.598526e+00 1.965063e-01 3.062114e-02
0.000000e+00 1.547633e+00 -9.483006e-01 1.456205e+00 8.428768e-01 4.035063e-02 -1.906133e-01
0.000000e+00 7.751877e-01 1.358200e+00 -3.128947e-01 -2.034386e-01 1.601907e+00 1.525251e+00
0.000000e+00 -7.697033e-01 1.415863e+00 2.768051e-01 1.540420e+00 7.690771e-01 1.061016e+00
0.000000e+00 7.751877e-01 1.646513e+00 2.768051e-01 -1.249754e+00 1.810115e+00 1.784106e+00
0.000000e+00 -1.542149e+00 -7.753131e-01 8.665048e-01 -9.009822e-01 -1.417102e+00 -1.293580e+00
0.000000e+00 -7.697033e-01 -1.582588e+00 -9.025945e-01 1.540420e+00 -1.781466e+00 -1.741128e+00
0.000000e+00 3.889649e-01 2.049499e-01 1.456205e+00 1.540420e+00 4.567658e-01 4.437330e-01
0.000000e+00 -3.834806e-01 5.509251e-01 -9.025945e-01 -2.034386e-01 3.006101e-01 3.146492e-01
0.000000e+00 7.751877e-01 -3.140128e-01 1.456205e+00 -5.522104e-01 -6.375316e-02 5.435623e-02
0.000000e+00 -7.697033e-01 -1.640251e+00 8.665048e-01 1.191649e+00 -1.833518e+00 -1.729879e+00
0.000000e+00 -1.542149e+00 2.049499e-01 -9.025945e-01 1.191649e+00 -3.240126e-01 -4.068753e-01
0.000000e+00 1.547633e+00 -2.563503e-01 -1.492294e+00 8.428768e-01 5.088177e-01 3.206142e-01
0.000000e+00 3.889649e-01 3.196234e-02 8.665048e-01 -1.249754e+00 3.006101e-01 1.785124e-01
0.000000e+00 1.161410e+00 -1.236613e+00 1.456205e+00 -2.034386e-01 -7.924797e-01 -6.341356e-01
0.000000e+00 -7.697033e-01 -2.570019e-02 -3.128947e-01 8.428768e-01 -3.240126e-01 -3.075283e-01
0.000000e+00 1.161410e+00 -6.023255e-01 -3.128947e-01 8.428768e-01 -1.678569e-01 -9.564194e-02
0.000000e+00 -1.155926e+00 -5.446629e-01 -3.128947e-01 4.941050e-01 -8.965834e-01 -9.423795e-01
0.000000e+00 -3.834806e-01 -8.336272e-02 1.456205e+00 -5.522104e-01 -2.199088e-01 -1.786430e-01
0.000000e+00 -7.697033e-01 1.646513e+00 2.768051e-01 -9.009822e-01 1.081388e+00 1.201330e+00
0.000000e+00 -1.542149e+00 -3.140128e-01 8.665048e-01 8.428768e-01 -6.883759e-01 -8.190955e-01
0.000000e+00 7.751877e-01 4.356000e-01 8.665048e-01 8.428768e-01 6.649733e-01 7.585112e-01
0.000000e+00 -1.155926e+00 1.588851e+00 -9.025945e-01 1.540420e+00 1.133440e+00 1.021982e+00
0.000000e+00 -3.834806e-01 7.815752e-01 8.665048e-01 -2.034386e-01 5.088177e-01 6.007703e-01
0.000000e+00 1.547633e+00 -3.140128e-01 8.665048e-01 -9.009822e-01 4.047139e-01 3.158472e-01
0.000000e+00 3.889649e-01 -1.236613e+00 -9.025945e-01 -2.034386e-01 -1.052739e+00 -1.029807e+00
0.000000e+00 1.161410e+00 4.932626e-01 8.665048e-01 -5.522104e-01 8.211290e-01 9.188776e-01
0.000000e+00 -1.155926e+00 7.815752e-01 8.665048e-01 8.428768e-01 4.567658e-01 3.348899e-01
0.000000e+00 7.751877e-01 -2.563503e-01 -1.492294e+00 -1.249754e+00 -1.158051e-01 -3.709317e-02
0.000000e+00 3.889649e-01 1.531188e+00 1.456205e+00 8.428768e-01 1.653959e+00 1.640803e+00
0.000000e+00 1.547633e+00 3.779375e-01 -9.025945e-01 1.540420e+00 8.211290e-01 9.480866e-01
0.000000e+00 7.751877e-01 -8.329756e-01 -1.492294e+00 1.453332e-01 -6.363240e-01 -5.256184e-01
0.000000e+00 -1.542149e+00 3.779375e-01 2.768051e-01 -5.522104e-01 -6.375316e-02 -2.494983e-01
0.000000e+00 1.161410e+00 -1.063626e+00 -9.025945e-01 -9.009822e-01 -5.842721e-01 -5.949221e-01
0.000000e+00 -7.697033e-01 -3.716754e-01 1.456205e+00 1.540420e+00 -5.322202e-01 -5.303384e-01
0.000000e+00 -1.155926e+00 -2.563503e-01 8.665048e-01 -2.034386e-01 -6.883759e-01 -6.485261e-01
0.000000e+00 -7.697033e-01 -6.023255e-01 8.665048e-01 1.453332e-01 -8.965834e-01 -8.076807e-01
0.000000e+00 3.889649e-01 -1.236613e+00 -1.492294e+00 -1.598526e+00 -1.000687e+00 -1.095414e+00
0.000000e+00 -7.697033e-01 -4.293379e-01 -1.492294e+00 -1.598526e+00 -6.363240e-01 -7.990762e-01
0.000000e+00 2.742182e-03 4.932626e-01 2.768051e-01 1.540420e+00 6.129215e-01 5.105660e-01
0.000000e+00 3.889649e-01 -8.336272e-02 2.768051e-01 -9.009822e-01 1.444544e-01 5.805254e-02
0.000000e+00 1.161410e+00 3.196234e-02 1.456205e+00 -1.249754e+00 4.567658e-01 4.997973e-01
0.000000e+00 7.751877e-01 -6.599880e-01 8.665048e-01 -1.598526e+00 -2.199088e-01 -3.186505e-01
0.000000e+00 1.161410e+00 -6.023255e-01 -3.128947e-01 8.428768e-01 9.240252e-02 -9.564194e-02
0.000000e+00 -7.697033e-01 -4.293379e-01 2.768051e-01 -1.598526e+00 -7.924797e-01 -7.246899e-01
0.000000e+00 -3.834806e-01 7.239127e-01 8.665048e-01 1.540420e+00 6.649733e-01 5.988516e-01
0.000000e+00 3.889649e-01 -1.986878e-01 2.768051e-01 8.428768e-01 1.444544e-01 3.200090e-03
0.000000e+00 7.751877e-01 -2.570019e-02 -9.025945e-01 -2.034386e-01 4.047139e-01 2.300461e-01
0.000000e+00 1.547633e+00 -5.446629e-01 -1.492294e+00 -5.522104e-01 4.035063e-02 1.513365e-02
0.000000e+00 -1.542149e+00 7.815752e-01 8.665048e-01 8.428768e-01 2.485582e-01 1.866452e-01
0.000000e+00 1.161410e+00 2.626125e-01 2.768051e-01 8.428768e-01 6.649733e-01 7.231593e-01
0.000000e+00 1.161410e+00 1.069888e+00 -1.492294e+00 8.428768e-01 1.393700e+00 1.389845e+00
0.000000e+00 3.889649e-01 -1.351938e+00 -3.128947e-01 -9.009822e-01 -1.156843e+00 -1.131285e+00
0.000000e+00 -3.834806e-01 -4.870004e-01 2.768051e-01 8.428768e-01 -4.281164e-01 -5.579579e-01
0.000000e+00 -7.697033e-01 -1.178951e+00 8.665048e-01 -1.598526e+00 -1.208895e+00 -1.388033e+00
0.000000e+00 -7.697033e-01 -4.293379e-01 -9.025945e-01 -5.522104e-01 -8.445316e-01 -7.436718e-01
0.000000e+00 3.889649e-01 -8.906381e-01 -1.492294e+00 -2.034386e-01 -7.404278e-01 -7.369998e-01
0.000000e+00 1.161410e+00 -2.570019e-02 -1.492294e+00 1.453332e-01 3.006101e-01 3.636984e-01
0.000000e+00 7.751877e-01 2.049499e-01 -9.025945e-01 -2.034386e-01 4.047139e-01 4.417810e-01
0.000000e+00 -1.542149e+00 -1.005963e+00 8.665048e-01 -2.034386e-01 -1.469154e+00 -1.484909e+00
0.000000e+00 3.889649e-01 1.704176e+00 1.456205e+00 -2.034386e-01 1.706011e+00 1.768995e+00
0.000000e+00 7.751877e-01 -1.524926e+00 -3.128947e-01 1.191649e+00 -1.052739e+00 -1.080623e+00
0.000000e+00 7.751877e-01 -7.176505e-01 1.456205e+00 1.540420e+00 -3.760645e-01 -2.549618e-01
0.000000e+00 1.547633e+00 1.473526e+00 -9.025945e-01 1.540420e+00 2.070374e+00 1.953827e+00
0.000000e+00 2.742182e-03 -4.293379e-01 -3.128947e-01 -9.009822e-01 -3.760645e-01 -4.325899e-01
0.000000e+00 -1.542149e+00 1.472874e-01 8.665048e-01 -1.249754e+00 -5.322202e-01 -4.568437e-01
0.000000e+00 -1.155926e+00 2.049499e-01 2.768051e-01 1.540420e+00 -3.240126e-01 -1.988367e-01
0.000000e+00 -3.834806e-01 2.049499e-01 2.768051e-01 -1.249754e+00 9.240252e-02 1.602872e-02
0.000000e+00 2.742182e-03 3.202750e-01 1.456205e+00 8.428768e-01 3.006101e-01 3.809497e-01
0.000000e+00 1.547633e+00 2.626125e-01 8.665048e-01 -2.034386e-01 1.029337e+00 8.655904e-01
0.000000e+00 -1.542149e+00 -7.753131e-01 -3.128947e-01 -2.034386e-01 -1.521206e+00 -1.322765e+00
0.000000e+00 -7.697033e-01 -1.410252e-01 1.456205e+00 1.453332e-01 -4.281164e-01 -3.594155e-01
0.000000e+00 2.742182e-03 -9.483006e-01 -9.025945e-01 1.191649e+00 -9.486353e-01 -8.725708e-01
0.000000e+00 -7.697033e-01 2.049499e-01 1.456205e+00 4.941050e-01 -1.170127e-02 -3.161017e-02
0.000000e+00 -3.834806e-01 1.012225e+00 8.665048e-01 -2.034386e-01 9.252328e-01 8.125052e-01
0.000000e+00 -7.697033e-01 -1.121288e+00 8.665048e-01 -2.034386e-01 -1.312999e+00 -1.294287e+00
0.000000e+00 -3.834806e-01 1.531188e+00 2.768051e-01 1.540420e+00 1.289596e+00 1.315128e+00
0.000000e+00 -1.542149e+00 -1.005963e+00 -9.025945e-01 1.191649e+00 -1.625310e+00 -1.518483e+00
0.000000e+00 1.161410e+00 1.472874e-01 2.768051e-01 1.191649e+00 5.608696e-01 6.274948e-01
0.000000e+00 -3.834806e-01 1.531188e+00 -3.128947e-01 -1.249754e+00 1.133440e+00 1.208709e+00
0.000000e+00 7.751877e-01 1.415863e+00 -3.128947e-01 4.941050e-01 1.601907e+00 1.598591e+00
0.000000e+00 -1.155926e+00 -1.640251e+00 -1.492294e+00 1.540420e+00 -2.197881e+00 -1.967102e+00
0.000000e+00 -1.155926e+00 2.049499e-01 8.665048e-01 -1.598526e+00 -1.678569e-01 -2.658683e-01
0.000000e+00 3.889649e-01 1.300538e+00 -9.025945e-01 -5.522104e-01 1.289596e+00 1.289074e+00
0.000000e+00 -1.155926e+00 -8.336272e-02 -9.025945e-01 -1.249754e+00 -5.842721e-01 -5.947202e-01
0.000000e+00 3.889649e-01 3.779375e-01 2.768051e-01 1.540420e+00 6.649733e-01 5.529433e-01
0.000000e+00 -1.155926e+00 -1.524926e+00 1.456205e+00 1.191649e+00 -1.677362e+00 -1.747460e+00
0.000000e+00 -3.834806e-01 -1.063626e+00 1.456205e+00 1.453332e-01 -1.000687e+00 -1.058110e+00
0.000000e+00 7.751877e-01 -2.563503e-01 2.768051e-01 -5.522104e-01 1.444544e-01 5.769910e-02
0.000000e+00 1.161410e+00 1.588851e+00 1.456205e+00 -9.009822e-01 1.862167e+00 1.939211e+00
0.000000e+00 -7.697033e-01 -1.410252e-01 -9.025945e-01 -5.522104e-01 -3.760645e-01 -4.790032e-01
0.000000e+00 1.547633e+00 -1.582588e+00 2.768051e-01 -1.249754e+00 -7.924797e-01 -8.836930e-01
0.000000e+00 -1.155926e+00 -6.023255e-01 1.456205e+00 -2.034386e-01 -1.156843e+00 -9.413330e-01
0.000000e+00 1.161410e+00 -1.178951e+00 -1.492294e+00 1.191649e+00 -4.801683e-01 -6.643670e-01
0.000000e+00 1.161410e+00 1.242875e+00 8.665048e-01 1.453332e-01 1.653959e+00 1.627422e+00
0.000000e+00 -3.834806e-01 -7.176505e-01 -1.492294e+00 -1.249754e+00 -8.445316e-01 -9.052971e-01
0.000000e+00 -1.542149e+00 1.300538e+00 1.456205e+00 1.453332e-01 7.690771e-01 6.674381e-01
0.000000e+00 -1.542149e+00 1.300538e+00 -3.128947e-01 1.191649e+00 6.129215e-01 6.236608e-01
0.000000e+00 -1.155926e+00 1.300538e+00 -9.025945e-01 -5.522104e-01 6.649733e-01 6.960951e-01
0.000000e+00 1.547633e+00 -1.986878e-01 -1.492294e+00 -1.598526e+00 3.006101e-01 3.021270e-01
0.000000e+00 -1.155926e+00 3.196234e-02 -1.492294e+00 -1.249754e+00 -2.199088e-01 -5.136482e-01
0.000000e+00 -1.155926e+00 -1.986878e-01 2.768051e-01 -2.034386e-01 -6.363240e-01 -6.203878e-01
0.000000e+00 3.889649e-01 6.662501e-01 2.768051e-01 1.540420e+00 7.690771e-01 8.176119e-01
0.000000e+00 7.751877e-01 -1.697914e+00 2.768051e-01 4.941050e-01 -1.104791e+00 -1.235035e+00
0.000000e+00 7.751877e-01 -1.409601e+00 1.456205e+00 8.428768e-01 -1.156843e+00 -9.105725e-01
0.000000e+00 1.547633e+00 -1.121288e+00 -3.128947e-01 -9.009822e-01 -4.801683e-01 -4.748157e-01
0.000000e+00 3.889649e-01 2.049499e-01 -1.492294e+00 1.191649e+00 2.485582e-01 3.095529e-01
0.000000e+00 1.161410e+00 4.932626e-01 8.665048e-01 -1.249754e+00 9.252328e-01 8.984716e-01
0.000000e+00 3.889649e-01 -6.023255e-01 2.768051e-01 -5.522104e-01 -4.281164e-01 -4.081479e-01
0.000000e+00 -1.155926e+00 1.300538e+00 -3.128947e-01 -5.522104e-01 6.129215e-01 7.208905e-01
0.000000e+00 -1.542149e+00 -5.446629e-01 1.456205e+00 1.453332e-01 -9.486353e-01 -1.026441e+00
0.000000e+00 2.742182e-03 -5.446629e-01 -3.128947e-01 1.540420e+00 -5.842721e-01 -4.670364e-01
0.000000e+00 1.547633e+00 -7.176505e-01 2.768051e-01 1.453332e-01 -1.170127e-02 -4.887524e-02
0.000000e+00 1.161410e+00 -5.446629e-01 -9.025945e-01 -9.009822e-01 -1.678569e-01 -1.185186e-01
0.000000e+00 -3.834806e-01 -6.599880e-01 -1.492294e+00 1.191649e+00 -6.883759e-01 -7.809424e-01
0.000000e+00 2.742182e-03 -1.524926e+00 2.768051e-01 -2.034386e-01 -1.417102e+00 -1.393129e+00
0.000000e+00 2.742182e-03 -1.005963e+00 8.665048e-01 -1.249754e+00 -1.260947e+00 -9.225393e-01
0.000000e+00 3.889649e-01 -7.176505e-01 -1.492294e+00 1.453332e-01 -6.883759e-01 -5.679957e-01
0.000000e+00 -7.697033e-01 1.242875e+00 -3.128947e-01 -9.009822e-01 8.211290e-01 8.059985e-01
0.000000e+00 2.742182e-03 -8.336272e-02 8.665048e-01 8.428768e-01 -6.375316e-02 -1.438176e-02
0.000000e+00 -1.155926e+00 -3.140128e-01 -1.492294e+00 -9.009822e-01 -6.883759e-01 -8.210475e-01
0.000000e+00 -1.542149e+00 1.473526e+00 8.665048e-01 -2.034386e-01 6.649733e-01 7.912408e-01
0.000000e+00 -1.542149e+00 -1.005963e+00 -3.128947e-01 -5.522104e-01 -1.469154e+00 -1.544703e+00
0.000000e+00 7.751877e-01 -1.986878e-01 2.768051e-01 -5.522104e-01 1.965063e-01 1.106328e-01
0.000000e+00 -1.155926e+00 1.704176e+00 8.665048e-01 -1.249754e+00 1.133440e+00 1.120611e+00
0.000000e+00 -3.834806e-01 -6.599880e-01 2.768051e-01 8.428768e-01 -6.363240e-01 -7.167591e-01
0.000000e+00 2.742182e-03 1.069888e+00 -3.128947e-01 -9.009822e-01 9.252328e-01 9.436868e-01
0.000000e+00 7.751877e-01 -1.697914e+00 -3.128947e-01 -5.522104e-01 -1.260947e+00 -1.290439e+00
0.000000e+00 -1.155926e+00 4.356000e-01 8.665048e-01 1.453332e-01 -1.170127e-02 -3.118423e-03
0.000000e+00 3.889649e-01 -6.599880e-01 8.665048e-01 1.191649e+00 -3.240126e-01 -3.852712e-01
0.000000e+00 -1.542149e+00 1.242875e+00 -3.128947e-01 -5.522104e-01 5.088177e-01 5.197121e-01
0.000000e+00 7.751877e-01 -1.697914e+00 8.665048e-01 -9.009822e-01 -1.312999e+00 -1.251051e+00
0.000000e+00 1.547633e+00 5.509251e-01 8.665048e-01 -2.034386e-01 1.029337e+00 1.130259e+00
0.000000e+00 2.742182e-03 -7.753131e-01 8.665048e-01 1.191649e+00 -6.363240e-01 -6.393834e-01
0.000000e+00 2.742182e-03 -5.446629e-01 1.456205e+00 -1.598526e+00 -3.240126e-01 -4.844771e-01
0.000000e+00 -3.834806e-01 -4.870004e-01 8.665048e-01 -2.034386e-01 -5.842721e-01 -5.637715e-01
0.000000e+00 -7.697033e-01 -8.906381e-01 -1.492294e+00 -5.522104e-01 -1.052739e+00 -1.191937e+00
0.000000e+00 1.547633e+00 1.127550e+00 -3.128947e-01 -2.034386e-01 1.706011e+00 1.610005e+00
0.000000e+00 2.742182e-03 4.932626e-01 -3.128947e-01 4.941050e-01 5.088177e-01 4.551616e-01
0.000000e+00 1.161410e+00 1.012225e+00 -9.025945e-01 4.941050e-01 1.393700e+00 1.351504e+00
0.000000e+00 1.547633e+00 4.932626e-01 2.768051e-01 4.941050e-01 1.081388e+00 1.072936e+00
0.000000e+00 2.742182e-03 8.962487e-02 -9.025945e-01 -1.598526e+00 -6.375316e-02 -1.387856e-03
0.000000e+00 1.547633e+00 1.069888e+00 8.665048e-01 1.191649e+00 1.810115e+00 1.647475e+00
0.000000e+00 -1.155926e+00 -1.524926e+00 8.665048e-01 4.941050e-01 -1.677362e+00 -1.792662e+00
0.000000e+00 1.547633e+00 7.815752e-01 -1.492294e+00 -5.522104e-01 1.237544e+00 1.232609e+00
0.000000e+00 -3.834806e-01 8.392377e-01 -1.492294e+00 -5.522104e-01 5.088177e-01 5.443194e-01
0.000000e+00 3.889649e-01 8.962487e-02 -1.492294e+00 -1.249754e+00 1.965063e-01 1.322644e-01
0.000000e+00 3.889649e-01 -1.524926e+00 -1.492294e+00 1.453332e-01 -1.417102e+00 -1.309068e+00
0.000000e+00 3.889649e-01 1.300538e+00 -1.492294e+00 1.540420e+00 1.237544e+00 1.325497e+00
0.000000e+00 -1.155926e+00 -1.697914e+00 -1.492294e+00 -9.009822e-01 -2.301985e+00 -2.091457e+00
0.000000e+00 7.751877e-01 1.472874e-01 -1.492294e+00 -1.598526e+00 3.006101e-01 3.232399e-01
0.000000e+00 3.889649e-01 -1.351938e+00 -1.492294e+00 -2.034386e-01 -1.000687e+00 -1.160470e+00
0.000000e+00 -1.542149e+00 -1.236613e+00 1.456205e+00 1.453332e-01 -1.729414e+00 -1.661646e+00
0.000000e+00 -1.155926e+00 -1.697914e+00 -1.492294e+00 -2.034386e-01 -1.833518e+00 -2.071051e+00
0.000000e+00 7.751877e-01 -8.329756e-01 -3.128947e-01 -2.034386e-01 -5.322202e-01 -4.862305e-01
0.000000e+00 -1.542149e+00 -7.176505e-01 -1.492294e+00 1.540420e+00 -1.208895e+00 -1.268407e+00
0.000000e+00 -1.542149e+00 1.358200e+00 2.768051e-01 8.428768e-01 6.649733e-01 6.911870e-01
0.000000e+00 -1.542149e+00 9.545628e-01 -1.492294e+00 1.540420e+00 -1.170127e-02 2.666706e-01
0.000000e+00 1.161410e+00 -1.409601e+00 1.456205e+00 -1.598526e+00 -8.965834e-01 -8.337487e-01
0.000000e+00 -3.834806e-01 -1.640251e+00 8.665048e-01 8.428768e-01 -1.677362e+00 -1.591837e+00
0.000000e+00 -3.834806e-01 -1.236613e+00 1.456205e+00 4.941050e-01 -1.156843e+00 -1.206708e+00
0.000000e+00 -1.155926e+00 -1.524926e+00 1.456205e+00 -1.598526e+00 -1.729414e+00 -1.829084e+00
0.000000e+00 -1.542149e+00 8.392377e-01 8.665048e-01 1.191649e+00 2.485582e-01 2.497819e-01
0.000000e+00 1.547633e+00 -4.293379e-01 -1.492294e+00 -5.522104e-01 1.444544e-01 1.210011e-01
0.000000e+00 7.751877e-01 1.358200e+00 -1.492294e+00 4.941050e-01 1.497804e+00 1.496066e+00
0.000000e+00 -3.834806e-01 7.239127e-01 8.665048e-01 -9.009822e-01 6.129215e-01 5.274306e-01
0.000000e+00 3.889649e-01 8.392377e-01 2.768051e-01 8.428768e-01 1.237544e+00 9.560071e-01
0.000000e+00 -1.155926e+00 7.239127e-01 -9.025945e-01 -5.522104e-01 3.006101e-01 1.667579e-01
0.000000e+00 7.751877e-01 1.185213e+00 -3.128947e-01 -1.249754e+00 1.289596e+00 1.335841e+00
0.000000e+00 -1.155926e+00 -1.294276e+00 8.665048e-01 -1.249754e+00 -1.469154e+00 -1.631942e+00
0.000000e+00 1.161410e+00 4.932626e-01 -1.492294e+00 8.428768e-01 8.731809e-01 8.605079e-01
0.000000e+00 1.161410e+00 -3.140128e-01 -3.128947e-01 8.428768e-01 3.006101e-01 1.690267e-01
0.000000e+00 -1.542149e+00 -8.329756e-01 -1.492294e+00 -1.598526e+00 -1.573258e+00 -1.466102e+00
0.000000e+00 1.161410e+00 2.626125e-01 -9.025945e-01 1.453332e-01 6.129215e-01 6.531624e-01
0.000000e+00 -1.155926e+00 -7.753131e-01 -9.025945e-01 1.191649e+00 -1.156843e+00 -1.158504e+00
0.000000e+00 3.889649e-01 -7.176505e-01 8.665048e-01 1.191649e+00 -4.801683e-01 -4.382050e-01
0.000000e+00 -1.542149e+00 1.704176e+00 -3.128947e-01 -1.249754e+00 9.252328e-01 9.227759e-01
0.000000e+00 2.742182e-03 -1.986878e-01 1.456205e+00 8.428768e-01 -6.375316e-02 -9.545378e-02
0.000000e+00 7.751877e-01 -8.906381e-01 -3.128947e-01 8.428768e-01 -5.842721e-01 -5.085553e-01
0.000000e+00 -1.542149e+00 1.704176e+00 1.456205e+00 -5.522104e-01 9.772847e-01 1.017568e+00
0.000000e+00 -1.155926e+00 -7.753131e-01 -9.025945e-01 -5.522104e-01 -1.260947e+00 -1.209519e+00
0.000000e+00 7.751877e-01 7.239127e-01 -1.492294e+00 -2.034386e-01 9.252328e-01 8.933891e-01
0.000000e+00 3.889649e-01 -1.467263e+00 1.456205e+00 1.540420e+00 -1.104791e+00 -1.091345e+00
0.000000e+00 -7.697033e-01 -8.329756e-01 1.456205e+00 4.941050e-01 -1.000687e+00 -9.844171e-01
0.000000e+00 -1.155926e+00 -8.906381e-01 8.665048e-01 -1.598526e+00 -1.469154e+00 -1.271609e+00
0.000000e+00 -3.834806e-01 6.662501e-01 2.768051e-01 1.191649e+00 5.608696e-01 5.109195e-01
0.000000e+00 -7.697033e-01 8.969003e-01 -9.025945e-01 -9.009822e-01 5.608696e-01 4.636008e-01
0.000000e+00 7.751877e-01 2.049499e-01 1.456205e+00 -5.522104e-01 4.567658e-01 5.307597e-01
0.000000e+00 1.161410e+00 1.012225e+00 -9.025945e-01 4.941050e-01 1.393700e+00 1.351504e+00
0.000000e+00 -1.155926e+00 -6.599880e-01 8.665048e-01 -2.034386e-01 -1.104791e+00 -1.019062e+00
0.000000e+00 7.751877e-01 -1.294276e+00 -1.492294e+00 -2.034386e-01 -8.965834e-01 -9.592911e-01
0.000000e+00 1.161410e+00 9.545628e-01 -3.128947e-01 -1.598526e+00 1.237544e+00 1.262148e+00
0.000000e+00 3.889649e-01 -1.178951e+00 -9.025945e-01 -1.249754e+00 -1.052739e+00 -1.007482e+00
0.000000e+00 3.889649e-01 -1.467263e+00 8.665048e-01 -2.034386e-01 -1.156843e+00 -1.167155e+00
0.000000e+00 -1.542149e+00 1.242875e+00 8.665048e-01 -1.249754e+00 5.088177e-01 5.488970e-01
0.000000e+00 -3.834806e-01 1.012225e+00 8.665048e-01 -1.598526e+00 7.170252e-01 7.716932e-01
0.000000e+00 -1.542149e+00 1.300538e+00 -3.128947e-01 1.540420e+00 5.608696e-01 6.338638e-01
0.000000e+00 -3.834806e-01 -2.563503e-01 -9.025945e-01 -9.009822e-01 -5.322202e-01 -4.468289e-01
0.000000e+00 -1.155926e+00 -4.870004e-01 1.456205e+00 -1.598526e+00 -9.486353e-01 -8.762775e-01
0.000000e+00 2.742182e-03 7.815752e-01 8.665048e-01 1.540420e+00 8.211290e-01 8.000300e-01
0.000000e+00 1.547633e+00 -4.293379e-01 -3.128947e-01 8.428768e-01 1.965063e-01 2.114039e-01
0.000000e+00 -7.697033e-01 -1.005963e+00 -1.492294e+00 8.428768e-01 -1.208895e+00 -1.256992e+00
0.000000e+00 1.161410e+00 -1.236613e+00 2.768051e-01 8.428768e-01 -7.924797e-01 -6.531174e-01
0.000000e+00 -7.697033e-01 1.069888e+00 -9.025945e-01 4.941050e-01 9.252328e-01 6.632139e-01
0.000000e+00 3.889649e-01 -6.023255e-01 -3.128947e-01 4.941050e-01 -3.760645e-01 -4.023344e-01
0.000000e+00 -3.834806e-01 -1.410252e-01 2.768051e-01 -1.249754e+00 -1.678569e-01 -3.015736e-01
0.000000e+00 1.161410e+00 7.815752e-01 2.768051e-01 1.191649e+00 1.237544e+00 1.209766e+00
0.000000e+00 3.889649e-01 1.531188e+00 -3.128947e-01 4.941050e-01 1.549856e+00 1.556213e+00
0.000000e+00 1.161410e+00 3.779375e-01 1.456205e+00 -2.034386e-01 8.731809e-01 8.480086e-01
0.000000e+00 -1.542149e+00 -3.716754e-01 1.456205e+00 -5.522104e-01 -8.445316e-01 -8.880458e-01
0.000000e+00 3.889649e-01 7.815752e-01 -3.128947e-01 8.428768e-01 8.731809e-01 8.782779e-01
0.000000e+00 -1.542149e+00 1.472874e-01 -3.128947e-01 -2.034386e-01 -2.199088e-01 -4.758256e-01
0.000000e+00 -1.542149e+00 -6.023255e-01 8.665048e-01 1.453332e-01 -1.000687e+00 -1.104170e+00
0.000000e+00 1.161410e+00 1.704176e+00 -1.492294e+00 -5.522104e-01 1.758063e+00 1.931304e+00
0.000000e+00 7.751877e-01 1.012225e+00 1.456205e+00 -1.249754e+00 1.393700e+00 1.251426e+00
0.000000e+00 -7.697033e-01 -2.570019e-02 8.665048e-01 4.941050e-01 -2.199088e-01 -2.681405e-01
0.000000e+00 3.889649e-01 7.815752e-01 2.768051e-01 -1.249754e+00 1.029337e+00 8.418553e-01
0.000000e+00 1.547633e+00 -1.236613e+00 2.768051e-01 4.941050e-01 -5.842721e-01 -5.150757e-01
0.000000e+00 7.751877e-01 8.392377e-01 2.768051e-01 4.941050e-01 8.731809e-01 1.094049e+00
0.000000e+00 -7.697033e-01 1.069888e+00 -3.128947e-01 -1.598526e+00 5.608696e-01 6.267914e-01
0.000000e+00 3.889649e-01 -7.753131e-01 -9.025945e-01 1.540420e+00 -7.404278e-01 -5.553220e-01
0.000000e+00 -3.834806e-01 3.202750e-01 8.665048e-01 1.540420e+00 1.965063e-01 2.283156e-01
0.000000e+00 -7.697033e-01 -9.483006e-01 -9.025945e-01 -9.009822e-01 -1.260947e+00 -1.230278e+00
0.000000e+00 1.547633e+00 -6.599880e-01 -1.492294e+00 -9.009822e-01 -6.375316e-02 -1.009368e-01
0.000000e+00 -1.155926e+00 -1.351938e+00 -1.492294e+00 1.453332e-01 -1.677362e+00 -1.743245e+00
0.000000e+00 -1.542149e+00 1.646513e+00 8.665048e-01 -9.009822e-01 1.029337e+00 9.296360e-01
0.000000e+00 -1.155926e+00 -1.582588e+00 2.768051e-01 1.191649e+00 -1.781466e+00 -1.849985e+00
0.000000e+00 7.751877e-01 1.472874e-01 1.456205e+00 -2.034386e-01 7.170252e-01 4.880290e-01
0.000000e+00 -1.542149e+00 7.815752e-01 -1.492294e+00 1.453332e-01 4.035063e-02 6.705748e-02
0.000000e+00 3.889649e-01 8.962487e-02 -9.025945e-01 1.453332e-01 2.485582e-01 1.978718e-01
0.000000e+00 7.751877e-01 9.545628e-01 -9.025945e-01 8.428768e-01 1.237544e+00 1.160528e+00
0.000000e+00 1.547633e+00 -1.121288e+00 1.456205e+00 1.540420e+00 -4.281164e-01 -3.290084e-01
0.000000e+00 1.161410e+00 6.662501e-01 -3.128947e-01 -9.009822e-01 8.731809e-01 1.017885e+00
0.000000e+00 3.889649e-01 -1.640251e+00 2.768051e-01 1.191649e+00 -1.260947e+00 -1.309940e+00
0.000000e+00 -7.697033e-01 -2.563503e-01 -3.128947e-01 4.941050e-01 -5.322202e-01 -5.294662e-01
0.000000e+00 1.161410e+00 -1.524926e+00 8.665048e-01 1.453332e-01 -7.924797e-01 -9.133966e-01
0.000000e+00 7.751877e-01 -7.753131e-01 -1.492294e+00 -1.598526e+00 -4.801683e-01 -5.236997e-01
0.000000e+00 -7.697033e-01 -7.753131e-01 1.456205e+00 -5.522104e-01 -8.965834e-01 -9.620924e-01
0.000000e+00 1.547633e+00 -1.410252e-01 1.456205e+00 -2.034386e-01 4.567658e-01 5.198498e-01
0.000000e+00 -1.155926e+00 -2.570019e-02 1.456205e+00 -1.249754e+00 -4.801683e-01 -4.426047e-01
0.000000e+00 -7.697033e-01 5.509251e-01 -3.128947e-01 -1.598526e+00 1.444544e-01 1.503879e-01
0.000000e+00 -1.155926e+00 -4.293379e-01 -3.128947e-01 -1.249754e+00 -9.486353e-01 -8.875271e-01
0.000000e+00 -1.542149e+00 8.969003e-01 8.665048e-01 8.428768e-01 3.526620e-01 2.925126e-01
0.000000e+00 -3.834806e-01 -3.716754e-01 -9.025945e-01 1.540420e+00 -3.240126e-01 -4.812754e-01
0.000000e+00 2.742182e-03 -8.336272e-02 -9.025945e-01 1.453332e-01 -1.158051e-01 -1.091740e-01
0.000000e+00 3.889649e-01 -1.524926e+00 8.665048e-01 1.540420e+00 -1.312999e+00 -1.169074e+00
0.000000e+00 2.742182e-03 4.356000e-01 1.456205e+00 -1.249754e+00 1.965063e-01 4.255992e-01
0.000000e+00 -1.542149e+00 -8.336272e-02 -9.025945e-01 1.191649e+00 -7.924797e-01 -6.715439e-01
0.000000e+00 -7.697033e-01 -6.599880e-01 8.665048e-01 8.428768e-01 -9.486353e-01 -8.402084e-01
0.000000e+00 -1.542149e+00 -1.986878e-01 -9.025945e-01 -5.522104e-01 -7.404278e-01 -8.284263e-01
0.000000e+00 2.742182e-03 -8.336272e-02 8.665048e-01 1.540420e+00 4.035063e-02 6.024233e-03
0.000000e+00 2.742182e-03 1.473526e+00 -9.025945e-01 4.941050e-01 1.341648e+00 1.330239e+00
0.000000e+00 3.889649e-01 3.202750e-01 1.456205e+00 -9.009822e-01 5.608696e-01 4.781794e-01
0.000000e+00 1.161410e+00 2.626125e-01 -3.128947e-01 1.453332e-01 8.211290e-01 6.779579e-01
0.000000e+00 -1.542149e+00 1.242875e+00 -3.128947e-01 -9.009822e-01 4.567658e-01 5.095091e-01
0.000000e+00 -3.834806e-01 -1.409601e+00 1.456205e+00 1.540420e+00 -1.260947e+00 -1.334901e+00
0.000000e+00 -1.542149e+00 1.646513e+00 -9.025945e-01 -9.009822e-01 8.731809e-01 8.552497e-01
0.000000e+00 1.547633e+00 -4.293379e-01 1.456205e+00 1.191649e+00 9.240252e-02 2.959932e-01
0.000000e+00 7.751877e-01 4.932626e-01 8.665048e-01 1.453332e-01 6.129215e-01 7.910389e-01
0.000000e+00 7.751877e-01 8.969003e-01 -3.128947e-01 8.428768e-01 1.081388e+00 1.132390e+00
0.000000e+00 2.742182e-03 7.815752e-01 -1.492294e+00 -5.522104e-01 6.649733e-01 6.396304e-01
0.000000e+00 7.751877e-01 1.012225e+00 -9.025945e-01 -5.522104e-01 1.185492e+00 1.172650e+00
0.000000e+00 -1.155926e+00 1.242875e+00 -1.492294e+00 8.428768e-01 6.649733e-01 6.591780e-01
0.000000e+00 -3.834806e-01 -1.294276e+00 -1.492294e+00 4.941050e-01 -1.573258e+00 -1.383619e+00
0.000000e+00 7.751877e-01 1.415863e+00 2.768051e-01 -2.034386e-01 1.601907e+00 1.602980e+00
0.000000e+00 -7.697033e-01 -1.640251e+00 -1.492294e+00 -1.249754e+00 -2.093777e+00 -1.900481e+00
0.000000e+00 -1.155926e+00 -1.005963e+00 -1.492294e+00 1.453332e-01 -1.417102e+00 -1.425643e+00
0.000000e+00 -1.155926e+00 5.509251e-01 1.456205e+00 -1.598526e+00 1.444544e-01 7.652946e-02
0.000000e+00 -1.542149e+00 1.531188e+00 2.768051e-01 4.941050e-01 8.731809e-01 8.397851e-01
0.000000e+00 2.742182e-03 -5.446629e-01 2.768051e-01 1.191649e+00 -5.322202e-01 -4.524439e-01
0.000000e+00 3.889649e-01 3.196234e-02 2.768051e-01 -2.034386e-01 1.965063e-01 1.843260e-01
0.000000e+00 3.889649e-01 1.242875e+00 8.665048e-01 -2.034386e-01 1.185492e+00 1.320730e+00
0.000000e+00 1.547633e+00 1.012225e+00 2.768051e-01 4.941050e-01 1.497804e+00 1.549339e+00
0.000000e+00 -3.834806e-01 3.202750e-01 1.456205e+00 -2.034386e-01 4.035063e-02 2.020960e-01
0.000000e+00 -1.542149e+00 1.012225e+00 8.665048e-01 1.540420e+00 3.526620e-01 4.187861e-01
0.000000e+00 3.889649e-01 1.242875e+00 -9.025945e-01 -5.522104e-01 1.185492e+00 1.236140e+00
0.000000e+00 2.742182e-03 4.356000e-01 8.665048e-01 -1.598526e+00 3.526620e-01 3.906007e-01
0.000000e+00 3.889649e-01 -1.986878e-01 -9.025945e-01 1.453332e-01 -6.375316e-02 -6.679675e-02
0.000000e+00 -7.697033e-01 3.202750e-01 2.768051e-01 1.191649e+00 9.240252e-02 4.507242e-02
0.000000e+00 -1.155926e+00 1.012225e+00 2.768051e-01 -5.522104e-01 3.006101e-01 4.810174e-01
0.000000e+00 3.889649e-01 -4.293379e-01 -9.025945e-01 1.540420e+00 -3.240126e-01 -2.377196e-01
0.000000e+00 -1.542149e+00 1.415863e+00 -3.128947e-01 -5.522104e-01 8.211290e-01 6.785133e-01
0.000000e+00 7.751877e-01 -5.446629e-01 1.456205e+00 -2.034386e-01 -1.170127e-02 -1.471757e-01
0.000000e+00 7.751877e-01 -1.005963e+00 8.665048e-01 1.453332e-01 -5.842721e-01 -5.852378e-01
0.000000e+00 7.751877e-01 3.779375e-01 1.456205e+00 -9.009822e-01 6.649733e-01 6.793579e-01
0.000000e+00 -1.542149e+00 9.545628e-01 1.456205e+00 1.191649e+00 2.485582e-01 3.804448e-01
0.000000e+00 -3.834806e-01 -2.563503e-01 -1.492294e+00 -1.598526e+00 -5.322202e-01 -4.920303e-01
0.000000e+00 7.751877e-01 5.509251e-01 2.768051e-01 1.453332e-01 8.731809e-01 8.191772e-01
0.000000e+00 1.547633e+00 -1.351938e+00 8.665048e-01 1.453332e-01 -7.404278e-01 -6.063507e-01
0.000000e+00 2.742182e-03 8.969003e-01 1.456205e+00 8.428768e-01 9.252328e-01 9.102869e-01
0.000000e+00 -1.155926e+00 4.932626e-01 8.665048e-01 -2.034386e-01 9.240252e-02 3.961230e-02
0.000000e+00 7.751877e-01 -4.870004e-01 1.456205e+00 1.191649e+00 -1.170127e-02 -5.342995e-02
0.000000e+00 -1.542149e+00 4.932626e-01 2.768051e-01 1.191649e+00 -1.158051e-01 -9.261585e-02
0.000000e+00 7.751877e-01 -4.293379e-01 1.456205e+00 -1.249754e+00 -1.158051e-01 -7.191721e-02
0.000000e+00 3.889649e-01 1.588851e+00 -9.025945e-01 -2.034386e-01 1.653959e+00 1.563946e+00
0.000000e+00 7.751877e-01 -2.570019e-02 2.768051e-01 4.941050e-01 3.006101e-01 3.000430e-01
0.000000e+00 -7.697033e-01 -7.176505e-01 8.665048e-01 -1.249754e+00 -8.965834e-01 -9.543601e-01
0.000000e+00 -7.697033e-01 6.662501e-01 -3.128947e-01 4.941050e-01 2.485582e-01 3.174733e-01
0.000000e+00 7.751877e-01 -7.176505e-01 1.456205e+00 1.191649e+00 -3.240126e-01 -2.651648e-01
0.000000e+00 -1.155926e+00 8.969003e-01 -9.025945e-01 8.428768e-01 4.567658e-01 3.663711e-01
0.000000e+00 -1.542149e+00 -1.178951e+00 2.768051e-01 1.540420e+00 -1.677362e+00 -1.617491e+00
0.000000e+00 1.547633e+00 4.932626e-01 -1.492294e+00 1.191649e+00 8.731809e-01 1.018956e+00
0.000000e+00 1.547633e+00 -2.570019e-02 2.768051e-01 -5.522104e-01 8.211290e-01 5.659234e-01
0.000000e+00 7.751877e-01 -2.563503e-01 8.665048e-01 8.428768e-01 1.965063e-01 1.233065e-01
0.000000e+00 7.751877e-01 -1.351938e+00 8.665048e-01 1.191649e+00 -8.965834e-01 -8.722312e-01
0.000000e+00 -7.697033e-01 -1.351938e+00 -1.492294e+00 1.540420e+00 -1.625310e+00 -1.554189e+00
0.000000e+00 -1.155926e+00 -1.467263e+00 -9.025945e-01 -1.249754e+00 -1.937621e+00 -1.865129e+00
0.000000e+00 7.751877e-01 -1.697914e+00 8.665048e-01 1.540420e+00 -1.156843e+00 -1.179630e+00
0.000000e+00 1.547633e+00 8.969003e-01 -9.025945e-01 -9.009822e-01 1.341648e+00 1.353069e+00
0.000000e+00 -1.542149e+00 -7.176505e-01 -9.025945e-01 -1.598526e+00 -1.312999e+00 -1.335439e+00
0.000000e+00 -3.834806e-01 -1.005963e+00 2.768051e-01 -1.598526e+00 -1.208895e+00 -1.105782e+00
0.000000e+00 3.889649e-01 -3.140128e-01 -9.025945e-01 1.540420e+00 -2.719607e-01 -1.318522e-01
0.000000e+00 7.751877e-01 5.509251e-01 1.456205e+00 1.453332e-01 9.252328e-01 8.687680e-01
0.000000e+00 7.751877e-01 -1.294276e+00 8.665048e-01 -1.598526e+00 -8.965834e-01 -9.009214e-01
0.000000e+00 -1.155926e+00 -1.178951e+00 8.665048e-01 -2.034386e-01 -1.417102e+00 -1.495466e+00
0.000000e+00 -3.834806e-01 8.962487e-02 -3.128947e-01 1.453332e-01 9.240252e-02 -7.382216e-02
0.000000e+00 2.742182e-03 -7.753131e-01 -9.025945e-01 1.191649e+00 -7.404278e-01 -7.137697e-01
0.000000e+00 -1.542149e+00 4.356000e-01 -3.128947e-01 1.453332e-01 -1.678569e-01 -2.009540e-01
0.000000e+00 -1.542149e+00 -8.906381e-01 2.768051e-01 -5.522104e-01 -1.521206e+00 -1.414040e+00
0.000000e+00 -7.697033e-01 -8.906381e-01 -3.128947e-01 -1.598526e+00 -1.417102e+00 -1.172955e+00
0.000000e+00 -7.697033e-01 1.531188e+00 -9.025945e-01 1.453332e-01 9.772847e-01 1.076481e+00
0.000000e+00 1.161410e+00 1.012225e+00 8.665048e-01 4.941050e-01 1.341648e+00 1.425890e+00
0.000000e+00 1.547633e+00 5.509251e-01 2.768051e-01 -2.034386e-01 1.341648e+00 1.105464e+00
0.000000e+00 -1.542149e+00 1.185213e+00 -9.025945e-01 1.453332e-01 3.006101e-01 4.623889e-01
0.000000e+00 -1.155926e+00 -6.023255e-01 2.768051e-01 1.540420e+00 -8.965834e-01 -9.399088e-01
0.000000e+00 -1.155926e+00 -8.906381e-01 -1.492294e+00 8.428768e-01 -1.365050e+00 -1.299370e+00
0.000000e+00 -3.834806e-01 2.626125e-01 -9.025945e-01 -1.598526e+00 9.240252e-02 9.168588e-03
0.000000e+00 -1.155926e+00 -1.409601e+00 -1.492294e+00 8.428768e-01 -1.781466e+00 -1.775773e+00
0.000000e+00 7.751877e-01 -2.570019e-02 -3.128947e-01 -1.249754e+00 9.240252e-02 2.242326e-01
0.000000e+00 1.547633e+00 1.531188e+00 -9.025945e-01 -1.249754e+00 2.018323e+00 1.925137e+00
0.000000e+00 7.751877e-01 -1.294276e+00 -1.492294e+00 8.428768e-01 -8.445316e-01 -9.286822e-01
0.000000e+00 3.889649e-01 3.196234e-02 1.456205e+00 -1.249754e+00 1.965063e-01 2.033078e-01
0.000000e+00 -1.542149e+00 1.012225e+00 8.665048e-01 8.428768e-01 4.567658e-01 3.983801e-01
0.000000e+00 1.547633e+00 9.545628e-01 -3.128947e-01 -2.034386e-01 1.445752e+00 1.451204e+00
0.000000e+00 2.742182e-03 8.962487e-02 -9.025945e-01 1.191649e+00 -1.158051e-01 8.023612e-02
0.000000e+00 2.742182e-03 8.392377e-01 -9.025945e-01 1.191649e+00 7.690771e-01 7.683745e-01
0.000000e+00 3.889649e-01 1.588851e+00 8.665048e-01 8.428768e-01 1.914219e+00 1.668941e+00
0.000000e+00 1.547633e+00 1.242875e+00 8.665048e-01 1.191649e+00 1.914219e+00 1.806276e+00
0.000000e+00 1.161410e+00 -8.906381e-01 -1.492294e+00 4.941050e-01 -4.281164e-01 -4.201044e-01
0.000000e+00 1.161410e+00 -7.176505e-01 -1.492294e+00 8.428768e-01 -2.199088e-01 -2.511002e-01
0.000000e+00 1.161410e+00 -1.005963e+00 -1.492294e+00 1.453332e-01 -5.322202e-01 -5.361748e-01
0.000000e+00 -1.542149e+00 -3.716754e-01 2.768051e-01 1.191649e+00 -1.104791e+00 -8.866217e-01
0.000000e+00 -1.542149e+00 5.509251e-01 -3.128947e-01 -1.249754e+00 -2.719607e-01 -1.358985e-01
0.000000e+00 1.161410e+00 -9.483006e-01 -9.025945e-01 -9.009822e-01 -5.322202e-01 -4.890547e-01
0.000000e+00 2.742182e-03 -1.410252e-01 -3.128947e-01 -1.249754e+00 -6.375316e-02 -1.781243e-01
0.000000e+00 1.547633e+00 -1.121288e+00 8.665048e-01 1.453332e-01 -1.678569e-01 -3.946159e-01
0.000000e+00 -1.155926e+00 -1.409601e+00 1.456205e+00 -9.009822e-01 -1.833518e+00 -1.702811e+00
0.000000e+00 1.547633e+00 1.473526e+00 -3.128947e-01 -1.598526e+00 1.966271e+00 1.886796e+00
0.000000e+00 1.161410e+00 -3.140128e-01 -3.128947e-01 -5.522104e-01 -1.158051e-01 1.282147e-01
0.000000e+00 1.547633e+00 -1.697914e+00 -1.492294e+00 -2.034386e-01 -1.052739e+00 -1.033338e+00
0.000000e+00 -3.834806e-01 -3.140128e-01 8.665048e-01 -5.522104e-01 -3.760645e-01 -4.151733e-01
0.000000e+00 -1.542149e+00 -1.640251e+00 -3.128947e-01 1.453332e-01 -1.937621e+00 -2.106568e+00
0.000000e+00 -1.542149e+00 8.962487e-02 -9.025945e-01 -9.009822e-01 -6.363240e-01 -5.739607e-01
0.000000e+00 2.742182e-03 -1.005963e+00 -1.492294e+00 1.540420e+00 -1.000687e+00 -9.400970e-01
0.000000e+00 -1.155926e+00 1.472874e-01 -3.128947e-01 1.453332e-01 -2.199088e-01 -3.173779e-01
0.000000e+00 1.161410e+00 8.962487e-02 8.665048e-01 1.540420e+00 5.088177e-01 6.095595e-01
0.000000e+00 2.742182e-03 1.473526e+00 1.456205e+00 -1.598526e+00 1.341648e+00 1.368203e+00
0.000000e+00 2.742182e-03 -3.716754e-01 -9.025945e-01 1.453332e-01 -5.322202e-01 -3.738426e-01
0.000000e+00 -1.155926e+00 -1.986878e-01 1.456205e+00 8.428768e-01 -4.801683e-01 -5.401879e-01
0.000000e+00 7.751877e-01 -1.524926e+00 8.665048e-01 1.540420e+00 -1.208895e+00 -1.020829e+00
0.000000e+00 1.161410e+00 -3.716754e-01 8.665048e-01 8.428768e-01 2.485582e-01 1.656838e-01
0.000000e+00 -1.542149e+00 -4.293379e-01 8.665048e-01 -1.598526e+00 -1.156843e+00 -9.963839e-01
0.000000e+00 -1.155926e+00 -8.336272e-02 1.456205e+00 4.941050e-01 -5.322202e-01 -4.445235e-01
0.000000e+00 -3.834806e-01 2.049499e-01 2.768051e-01 1.540420e+00 -6.375316e-02 9.765269e-02
0.000000e+00 2.742182e-03 -5.446629e-01 -9.025945e-01 1.540420e+00 -4.801683e-01 -4.918318e-01
0.000000e+00 -1.155926e+00 -2.570019e-02 8.665048e-01 -5.522104e-01 -3.240126e-01 -4.469942e-01
0.000000e+00 -1.542149e+00 -2.563503e-01 2.768051e-01 1.453332e-01 -8.965834e-01 -8.113632e-01
0.000000e+00 1.547633e+00 -6.023255e-01 -1.492294e+00 1.453332e-01 -1.158051e-01 -1.739407e-02
0.000000e+00 -1.542149e+00 -8.329756e-01 2.768051e-01 -2.034386e-01 -1.312999e+00 -1.350903e+00
0.000000e+00 -3.834806e-01 -1.582588e+00 -1.492294e+00 1.540420e+00 -1.625310e+00 -1.617679e+00
0.000000e+00 -1.155926e+00 1.069888e+00 1.456205e+00 1.191649e+00 7.170252e-01 6.345569e-01
0.000000e+00 -3.834806e-01 3.779375e-01 2.768051e-01 1.540420e+00 9.240252e-02 2.564539e-01
0.000000e+00 1.161410e+00 1.588851e+00 1.456205e+00 8.428768e-01 2.018323e+00 1.990226e+00
0.000000e+00 1.161410e+00 5.509251e-01 8.665048e-01 1.453332e-01 1.133440e+00 9.922173e-01
0.000000e+00 1.547633e+00 7.815752e-01 2.768051e-01 -5.522104e-01 1.237544e+00 1.306995e+00
0.000000e+00 2.742182e-03 -3.140128e-01 2.768051e-01 -5.522104e-01 -2.719607e-01 -2.917241e-01
0.000000e+00 7.751877e-01 -4.293379e-01 8.665048e-01 1.191649e+00 -1.678569e-01 -2.529165e-02
0.000000e+00 -7.697033e-01 7.815752e-01 -1.492294e+00 -5.522104e-01 4.567658e-01 3.431409e-01
0.000000e+00 -3.834806e-01 1.646513e+00 8.665048e-01 4.941050e-01 1.601907e+00 1.415182e+00
0.000000e+00 1.547633e+00 -1.697914e+00 -9.025945e-01 1.453332e-01 -1.156843e+00 -9.983393e-01
0.000000e+00 -1.542149e+00 1.472874e-01 2.768051e-01 -1.249754e+00 -4.281164e-01 -4.816392e-01
0.000000e+00 -1.155926e+00 -8.906381e-01 -9.025945e-01 -2.034386e-01 -1.260947e+00 -1.305183e+00
0.000000e+00 2.742182e-03 -7.753131e-01 8.665048e-01 -9.009822e-01 -6.883759e-01 -7.006014e-01
0.000000e+00 -7.697033e-01 2.049499e-01 1.456205e+00 1.191649e+00 -6.375316e-02 -1.120417e-02
0.000000e+00 -1.155926e+00 -7.753131e-01 8.665048e-01 1.540420e+00 -1.156843e+00 -1.073915e+00
0.000000e+00 -1.542149e+00 1.242875e+00 -3.128947e-01 -1.598526e+00 3.006101e-01 4.891031e-01
0.000000e+00 -7.697033e-01 1.588851e+00 -9.025945e-01 1.540420e+00 1.185492e+00 1.170226e+00
0.000000e+00 -1.542149e+00 6.085876e-01 -3.128947e-01 -5.522104e-01 -1.170127e-02 -6.255882e-02
0.000000e+00 -1.542149e+00 7.815752e-01 -9.025945e-01 -5.522104e-01 1.965063e-01 7.144691e-02
0.000000e+00 -1.542149e+00 -1.524926e+00 1.456205e+00 1.191649e+00 -1.833518e+00 -1.895705e+00
0.000000e+00 1.161410e+00 -1.005963e+00 -3.128947e-01 -1.598526e+00 -6.363240e-01 -5.375990e-01
0.000000e+00 -7.697033e-01 -1.524926e+00 -3.128947e-01 -1.249754e+00 -1.885569e+00 -1.745023e+00
0.000000e+00 -1.542149e+00 -1.351938e+00 -9.025945e-01 -1.598526e+00 -1.989673e+00 -1.917710e+00
0.000000e+00 7.751877e-01 8.969003e-01 8.665048e-01 -1.598526e+00 9.252328e-01 1.110560e+00
0.000000e+00 -7.697033e-01 1.646513e+00 -1.492294e+00 -1.598526e+00 8.731809e-01 1.106538e+00
0.000000e+00 1.161410e+00 -1.236613e+00 8.665048e-01 -9.009822e-01 -8.445316e-01 -6.793370e-01
0.000000e+00 -3.834806e-01 -4.293379e-01 -1.492294e+00 -5.522104e-01 -5.842721e-01 -6.202225e-01
0.000000e+00 -3.834806e-01 1.472874e-01 -9.025945e-01 1.540420e+00 -1.678569e-01 -4.871877e-03
0.000000e+00 2.742182e-03 1.472874e-01 2.768051e-01 -1.249754e+00 1.444544e-01 1.113397e-01
0.000000e+00 3.889649e-01 -6.023255e-01 8.665048e-01 -1.598526e+00 -5.322202e-01 -4.139615e-01
0.000000e+00 7.751877e-01 -1.524926e+00 -3.128947e-01 -2.034386e-01 -1.000687e+00 -1.121435e+00
0.000000e+00 -3.834806e-01 -1.697914e+00 8.665048e-01 1.453332e-01 -1.729414e+00 -1.665177e+00
0.000000e+00 1.161410e+00 1.358200e+00 -9.025945e-01 -1.249754e+00 1.601907e+00 1.618091e+00
0.000000e+00 3.889649e-01 6.662501e-01 2.768051e-01 -9.009822e-01 6.649733e-01 7.461909e-01
0.000000e+00 -1.542149e+00 2.049499e-01 2.768051e-01 1.540420e+00 -4.281164e-01 -3.470815e-01
0.000000e+00 -1.542149e+00 -1.986878e-01 8.665048e-01 -9.009822e-01 -7.924797e-01 -7.642431e-01
0.000000e+00 1.547633e+00 -5.446629e-01 8.665048e-01 -1.249754e+00 1.444544e-01 9.390936e-02
0.000000e+00 3.889649e-01 -3.716754e-01 1.456205e+00 -5.522104e-01 -1.158051e-01 -1.468222e-01
0.000000e+00 1.161410e+00 -8.906381e-01 8.665048e-01 -2.034386e-01 -4.801683e-01 -3.413287e-01
0.000000e+00 7.751877e-01 2.626125e-01 -9.025945e-01 8.428768e-01 5.608696e-01 5.253237e-01
0.000000e+00 3.889649e-01 -3.140128e-01 -1.492294e+00 1.453332e-01 -3.240126e-01 -1.974596e-01
0.000000e+00 -3.834806e-01 1.415863e+00 1.456205e+00 1.191649e+00 1.133440e+00 1.248649e+00
0.000000e+00 7.751877e-01 -1.236613e+00 -1.492294e+00 -9.009822e-01 -1.000687e+00 -9.267634e-01
0.000000e+00 1.547633e+00 -7.753131e-01 -3.128947e-01 1.540420e+00 -1.170127e-02 -8.579239e-02
0.000000e+00 7.751877e-01 -5.446629e-01 -9.025945e-01 1.191649e+00 -3.240126e-01 -2.055454e-01
0.000000e+00 -1.542149e+00 1.704176e+00 1.456205e+00 -5.522104e-01 1.081388e+00 1.017568e+00
0.000000e+00 1.547633e+00 -1.005963e+00 2.768051e-01 8.428768e-01 -5.322202e-01 -2.931378e-01
0.000000e+00 -3.834806e-01 -1.582588e+00 1.456205e+00 1.540420e+00 -1.417102e+00 -1.493702e+00
0.000000e+00 -7.697033e-01 -1.524926e+00 -3.128947e-01 4.941050e-01 -1.573258e+00 -1.694008e+00
0.000000e+00 -3.834806e-01 -1.524926e+00 2.768051e-01 4.941050e-01 -1.469154e+00 -1.520968e+00
0.000000e+00 -3.834806e-01 7.239127e-01 1.456205e+00 1.191649e+00 6.129215e-01 6.134440e-01
0.000000e+00 -1.155926e+00 -1.410252e-01 2.768051e-01 1.540420e+00 -5.842721e-01 -5.164391e-01
0.000000e+00 -1.542149e+00 -1.351938e+00 8.665048e-01 -1.249754e+00 -1.937621e+00 -1.833120e+00
0.000000e+00 -1.542149e+00 -2.563503e-01 2.768051e-01 -2.034386e-01 -9.486353e-01 -8.215662e-01
0.000000e+00 1.161410e+00 -1.121288e+00 1.456205e+00 -9.009822e-01 -6.363240e-01 -5.486741e-01
0.000000e+00 -1.155926e+00 -3.716754e-01 2.768051e-01 4.941050e-01 -6.363240e-01 -7.587829e-01
0.000000e+00 2.742182e-03 7.239127e-01 -9.025945e-01 -9.009822e-01 5.608696e-01 6.012891e-01
0.000000e+00 -3.834806e-01 -1.178951e+00 8.665048e-01 -2.034386e-01 -1.104791e+00 -1.198976e+00
0.000000e+00 1.161410e+00 3.779375e-01 8.665048e-01 -2.034386e-01 1.133440e+00 8.232132e-01
0.000000e+00 -1.155926e+00 -1.005963e+00 -3.128947e-01 -1.249754e+00 -1.260947e+00 -1.416864e+00
0.000000e+00 1.547633e+00 7.815752e-01 8.665048e-01 -1.598526e+00 1.289596e+00 1.301182e+00
0.000000e+00 7.751877e-01 6.662501e-01 -1.492294e+00 1.453332e-01 8.211290e-01 8.506583e-01
0.000000e+00 7.751877e-01 4.932626e-01 -9.025945e-01 -1.598526e+00 7.170252e-01 6.656376e-01
0.000000e+00 -1.542149e+00 -6.599880e-01 -3.128947e-01 1.191649e+00 -1.104791e+00 -1.176086e+00
0.000000e+00 -1.155926e+00 1.185213e+00 -1.492294e+00 1.540420e+00 7.170252e-01 6.266502e-01
0.000000e+00 -3.834806e-01 -6.599880e-01 2.768051e-01 -2.034386e-01 -5.842721e-01 -7.473681e-01
0.000000e+00 -3.834806e-01 -1.063626e+00 -1.492294e+00 -1.598526e+00 -1.312999e+00 -1.233102e+00
0.000000e+00 -7.697033e-01 1.242875e+00 -3.128947e-01 8.428768e-01 9.252328e-01 8.570135e-01
0.000000e+00 7.751877e-01 -4.870004e-01 8.665048e-01 -1.598526e+00 -1.678569e-01 -1.598493e-01
0.000000e+00 1.161410e+00 9.545628e-01 -9.025945e-01 -5.522104e-01 1.341648e+00 1.267961e+00
0.000000e+00 -1.155926e+00 3.779375e-01 -3.128947e-01 4.941050e-01 -1.678569e-01 -9.544000e-02
0.000000e+00 -3.834806e-01 1.473526e+00 -1.492294e+00 -5.522104e-01 1.133440e+00 1.126590e+00
0.000000e+00 -7.697033e-01 -2.570019e-02 -1.492294e+00 -2.034386e-01 -5.842721e-01 -3.877282e-01
0.000000e+00 -1.155926e+00 8.969003e-01 -3.128947e-01 4.941050e-01 3.526620e-01 3.809635e-01
0.000000e+00 3.889649e-01 -1.063626e+00 1.456205e+00 -5.522104e-01 -5.842721e-01 -7.820269e-01
0.000000e+00 -3.834806e-01 -8.336272e-02 1.456205e+00 -2.034386e-01 -2.199088e-01 -1.684400e-01
0.000000e+00 3.889649e-01 -5.446629e-01 -3.128947e-01 4.941050e-01 -3.760645e-01 -3.494007e-01
0.000000e+00 -1.155926e+00 -1.121288e+00 1.456205e+00 -1.598526e+00 -1.312999e+00 -1.458548e+00
0.000000e+00 -3.834806e-01 1.704176e+00 -3.128947e-01 -9.009822e-01 1.393700e+00 1.377713e+00
0.000000e+00 3.889649e-01 3.779375e-01 8.665048e-01 -1.598526e+00 3.006101e-01 4.859117e-01
0.000000e+00 2.742182e-03 1.012225e+00 -3.128947e-01 -9.009822e-01 8.731809e-01 8.907531e-01
0.000000e+00 -7.697033e-01 1.588851e+00 2.768051e-01 -1.249754e+00 1.185492e+00 1.138193e+00
0.000000e+00 1.161410e+00 -7.176505e-01 -9.025945e-01 -2.034386e-01 -1.158051e-01 -2.569138e-01
0.000000e+00 7.751877e-01 7.815752e-01 -9.025945e-01 1.540420e+00 1.185492e+00 1.022133e+00
0.000000e+00 -7.697033e-01 1.646513e+00 2.768051e-01 -2.034386e-01 1.237544e+00 1.221736e+00
0.000000e+00 3.889649e-01 -1.986878e-01 -1.492294e+00 1.540420e+00 4.035063e-02 -5.078019e-02
0.000000e+00 -3.834806e-01 3.779375e-01 -1.492294e+00 1.191649e+00 1.444544e-01 1.718646e-01
0.000000e+00 2.742182e-03 1.012225e+00 -1.492294e+00 8.428768e-01 8.731809e-01 8.921772e-01
0.000000e+00 2.742182e-03 -1.063626e+00 -1.492294e+00 -9.009822e-01 -9.486353e-01 -1.064452e+00
0.000000e+00 7.751877e-01 -4.293379e-01 8.665048e-01 -1.598526e+00 4.035063e-02 -1.069156e-01
0.000000e+00 2.742182e-03 2.049499e-01 2.768051e-01 -2.034386e-01 1.965063e-01 1.948824e-01
0.000000e+00 -7.697033e-01 4.356000e-01 -9.025945e-01 -9.009822e-01 -6.375316e-02 4.013103e-02
0.000000e+00 2.742182e-03 -4.293379e-01 2.768051e-01 -2.034386e-01 -4.281164e-01 -3.873885e-01
0.000000e+00 7.751877e-01 1.300538e+00 -9.025945e-01 1.191649e+00 1.497804e+00 1.488334e+00
0.000000e+00 2.742182e-03 -3.140128e-01 -1.492294e+00 -1.598526e+00 -2.719607e-01 -3.967193e-01
0.000000e+00 2.742182e-03 -1.524926e+00 8.665048e-01 -1.598526e+00 -1.469154e+00 -1.409146e+00
0.000000e+00 1.547633e+00 -2.570019e-02 -3.128947e-01 1.191649e+00 6.129215e-01 5.921430e-01
0.000000e+00 -7.697033e-01 -2.570019e-02 -3.128947e-01 -9.009822e-01 -3.760645e-01 -3.585433e-01
0.000000e+00 3.889649e-01 -1.005963e+00 1.456205e+00 1.540420e+00 -6.883759e-01 -6.678751e-01
0.000000e+00 -1.542149e+00 6.662501e-01 -1.492294e+00 -2.034386e-01 -1.170127e-02 -4.901296e-02
0.000000e+00 2.742182e-03 1.069888e+00 -1.492294e+00 1.191649e+00 9.252328e-01 9.553139e-01
0.000000e+00 1.161410e+00 -9.483006e-01 2.768051e-01 -2.034386e-01 -4.801683e-01 -4.190578e-01
0.000000e+00 2.742182e-03 1.473526e+00 8.665048e-01 -9.009822e-01 1.341648e+00 1.363814e+00
0.000000e+00 1.547633e+00 9.545628e-01 8.665048e-01 1.191649e+00 1.393700e+00 1.541607e+00
0.000000e+00 3.889649e-01 -1.294276e+00 2.768051e-01 4.941050e-01 -1.052739e+00 -1.012744e+00
0.000000e+00 1.161410e+00 1.415863e+00 8.665048e-01 4.941050e-01 1.914219e+00 1.796426e+00
0.000000e+00 1.161410e+00 -3.716754e-01 8.665048e-01 8.428768e-01 1.965063e-01 1.656838e-01
0.000000e+00 -7.697033e-01 -7.176505e-01 -3.128947e-01 -2.034386e-01 -1.052739e+00 -9.733420e-01
0.000000e+00 7.751877e-01 2.626125e-01 8.665048e-01 -1.249754e+00 5.088177e-01 5.384920e-01
0.000000e+00 7.751877e-01 -3.140128e-01 -1.492294e+00 1.191649e+00 -1.158051e-01 -1.860591e-02
0.000000e+00 3.889649e-01 -7.753131e-01 -3.128947e-01 -9.009822e-01 -5.322202e-01 -6.019475e-01
0.000000e+00 7.751877e-01 8.962487e-02 -1.492294e+00 -1.249754e+00 3.006101e-01 2.805091e-01
0.000000e+00 -1.155926e+00 1.473526e+00 -1.492294e+00 1.540420e+00 9.772847e-01 8.913188e-01
0.000000e+00 1.547633e+00 -3.716754e-01 2.768051e-01 1.540420e+00 2.485582e-01 3.095391e-01
0.000000e+00 -1.542149e+00 -1.351938e+00 1.456205e+00 -2.034386e-01 -1.677362e+00 -1.777716e+00
0.000000e+00 -1.542149e+00 -1.005963e+00 8.665048e-01 8.428768e-01 -1.573258e+00 -1.454300e+00
0.000000e+00 -7.697033e-01 -1.986878e-01 8.665048e-01 -9.009822e-01 -5.322202e-01 -4.677536e-01
0.000000e+00 -7.697033e-01 1.012225e+00 8.665048e-01 1.453332e-01 6.649733e-01 6.744635e-01
0.000000e+00 -1.542149e+00 -1.467263e+00 8.665048e-01 1.191649e+00 -1.781466e+00 -1.867567e+00
0.000000e+00 7.751877e-01 3.202750e-01 -3.128947e-01 -1.249754e+00 5.088177e-01 5.418349e-01
0.000000e+00 -3.834806e-01 -2.563503e-01 -9.025945e-01 8.428768e-01 -5.322202e-01 -3.958139e-01
0.000000e+00 -1.155926e+00 6.662501e-01 -1.492294e+00 1.540420e+00 1.444544e-01 1.502467e-01
0.000000e+00 2.742182e-03 8.392377e-01 1.456205e+00 4.941050e-01 1.081388e+00 8.471502e-01
0.000000e+00 3.889649e-01 3.196234e-02 1.456205e+00 -9.009822e-01 9.240252e-02 2.135108e-01
0.000000e+00 1.547633e+00 -1.178951e+00 -9.025945e-01 -1.598526e+00 -4.801683e-01 -5.729508e-01
0.000000e+00 -3.834806e-01 8.969003e-01 -9.025945e-01 1.453332e-01 6.649733e-01 6.424545e-01
0.000000e+00 -1.155926e+00 -2.563503e-01 -9.025945e-01 -1.249754e+00 -7.924797e-01 -7.535213e-01
0.000000e+00 2.742182e-03 -4.870004e-01 -3.128947e-01 -9.009822e-01 -5.322202e-01 -4.855236e-01
0.000000e+00 -7.697033e-01 -1.063626e+00 -9.025945e-01 -2.034386e-01 -1.260947e+00 -1.315740e+00
0.000000e+00 -1.155926e+00 8.962487e-02 -3.128947e-01 8.428768e-01 -2.719607e-01 -3.499056e-01
0.000000e+00 -1.542149e+00 -1.986878e-01 2.768051e-01 -1.249754e+00 -6.363240e-01 -7.992415e-01
0.000000e+00 -1.155926e+00 1.472874e-01 2.768051e-01 1.453332e-01 -2.719607e-01 -2.925824e-01
0.000000e+00 3.889649e-01 1.300538e+00 1.456205e+00 -1.598526e+00 1.289596e+00 1.357647e+00
0.000000e+00 1.161410e+00 1.242875e+00 2.768051e-01 4.941050e-01 1.810115e+00 1.612830e+00
0.000000e+00 -7.697033e-01 -6.023255e-01 -3.128947e-01 -5.522104e-01 -8.965834e-01 -8.776775e-01
0.000000e+00 1.547633e+00 4.932626e-01 -3.128947e-01 -1.598526e+00 9.252328e-01 9.869225e-01
0.000000e+00 1.547633e+00 6.085876e-01 -1.492294e+00 1.191649e+00 1.185492e+00 1.124823e+00
0.000000e+00 -1.155926e+00 5.509251e-01 -9.025945e-01 1.191649e+00 -6.375316e-02 5.897173e-02
0.000000e+00 1.161410e+00 1.646513e+00 8.665048e-01 -9.009822e-01 1.914219e+00 1.967349e+00
0.000000e+00 2.742182e-03 -1.005963e+00 8.665048e-01 1.453332e-01 -8.445316e-01 -8.817273e-01
0.000000e+00 -3.834806e-01 -9.483006e-01 -9.025945e-01 4.941050e-01 -7.404278e-01 -1.041222e+00
0.000000e+00 2.742182e-03 7.815752e-01 8.665048e-01 -5.522104e-01 8.211290e-01 7.388121e-01
0.000000e+00 -3.834806e-01 5.509251e-01 8.665048e-01 1.453332e-01 5.088177e-01 3.992384e-01
0.000000e+00 1.161410e+00 1.300538e+00 8.665048e-01 1.191649e+00 1.653959e+00 1.710965e+00
0.000000e+00 -3.834806e-01 -4.870004e-01 1.456205e+00 1.540420e+00 -4.281164e-01 -4.879611e-01
0.000000e+00 3.889649e-01 -7.176505e-01 -3.128947e-01 1.453332e-01 -6.883759e-01 -5.184048e-01
0.000000e+00 -1.155926e+00 1.012225e+00 -3.128947e-01 4.941050e-01 3.526620e-01 4.868309e-01
0.000000e+00 2.742182e-03 -8.336272e-02 -3.128947e-01 1.453332e-01 -6.375316e-02 -8.437861e-02
0.000000e+00 3.889649e-01 7.239127e-01 -9.025945e-01 4.941050e-01 8.211290e-01 7.903458e-01
0.000000e+00 2.742182e-03 -8.329756e-01 2.768051e-01 -1.598526e+00 -6.883759e-01 -7.987365e-01
0.000000e+00 -1.155926e+00 8.969003e-01 1.456205e+00 1.453332e-01 4.567658e-01 4.451468e-01
0.000000e+00 7.751877e-01 2.626125e-01 1.456205e+00 1.191649e+00 7.690771e-01 6.347084e-01
0.000000e+00 -3.834806e-01 1.300538e+00 8.665048e-01 -9.009822e-01 1.133440e+00 1.056768e+00
0.000000e+00 1.161410e+00 2.049499e-01 -1.492294e+00 1.453332e-01 3.526620e-01 5.754333e-01
0.000000e+00 7.751877e-01 -1.582588e+00 -3.128947e-01 -5.522104e-01 -1.417102e+00 -1.184572e+00
0.000000e+00 7.751877e-01 -1.524926e+00 1.456205e+00 4.941050e-01 -1.000687e+00 -1.026643e+00
0.000000e+00 1.547633e+00 1.358200e+00 1.456205e+00 4.941050e-01 1.914219e+00 1.916533e+00
0.000000e+00 -1.542149e+00 -1.467263e+00 -1.492294e+00 1.191649e+00 -1.937621e+00 -1.966749e+00
0.000000e+00 3.889649e-01 -1.178951e+00 8.665048e-01 -5.522104e-01 -9.486353e-01 -9.126897e-01
0.000000e+00 3.889649e-01 1.242875e+00 1.456205e+00 8.428768e-01 1.341648e+00 1.376134e+00
0.000000e+00 3.889649e-01 -8.336272e-02 1.456205e+00 8.428768e-01 9.240252e-02 1.586584e-01
0.000000e+00 3.889649e-01 8.962487e-02 2.768051e-01 8.428768e-01 3.006101e-01 2.678687e-01
0.000000e+00 7.751877e-01 3.196234e-02 -1.492294e+00 8.428768e-01 3.526620e-01 2.887934e-01
0.000000e+00 3.889649e-01 -1.640251e+00 8.665048e-01 1.453332e-01 -1.469154e+00 -1.315753e+00
0.000000e+00 -1.542149e+00 -1.063626e+00 8.665048e-01 8.428768e-01 -1.521206e+00 -1.507234e+00
0.000000e+00 -7.697033e-01 -1.986878e-01 -3.128947e-01 1.453332e-01 -3.760645e-01 -4.867355e-01
0.000000e+00 -1.155926e+00 -1.467263e+00 2.768051e-01 1.540420e+00 -1.937621e+00 -1.733915e+00
0.000000e+00 3.889649e-01 3.779375e-01 8.665048e-01 -1.249754e+00 5.608696e-01 4.961147e-01
0.000000e+00 1.161410e+00 -1.986878e-01 2.768051e-01 -9.009822e-01 1.965063e-01 2.486745e-01
0.000000e+00 -7.697033e-01 -4.293379e-01 -3.128947e-01 1.453332e-01 -7.404278e-01 -6.984704e-01
0.000000e+00 1.161410e+00 1.472874e-01 -1.492294e+00 4.941050e-01 4.567658e-01 5.327026e-01
0.000000e+00 1.161410e+00 -1.524926e+00 1.456205e+00 -5.522104e-01 -7.924797e-01 -9.090072e-01
0.000000e+00 2.742182e-03 1.646513e+00 1.456205e+00 -1.598526e+00 1.497804e+00 1.527004e+00
0.000000e+00 1.161410e+00 -5.446629e-01 -9.025945e-01 -5.522104e-01 -2.199088e-01 -1.083156e-01
0.000000e+00 3.889649e-01 -3.716754e-01 -9.025945e-01 1.453332e-01 -3.240126e-01 -2.255979e-01
0.000000e+00 2.742182e-03 7.815752e-01 -9.025945e-01 8.428768e-01 6.129215e-01 7.052378e-01
0.000000e+00 1.547633e+00 3.196234e-02 1.456205e+00 -5.522104e-01 7.690771e-01 6.684480e-01
0.000000e+00 7.751877e-01 7.815752e-01 2.768051e-01 1.540420e+00 1.029337e+00 1.071724e+00
0.000000e+00 1.161410e+00 1.012225e+00 -9.025945e-01 -1.598526e+00 1.289596e+00 1.290286e+00
0.000000e+00 -1.542149e+00 -3.716754e-01 -1.492294e+00 -2.034386e-01 -1.052739e+00 -1.001820e+00
0.000000e+00 -1.155926e+00 1.069888e+00 8.665048e-01 4.941050e-01 5.088177e-01 5.893555e-01
0.000000e+00 1.161410e+00 1.300538e+00 2.768051e-01 1.453332e-01 1.601907e+00 1.655560e+00
0.000000e+00 1.547633e+00 -1.178951e+00 1.456205e+00 -9.009822e-01 -5.322202e-01 -4.533631e-01
0.000000e+00 -3.834806e-01 1.069888e+00 -1.492294e+00 4.941050e-01 7.170252e-01 7.866632e-01
0.000000e+00 1.547633e+00 1.069888e+00 1.456205e+00 -5.522104e-01 1.601907e+00 1.621255e+00
0.000000e+00 -3.834806e-01 1.127550e+00 2.768051e-01 -2.034386e-01 1.029337e+00 8.935772e-01
0.000000e+00 1.547633e+00 -1.640251e+00 2.768051e-01 4.941050e-01 -8.445316e-01 -8.856118e-01
0.000000e+00 7.751877e-01 3.196234e-02 2.768051e-01 -1.249754e+00 1.965063e-01 3.019617e-01
0.000000e+00 -1.155926e+00 -3.140128e-01 -3.128947e-01 -5.522104e-01 -6.883759e-01 -7.612536e-01
0.000000e+00 1.547633e+00 -1.524926e+00 8.665048e-01 -5.522104e-01 -6.883759e-01 -7.855579e-01
0.000000e+00 -3.834806e-01 1.185213e+00 -9.025945e-01 1.453332e-01 7.690771e-01 9.071231e-01
0.000000e+00 1.161410e+00 -1.121288e+00 -3.128947e-01 4.941050e-01 -3.760645e-01 -5.822484e-01
0.000000e+00 7.751877e-01 -7.753131e-01 8.665048e-01 -5.522104e-01 -3.240126e-01 -3.939090e-01
0.000000e+00 7.751877e-01 7.815752e-01 1.456205e+00 1.540420e+00 1.185492e+00 1.121315e+00
0.000000e+00 1.161410e+00 -1.640251e+00 -9.025945e-01 -1.598526e+00 -1.104791e+00 -1.144665e+00
0.000000e+00 -1.542149e+00 -1.409601e+00 -3.128947e-01 -1.598526e+00 -1.937621e+00 -1.945848e+00
0.000000e+00 2.742182e-03 -1.236613e+00 -3.128947e-01 -2.034386e-01 -1.156843e+00 -1.153256e+00
0.000000e+00 -1.155926e+00 -1.467263e+00 -1.492294e+00 -1.598526e+00 -1.833518e+00 -1.900128e+00
0.000000e+00 -1.155926e+00 -6.023255e-01 -3.128947e-01 -9.009822e-01 -1.052739e+00 -1.036125e+00
0.000000e+00 -1.542149e+00 -8.336272e-02 2.768051e-01 1.191649e+00 -4.801683e-01 -6.219531e-01
0.000000e+00 2.742182e-03 -5.446629e-01 1.456205e+00 -9.009822e-01 -6.883759e-01 -4.640711e-01
0.000000e+00 -1.155926e+00 -1.236613e+00 -3.128947e-01 -9.009822e-01 -1.677362e+00 -1.618396e+00
0.000000e+00 -3.834806e-01 -1.410252e-01 2.768051e-01 1.191649e+00 -2.199088e-01 -2.301526e-01
0.000000e+00 -7.697033e-01 1.415863e+00 8.665048e-01 -2.034386e-01 1.029337e+00 1.034797e+00
0.000000e+00 -7.697033e-01 -1.294276e+00 8.665048e-01 8.428768e-01 -1.469154e+00 -1.422479e+00
0.000000e+00 -1.155926e+00 3.196234e-02 2.768051e-01 1.540420e+00 -3.760645e-01 -3.576379e-01
0.000000e+00 3.889649e-01 -6.023255e-01 -1.492294e+00 1.191649e+00 -5.322202e-01 -4.315192e-01
0.000000e+00 -1.155926e+00 -1.986878e-01 -1.492294e+00 1.453332e-01 -7.924797e-01 -6.845710e-01
0.000000e+00 1.161410e+00 -1.294276e+00 8.665048e-01 4.941050e-01 -6.883759e-01 -6.914587e-01
0.000000e+00 1.161410e+00 1.358200e+00 1.456205e+00 4.941050e-01 1.810115e+00 1.768288e+00
0.000000e+00 2.742182e-03 -5.446629e-01 -3.128947e-01 4.941050e-01 -5.322202e-01 -4.976454e-01
0.000000e+00 7.751877e-01 -1.410252e-01 8.665048e-01 -5.522104e-01 -1.170127e-02 1.883620e-01
0.000000e+00 -3.834806e-01 -4.293379e-01 8.665048e-01 -1.249754e+00 -5.322202e-01 -5.414468e-01
0.000000e+00 -1.542149e+00 -1.409601e+00 2.768051e-01 -1.249754e+00 -1.833518e+00 -1.910850e+00
0.000000e+00 -1.155926e+00 -1.582588e+00 -1.492294e+00 4.941050e-01 -2.093777e+00 -1.944777e+00
0.000000e+00 -3.834806e-01 -1.467263e+00 1.456205e+00 1.540420e+00 -1.417102e+00 -1.387834e+00
0.000000e+00 -1.542149e+00 -1.236613e+00 2.768051e-01 4.941050e-01 -1.573258e+00 -1.701033e+00
0.000000e+00 1.161410e+00 -1.351938e+00 8.665048e-01 1.540420e+00 -8.445316e-01 -7.137835e-01
0.000000e+00 1.547633e+00 1.704176e+00 -9.025945e-01 4.941050e-01 2.122426e+00 2.134953e+00
0.000000e+00 -3.834806e-01 -1.524926e+00 -3.128947e-01 8.428768e-01 -1.625310e+00 -1.535560e+00
0.000000e+00 -7.697033e-01 4.932626e-01 8.665048e-01 -9.009822e-01 4.047139e-01 1.674510e-01
0.000000e+00 -1.155926e+00 -1.467263e+00 2.768051e-01 -2.034386e-01 -1.885569e+00 -1.784930e+00
0.000000e+00 2.742182e-03 -1.121288e+00 -9.025945e-01 1.453332e-01 -1.260947e+00 -1.061981e+00
0.000000e+00 -7.697033e-01 -8.906381e-01 -9.025945e-01 8.428768e-01 -1.052739e+00 -1.126330e+00
0.000000e+00 7.751877e-01 2.049499e-01 8.665048e-01 8.428768e-01 5.088177e-01 5.467763e-01
0.000000e+00 3.889649e-01 -1.005963e+00 1.456205e+00 1.540420e+00 -7.404278e-01 -6.678751e-01
0.000000e+00 -1.542149e+00 1.358200e+00 -1.492294e+00 -9.009822e-01 5.088177e-01 5.657857e-01
0.000000e+00 1.161410e+00 1.012225e+00 -9.025945e-01 -5.522104e-01 1.445752e+00 1.320895e+00
0.000000e+00 -1.155926e+00 -1.351938e+00 -3.128947e-01 1.453332e-01 -1.729414e+00 -1.693655e+00
0.000000e+00 2.742182e-03 5.509251e-01 2.768051e-01 -5.522104e-01 6.649733e-01 5.022817e-01
0.000000e+00 1.547633e+00 -1.409601e+00 2.768051e-01 1.540420e+00 -7.924797e-01 -6.432679e-01
0.000000e+00 1.161410e+00 1.473526e+00 2.768051e-01 -5.522104e-01 1.914219e+00 1.793955e+00
0.000000e+00 -1.155926e+00 4.932626e-01 8.665048e-01 -2.034386e-01 -6.375316e-02 3.961230e-02
0.000000e+00 1.547633e+00 1.127550e+00 2.768051e-01 1.540420e+00 1.810115e+00 1.685816e+00
0.000000e+00 2.742182e-03 -2.570019e-02 2.768051e-01 4.941050e-01 9.240252e-02 3.553537e-03
0.000000e+00 3.889649e-01 -4.870004e-01 -3.128947e-01 -1.249754e+00 -4.281164e-01 -3.474819e-01
0.000000e+00 -7.697033e-01 -3.140128e-01 -1.492294e+00 -1.249754e+00 -6.363240e-01 -6.830058e-01
0.000000e+00 -7.697033e-01 -1.410252e-01 1.456205e+00 1.540420e+00 -2.719607e-01 -3.186035e-01
0.000000e+00 1.161410e+00 1.358200e+00 8.665048e-01 1.191649e+00 1.862167e+00 1.763898e+00
0.000000e+00 -1.155926e+00 -6.023255e-01 8.665048e-01 -5.522104e-01 -1.104791e+00 -9.763314e-01
0.000000e+00 -1.155926e+00 4.932626e-01 2.768051e-01 -2.034386e-01 -6.375316e-02 1.481687e-02
0.000000e+00 2.742182e-03 -1.582588e+00 -3.128947e-01 -9.009822e-01 -1.521206e+00 -1.491264e+00
0.000000e+00 3.889649e-01 -1.467263e+00 -9.025945e-01 -1.249754e+00 -1.104791e+00 -1.272151e+00
0.000000e+00 -1.155926e+00 -1.697914e+00 2.768051e-01 1.540420e+00 -1.937621e+00 -1.945650e+00
0.000000e+00 2.742182e-03 -8.906381e-01 2.768051e-01 8.428768e-01 -8.965834e-01 -7.802493e-01
0.000000e+00 7.751877e-01 -2.563503e-01 8.665048e-01 -5.522104e-01 9.240252e-02 8.249452e-02
0.000000e+00 1.161410e+00 -1.582588e+00 8.665048e-01 -1.598526e+00 -1.104791e+00 -1.017345e+00
0.000000e+00 7.751877e-01 5.509251e-01 2.768051e-01 1.453332e-01 6.649733e-01 8.191772e-01
0.000000e+00 1.161410e+00 1.531188e+00 8.665048e-01 1.453332e-01 1.914219e+00 1.892091e+00
0.000000e+00 1.547633e+00 6.085876e-01 -3.128947e-01 -1.249754e+00 1.133440e+00 1.102993e+00
0.000000e+00 2.742182e-03 9.545628e-01 -9.025945e-01 -1.249754e+00 8.211290e-01 8.028209e-01
0.000000e+00 2.742182e-03 6.662501e-01 -9.025945e-01 8.428768e-01 6.129215e-01 5.993703e-01
0.000000e+00 -3.834806e-01 2.049499e-01 -9.025945e-01 4.941050e-01 1.965063e-01 1.745285e-02
0.000000e+00 1.547633e+00 1.242875e+00 2.768051e-01 -1.249754e+00 1.862167e+00 1.710059e+00
0.000000e+00 2.742182e-03 -1.467263e+00 1.456205e+00 1.540420e+00 -1.365050e+00 -1.239590e+00
0.000000e+00 -1.155926e+00 3.196234e-02 2.768051e-01 -1.598526e+00 -3.760645e-01 -4.494649e-01
0.000000e+00 1.161410e+00 1.185213e+00 2.768051e-01 8.428768e-01 1.810115e+00 1.570099e+00
0.000000e+00 7.751877e-01 -1.005963e+00 -3.128947e-01 1.540420e+00 -3.760645e-01 -5.940167e-01
0.000000e+00 1.161410e+00 7.239127e-01 -9.025945e-01 -1.249754e+00 1.133440e+00 1.035820e+00
0.000000e+00 -7.697033e-01 -1.697914e+00 8.665048e-01 -2.034386e-01 -1.833518e+00 -1.823624e+00
0.000000e+00 -3.834806e-01 -4.870004e-01 8.665048e-01 1.453332e-01 -6.883759e-01 -5.535685e-01
0.000000e+00 2.742182e-03 -8.906381e-01 -1.492294e+00 1.540420e+00 -9.486353e-01 -8.342295e-01
0.000000e+00 3.889649e-01 -2.563503e-01 -1.492294e+00 -1.598526e+00 -1.678569e-01 -1.955409e-01
0.000000e+00 -1.542149e+00 -7.176505e-01 1.456205e+00 -1.249754e+00 -1.156843e+00 -1.226054e+00
0.000000e+00 -3.834806e-01 1.012225e+00 8.665048e-01 1.540420e+00 8.731809e-01 8.635202e-01
0.000000e+00 2.742182e-03 -1.236613e+00 -9.025945e-01 -5.522104e-01 -1.104791e+00 -1.188254e+00
0.000000e+00 7.751877e-01 -1.697914e+00 2.768051e-01 -1.249754e+00 -1.156843e+00 -1.286050e+00
0.000000e+00 2.742182e-03 7.239127e-01 8.665048e-01 1.453332e-01 8.211290e-01 7.062843e-01
0.000000e+00 -1.542149e+00 -1.236613e+00 1.456205e+00 -5.522104e-01 -1.573258e+00 -1.682052e+00
0.000000e+00 7.751877e-01 -4.293379e-01 1.456205e+00 -9.009822e-01 -1.170127e-02 -6.171421e-02
0.000000e+00 1.161410e+00 7.239127e-01 8.665048e-01 1.453332e-01 1.081388e+00 1.151018e+00
0.000000e+00 7.751877e-01 8.392377e-01 -1.492294e+00 1.191649e+00 1.081388e+00 1.040068e+00
0.000000e+00 -3.834806e-01 1.588851e+00 -9.025945e-01 8.428768e-01 1.341648e+00 1.298065e+00
0.000000e+00 1.161410e+00 -1.640251e+00 8.665048e-01 -1.249754e+00 -1.052739e+00 -1.060076e+00
0.000000e+00 2.742182e-03 -9.483006e-01 2.768051e-01 -9.009822e-01 -1.052739e+00 -8.841980e-01
0.000000e+00 1.547633e+00 4.356000e-01 2.768051e-01 -1.249754e+00 9.772847e-01 9.689872e-01
0.000000e+00 2.742182e-03 5.509251e-01 -3.128947e-01 1.540420e+00 5.608696e-01 5.387043e-01
0.000000e+00 -1.542149e+00 -7.176505e-01 2.768051e-01 4.941050e-01 -1.260947e+00 -1.224630e+00
0.000000e+00 1.547633e+00 -8.329756e-01 8.665048e-01 1.191649e+00 -6.375316e-02 -9.933826e-02
0.000000e+00 2.742182e-03 1.300538e+00 8.665048e-01 -1.598526e+00 1.237544e+00 1.184607e+00
0.000000e+00 3.889649e-01 -8.336272e-02 2.768051e-01 -9.009822e-01 1.444544e-01 5.805254e-02
0.000000e+00 -3.834806e-01 7.815752e-01 -1.492294e+00 1.453332e-01 5.608696e-01 5.117916e-01
0.000000e+00 3.889649e-01 -1.121288e+00 -9.025945e-01 -5.522104e-01 -1.000687e+00 -9.341423e-01
0.000000e+00 1.161410e+00 -1.409601e+00 1.456205e+00 1.540420e+00 -5.842721e-01 -7.419218e-01
0.000000e+00 -7.697033e-01 -1.582588e+00 8.665048e-01 1.540420e+00 -1.521206e+00 -1.666742e+00
0.000000e+00 2.742182e-03 -9.483006e-01 2.768051e-01 -1.598526e+00 -9.486353e-01 -9.046040e-01
0.000000e+00 -1.155926e+00 1.704176e+00 1.456205e+00 1.191649e+00 1.393700e+00 1.216828e+00
0.000000e+00 -1.155926e+00 -1.640251e+00 2.768051e-01 4.941050e-01 -1.937621e+00 -1.923325e+00
0.000000e+00 7.751877e-01 8.962487e-02 8.665048e-01 4.941050e-01 5.608696e-01 4.307058e-01
0.000000e+00 3.889649e-01 3.196234e-02 -3.128947e-01 -1.598526e+00 2.485582e-01 1.187186e-01
0.000000e+00 -3.834806e-01 -1.121288e+00 -9.025945e-01 1.191649e+00 -1.208895e+00 -1.179617e+00
0.000000e+00 2.742182e-03 -4.870004e-01 8.665048e-01 8.428768e-01 -2.199088e-01 -3.849178e-01
0.000000e+00 -1.542149e+00 -1.582588e+00 1.456205e+00 1.540420e+00 -1.937621e+00 -1.938436e+00
0.000000e+00 7.751877e-01 1.127550e+00 2.768051e-01 -2.034386e-01 1.393700e+00 1.338311e+00
0.000000e+00 1.161410e+00 3.196234e-02 -3.128947e-01 -5.522104e-01 5.608696e-01 4.458170e-01
0.000000e+00 1.547633e+00 1.472874e-01 8.665048e-01 -1.598526e+00 7.170252e-01 7.189110e-01
0.000000e+00 1.161410e+00 -3.716754e-01 -9.025945e-01 1.191649e+00 1.965063e-01 1.015005e-01
0.000000e+00 2.742182e-03 -1.697914e+00 -3.128947e-01 8.428768e-01 -1.521206e+00 -1.546117e+00
0.000000e+00 -7.697033e-01 7.815752e-01 1.456205e+00 -1.249754e+00 4.047139e-01 4.467121e-01
0.000000e+00 1.547633e+00 -8.906381e-01 2.768051e-01 -5.522104e-01 -1.678569e-01 -2.280824e-01
0.000000e+00 3.889649e-01 3.779375e-01 -1.492294e+00 -5.522104e-01 5.608696e-01 4.173390e-01
0.000000e+00 2.742182e-03 -1.986878e-01 -9.025945e-01 4.941050e-01 -2.199088e-01 -2.048385e-01
0.000000e+00 -7.697033e-01 4.356000e-01 -3.128947e-01 -9.009822e-01 -6.375316e-02 6.492645e-02
0.000000e+00 3.889649e-01 1.012225e+00 8.665048e-01 8.428768e-01 1.133440e+00 1.139604e+00
0.000000e+00 -7.697033e-01 -1.986878e-01 8.665048e-01 4.941050e-01 -5.322202e-01 -4.269416e-01
0.000000e+00 3.889649e-01 7.815752e-01 -3.128947e-01 1.540420e+00 1.133440e+00 8.986839e-01
0.000000e+00 -3.834806e-01 -1.063626e+00 8.665048e-01 -5.522104e-01 -1.208895e+00 -1.103312e+00
0.000000e+00 -1.155926e+00 -1.582588e+00 -3.128947e-01 1.191649e+00 -2.093777e+00 -1.874780e+00
0.000000e+00 1.161410e+00 -2.570019e-02 -9.025945e-01 1.453332e-01 3.526620e-01 3.884938e-01
0.000000e+00 -3.834806e-01 8.962487e-02 8.665048e-01 -9.009822e-01 -1.170127e-02 -5.484030e-02
0.000000e+00 1.547633e+00 -4.293379e-01 -9.025945e-01 4.941050e-01 1.965063e-01 1.764055e-01
0.000000e+00 7.751877e-01 -1.640251e+00 2.768051e-01 1.453332e-01 -1.208895e+00 -1.192304e+00
0.000000e+00 -1.155926e+00 -1.351938e+00 2.768051e-01 8.428768e-01 -1.781466e+00 -1.648453e+00
0.000000e+00 -3.834806e-01 2.049499e-01 2.768051e-01 -2.034386e-01 4.035063e-02 4.663771e-02
0.000000e+00 2.742182e-03 8.962487e-02 2.768051e-01 1.453332e-01 -1.170127e-02 9.921798e-02
0.000000e+00 -7.697033e-01 1.300538e+00 8.665048e-01 -1.598526e+00 9.772847e-01 8.881171e-01
0.000000e+00 1.547633e+00 4.932626e-01 -3.128947e-01 8.428768e-01 9.772847e-01 1.058343e+00
0.000000e+00 2.742182e-03 8.962487e-02 8.665048e-01 -1.598526e+00 4.035063e-02 7.299842e-02
0.000000e+00 -1.155926e+00 7.239127e-01 1.456205e+00 -9.009822e-01 1.444544e-01 2.557366e-01
0.000000e+00 -7.697033e-01 7.239127e-01 8.665048e-01 -1.249754e+00 4.567658e-01 3.689829e-01
0.000000e+00 1.547633e+00 -9.483006e-01 -9.025945e-01 1.453332e-01 -3.240126e-01 -3.102010e-01
0.000000e+00 7.751877e-01 -1.582588e+00 -3.128947e-01 8.428768e-01 -1.260947e+00 -1.143760e+00
0.000000e+00 -1.155926e+00 8.969003e-01 -1.492294e+00 8.428768e-01 4.567658e-01 3.415756e-01
0.000000e+00 1.547633e+00 8.962487e-02 -1.492294e+00 4.941050e-01 4.047139e-01 6.280136e-01
0.000000e+00 -3.834806e-01 7.239127e-01 -3.128947e-01 4.941050e-01 5.608696e-01 5.186518e-01
0.000000e+00 1.547633e+00 3.202750e-01 -1.492294e+00 8.428768e-01 9.252328e-01 8.499514e-01
0.000000e+00 -1.155926e+00 -7.753131e-01 -3.128947e-01 -2.034386e-01 -8.965834e-01 -1.174520e+00
0.000000e+00 -3.834806e-01 1.012225e+00 -9.025945e-01 -9.009822e-01 7.690771e-01 7.177129e-01
0.000000e+00 2.742182e-03 -1.582588e+00 -9.025945e-01 -1.249754e+00 -1.469154e+00 -1.526263e+00
0.000000e+00 -1.155926e+00 1.531188e+00 8.665048e-01 -9.009822e-01 8.731809e-01 9.720133e-01
0.000000e+00 -1.542149e+00 -1.178951e+00 -1.492294e+00 -9.009822e-01 -1.781466e+00 -1.763298e+00
0.000000e+00 7.751877e-01 1.300538e+00 -3.128947e-01 4.941050e-01 1.549856e+00 1.492723e+00
0.000000e+00 -1.542149e+00 9.545628e-01 -9.025945e-01 -1.598526e+00 3.526620e-01 1.996391e-01
0.000000e+00 1.161410e+00 5.509251e-01 8.665048e-01 4.941050e-01 9.252328e-01 1.002420e+00
0.000000e+00 -7.697033e-01 -7.176505e-01 -1.492294e+00 1.453332e-01 -1.208895e+00 -1.012730e+00
0.000000e+00 3.889649e-01 -1.582588e+00 -1.492294e+00 1.540420e+00 -1.312999e+00 -1.321189e+00
0.000000e+00 7.751877e-01 4.932626e-01 -1.492294e+00 -1.249754e+00 4.567658e-01 6.510452e-01
0.000000e+00 -1.542149e+00 -1.178951e+00 -9.025945e-01 1.540420e+00 -1.573258e+00 -1.667082e+00
0.000000e+00 3.889649e-01 1.242875e+00 -9.025945e-01 -1.598526e+00 1.393700e+00 1.205531e+00
0.000000e+00 7.751877e-01 -1.236613e+00 -1.492294e+00 1.191649e+00 -7.404278e-01 -8.655454e-01
0.000000e+00 3.889649e-01 8.969003e-01 -9.025945e-01 -1.249754e+00 8.211290e-01 8.981319e-01
0.000000e+00 -3.834806e-01 1.415863e+00 -1.492294e+00 -5.522104e-01 1.237544e+00 1.073657e+00
0.000000e+00 -1.542149e+00 8.969003e-01 2.768051e-01 1.191649e+00 1.965063e-01 2.779202e-01
0.000000e+00 1.547633e+00 -1.121288e+00 -9.025945e-01 1.191649e+00 -5.322202e-01 -4.383931e-01
0.000000e+00 -3.834806e-01 1.704176e+00 -3.128947e-01 -1.598526e+00 1.497804e+00 1.357307e+00
0.000000e+00 7.751877e-01 1.472874e-01 -9.025945e-01 -1.249754e+00 3.526620e-01 3.582383e-01
0.000000e+00 7.751877e-01 3.202750e-01 -1.492294e+00 -1.249754e+00 5.088177e-01 4.922440e-01
0.000000e+00 -1.155926e+00 -2.563503e-01 -3.128947e-01 -1.249754e+00 -6.363240e-01 -7.287259e-01
0.000000e+00 -1.542149e+00 -1.986878e-01 8.665048e-01 8.428768e-01 -8.445316e-01 -7.132281e-01
0.000000e+00 1.161410e+00 4.356000e-01 -3.128947e-01 8.428768e-01 7.690771e-01 8.571650e-01
0.000000e+00 1.161410e+00 -4.870004e-01 -3.128947e-01 1.540420e+00 -6.375316e-02 3.063149e-02
0.000000e+00 7.751877e-01 -2.563503e-01 -9.025945e-01 8.428768e-01 -1.170127e-02 4.892024e-02
0.000000e+00 1.161410e+00 -4.870004e-01 1.456205e+00 -5.522104e-01 -1.170127e-02 4.379978e-02
0.000000e+00 -7.697033e-01 -1.467263e+00 -3.128947e-01 8.428768e-01 -1.573258e+00 -1.630871e+00
0.000000e+00 -1.155926e+00 2.626125e-01 -3.128947e-01 4.941050e-01 -1.678569e-01 -2.013074e-01
0.000000e+00 7.751877e-01 -1.640251e+00 -1.492294e+00 8.428768e-01 -1.260947e+00 -1.246284e+00
0.000000e+00 1.161410e+00 2.626125e-01 -9.025945e-01 -1.598526e+00 6.649733e-01 6.021475e-01
0.000000e+00 -1.542149e+00 -1.236613e+00 -1.492294e+00 -9.009822e-01 -1.885569e+00 -1.816232e+00
0.000000e+00 1.547633e+00 1.185213e+00 -9.025945e-01 1.540420e+00 1.653959e+00 1.689159e+00
0.000000e+00 -3.834806e-01 1.185213e+00 8.665048e-01 1.453332e-01 8.211290e-01 9.815094e-01
0.000000e+00 -3.834806e-01 1.069888e+00 1.456205e+00 -1.598526e+00 9.772847e-01 8.494224e-01
0.000000e+00 -7.697033e-01 -7.176505e-01 -3.128947e-01 -5.522104e-01 -1.052739e+00 -9.835450e-01
0.000000e+00 3.889649e-01 7.239127e-01 -9.025945e-01 1.191649e+00 7.170252e-01 8.107518e-01
0.000000e+00 -1.542149e+00 -1.063626e+00 -3.128947e-01 4.941050e-01 -1.625310e+00 -1.567028e+00
0.000000e+00 3.889649e-01 -1.582588e+00 -3.128947e-01 -1.598526e+00 -1.365050e+00 -1.363426e+00
0.000000e+00 -1.155926e+00 -7.176505e-01 2.768051e-01 1.453332e-01 -1.104791e+00 -1.086588e+00
0.000000e+00 1.547633e+00 1.473526e+00 -1.492294e+00 1.453332e-01 1.966271e+00 1.888220e+00
0.000000e+00 -1.155926e+00 4.356000e-01 1.456205e+00 -1.249754e+00 -1.678569e-01 -1.913499e-02
0.000000e+00 7.751877e-01 -1.351938e+00 -9.025945e-01 1.453332e-01 -9.486353e-01 -9.772264e-01
0.000000e+00 -1.542149e+00 1.472874e-01 8.665048e-01 1.540420e+00 -3.240126e-01 -3.752198e-01
0.000000e+00 7.751877e-01 -1.409601e+00 1.456205e+00 -1.249754e+00 -8.965834e-01 -9.717904e-01
0.000000e+00 2.742182e-03 -7.176505e-01 2.768051e-01 8.428768e-01 -5.842721e-01 -6.214481e-01
0.000000e+00 1.161410e+00 8.392377e-01 -1.492294e+00 4.941050e-01 1.029337e+00 1.167907e+00
0.000000e+00 -3.834806e-01 -4.870004e-01 8.665048e-01 1.453332e-01 -5.842721e-01 -5.535685e-01
0.000000e+00 7.751877e-01 1.185213e+00 8.665048e-01 1.540420e+00 1.497804e+00 1.467056e+00
0.000000e+00 3.889649e-01 4.932626e-01 -3.128947e-01 1.453332e-01 5.088177e-01 5.932033e-01
0.000000e+00 2.742182e-03 1.185213e+00 -1.492294e+00 1.191649e+00 1.029337e+00 1.061181e+00
0.000000e+00 -3.834806e-01 -1.236613e+00 2.768051e-01 1.191649e+00 -1.365050e+00 -1.235893e+00
0.000000e+00 7.751877e-01 2.626125e-01 -9.025945e-01 1.540420e+00 6.129215e-01 5.457297e-01
0.000000e+00 2.742182e-03 -4.293379e-01 -9.025945e-01 1.540420e+00 -2.719607e-01 -3.859644e-01
0.000000e+00 2.742182e-03 -1.063626e+00 2.768051e-01 -1.249754e+00 -8.965834e-01 -1.000268e+00
0.000000e+00 -1.542149e+00 1.242875e+00 -3.128947e-01 -9.009822e-01 5.608696e-01 5.095091e-01
0.000000e+00 -1.155926e+00 -3.716754e-01 -3.128947e-01 1.540420e+00 -6.883759e-01 -7.529694e-01
0.000000e+00 2.742182e-03 1.127550e+00 8.665048e-01 4.941050e-01 1.081388e+00 1.087023e+00
0.000000e+00 -7.697033e-01 5.509251e-01 -1.492294e+00 1.540420e+00 4.567658e-01 1.926240e-01
0.000000e+00 -1.155926e+00 -1.236613e+00 8.665048e-01 1.191649e+00 -1.521206e+00 -1.507587e+00
0.000000e+00 -3.834806e-01 -1.005963e+00 -9.025945e-01 1.453332e-01 -1.260947e+00 -1.104358e+00
0.000000e+00 -3.834806e-01 5.509251e-01 2.768051e-01 -1.598526e+00 4.047139e-01 3.234280e-01
0.000000e+00 -3.834806e-01 1.358200e+00 -1.492294e+00 4.941050e-01 1.133440e+00 1.051332e+00
0.000000e+00 -3.834806e-01 6.662501e-01 2.768051e-01 -1.598526e+00 3.006101e-01 4.292955e-01
0.000000e+00 -7.697033e-01 -7.753131e-01 -1.492294e+00 -2.034386e-01 -1.156843e+00 -1.075867e+00
0.000000e+00 7.751877e-01 -1.351938e+00 1.456205e+00 1.191649e+00 -8.445316e-01 -8.474357e-01
0.000000e+00 1.547633e+00 -7.753131e-01 -9.025945e-01 1.540420e+00 -1.678569e-01 -1.105878e-01
0.000000e+00 2.742182e-03 1.415863e+00 -9.025945e-01 1.540420e+00 1.393700e+00 1.307915e+00
0.000000e+00 -3.834806e-01 1.127550e+00 1.456205e+00 1.191649e+00 9.252328e-01 9.839801e-01
0.000000e+00 -1.155926e+00 -3.716754e-01 -1.492294e+00 -1.598526e+00 -9.486353e-01 -8.943872e-01
0.000000e+00 -1.155926e+00 -1.640251e+00 -3.128947e-01 1.453332e-01 -2.041725e+00 -1.958323e+00
0.000000e+00 2.742182e-03 2.626125e-01 -1.492294e+00 -9.009822e-01 1.965063e-01 1.530239e-01
0.000000e+00 7.751877e-01 -1.410252e-01 -9.025945e-01 1.191649e+00 1.965063e-01 1.649907e-01
0.000000e+00 1.547633e+00 -6.599880e-01 2.768051e-01 -9.009822e-01 4.035063e-02 -2.655051e-02
0.000000e+00 7.751877e-01 1.472874e-01 8.665048e-01 -1.249754e+00 1.965063e-01 4.326246e-01
0.000000e+00 2.742182e-03 -5.446629e-01 2.768051e-01 8.428768e-01 -4.801683e-01 -4.626469e-01
0.000000e+00 3.889649e-01 1.300538e+00 -9.025945e-01 -9.009822e-01 1.289596e+00 1.278871e+00
0.000000e+00 -7.697033e-01 -1.178951e+00 2.768051e-01 -2.034386e-01 -1.312999e+00 -1.372016e+00
0.000000e+00 2.742182e-03 1.300538e+00 -3.128947e-01 1.453332e-01 1.185492e+00 1.186031e+00
0.000000e+00 1.161410e+00 8.969003e-01 -3.128947e-01 1.540420e+00 1.341648e+00 1.301041e+00
0.000000e+00 -1.542149e+00 8.392377e-01 -1.492294e+00 1.540420e+00 9.240252e-02 1.608032e-01
0.000000e+00 -1.542149e+00 -1.236613e+00 2.768051e-01 -1.598526e+00 -1.625310e+00 -1.762251e+00
0.000000e+00 7.751877e-01 4.356000e-01 2.768051e-01 4.941050e-01 5.608696e-01 7.235127e-01
0.000000e+00 2.742182e-03 -1.409601e+00 -9.025945e-01 4.941050e-01 -1.260947e+00 -1.316447e+00
0.000000e+00 2.742182e-03 1.185213e+00 -1.492294e+00 -2.034386e-01 9.252328e-01 1.020369e+00
0.000000e+00 -1.542149e+00 1.300538e+00 -1.492294e+00 1.191649e+00 5.608696e-01 5.740700e-01
0.000000e+00 1.547633e+00 6.662501e-01 2.768051e-01 -1.249754e+00 1.185492e+00 1.180722e+00
0.000000e+00 -1.542149e+00 1.415863e+00 8.665048e-01 -2.034386e-01 5.608696e-01 7.383071e-01
0.000000e+00 2.742182e-03 2.626125e-01 2.768051e-01 -1.249754e+00 9.240252e-02 2.172072e-01
0.000000e+00 1.547633e+00 -7.176505e-01 2.768051e-01 -1.249754e+00 -2.719607e-01 -8.968723e-02
0.000000e+00 -3.834806e-01 1.300538e+00 2.768051e-01 1.191649e+00 1.133440e+00 1.093190e+00
0.000000e+00 1.161410e+00 -6.599880e-01 -3.128947e-01 4.941050e-01 -6.375316e-02 -1.587787e-01
0.000000e+00 3.889649e-01 -1.467263e+00 1.456205e+00 -5.522104e-01 -1.312999e+00 -1.152563e+00
0.000000e+00 -7.697033e-01 -3.140128e-01 -1.492294e+00 8.428768e-01 -6.363240e-01 -6.217878e-01
0.000000e+00 -3.834806e-01 -1.121288e+00 1.456205e+00 -5.522104e-01 -1.104791e+00 -1.131450e+00
0.000000e+00 -1.155926e+00 -1.178951e+00 -3.128947e-01 -1.598526e+00 -1.521206e+00 -1.585868e+00
0.000000e+00 -1.542149e+00 -7.753131e-01 8.665048e-01 1.540420e+00 -1.000687e+00 -1.222159e+00
0.000000e+00 1.161410e+00 3.202750e-01 -9.025945e-01 -9.009822e-01 7.170252e-01 6.754872e-01
0.000000e+00 -1.542149e+00 -2.563503e-01 8.665048e-01 1.540420e+00 -8.445316e-01 -7.457558e-01
0.000000e+00 -1.542149e+00 3.196234e-02 -1.492294e+00 -1.598526e+00 -5.842721e-01 -6.720959e-01
0.000000e+00 -3.834806e-01 8.962487e-02 -9.025945e-01 -1.249754e+00 4.035063e-02 -1.394296e-01
0.000000e+00 3.889649e-01 -5.446629e-01 1.456205e+00 -1.249754e+00 -4.281164e-01 -3.260294e-01
0.000000e+00 1.547633e+00 -7.176505e-01 8.665048e-01 4.941050e-01 4.035063e-02 -1.387681e-02
0.000000e+00 -1.542149e+00 1.704176e+00 -1.492294e+00 -5.522104e-01 9.252328e-01 8.935910e-01
0.000000e+00 7.751877e-01 -7.176505e-01 8.665048e-01 1.540420e+00 -3.760645e-01 -2.797573e-01
0.000000e+00 2.742182e-03 -1.697914e+00 -9.025945e-01 1.191649e+00 -1.625310e+00 -1.560709e+00
0.000000e+00 1.161410e+00 -9.483006e-01 -9.025945e-01 -1.249754e+00 -3.240126e-01 -4.992577e-01
0.000000e+00 7.751877e-01 -1.294276e+00 8.665048e-01 1.191649e+00 -7.404278e-01 -8.192975e-01
0.000000e+00 -3.834806e-01 -1.640251e+00 -3.128947e-01 1.453332e-01 -1.625310e+00 -1.661834e+00
0.000000e+00 -3.834806e-01 1.185213e+00 8.665048e-01 1.540420e+00 8.731809e-01 1.022321e+00
0.000000e+00 3.889649e-01 -8.906381e-01 1.456205e+00 8.428768e-01 -5.322202e-01 -5.824137e-01
0.000000e+00 3.889649e-01 1.704176e+00 8.665048e-01 4.941050e-01 1.914219e+00 1.764605e+00
0.000000e+00 1.547633e+00 2.049499e-01 8.665048e-01 8.428768e-01 6.649733e-01 8.432657e-01
0.000000e+00 2.742182e-03 3.202750e-01 -3.128947e-01 1.191649e+00 3.526620e-01 3.167664e-01
0.000000e+00 1.161410e+00 -1.697914e+00 2.768051e-01 8.428768e-01 -1.000687e+00 -1.076587e+00
0.000000e+00 2.742182e-03 1.185213e+00 -9.025945e-01 1.453332e-01 1.133440e+00 1.055368e+00
0.000000e+00 -1.155926e+00 -5.446629e-01 1.456205e+00 8.428768e-01 -7.924797e-01 -8.577902e-01
0.000000e+00 3.889649e-01 6.662501e-01 -1.492294e+00 8.428768e-01 7.170252e-01 7.228196e-01
0.000000e+00 1.547633e+00 -1.697914e+00 -9.025945e-01 -1.249754e+00 -8.965834e-01 -1.039151e+00
0.000000e+00 -7.697033e-01 8.962487e-02 -9.025945e-01 -1.249754e+00 -2.719607e-01 -2.876743e-01
0.000000e+00 -1.542149e+00 -6.023255e-01 2.768051e-01 -1.598526e+00 -1.156843e+00 -1.179981e+00
0.000000e+00 -1.542149e+00 1.358200e+00 -9.025945e-01 1.540420e+00 7.170252e-01 6.620021e-01
0.000000e+00 -7.697033e-01 9.545628e-01 -9.025945e-01 -1.249754e+00 4.047139e-01 5.063315e-01
0.000000e+00 2.742182e-03 3.202750e-01 -3.128947e-01 4.941050e-01 1.965063e-01 2.963604e-01
0.000000e+00 -7.697033e-01 4.932626e-01 -3.128947e-01 -9.009822e-01 -6.375316e-02 1.178602e-01
0.000000e+00 1.547633e+00 -2.570019e-02 -3.128947e-01 -5.522104e-01 5.088177e-01 5.411280e-01
0.000000e+00 1.161410e+00 -1.351938e+00 -3.128947e-01 -5.522104e-01 -7.404278e-01 -8.245923e-01
0.000000e+00 -7.697033e-01 -4.870004e-01 -3.128947e-01 -5.522104e-01 -7.404278e-01 -7.718101e-01
0.000000e+00 1.547633e+00 1.531188e+00 1.456205e+00 -1.249754e+00 2.018323e+00 2.024319e+00
0.000000e+00 3.889649e-01 1.127550e+00 -1.492294e+00 1.453332e-01 1.289596e+00 1.125883e+00
0.000000e+00 7.751877e-01 8.392377e-01 2.768051e-01 -1.598526e+00 9.772847e-01 1.032831e+00
0.000000e+00 -3.834806e-01 -1.178951e+00 8.665048e-01 -2.034386e-01 -1.156843e+00 -1.198976e+00
0.000000e+00 -3.834806e-01 1.473526e+00 1.456205e+00 -1.249754e+00 1.185492e+00 1.230161e+00
0.000000e+00 -1.155926e+00 -1.294276e+00 -3.128947e-01 1.191649e+00 -1.781466e+00 -1.610112e+00
0.000000e+00 2.742182e-03 -1.986878e-01 2.768051e-01 -1.249754e+00 -3.240126e-01 -2.062626e-01
0.000000e+00 1.161410e+00 -1.178951e+00 8.665048e-01 1.453332e-01 -6.363240e-01 -5.957943e-01
0.000000e+00 7.751877e-01 -9.483006e-01 -9.025945e-01 -5.522104e-01 -7.924797e-01 -6.270964e-01
0.000000e+00 7.751877e-01 8.969003e-01 1.456205e+00 1.453332e-01 1.133440e+00 1.186370e+00
0.000000e+00 3.889649e-01 1.646513e+00 -9.025945e-01 -1.249754e+00 1.497804e+00 1.586270e+00
0.000000e+00 -7.697033e-01 1.242875e+00 2.768051e-01 -1.249754e+00 9.772847e-01 8.205910e-01
0.000000e+00 2.742182e-03 1.358200e+00 -1.492294e+00 4.941050e-01 1.185492e+00 1.199577e+00
0.000000e+00 -1.542149e+00 -1.121288e+00 -1.492294e+00 -9.009822e-01 -1.781466e+00 -1.710364e+00
0.000000e+00 7.751877e-01 -1.409601e+00 2.768051e-01 -9.009822e-01 -1.104791e+00 -1.011178e+00
0.000000e+00 1.547633e+00 -5.446629e-01 -1.492294e+00 4.941050e-01 -6.375316e-02 4.574265e-02
0.000000e+00 -1.542149e+00 1.472874e-01 -1.492294e+00 8.428768e-01 -4.281164e-01 -4.948074e-01
0.000000e+00 -1.155926e+00 -6.599880e-01 -9.025945e-01 4.941050e-01 -1.000687e+00 -1.073042e+00
0.000000e+00 -7.697033e-01 4.932626e-01 -1.492294e+00 -9.009822e-01 -1.158051e-01 6.826932e-02
0.000000e+00 -7.697033e-01 -3.716754e-01 -1.492294e+00 -9.009822e-01 -5.322202e-01 -7.257365e-01
0.000000e+00 1.161410e+00 -7.176505e-01 2.768051e-01 4.941050e-01 -1.678569e-01 -1.869170e-01
0.000000e+00 7.751877e-01 2.626125e-01 -1.492294e+00 -9.009822e-01 5.608696e-01 4.495133e-01
0.000000e+00 3.889649e-01 1.242875e+00 1.456205e+00 -1.249754e+00 1.237544e+00 1.314916e+00
0.000000e+00 -3.834806e-01 7.239127e-01 -3.128947e-01 4.941050e-01 4.047139e-01 5.186518e-01
0.000000e+00 1.547633e+00 3.779375e-01 -3.128947e-01 -9.009822e-01 8.731809e-01 9.014610e-01
0.000000e+00 -1.542149e+00 -6.599880e-01 2.768051e-01 -2.034386e-01 -1.156843e+00 -1.192102e+00
0.000000e+00 -1.155926e+00 1.300538e+00 -3.128947e-01 4.941050e-01 7.690771e-01 7.514995e-01
0.000000e+00 -3.834806e-01 -3.716754e-01 -9.025945e-01 -1.249754e+00 -4.281164e-01 -5.628993e-01
0.000000e+00 -7.697033e-01 1.473526e+00 1.456205e+00 8.428768e-01 9.252328e-01 1.143135e+00
0.000000e+00 -1.542149e+00 2.049499e-01 1.456205e+00 -1.249754e+00 -2.719607e-01 -3.791146e-01
0.000000e+00 2.742182e-03 -4.870004e-01 2.768051e-01 -5.522104e-01 -3.760645e-01 -4.505252e-01
0.000000e+00 7.751877e-01 -1.524926e+00 -1.492294e+00 -5.522104e-01 -1.156843e+00 -1.181229e+00
0.000000e+00 -1.155926e+00 1.531188e+00 -3.128947e-01 8.428768e-01 8.731809e-01 9.734374e-01
0.000000e+00 2.742182e-03 -1.178951e+00 -9.025945e-01 -1.598526e+00 -1.260947e+00 -1.165930e+00
0.000000e+00 3.889649e-01 -1.640251e+00 2.768051e-01 1.191649e+00 -1.208895e+00 -1.309940e+00
0.000000e+00 7.751877e-01 -1.294276e+00 2.768051e-01 1.453332e-01 -1.104791e+00 -8.747019e-01
0.000000e+00 -1.542149e+00 1.472874e-01 -1.492294e+00 -5.522104e-01 -7.404278e-01 -5.356194e-01
0.000000e+00 7.751877e-01 1.646513e+00 8.665048e-01 1.453332e-01 1.862167e+00 1.849713e+00
0.000000e+00 -3.834806e-01 4.356000e-01 -3.128947e-01 1.453332e-01 3.006101e-01 2.437802e-01
0.000000e+00 1.161410e+00 7.239127e-01 -9.025945e-01 1.191649e+00 1.029337e+00 1.107241e+00
0.000000e+00 -3.834806e-01 1.646513e+00 2.768051e-01 -5.522104e-01 1.289596e+00 1.359778e+00
0.000000e+00 3.889649e-01 -1.410252e-01 -3.128947e-01 8.428768e-01 9.240252e-02 3.133839e-02
0.000000e+00 1.547633e+00 -1.178951e+00 -9.025945e-01 -1.598526e+00 -4.801683e-01 -5.729508e-01
0.000000e+00 2.742182e-03 8.392377e-01 1.456205e+00 1.453332e-01 8.211290e-01 8.369472e-01
0.000000e+00 -3.834806e-01 -1.697914e+00 1.456205e+00 -2.034386e-01 -1.781466e+00 -1.650584e+00
0.000000e+00 1.161410e+00 2.049499e-01 -9.025945e-01 -9.009822e-01 7.170252e-01 5.696197e-01
0.000000e+00 1.547633e+00 -1.582588e+00 1.456205e+00 -5.522104e-01 -9.486353e-01 -8.136962e-01
0.000000e+00 -3.834806e-01 -1.236613e+00 2.768051e-01 8.428768e-01 -1.208895e+00 -1.246096e+00
0.000000e+00 -7.697033e-01 -1.467263e+00 -3.128947e-01 1.540420e+00 -1.521206e+00 -1.610465e+00
0.000000e+00 1.161410e+00 6.662501e-01 -9.025945e-01 -1.249754e+00 9.772847e-01 9.828865e-01
0.000000e+00 2.742182e-03 -1.178951e+00 2.768051e-01 8.428768e-01 -1.104791e+00 -1.044918e+00
0.000000e+00 -1.155926e+00 -1.063626e+00 -3.128947e-01 4.941050e-01 -1.625310e+00 -1.418783e+00
0.000000e+00 1.547633e+00 -7.176505e-01 -3.128947e-01 -1.598526e+00 -1.158051e-01 -1.246856e-01
0.000000e+00 -7.697033e-01 1.588851e+00 2.768051e-01 -1.249754e+00 9.772847e-01 1.138193e+00
0.000000e+00 -1.155926e+00 -5.446629e-01 -3.128947e-01 4.941050e-01 -9.486353e-01 -9.423795e-01
0.000000e+00 -1.542149e+00 -5.446629e-01 8.665048e-01 -9.009822e-01 -1.260947e+00 -1.081845e+00
0.000000e+00 1.161410e+00 -1.697914e+00 -9.025945e-01 -1.249754e+00 -1.365050e+00 -1.187396e+00
0.000000e+00 -7.697033e-01 -1.582588e+00 -9.025945e-01 -1.598526e+00 -1.781466e+00 -1.832955e+00
0.000000e+00 7.751877e-01 -1.467263e+00 -3.128947e-01 4.941050e-01 -9.486353e-01 -1.048095e+00
0.000000e+00 -1.542149e+00 -3.140128e-01 2.768051e-01 -9.009822e-01 -9.486353e-01 -8.949059e-01
0.000000e+00 -1.542149e+00 1.588851e+00 -1.492294e+00 1.453332e-01 9.252328e-01 8.081296e-01
0.000000e+00 1.547633e+00 1.069888e+00 1.456205e+00 1.540420e+00 1.653959e+00 1.682473e+00
0.000000e+00 1.161410e+00 -1.294276e+00 -3.128947e-01 8.428768e-01 -5.322202e-01 -7.308466e-01
0.000000e+00 -7.697033e-01 -7.753131e-01 -1.492294e+00 1.453332e-01 -1.208895e+00 -1.065664e+00
0.000000e+00 3.889649e-01 -1.236613e+00 -3.128947e-01 4.941050e-01 -1.052739e+00 -9.846053e-01
0.000000e+00 -7.697033e-01 8.962487e-02 -1.492294e+00 1.453332e-01 -1.678569e-01 -2.716577e-01
0.000000e+00 -3.834806e-01 -1.409601e+00 -3.128947e-01 4.941050e-01 -1.469154e+00 -1.439896e+00
0.000000e+00 -1.542149e+00 1.069888e+00 2.768051e-01 -2.034386e-01 5.088177e-01 3.959094e-01
0.000000e+00 2.742182e-03 5.509251e-01 1.456205e+00 1.191649e+00 4.567658e-01 6.028876e-01
0.000000e+00 -1.542149e+00 -5.446629e-01 -1.492294e+00 -9.009822e-01 -1.312999e+00 -1.181027e+00
0.000000e+00 -1.542149e+00 -1.351938e+00 8.665048e-01 1.453332e-01 -1.729414e+00 -1.792308e+00
0.000000e+00 7.751877e-01 -1.351938e+00 2.768051e-01 1.191649e+00 -1.052739e+00 -8.970266e-01
0.000000e+00 3.889649e-01 9.545628e-01 1.456205e+00 -1.598526e+00 8.731809e-01 1.040044e+00
0.000000e+00 -1.155926e+00 4.932626e-01 -3.128947e-01 -2.034386e-01 -1.170127e-02 -9.978550e-03
0.000000e+00 -1.155926e+00 1.358200e+00 -1.492294e+00 -5.522104e-01 8.211290e-01 7.242334e-01
0.000000e+00 7.751877e-01 -1.986878e-01 1.456205e+00 1.191649e+00 2.485582e-01 2.112387e-01
0.000000e+00 -1.542149e+00 -1.294276e+00 -9.025945e-01 -1.598526e+00 -1.885569e+00 -1.864776e+00
0.000000e+00 -1.155926e+00 -1.236613e+00 2.768051e-01 -5.522104e-01 -1.573258e+00 -1.583398e+00
0.000000e+00 1.161410e+00 -1.410252e-01 -1.492294e+00 -1.598526e+00 -1.170127e-02 2.068160e-01
0.000000e+00 3.889649e-01 -8.906381e-01 2.768051e-01 -9.009822e-01 -7.404278e-01 -6.830195e-01
0.000000e+00 -1.155926e+00 -1.640251e+00 -1.492294e+00 -5.522104e-01 -1.989673e+00 -2.028320e+00
0.000000e+00 7.751877e-01 -1.351938e+00 -9.025945e-01 -1.598526e+00 -1.000687e+00 -1.028241e+00
0.000000e+00 -3.834806e-01 9.545628e-01 8.665048e-01 -2.034386e-01 8.211290e-01 7.595715e-01
0.000000e+00 -1.155926e+00 -7.176505e-01 -9.025945e-01 1.453332e-01 -1.052739e+00 -1.136179e+00
0.000000e+00 3.889649e-01 -4.870004e-01 -3.128947e-01 -1.598526e+00 -3.760645e-01 -3.576849e-01
0.000000e+00 1.547633e+00 1.127550e+00 2.768051e-01 1.540420e+00 1.393700e+00 1.685816e+00
0.000000e+00 1.547633e+00 -1.178951e+00 8.665048e-01 1.540420e+00 -3.760645e-01 -4.067376e-01
0.000000e+00 1.161410e+00 1.358200e+00 2.768051e-01 -5.522104e-01 1.601907e+00 1.688088e+00
0.000000e+00 -7.697033e-01 1.127550e+00 1.456205e+00 -5.522104e-01 7.170252e-01 7.847204e-01
0.000000e+00 -7.697033e-01 1.472874e-01 -1.492294e+00 -1.598526e+00 -2.719607e-01 -2.697390e-01
0.000000e+00 -1.155926e+00 -1.351938e+00 -3.128947e-01 -1.249754e+00 -1.729414e+00 -1.734467e+00
0.000000e+00 2.742182e-03 -1.582588e+00 -3.128947e-01 1.540420e+00 -1.573258e+00 -1.419843e+00
0.000000e+00 -3.834806e-01 -9.483006e-01 2.768051e-01 -2.034386e-01 -1.156843e+00 -1.012037e+00
0.000000e+00 7.751877e-01 7.815752e-01 -3.128947e-01 -1.249754e+00 8.211290e-01 9.653046e-01
0.000000e+00 -3.834806e-01 8.969003e-01 2.768051e-01 -9.009822e-01 7.690771e-01 6.614364e-01
0.000000e+00 1.547633e+00 3.202750e-01 -1.492294e+00 1.191649e+00 8.211290e-01 8.601544e-01
0.000000e+00 -1.155926e+00 -1.005963e+00 -1.492294e+00 -2.034386e-01 -1.417102e+00 -1.435846e+00
0.000000e+00 3.889649e-01 -8.329756e-01 2.768051e-01 -1.598526e+00 -5.842721e-01 -6.504918e-01
0.000000e+00 7.751877e-01 -8.329756e-01 -9.025945e-01 -2.034386e-01 -4.801683e-01 -5.110260e-01
0.000000e+00 -3.834806e-01 1.358200e+00 -9.025945e-01 -9.009822e-01 1.081388e+00 1.035315e+00
0.000000e+00 3.889649e-01 -1.467263e+00 -1.492294e+00 -1.598526e+00 -1.365050e+00 -1.307149e+00
0.000000e+00 7.751877e-01 1.242875e+00 8.665048e-01 -9.009822e-01 1.497804e+00 1.448568e+00
0.000000e+00 -3.834806e-01 -3.140128e-01 -9.025945e-01 1.453332e-01 -4.281164e-01 -4.691536e-01
0.000000e+00 1.161410e+00 4.356000e-01 2.768051e-01 1.540420e+00 7.690771e-01 9.023664e-01
0.000000e+00 1.547633e+00 4.356000e-01 -1.492294e+00 -2.034386e-01 9.252328e-01 9.252099e-01
0.000000e+00 -1.542149e+00 1.127550e+00 -3.128947e-01 -1.598526e+00 4.047139e-01 3.832357e-01
0.000000e+00 7.751877e-01 4.356000e-01 -3.128947e-01 -1.249754e+00 6.649733e-01 6.477023e-01
0.000000e+00 1.547633e+00 4.932626e-01 -9.025945e-01 -2.034386e-01 9.772847e-01 1.002939e+00
0.000000e+00 2.742182e-03 1.473526e+00 8.665048e-01 1.191649e+00 1.393700e+00 1.425032e+00
0.000000e+00 -1.155926e+00 1.473526e+00 1.456205e+00 -2.034386e-01 1.133440e+00 9.642810e-01
0.000000e+00 3.889649e-01 1.012225e+00 -9.025945e-01 -2.034386e-01 1.133440e+00 1.034608e+00
0.000000e+00 7.751877e-01 6.085876e-01 8.665048e-01 -1.598526e+00 8.211290e-01 8.458913e-01
0.000000e+00 -1.155926e+00 -2.563503e-01 -9.025945e-01 -2.034386e-01 -8.445316e-01 -7.229123e-01
0.000000e+00 -1.155926e+00 1.646513e+00 -3.128947e-01 8.428768e-01 1.133440e+00 1.079305e+00
0.000000e+00 -1.542149e+00 -1.005963e+00 8.665048e-01 1.191649e+00 -1.573258e+00 -1.444097e+00
0.000000e+00 -3.834806e-01 7.815752e-01 -3.128947e-01 1.540420e+00 4.047139e-01 6.021945e-01
0.000000e+00 7.751877e-01 1.185213e+00 2.768051e-01 -9.009822e-01 1.289596e+00 1.370839e+00
0.000000e+00 1.547633e+00 -2.563503e-01 2.768051e-01 -5.522104e-01 3.526620e-01 3.541885e-01
0.000000e+00 -7.697033e-01 1.415863e+00 -1.492294e+00 4.941050e-01 1.029337e+00 9.560208e-01
0.000000e+00 7.751877e-01 1.415863e+00 -3.128947e-01 4.941050e-01 1.706011e+00 1.598591e+00
0.000000e+00 7.751877e-01 -1.697914e+00 -3.128947e-01 -1.598526e+00 -1.260947e+00 -1.321048e+00
0.000000e+00 7.751877e-01 -1.294276e+00 -1.492294e+00 1.453332e-01 -1.000687e+00 -9.490881e-01
0.000000e+00 -1.155926e+00 -1.524926e+00 2.768051e-01 1.191649e+00 -1.781466e+00 -1.797051e+00
0.000000e+00 3.889649e-01 -5.446629e-01 2.768051e-01 -2.034386e-01 -2.719607e-01 -3.450112e-01
0.000000e+00 -1.155926e+00 -4.870004e-01 8.665048e-01 8.428768e-01 -7.924797e-01 -8.296520e-01
0.000000e+00 3.889649e-01 1.185213e+00 8.665048e-01 1.540420e+00 1.341648e+00 1.318811e+00
0.000000e+00 -7.697033e-01 1.300538e+00 1.456205e+00 1.191649e+00 1.029337e+00 9.945365e-01
0.000000e+00 -1.155926e+00 1.588851e+00 2.768051e-01 1.540420e+00 1.081388e+00 1.071573e+00
0.000000e+00 3.889649e-01 3.779375e-01 1.456205e+00 1.540420e+00 5.608696e-01 6.025341e-01
0.000000e+00 -1.155926e+00 1.069888e+00 -9.025945e-01 -9.009822e-01 1.965063e-01 4.741572e-01
0.000000e+00 2.742182e-03 -1.582588e+00 -3.128947e-01 -1.598526e+00 -1.521206e+00 -1.511670e+00
0.000000e+00 -1.155926e+00 -6.599880e-01 8.665048e-01 -1.249754e+00 -1.156843e+00 -1.049671e+00
0.000000e+00 -7.697033e-01 -1.697914e+00 -9.025945e-01 -2.034386e-01 -1.885569e+00 -1.898011e+00
0.000000e+00 -7.697033e-01 -8.336272e-02 8.665048e-01 1.540420e+00 -3.240126e-01 -2.904652e-01
0.000000e+00 3.889649e-01 -4.293379e-01 -1.492294e+00 4.941050e-01 -2.719607e-01 -2.931241e-01
0.000000e+00 3.889649e-01 1.472874e-01 -3.128947e-01 1.453332e-01 4.035063e-02 2.756010e-01
0.000000e+00 -7.697033e-01 1.415863e+00 1.456205e+00 -5.522104e-01 9.772847e-01 1.049389e+00
0.000000e+00 -7.697033e-01 1.242875e+00 1.456205e+00 1.191649e+00 8.731809e-01 9.416028e-01
0.000000e+00 -1.542149e+00 6.085876e-01 8.665048e-01 -5.522104e-01 -1.158051e-01 -1.296797e-02
0.000000e+00 7.751877e-01 -4.293379e-01 2.768051e-01 -9.009822e-01 2.485582e-01 -1.113051e-01
0.000000e+00 1.161410e+00 -1.467263e+00 1.456205e+00 -2.034386e-01 -1.052739e+00 -8.458705e-01
0.000000e+00 -1.155926e+00 -1.351938e+00 -1.492294e+00 -5.522104e-01 -1.729414e+00 -1.763651e+00
0.000000e+00 -3.834806e-01 1.531188e+00 -1.492294e+00 -1.249754e+00 1.289596e+00 1.159118e+00
0.000000e+00 7.751877e-01 1.588851e+00 2.768051e-01 -9.009822e-01 1.706011e+00 1.741375e+00
0.000000e+00 1.161410e+00 -1.409601e+00 -1.492294e+00 4.941050e-01 -8.445316e-01 -8.965079e-01
0.000000e+00 -1.542149e+00 1.069888e+00 -3.128947e-01 -1.249754e+00 4.047139e-01 3.405049e-01
0.000000e+00 -3.834806e-01 -4.870004e-01 8.665048e-01 -1.598526e+00 -5.842721e-01 -6.045835e-01
0.000000e+00 3.889649e-01 1.069888e+00 -1.492294e+00 -1.249754e+00 8.731809e-01 1.032138e+00
0.000000e+00 -7.697033e-01 -1.005963e+00 -3.128947e-01 8.428768e-01 -1.156843e+00 -1.207402e+00
0.000000e+00 2.742182e-03 -1.063626e+00 2.768051e-01 8.428768e-01 -8.445316e-01 -9.390504e-01
0.000000e+00 1.547633e+00 -1.524926e+00 8.665048e-01 1.540420e+00 -5.322202e-01 -7.243399e-01
0.000000e+00 -7.697033e-01 -1.294276e+00 2.768051e-01 -1.249754e+00 -1.677362e+00 -1.508493e+00
0.000000e+00 2.742182e-03 3.779375e-01 8.665048e-01 1.453332e-01 4.047139e-01 3.886820e-01
0.000000e+00 1.161410e+00 3.196234e-02 -1.492294e+00 4.941050e-01 4.047139e-01 4.268351e-01
0.000000e+00 3.889649e-01 3.779375e-01 -1.492294e+00 -1.598526e+00 4.047139e-01 3.867300e-01
0.000000e+00 -3.834806e-01 8.392377e-01 8.665048e-01 4.941050e-01 4.567658e-01 6.741100e-01
0.000000e+00 1.161410e+00 -2.563503e-01 -3.128947e-01 8.428768e-01 3.526620e-01 2.219604e-01
0.000000e+00 -7.697033e-01 7.239127e-01 -3.128947e-01 1.191649e+00 4.567658e-01 3.908130e-01
0.000000e+00 -7.697033e-01 -1.294276e+00 -3.128947e-01 8.428768e-01 -1.417102e+00 -1.472070e+00
0.000000e+00 -3.834806e-01 5.509251e-01 -9.025945e-01 -9.009822e-01 2.485582e-01 2.942432e-01
0.000000e+00 1.547633e+00 1.472874e-01 1.456205e+00 8.428768e-01 7.690771e-01 8.151274e-01
0.000000e+00 2.742182e-03 8.392377e-01 1.456205e+00 -9.009822e-01 7.690771e-01 8.063382e-01
0.000000e+00 1.161410e+00 -8.336272e-02 1.456205e+00 1.453332e-01 2.485582e-01 4.347418e-01
0.000000e+00 3.889649e-01 -1.467263e+00 -3.128947e-01 -5.522104e-01 -1.156843e+00 -1.226949e+00
0.000000e+00 -7.697033e-01 -1.410252e-01 -1.492294e+00 4.941050e-01 -4.801683e-01 -4.731896e-01
0.000000e+00 1.161410e+00 1.300538e+00 -9.025945e-01 8.428768e-01 1.706011e+00 1.626375e+00
0.000000e+00 1.547633e+00 5.509251e-01 -3.128947e-01 1.540420e+00 1.185492e+00 1.131683e+00
0.000000e+00 1.161410e+00 -7.753131e-01 -1.492294e+00 1.453332e-01 -4.281164e-01 -3.244399e-01
0.000000e+00 -3.834806e-01 1.415863e+00 -9.025945e-01 1.540420e+00 1.029337e+00 1.159670e+00
0.000000e+00 3.889649e-01 -4.293379e-01 -1.492294e+00 -5.522104e-01 -2.199088e-01 -3.237331e-01
0.000000e+00 -1.542149e+00 8.392377e-01 8.665048e-01 8.428768e-01 3.006101e-01 2.395789e-01
0.000000e+00 -3.834806e-01 -1.236613e+00 -1.492294e+00 4.941050e-01 -1.365050e+00 -1.330686e+00
0.000000e+00 1.161410e+00 -1.640251e+00 -9.025945e-01 1.540420e+00 -1.000687e+00 -1.052838e+00
0.000000e+00 -1.542149e+00 8.962487e-02 -3.128947e-01 8.428768e-01 -5.842721e-01 -4.981503e-01
0.000000e+00 -7.697033e-01 1.185213e+00 1.456205e+00 1.540420e+00 1.029337e+00 8.988721e-01
0.000000e+00 -1.542149e+00 1.242875e+00 -9.025945e-01 4.941050e-01 4.047139e-01 5.255257e-01
0.000000e+00 1.547633e+00 1.069888e+00 -3.128947e-01 -9.009822e-01 1.549856e+00 1.536666e+00
0.000000e+00 -1.155926e+00 3.196234e-02 -3.128947e-01 -9.009822e-01 -4.801683e-01 -4.538543e-01
0.000000e+00 1.547633e+00 -1.351938e+00 2.768051e-01 1.191649e+00 -5.842721e-01 -6.005372e-01
0.000000e+00 -3.834806e-01 -2.570019e-02 8.665048e-01 4.941050e-01 -1.170127e-02 -1.198958e-01
0.000000e+00 -1.155926e+00 1.588851e+00 2.768051e-01 -1.598526e+00 1.081388e+00 9.797456e-01
0.000000e+00 -3.834806e-01 -1.582588e+00 1.456205e+00 -9.009822e-01 -1.573258e+00 -1.565123e+00
0.000000e+00 3.889649e-01 1.185213e+00 -9.025945e-01 -1.598526e+00 9.772847e-01 1.152598e+00
0.000000e+00 7.751877e-01 1.185213e+00 2.768051e-01 1.453332e-01 1.237544e+00 1.401448e+00
0.000000e+00 -7.697033e-01 1.473526e+00 1.456205e+00 -1.249754e+00 1.029337e+00 1.081917e+00
0.000000e+00 -7.697033e-01 -1.236613e+00 -3.128947e-01 4.941050e-01 -1.417102e+00 -1.429339e+00
0.000000e+00 1.161410e+00 -1.178951e+00 -9.025945e-01 8.428768e-01 -5.842721e-01 -6.497746e-01
0.000000e+00 2.742182e-03 8.969003e-01 2.768051e-01 1.453332e-01 8.731809e-01 8.402901e-01
0.000000e+00 -3.834806e-01 1.127550e+00 -1.492294e+00 -2.034386e-01 8.731809e-01 8.191910e-01
0.000000e+00 7.751877e-01 1.588851e+00 1.456205e+00 1.540420e+00 2.018323e+00 1.862387e+00
0.000000e+00 7.751877e-01 9.545628e-01 1.456205e+00 -5.522104e-01 1.237544e+00 1.218898e+00
0.000000e+00 1.547633e+00 -2.563503e-01 8.665048e-01 1.191649e+00 4.567658e-01 4.299989e-01
0.000000e+00 1.547633e+00 -1.697914e+00 -1.492294e+00 8.428768e-01 -1.052739e+00 -1.002729e+00
0.000000e+00 2.742182e-03 -2.570019e-02 -9.025945e-01 -2.034386e-01 -6.375316e-02 -6.644331e-02
0.000000e+00 1.161410e+00 1.531188e+00 2.768051e-01 -1.598526e+00 1.810115e+00 1.816280e+00
0.000000e+00 -1.542149e+00 4.356000e-01 -3.128947e-01 8.428768e-01 -1.678569e-01 -1.805480e-01
0.000000e+00 1.547633e+00 -8.906381e-01 2.768051e-01 8.428768e-01 -2.719607e-01 -1.872704e-01
0.000000e+00 1.161410e+00 -3.140128e-01 -9.025945e-01 4.941050e-01 1.444544e-01 1.340282e-01
0.000000e+00 3.889649e-01 -1.409601e+00 -9.025945e-01 4.941050e-01 -1.156843e+00 -1.168202e+00
0.000000e+00 -7.697033e-01 -7.176505e-01 -9.025945e-01 8.428768e-01 -8.965834e-01 -9.675284e-01
0.000000e+00 -7.697033e-01 -1.697914e+00 -9.025945e-01 -1.598526e+00 -1.989673e+00 -1.938823e+00
0.000000e+00 1.161410e+00 1.473526e+00 1.456205e+00 -9.009822e-01 1.810115e+00 1.833343e+00
0.000000e+00 2.742182e-03 -1.582588e+00 2.768051e-01 -5.522104e-01 -1.208895e+00 -1.456266e+00
0.000000e+00 7.751877e-01 -7.753131e-01 -1.492294e+00 1.453332e-01 -4.801683e-01 -4.726847e-01
0.000000e+00 2.742182e-03 1.012225e+00 -3.128947e-01 1.540420e+00 1.081388e+00 9.621741e-01
0.000000e+00 1.161410e+00 -1.294276e+00 -3.128947e-01 1.540420e+00 -5.322202e-01 -7.104406e-01
0.000000e+00 -3.834806e-01 1.704176e+00 8.665048e-01 1.191649e+00 1.341648e+00 1.488522e+00
0.000000e+00 -1.155926e+00 1.069888e+00 1.456205e+00 -5.522104e-01 5.608696e-01 5.835419e-01
0.000000e+00 -7.697033e-01 5.509251e-01 -9.025945e-01 1.453332e-01 1.965063e-01 1.766075e-01
0.000000e+00 1.161410e+00 -7.753131e-01 -9.025945e-01 1.191649e+00 -6.375316e-02 -2.690355e-01
0.000000e+00 7.751877e-01 -3.140128e-01 -9.025945e-01 1.191649e+00 1.965063e-01 6.189514e-03
0.000000e+00 -1.155926e+00 6.085876e-01 1.456205e+00 1.453332e-01 -1.170127e-02 1.804782e-01
0.000000e+00 3.889649e-01 -1.063626e+00 -1.492294e+00 -2.034386e-01 -1.000687e+00 -8.958010e-01
0.000000e+00 1.547633e+00 -8.336272e-02 -9.025945e-01 -9.009822e-01 5.608696e-01 4.531958e-01
0.000000e+00 -3.834806e-01 -3.140128e-01 8.665048e-01 -2.034386e-01 -4.281164e-01 -4.049703e-01
0.000000e+00 1.547633e+00 1.185213e+00 8.665048e-01 -9.009822e-01 1.758063e+00 1.692124e+00
0.000000e+00 -1.155926e+00 3.202750e-01 -1.492294e+00 -2.034386e-01 -2.719607e-01 -2.183706e-01
0.000000e+00 -1.155926e+00 1.300538e+00 1.456205e+00 1.540420e+00 7.170252e-01 8.564948e-01
0.000000e+00 1.547633e+00 1.358200e+00 -9.025945e-01 1.540420e+00 2.018323e+00 1.847960e+00
0.000000e+00 7.751877e-01 -3.140128e-01 2.768051e-01 -1.598526e+00 -6.375316e-02 -2.584361e-02
0.000000e+00 7.751877e-01 -8.336272e-02 2.768051e-01 1.453332e-01 2.485582e-01 2.369063e-01
0.000000e+00 -1.542149e+00 -1.121288e+00 -3.128947e-01 4.941050e-01 -1.729414e+00 -1.619961e+00
0.000000e+00 3.889649e-01 1.704176e+00 -1.492294e+00 -1.249754e+00 1.497804e+00 1.614409e+00
0.000000e+00 7.751877e-01 -1.524926e+00 2.768051e-01 -9.009822e-01 -1.104791e+00 -1.117046e+00
0.000000e+00 3.889649e-01 -9.483006e-01 -3.128947e-01 1.540420e+00 -7.924797e-01 -6.893277e-01
0.000000e+00 3.889649e-01 8.969003e-01 8.665048e-01 1.191649e+00 1.185492e+00 1.043939e+00
0.000000e+00 -1.155926e+00 4.356000e-01 -3.128947e-01 8.428768e-01 4.035063e-02 -3.230328e-02
0.000000e+00 3.889649e-01 -7.753131e-01 -9.025945e-01 -5.522104e-01 -5.322202e-01 -6.165399e-01
0.000000e+00 -3.834806e-01 -1.640251e+00 -9.025945e-01 8.428768e-01 -1.677362e+00 -1.666223e+00
0.000000e+00 1.547633e+00 -1.294276e+00 8.665048e-01 8.428768e-01 -5.322202e-01 -5.330110e-01
0.000000e+00 -1.542149e+00 3.202750e-01 -1.492294e+00 1.453332e-01 -2.719607e-01 -3.564123e-01
0.000000e+00 1.161410e+00 -1.178951e+00 1.456205e+00 -1.598526e+00 -9.486353e-01 -6.220138e-01
0.000000e+00 2.742182e-03 -1.351938e+00 -9.025945e-01 -1.249754e+00 -1.365050e+00 -1.314528e+00
0.000000e+00 -1.542149e+00 3.202750e-01 -9.025945e-01 -5.522104e-01 -5.842721e-01 -3.520228e-01
0.000000e+00 -3.834806e-01 -8.329756e-01 -3.128947e-01 -5.522104e-01 -8.965834e-01 -9.411677e-01
0.000000e+00 -1.542149e+00 -9.483006e-01 -3.128947e-01 -1.249754e+00 -1.625310e+00 -1.512175e+00
0.000000e+00 3.889649e-01 -8.329756e-01 -3.128947e-01 1.191649e+00 -6.363240e-01 -5.936633e-01
0.000000e+00 -1.155926e+00 -3.140128e-01 2.768051e-01 -1.249754e+00 -8.445316e-01 -7.568642e-01
0.000000e+00 2.742182e-03 6.085876e-01 8.665048e-01 1.453332e-01 7.690771e-01 6.004169e-01
0.000000e+00 7.751877e-01 -1.524926e+00 -1.492294e+00 -2.034386e-01 -9.486353e-01 -1.171026e+00
0.000000e+00 -1.155926e+00 -8.336272e-02 -3.128947e-01 -5.522104e-01 -4.281164e-01 -5.495187e-01
0.000000e+00 3.889649e-01 1.473526e+00 -1.492294e+00 1.453332e-01 1.549856e+00 1.443486e+00
0.000000e+00 3.889649e-01 -1.409601e+00 -3.128947e-01 -5.522104e-01 -1.208895e+00 -1.174015e+00
0.000000e+00 2.742182e-03 -1.697914e+00 -9.025945e-01 1.191649e+00 -1.625310e+00 -1.560709e+00
0.000000e+00 2.742182e-03 4.932626e-01 -1.492294e+00 1.540420e+00 2.485582e-01 4.361797e-01
0.000000e+00 -7.697033e-01 -1.697914e+00 2.768051e-01 4.941050e-01 -1.833518e+00 -1.828014e+00
0.000000e+00 -1.155926e+00 1.185213e+00 -3.128947e-01 -9.009822e-01 5.608696e-01 6.048201e-01
0.000000e+00 7.751877e-01 5.509251e-01 1.456205e+00 1.540420e+00 9.772847e-01 9.095800e-01
0.000000e+00 -1.542149e+00 1.531188e+00 8.665048e-01 -5.522104e-01 7.690771e-01 8.339715e-01
0.000000e+00 3.889649e-01 -1.582588e+00 -9.025945e-01 -1.598526e+00 -1.573258e+00 -1.388221e+00
0.000000e+00 3.889649e-01 -1.697914e+00 -3.128947e-01 1.453332e-01 -1.573258e+00 -1.418278e+00
0.000000e+00 -7.697033e-01 -1.697914e+00 -1.492294e+00 -1.249754e+00 -1.833518e+00 -1.953415e+00
0.000000e+00 -1.155926e+00 4.932626e-01 -3.128947e-01 -5.522104e-01 1.965063e-01 -2.018155e-02
0.000000e+00 -1.155926e+00 -5.446629e-01 -9.025945e-01 -2.034386e-01 -1.156843e+00 -9.875809e-01
0.000000e+00 1.547633e+00 8.392377e-01 8.665048e-01 8.428768e-01 1.341648e+00 1.425537e+00
0.000000e+00 2.742182e-03 -2.570019e-02 8.665048e-01 -9.009822e-01 -2.199088e-01 -1.246303e-02
0.000000e+00 7.751877e-01 8.962487e-02 8.665048e-01 1.453332e-01 4.567658e-01 4.205028e-01
0.000000e+00 2.742182e-03 1.472874e-01 1.456205e+00 -1.598526e+00 1.444544e-01 1.507276e-01
0.000000e+00 7.751877e-01 1.012225e+00 -9.025945e-01 1.191649e+00 1.185492e+00 1.223665e+00
0.000000e+00 -3.834806e-01 -4.870004e-01 1.456205e+00 -1.598526e+00 -6.363240e-01 -5.797881e-01
0.000000e+00 1.161410e+00 -2.570019e-02 1.456205e+00 -1.249754e+00 4.567658e-01 4.468635e-01
0.000000e+00 7.751877e-01 1.358200e+00 -3.128947e-01 -1.598526e+00 1.549856e+00 1.484439e+00
0.000000e+00 2.742182e-03 8.969003e-01 -9.025945e-01 8.428768e-01 9.252328e-01 8.111052e-01
0.000000e+00 3.889649e-01 -1.524926e+00 -9.025945e-01 -5.522104e-01 -1.208895e+00 -1.304678e+00
0.000000e+00 2.742182e-03 -4.293379e-01 -3.128947e-01 -1.249754e+00 -4.801683e-01 -4.427929e-01
0.000000e+00 7.751877e-01 1.415863e+00 2.768051e-01 4.941050e-01 1.549856e+00 1.623386e+00
0.000000e+00 -1.155926e+00 7.815752e-01 1.456205e+00 8.428768e-01 4.567658e-01 3.596853e-01
0.000000e+00 2.742182e-03 -3.140128e-01 8.665048e-01 1.191649e+00 -2.719607e-01 -2.159136e-01
0.000000e+00 -7.697033e-01 -1.063626e+00 -1.492294e+00 -2.034386e-01 -1.365050e+00 -1.340535e+00
0.000000e+00 1.547633e+00 -7.753131e-01 1.456205e+00 -9.009822e-01 -1.158051e-01 -8.282710e-02
0.000000e+00 3.889649e-01 1.300538e+00 -1.492294e+00 -1.598526e+00 1.445752e+00 1.233670e+00
0.000000e+00 -7.697033e-01 -8.906381e-01 -3.128947e-01 8.428768e-01 -1.000687e+00 -1.101534e+00
0.000000e+00 7.751877e-01 -1.178951e+00 -1.492294e+00 1.453332e-01 -9.486353e-01 -8.432207e-01
0.000000e+00 -3.834806e-01 2.626125e-01 2.768051e-01 -2.034386e-01 9.240252e-02 9.957143e-02
0.000000e+00 -7.697033e-01 1.415863e+00 -9.025945e-01 4.941050e-01 1.029337e+00 9.808163e-01
0.000000e+00 1.161410e+00 1.242875e+00 8.665048e-01 -2.034386e-01 1.497804e+00 1.617219e+00
0.000000e+00 -3.834806e-01 1.242875e+00 -1.492294e+00 -5.522104e-01 9.772847e-01 9.148554e-01
0.000000e+00 -1.542149e+00 -8.336272e-02 -1.492294e+00 -2.034386e-01 -7.924797e-01 -7.371513e-01
0.000000e+00 3.889649e-01 -1.063626e+00 -3.128947e-01 4.941050e-01 -9.486353e-01 -8.258041e-01
0.000000e+00 -1.542149e+00 -1.697914e+00 -3.128947e-01 1.453332e-01 -2.301985e+00 -2.159502e+00
0.000000e+00 2.742182e-03 -1.697914e+00 -9.025945e-01 1.540420e+00 -1.417102e+00 -1.550506e+00
0.000000e+00 7.751877e-01 -1.178951e+00 8.665048e-01 1.540420e+00 -7.924797e-01 -7.032270e-01
0.000000e+00 3.889649e-01 -7.176505e-01 -1.492294e+00 1.191649e+00 -4.281164e-01 -5.373867e-01
0.000000e+00 -1.155926e+00 9.545628e-01 -9.025945e-01 1.540420e+00 5.088177e-01 4.397108e-01
0.000000e+00 -3.834806e-01 -1.640251e+00 8.665048e-01 -1.249754e+00 -1.729414e+00 -1.653055e+00
0.000000e+00 -1.155926e+00 1.069888e+00 -9.025945e-01 4.941050e-01 5.608696e-01 5.149692e-01
0.000000e+00 -1.542149e+00 -1.294276e+00 -1.492294e+00 -1.598526e+00 -1.885569e+00 -1.889571e+00
0.000000e+00 -7.697033e-01 -4.870004e-01 -3.128947e-01 8.428768e-01 -6.363240e-01 -7.309981e-01
0.000000e+00 -7.697033e-01 -4.870004e-01 -3.128947e-01 -5.522104e-01 -7.404278e-01 -7.718101e-01
0.000000e+00 7.751877e-01 -2.563503e-01 -3.128947e-01 8.428768e-01 4.035063e-02 7.371566e-02
0.000000e+00 -1.542149e+00 -2.563503e-01 2.768051e-01 8.428768e-01 -6.883759e-01 -7.909572e-01
0.000000e+00 1.547633e+00 -1.236613e+00 -9.025945e-01 -5.522104e-01 -5.322202e-01 -5.952756e-01
0.000000e+00 3.889649e-01 -5.446629e-01 -1.492294e+00 -5.522104e-01 -4.801683e-01 -4.296005e-01
0.000000e+00 -3.834806e-01 3.196234e-02 -9.025945e-01 -2.034386e-01 -2.199088e-01 -1.617543e-01
0.000000e+00 -7.697033e-01 1.242875e+00 -3.128947e-01 4.941050e-01 9.772847e-01 8.468105e-01
0.000000e+00 -7.697033e-01 7.239127e-01 1.456205e+00 1.453332e-01 6.129215e-01 4.345903e-01
0.000000e+00 -1.155926e+00 -1.409601e+00 1.456205e+00 -1.598526e+00 -1.781466e+00 -1.723217e+00
0.000000e+00 -1.155926e+00 1.473526e+00 -9.025945e-01 1.453332e-01 9.252328e-01 8.753023e-01
0.000000e+00 2.742182e-03 -9.483006e-01 8.665048e-01 -9.009822e-01 -8.445316e-01 -8.594025e-01
0.000000e+00 1.547633e+00 1.472874e-01 1.456205e+00 1.191649e+00 7.170252e-01 8.253304e-01
0.000000e+00 -1.155926e+00 -1.351938e+00 1.456205e+00 -9.009822e-01 -1.625310e+00 -1.649877e+00
0.000000e+00 -1.155926e+00 -3.716754e-01 -9.025945e-01 1.191649e+00 -1.000687e+00 -7.879678e-01
0.000000e+00 3.889649e-01 -1.236613e+00 2.768051e-01 -2.034386e-01 -8.965834e-01 -9.802159e-01
0.000000e+00 -1.155926e+00 -1.121288e+00 2.768051e-01 1.540420e+00 -1.365050e+00 -1.416312e+00
0.000000e+00 -3.834806e-01 1.473526e+00 -3.128947e-01 8.428768e-01 8.731809e-01 1.216993e+00
0.000000e+00 3.889649e-01 -4.293379e-01 -1.492294e+00 1.191649e+00 -3.760645e-01 -2.727181e-01
0.000000e+00 2.742182e-03 1.012225e+00 8.665048e-01 1.191649e+00 8.211290e-01 1.001562e+00
0.000000e+00 -1.542149e+00 1.185213e+00 -1.492294e+00 4.941050e-01 3.006101e-01 4.477965e-01
0.000000e+00 3.889649e-01 -1.640251e+00 -1.492294e+00 1.540420e+00 -1.365050e+00 -1.374123e+00
0.000000e+00 -1.542149e+00 -8.906381e-01 8.665048e-01 -1.598526e+00 -1.260947e+00 -1.419854e+00
0.000000e+00 -7.697033e-01 2.626125e-01 2.768051e-01 8.428768e-01 4.035063e-02 -1.806430e-02
0.000000e+00 2.742182e-03 3.202750e-01 1.456205e+00 4.941050e-01 3.526620e-01 3.707467e-01
0.000000e+00 2.742182e-03 1.242875e+00 -3.128947e-01 -5.522104e-01 1.185492e+00 1.112691e+00
0.000000e+00 3.889649e-01 1.358200e+00 -9.025945e-01 1.453332e-01 1.445752e+00 1.362414e+00
0.000000e+00 1.161410e+00 -1.410252e-01 2.768051e-01 1.540420e+00 5.088177e-01 3.730292e-01
0.000000e+00 2.742182e-03 4.932626e-01 -3.128947e-01 -1.249754e+00 5.088177e-01 4.041466e-01
0.000000e+00 -1.542149e+00 7.815752e-01 1.456205e+00 -5.522104e-01 1.965063e-01 1.706286e-01
0.000000e+00 2.742182e-03 -1.524926e+00 2.768051e-01 8.428768e-01 -1.521206e+00 -1.362520e+00
0.000000e+00 -7.697033e-01 -1.178951e+00 8.665048e-01 -5.522104e-01 -1.208895e+00 -1.357424e+00
0.000000e+00 -3.834806e-01 -1.409601e+00 -1.492294e+00 1.540420e+00 -1.469154e+00 -1.458878e+00
0.000000e+00 1.161410e+00 1.531188e+00 8.665048e-01 -5.522104e-01 1.758063e+00 1.871685e+00
0.000000e+00 7.751877e-01 -2.570019e-02 1.456205e+00 -5.522104e-01 9.240252e-02 3.190248e-01
0.000000e+00 2.742182e-03 1.358200e+00 -9.025945e-01 1.540420e+00 1.133440e+00 1.254981e+00
0.000000e+00 -1.155926e+00 8.969003e-01 8.665048e-01 1.191649e+00 5.088177e-01 4.509603e-01
0.000000e+00 3.889649e-01 2.626125e-01 1.456205e+00 -1.249754e+00 4.047139e-01 4.150427e-01
0.000000e+00 3.889649e-01 1.069888e+00 -1.492294e+00 4.941050e-01 1.185492e+00 1.083153e+00
0.000000e+00 3.889649e-01 7.239127e-01 2.768051e-01 -9.009822e-01 9.772847e-01 7.991246e-01
0.000000e+00 1.547633e+00 -1.178951e+00 -3.128947e-01 -5.522104e-01 -7.404278e-01 -5.175464e-01
0.000000e+00 1.161410e+00 1.588851e+00 1.456205e+00 -1.598526e+00 1.810115e+00 1.918805e+00
0.000000e+00 1.161410e+00 1.300538e+00 1.456205e+00 -9.009822e-01 1.706011e+00 1.674542e+00
0.000000e+00 -1.542149e+00 8.962487e-02 -9.025945e-01 -1.249754e+00 -4.281164e-01 -5.841637e-01
0.000000e+00 2.742182e-03 6.662501e-01 2.768051e-01 1.540420e+00 5.608696e-01 6.693672e-01
0.000000e+00 7.751877e-01 6.662501e-01 1.456205e+00 4.941050e-01 1.029337e+00 9.848385e-01
0.000000e+00 3.889649e-01 -1.582588e+00 1.456205e+00 1.453332e-01 -1.365050e+00 -1.238024e+00
0.000000e+00 2.742182e-03 1.473526e+00 -3.128947e-01 -1.598526e+00 1.289596e+00 1.293817e+00
0.000000e+00 1.161410e+00 -2.563503e-01 -1.492294e+00 8.428768e-01 1.965063e-01 1.723695e-01
0.000000e+00 -7.697033e-01 -8.906381e-01 8.665048e-01 1.191649e+00 -1.104791e+00 -1.041740e+00
0.000000e+00 3.889649e-01 -7.753131e-01 2.768051e-01 -1.598526e+00 -4.281164e-01 -5.975581e-01
0.000000e+00 2.742182e-03 -1.986878e-01 -3.128947e-01 -2.034386e-01 -1.158051e-01 -2.004490e-01
0.000000e+00 1.161410e+00 -7.176505e-01 -3.128947e-01 4.941050e-01 -2.719607e-01 -2.117124e-01
0.000000e+00 -3.834806e-01 1.185213e+00 8.665048e-01 -1.249754e+00 8.731809e-01 9.406974e-01
0.000000e+00 1.161410e+00 -6.599880e-01 2.768051e-01 1.453332e-01 -6.375316e-02 -1.441862e-01
0.000000e+00 -1.155926e+00 -1.063626e+00 2.768051e-01 8.428768e-01 -1.417102e+00 -1.383785e+00
0.000000e+00 1.547633e+00 -3.716754e-01 -1.492294e+00 8.428768e-01 1.965063e-01 2.147468e-01
0.000000e+00 1.547633e+00 -1.467263e+00 2.768051e-01 1.540420e+00 -7.924797e-01 -6.962016e-01
0.000000e+00 3.889649e-01 -3.716754e-01 1.456205e+00 1.540420e+00 -1.170127e-02 -8.560423e-02
0.000000e+00 -3.834806e-01 -1.986878e-01 8.665048e-01 8.428768e-01 -3.240126e-01 -2.684939e-01
0.000000e+00 -3.834806e-01 1.012225e+00 2.768051e-01 1.453332e-01 7.690771e-01 7.979128e-01
0.000000e+00 3.889649e-01 -2.570019e-02 -1.492294e+00 1.453332e-01 9.240252e-02 6.720898e-02
0.000000e+00 2.742182e-03 -8.906381e-01 -3.128947e-01 -9.009822e-01 -8.445316e-01 -8.560597e-01
0.000000e+00 3.889649e-01 9.545628e-01 1.456205e+00 -1.249754e+00 1.029337e+00 1.050247e+00
0.000000e+00 7.751877e-01 1.646513e+00 2.768051e-01 -2.034386e-01 1.653959e+00 1.814715e+00
0.000000e+00 7.751877e-01 4.356000e-01 8.665048e-01 1.191649e+00 7.690771e-01 7.687142e-01
0.000000e+00 1.547633e+00 7.815752e-01 2.768051e-01 -5.522104e-01 1.081388e+00 1.306995e+00
0.000000e+00 1.161410e+00 2.049499e-01 -9.025945e-01 -2.034386e-01 6.649733e-01 5.900257e-01
0.000000e+00 3.889649e-01 -1.986878e-01 -1.492294e+00 1.453332e-01 -1.158051e-01 -9.159218e-02
0.000000e+00 3.889649e-01 -6.023255e-01 -3.128947e-01 1.453332e-01 -3.760645e-01 -4.125374e-01
0.000000e+00 2.742182e-03 6.085876e-01 -9.025945e-01 -5.522104e-01 4.047139e-01 5.056246e-01
0.000000e+00 -1.542149e+00 8.962487e-02 8.665048e-01 -5.522104e-01 -4.281164e-01 -4.893715e-01
0.000000e+00 1.547633e+00 -1.524926e+00 2.768051e-01 8.428768e-01 -8.965834e-01 -7.695413e-01
0.000000e+00 1.547633e+00 -1.467263e+00 -1.492294e+00 -2.034386e-01 -6.363240e-01 -8.216029e-01
0.000000e+00 1.547633e+00 1.300538e+00 1.456205e+00 -2.034386e-01 1.810115e+00 1.843193e+00
0.000000e+00 1.161410e+00 1.588851e+00 2.768051e-01 1.191649e+00 2.070374e+00 1.950838e+00
0.000000e+00 -7.697033e-01 -1.294276e+00 2.768051e-01 -5.522104e-01 -1.625310e+00 -1.488087e+00
0.000000e+00 -1.542149e+00 -4.870004e-01 2.768051e-01 4.941050e-01 -1.052739e+00 -1.012895e+00
0.000000e+00 1.161410e+00 6.662501e-01 1.456205e+00 -2.034386e-01 1.029337e+00 1.112677e+00
0.000000e+00 7.751877e-01 -1.351938e+00 2.768051e-01 1.191649e+00 -9.486353e-01 -8.970266e-01
0.000000e+00 2.742182e-03 -4.870004e-01 -1.492294e+00 8.428768e-01 -4.801683e-01 -4.840995e-01
0.000000e+00 7.751877e-01 8.969003e-01 1.456205e+00 8.428768e-01 1.289596e+00 1.206776e+00
0.000000e+00 -3.834806e-01 -2.570019e-02 1.456205e+00 1.540420e+00 -1.170127e-02 -6.449134e-02
0.000000e+00 1.547633e+00 3.779375e-01 -9.025945e-01 1.540420e+00 8.211290e-01 9.480866e-01
0.000000e+00 -1.155926e+00 -8.329756e-01 8.665048e-01 -9.009822e-01 -1.208895e+00 -1.198269e+00
0.000000e+00 1.547633e+00 -8.906381e-01 1.456205e+00 1.191649e+00 -2.199088e-01 -1.274766e-01
0.000000e+00 1.547633e+00 -1.467263e+00 -9.025945e-01 8.428768e-01 -6.363240e-01 -7.661985e-01
0.000000e+00 2.742182e-03 -1.582588e+00 -1.492294e+00 -9.009822e-01 -1.677362e+00 -1.540855e+00
0.000000e+00 -1.542149e+00 -4.293379e-01 8.665048e-01 1.540420e+00 -9.486353e-01 -9.045570e-01
0.000000e+00 7.751877e-01 -1.178951e+00 1.456205e+00 -1.598526e+00 -7.924797e-01 -7.702586e-01
0.000000e+00 -3.834806e-01 -1.467263e+00 -3.128947e-01 -2.034386e-01 -1.625310e+00 -1.513236e+00
0.000000e+00 1.547633e+00 -4.293379e-01 -9.025945e-01 -5.522104e-01 2.485582e-01 1.457965e-01
0.000000e+00 3.889649e-01 -8.906381e-01 -1.492294e+00 8.428768e-01 -5.842721e-01 -7.063908e-01
0.000000e+00 -7.697033e-01 -7.176505e-01 -1.492294e+00 1.453332e-01 -1.104791e+00 -1.012730e+00
0.000000e+00 3.889649e-01 -3.140128e-01 -1.492294e+00 1.540420e+00 -2.199088e-01 -1.566476e-01
0.000000e+00 3.889649e-01 -1.294276e+00 8.665048e-01 -2.034386e-01 -8.445316e-01 -1.008354e+00
0.000000e+00 2.742182e-03 3.196234e-02 2.768051e-01 1.191649e+00 9.240252e-02 7.689325e-02
0.000000e+00 -1.155926e+00 -5.446629e-01 -3.128947e-01 1.453332e-01 -1.000687e+00 -9.525825e-01
0.000000e+00 -1.155926e+00 -1.640251e+00 8.665048e-01 -9.009822e-01 -2.041725e+00 -1.939341e+00
0.000000e+00 7.751877e-01 -4.870004e-01 8.665048e-01 1.453332e-01 -1.678569e-01 -1.088344e-01
0.000000e+00 -1.155926e+00 -1.294276e+00 1.456205e+00 -5.522104e-01 -1.573258e+00 -1.586741e+00
0.000000e+00 3.889649e-01 -4.293379e-01 -9.025945e-01 -2.034386e-01 -2.199088e-01 -2.887346e-01
0.000000e+00 2.742182e-03 8.962487e-02 -3.128947e-01 1.453332e-01 4.035063e-02 7.442256e-02
0.000000e+00 -3.834806e-01 -1.294276e+00 -1.492294e+00 1.191649e+00 -1.469154e+00 -1.363213e+00
0.000000e+00 7.751877e-01 -1.524926e+00 8.665048e-01 -9.009822e-01 -1.156843e+00 -1.092250e+00
0.000000e+00 1.161410e+00 -2.570019e-02 -3.128947e-01 -1.598526e+00 2.485582e-01 3.622743e-01
0.000000e+00 -3.834806e-01 -6.599880e-01 -9.025945e-01 -1.249754e+00 -8.445316e-01 -8.275679e-01
0.000000e+00 -1.542149e+00 -4.293379e-01 2.768051e-01 8.428768e-01 -7.404278e-01 -9.497584e-01
0.000000e+00 -1.542149e+00 -7.176505e-01 -3.128947e-01 -5.522104e-01 -1.052739e+00 -1.280034e+00
0.000000e+00 -1.542149e+00 1.300538e+00 -1.492294e+00 4.941050e-01 6.129215e-01 5.536640e-01
0.000000e+00 -1.542149e+00 -8.336272e-02 8.665048e-01 -1.249754e+00 -8.445316e-01 -6.685786e-01
0.000000e+00 2.742182e-03 -4.293379e-01 2.768051e-01 1.540420e+00 -2.199088e-01 -3.363735e-01
0.000000e+00 -3.834806e-01 1.472874e-01 -9.025945e-01 8.428768e-01 4.035063e-02 -2.527787e-02
0.000000e+00 1.547633e+00 1.242875e+00 -1.492294e+00 1.540420e+00 1.966271e+00 1.717297e+00
0.000000e+00 -7.697033e-01 9.545628e-01 2.768051e-01 1.191649e+00 6.649733e-01 6.273433e-01
0.000000e+00 7.751877e-01 -7.176505e-01 1.456205e+00 4.941050e-01 -3.240126e-01 -2.855708e-01
0.000000e+00 1.161410e+00 1.358200e+00 1.456205e+00 1.540420e+00 1.706011e+00 1.798897e+00
0.000000e+00 3.889649e-01 7.815752e-01 -9.025945e-01 -1.598526e+00 8.731809e-01 7.820615e-01
0.000000e+00 -1.542149e+00 1.472874e-01 -1.492294e+00 -1.249754e+00 -5.842721e-01 -5.560254e-01
0.000000e+00 1.161410e+00 -1.351938e+00 8.665048e-01 1.191649e+00 -7.404278e-01 -7.239865e-01
0.000000e+00 -7.697033e-01 1.185213e+00 -9.025945e-01 1.540420e+00 7.170252e-01 7.996904e-01
0.000000e+00 1.161410e+00 -1.410252e-01 2.768051e-01 4.941050e-01 5.608696e-01 3.424202e-01
0.000000e+00 -3.834806e-01 -1.697914e+00 -1.492294e+00 -9.009822e-01 -1.833518e+00 -1.794967e+00
0.000000e+00 1.161410e+00 1.473526e+00 1.456205e+00 -2.034386e-01 1.914219e+00 1.853749e+00
0.000000e+00 -1.542149e+00 4.932626e-01 1.456205e+00 -1.598526e+00 -1.158051e-01 -1.246490e-01
0.000000e+00 -7.697033e-01 2.049499e-01 -3.128947e-01 1.540420e+00 -2.719607e-01 -7.538745e-02
0.000000e+00 3.889649e-01 4.932626e-01 -1.492294e+00 -9.009822e-01 7.690771e-01 5.130035e-01
0.000000e+00 1.547633e+00 -6.599880e-01 2.768051e-01 -5.522104e-01 -2.199088e-01 -1.634751e-02
0.000000e+00 -1.155926e+00 3.196234e-02 2.768051e-01 -5.522104e-01 -5.322202e-01 -4.188559e-01
0.000000e+00 -1.542149e+00 -1.005963e+00 -3.128947e-01 4.941050e-01 -1.573258e+00 -1.514094e+00
0.000000e+00 -7.697033e-01 1.531188e+00 2.768051e-01 -2.034386e-01 1.029337e+00 1.115869e+00
0.000000e+00 -3.834806e-01 -3.716754e-01 -1.492294e+00 1.191649e+00 -5.322202e-01 -5.162738e-01
0.000000e+00 2.742182e-03 -1.467263e+00 1.456205e+00 4.941050e-01 -1.365050e+00 -1.270199e+00
0.000000e+00 -7.697033e-01 -4.293379e-01 -9.025945e-01 -1.249754e+00 -6.363240e-01 -7.640778e-01
0.000000e+00 -1.155926e+00 -6.599880e-01 1.456205e+00 8.428768e-01 -8.965834e-01 -9.636577e-01
0.000000e+00 -1.155926e+00 -1.697914e+00 1.456205e+00 -1.249754e+00 -2.041725e+00 -1.977683e+00
0.000000e+00 7.751877e-01 1.472874e-01 -1.492294e+00 4.941050e-01 3.006101e-01 3.844579e-01
0.000000e+00 1.547633e+00 1.646513e+00 2.768051e-01 -2.034386e-01 2.070374e+00 2.111204e+00
0.000000e+00 -1.155926e+00 1.127550e+00 -3.128947e-01 1.540420e+00 5.088177e-01 6.233074e-01
0.000000e+00 7.751877e-01 1.473526e+00 -3.128947e-01 1.453332e-01 1.549856e+00 1.641321e+00
0.000000e+00 7.751877e-01 1.472874e-01 8.665048e-01 -5.522104e-01 5.608696e-01 4.530306e-01
0.000000e+00 7.751877e-01 8.962487e-02 -3.128947e-01 -2.034386e-01 3.006101e-01 3.607090e-01
0.000000e+00 -7.697033e-01 1.646513e+00 -3.128947e-01 -2.034386e-01 1.237544e+00 1.196941e+00
0.000000e+00 7.751877e-01 -1.410252e-01 2.768051e-01 4.941050e-01 1.965063e-01 1.941755e-01
0.000000e+00 -1.542149e+00 3.779375e-01 -9.025945e-01 -5.522104e-01 -1.678569e-01 -2.990891e-01
0.000000e+00 -1.542149e+00 6.085876e-01 -9.025945e-01 -2.034386e-01 4.035063e-02 -7.715125e-02
0.000000e+00 2.742182e-03 -1.063626e+00 2.768051e-01 -5.522104e-01 -9.486353e-01 -9.798624e-01
0.000000e+00 -1.155926e+00 -1.236613e+00 -3.128947e-01 -5.522104e-01 -1.365050e+00 -1.608193e+00
0.000000e+00 1.547633e+00 1.127550e+00 -1.492294e+00 8.428768e-01 1.497804e+00 1.591024e+00
0.000000e+00 7.751877e-01 1.415863e+00 1.456205e+00 -2.034386e-01 1.653959e+00 1.652571e+00
0.000000e+00 -3.834806e-01 -1.121288e+00 1.456205e+00 1.191649e+00 -1.000687e+00 -1.080435e+00
0.000000e+00 -3.834806e-01 1.472874e-01 -9.025945e-01 -2.034386e-01 4.035063e-02 -5.588686e-02
0.000000e+00 -1.155926e+00 -6.599880e-01 2.768051e-01 8.428768e-01 -1.104791e+00 -1.013249e+00
0.000000e+00 2.742182e-03 1.358200e+00 -1.492294e+00 -9.009822e-01 1.133440e+00 1.158765e+00
0.000000e+00 -3.834806e-01 1.531188e+00 -3.128947e-01 4.941050e-01 1.289596e+00 1.259724e+00
0.000000e+00 -1.542149e+00 6.662501e-01 2.768051e-01 -1.598526e+00 1.965063e-01 -1.543867e-02
0.000000e+00 1.161410e+00 2.049499e-01 -9.025945e-01 -2.034386e-01 6.649733e-01 5.900257e-01
0.000000e+00 -7.697033e-01 -1.351938e+00 -1.492294e+00 -1.249754e+00 -1.521206e+00 -1.635813e+00
0.000000e+00 3.889649e-01 3.196234e-02 -1.492294e+00 8.428768e-01 9.240252e-02 1.405487e-01
0.000000e+00 -3.834806e-01 1.242875e+00 -9.025945e-01 1.453332e-01 8.731809e-01 9.600568e-01
0.000000e+00 1.547633e+00 -1.640251e+00 -1.492294e+00 -2.034386e-01 -1.000687e+00 -9.804040e-01
0.000000e+00 7.751877e-01 -6.599880e-01 1.456205e+00 -9.009822e-01 -2.199088e-01 -2.734491e-01
0.000000e+00 1.547633e+00 4.356000e-01 -9.025945e-01 -1.598526e+00 1.081388e+00 9.091933e-01
0.000000e+00 -7.697033e-01 8.962487e-02 1.456205e+00 1.540420e+00 -2.199088e-01 -1.068686e-01
0.000000e+00 -1.542149e+00 -1.178951e+00 2.768051e-01 1.540420e+00 -1.417102e+00 -1.617491e+00
0.000000e+00 2.742182e-03 6.085876e-01 8.665048e-01 1.540420e+00 7.170252e-01 6.412289e-01
0.000000e+00 -7.697033e-01 -1.294276e+00 -3.128947e-01 1.540420e+00 -1.312999e+00 -1.451664e+00
0.000000e+00 3.889649e-01 -2.563503e-01 2.768051e-01 8.428768e-01 4.035063e-02 -4.973363e-02
0.000000e+00 1.161410e+00 -2.570019e-02 1.456205e+00 -2.034386e-01 4.567658e-01 4.774725e-01
0.000000e+00 -3.834806e-01 -1.121288e+00 -3.128947e-01 1.191649e+00 -1.156843e+00 -1.154821e+00
0.000000e+00 2.742182e-03 6.085876e-01 -3.128947e-01 4.941050e-01 6.129215e-01 5.610290e-01
0.000000e+00 2.742182e-03 -6.023255e-01 1.456205e+00 -1.598526e+00 -5.322202e-01 -5.374108e-01
0.000000e+00 -3.834806e-01 1.704176e+00 1.456205e+00 -1.598526e+00 1.497804e+00 1.431693e+00
0.000000e+00 -3.834806e-01 -6.023255e-01 -9.025945e-01 4.941050e-01 -7.924797e-01 -7.236192e-01
0.000000e+00 -3.834806e-01 -1.236613e+00 8.665048e-01 4.941050e-01 -1.156843e+00 -1.231504e+00
0.000000e+00 -3.834806e-01 -1.294276e+00 1.456205e+00 1.191649e+00 -1.260947e+00 -1.239236e+00
0.000000e+00 -3.834806e-01 1.704176e+00 -3.128947e-01 -1.249754e+00 1.341648e+00 1.367510e+00
0.000000e+00 2.742182e-03 -8.906381e-01 -3.128947e-01 4.941050e-01 -8.965834e-01 -8.152477e-01
0.000000e+00 -1.155926e+00 2.049499e-01 2.768051e-01 -1.249754e+00 -3.760645e-01 -2.804607e-01
0.000000e+00 -1.155926e+00 -3.716754e-01 8.665048e-01 1.540420e+00 -8.445316e-01 -7.033785e-01
0.000000e+00 1.547633e+00 1.472874e-01 8.665048e-01 1.540420e+00 8.211290e-01 8.107380e-01
0.000000e+00 -1.155926e+00 6.085876e-01 -3.128947e-01 -1.249754e+00 -1.170127e-02 6.527990e-02
0.000000e+00 3.889649e-01 6.085876e-01 8.665048e-01 -2.034386e-01 7.690771e-01 7.384586e-01
0.000000e+00 -1.155926e+00 8.392377e-01 2.768051e-01 1.191649e+00 5.088177e-01 3.732312e-01
0.000000e+00 2.742182e-03 5.509251e-01 -9.025945e-01 1.191649e+00 5.088177e-01 5.037059e-01
0.000000e+00 -3.834806e-01 -1.986878e-01 -3.128947e-01 1.540420e+00 -3.240126e-01 -2.976788e-01
0.000000e+00 7.751877e-01 -5.446629e-01 -1.492294e+00 -1.598526e+00 -3.240126e-01 -3.119648e-01
0.000000e+00 7.751877e-01 -1.467263e+00 -3.128947e-01 4.941050e-01 -1.052739e+00 -1.048095e+00
0.000000e+00 3.889649e-01 2.626125e-01 -3.128947e-01 1.540420e+00 3.526620e-01 4.222804e-01
0.000000e+00 2.742182e-03 -5.446629e-01 -9.025945e-01 1.540420e+00 -3.760645e-01 -4.918318e-01
0.000000e+00 -1.542149e+00 -1.524926e+00 1.456205e+00 -9.009822e-01 -1.937621e+00 -1.956923e+00
0.000000e+00 -7.697033e-01 1.069888e+00 1.456205e+00 1.540420e+00 7.690771e-01 7.930046e-01
0.000000e+00 1.547633e+00 1.012225e+00 -1.492294e+00 1.540420e+00 1.445752e+00 1.505562e+00
0.000000e+00 -1.542149e+00 -8.329756e-01 -1.492294e+00 -1.598526e+00 -1.365050e+00 -1.466102e+00
0.000000e+00 2.742182e-03 1.531188e+00 -1.492294e+00 -1.249754e+00 1.237544e+00 1.307363e+00
0.000000e+00 -1.155926e+00 3.196234e-02 1.456205e+00 1.453332e-01 -3.240126e-01 -3.488590e-01
0.000000e+00 -3.834806e-01 -2.563503e-01 -9.025945e-01 1.540420e+00 -3.240126e-01 -3.754079e-01
0.000000e+00 -1.542149e+00 1.242875e+00 8.665048e-01 -1.249754e+00 4.047139e-01 5.488970e-01
0.000000e+00 -7.697033e-01 2.626125e-01 -1.492294e+00 -1.249754e+00 -2.719607e-01 -1.536686e-01
0.000000e+00 7.751877e-01 -1.409601e+00 8.665048e-01 -5.522104e-01 -1.000687e+00 -9.761799e-01
0.000000e+00 -7.697033e-01 1.472874e-01 2.768051e-01 -9.009822e-01 -1.158051e-01 -1.749467e-01
0.000000e+00 -3.834806e-01 -5.446629e-01 -9.025945e-01 8.428768e-01 -8.445316e-01 -6.604825e-01
0.000000e+00 -1.155926e+00 -8.329756e-01 8.665048e-01 8.428768e-01 -1.208895e+00 -1.147254e+00
0.000000e+00 -7.697033e-01 9.545628e-01 1.456205e+00 1.453332e-01 7.170252e-01 6.463252e-01
0.000000e+00 1.547633e+00 4.932626e-01 1.456205e+00 -5.522104e-01 9.772847e-01 1.091918e+00
0.000000e+00 -7.697033e-01 2.049499e-01 -1.492294e+00 4.941050e-01 -1.170127e-02 -1.555873e-01
0.000000e+00 2.742182e-03 6.662501e-01 -1.492294e+00 1.191649e+00 8.731809e-01 5.847779e-01
0.000000e+00 -1.155926e+00 1.531188e+00 8.665048e-01 -1.249754e+00 8.731809e-01 9.618103e-01
0.000000e+00 -3.834806e-01 1.704176e+00 1.456205e+00 1.453332e-01 1.601907e+00 1.482708e+00
0.000000e+00 7.751877e-01 -8.906381e-01 8.665048e-01 4.941050e-01 -4.281164e-01 -4.691674e-01
0.000000e+00 7.751877e-01 -1.409601e+00 2.768051e-01 -1.598526e+00 -1.104791e+00 -1.031584e+00
0.000000e+00 -7.697033e-01 -1.640251e+00 -9.025945e-01 1.453332e-01 -1.625310e+00 -1.834874e+00
0.000000e+00 2.742182e-03 -3.716754e-01 1.456205e+00 8.428768e-01 -2.199088e-01 -2.542549e-01
0.000000e+00 -1.542149e+00 1.473526e+00 -3.128947e-01 4.941050e-01 9.252328e-01 7.620560e-01
0.000000e+00 -1.542149e+00 1.069888e+00 1.456205e+00 -1.249754e+00 6.649733e-01 4.148912e-01
0.000000e+00 2.742182e-03 -1.410252e-01 2.768051e-01 -1.249754e+00 -1.678569e-01 -1.533289e-01
0.000000e+00 1.547633e+00 -1.697914e+00 1.456205e+00 -5.522104e-01 -8.965834e-01 -9.195636e-01
0.000000e+00 -1.542149e+00 -1.697914e+00 2.768051e-01 -2.034386e-01 -2.301985e+00 -2.144909e+00
0.000000e+00 -1.542149e+00 -1.410252e-01 1.456205e+00 -2.034386e-01 -7.404278e-01 -6.661079e-01
0.000000e+00 -3.834806e-01 3.202750e-01 2.768051e-01 -1.249754e+00 9.240252e-02 1.218962e-01
0.000000e+00 -3.834806e-01 -6.023255e-01 -1.492294e+00 4.941050e-01 -7.404278e-01 -7.484147e-01
0.000000e+00 -1.155926e+00 1.012225e+00 8.665048e-01 8.428768e-01 3.526620e-01 5.466248e-01
0.000000e+00 1.547633e+00 -1.294276e+00 1.456205e+00 -1.249754e+00 -3.760645e-01 -5.694336e-01
0.000000e+00 1.547633e+00 -1.697914e+00 -9.025945e-01 -5.522104e-01 -9.486353e-01 -1.018745e+00
0.000000e+00 -1.155926e+00 -2.563503e-01 -1.492294e+00 -9.009822e-01 -7.404278e-01 -7.681138e-01
0.000000e+00 1.547633e+00 1.185213e+00 2.768051e-01 -5.522104e-01 1.862167e+00 1.677532e+00
0.000000e+00 3.889649e-01 7.239127e-01 -9.025945e-01 -2.034386e-01 9.252328e-01 7.699398e-01
0.000000e+00 1.161410e+00 1.069888e+00 -1.492294e+00 1.453332e-01 1.393700e+00 1.369439e+00
0.000000e+00 -3.834806e-01 -3.140128e-01 -3.128947e-01 -1.249754e+00 -5.842721e-01 -4.851702e-01
0.000000e+00 -1.155926e+00 -1.178951e+00 1.456205e+00 1.540420e+00 -1.365050e+00 -1.419655e+00
0.000000e+00 -1.155926e+00 -1.063626e+00 1.456205e+00 1.453332e-01 -1.208895e+00 -1.354600e+00
0.000000e+00 1.547633e+00 6.085876e-01 2.768051e-01 1.191649e+00 1.185492e+00 1.199209e+00
0.000000e+00 -1.542149e+00 -1.351938e+00 -1.492294e+00 8.428768e-01 -1.781466e+00 -1.871084e+00
0.000000e+00 7.751877e-01 -1.063626e+00 -1.492294e+00 -1.598526e+00 -6.363240e-01 -7.883683e-01
0.000000e+00 -7.697033e-01 9.545628e-01 2.768051e-01 1.191649e+00 7.170252e-01 6.273433e-01
0.000000e+00 -7.697033e-01 5.509251e-01 -3.128947e-01 1.540420e+00 4.035063e-02 2.422149e-01
0.000000e+00 -1.155926e+00 -7.753131e-01 1.456205e+00 -1.249754e+00 -1.260947e+00 -1.130743e+00
0.000000e+00 3.889649e-01 -1.467263e+00 8.665048e-01 -1.598526e+00 -1.000687e+00 -1.207967e+00
0.000000e+00 -1.155926e+00 -9.483006e-01 -3.128947e-01 1.453332e-01 -1.312999e+00 -1.323119e+00
0.000000e+00 -3.834806e-01 2.049499e-01 2.768051e-01 -1.598526e+00 4.035063e-02 5.825718e-03
0.000000e+00 1.547633e+00 1.012225e+00 8.665048e-01 1.453332e-01 1.653959e+00 1.563932e+00
0.000000e+00 1.547633e+00 -7.753131e-01 -1.492294e+00 -1.249754e+00 -6.375316e-02 -2.170072e-01
0.000000e+00 3.889649e-01 2.626125e-01 -3.128947e-01 4.941050e-01 3.006101e-01 3.916714e-01
0.000000e+00 -3.834806e-01 1.415863e+00 -3.128947e-01 4.941050e-01 1.133440e+00 1.153856e+00
0.000000e+00 7.751877e-01 -1.697914e+00 1.456205e+00 -5.522104e-01 -1.312999e+00 -1.216053e+00
0.000000e+00 -1.542149e+00 1.646513e+00 1.456205e+00 -1.249754e+00 7.170252e-01 9.442284e-01
0.000000e+00 -3.834806e-01 1.127550e+00 8.665048e-01 4.941050e-01 9.772847e-01 9.387786e-01
0.000000e+00 2.742182e-03 1.127550e+00 -1.492294e+00 -1.598526e+00 8.731809e-01 9.266237e-01
0.000000e+00 1.161410e+00 3.202750e-01 -3.128947e-01 -1.249754e+00 8.211290e-01 6.900796e-01
0.000000e+00 -1.155926e+00 -8.906381e-01 8.665048e-01 -1.249754e+00 -1.312999e+00 -1.261406e+00
0.000000e+00 2.742182e-03 1.704176e+00 -3.128947e-01 -1.598526e+00 1.393700e+00 1.505552e+00
0.000000e+00 3.889649e-01 -6.599880e-01 1.456205e+00 1.191649e+00 -2.199088e-01 -3.604758e-01
0.000000e+00 2.742182e-03 1.185213e+00 -1.492294e+00 1.453332e-01 1.081388e+00 1.030572e+00
0.000000e+00 1.547633e+00 6.662501e-01 -1.492294e+00 -9.009822e-01 1.081388e+00 1.116539e+00
0.000000e+00 -1.542149e+00 -1.467263e+00 -9.025945e-01 1.453332e-01 -1.989673e+00 -1.972562e+00
0.000000e+00 -7.697033e-01 -6.599880e-01 8.665048e-01 4.941050e-01 -7.924797e-01 -8.504114e-01
0.000000e+00 -1.155926e+00 7.239127e-01 1.456205e+00 -9.009822e-01 4.047139e-01 2.557366e-01
0.000000e+00 -7.697033e-01 4.932626e-01 1.456205e+00 -5.522104e-01 2.485582e-01 2.024494e-01
0.000000e+00 1.547633e+00 -1.467263e+00 1.456205e+00 1.540420e+00 -5.842721e-01 -6.466108e-01
0.000000e+00 1.547633e+00 1.242875e+00 2.768051e-01 -1.598526e+00 1.653959e+00 1.699856e+00
0.000000e+00 -1.155926e+00 -1.063626e+00 -3.128947e-01 1.453332e-01 -1.469154e+00 -1.428986e+00
0.000000e+00 -7.697033e-01 -6.599880e-01 -1.492294e+00 1.453332e-01 -1.312999e+00 -9.597961e-01
0.000000e+00 -3.834806e-01 9.545628e-01 -3.128947e-01 1.191649e+00 6.649733e-01 7.507926e-01
0.000000e+00 1.547633e+00 -1.063626e+00 -3.128947e-01 -1.249754e+00 -5.842721e-01 -4.320850e-01
0.000000e+00 -7.697033e-01 3.202750e-01 2.768051e-01 -2.034386e-01 -1.158051e-01 4.260431e-03
0.000000e+00 7.751877e-01 -1.063626e+00 -1.492294e+00 -2.034386e-01 -7.924797e-01 -7.475563e-01
0.000000e+00 -7.697033e-01 -7.176505e-01 -9.025945e-01 4.941050e-01 -1.000687e+00 -9.777314e-01
0.000000e+00 7.751877e-01 1.069888e+00 1.456205e+00 -2.034386e-01 1.237544e+00 1.334969e+00
0.000000e+00 7.751877e-01 1.185213e+00 8.665048e-01 1.540420e+00 1.601907e+00 1.467056e+00
0.000000e+00 1.547633e+00 1.012225e+00 -3.128947e-01 -5.522104e-01 1.549856e+00 1.493935e+00
0.000000e+00 -1.155926e+00 7.239127e-01 2.768051e-01 1.540420e+00 3.006101e-01 2.775667e-01
0.000000e+00 3.889649e-01 2.049499e-01 2.768051e-01 -1.249754e+00 4.047139e-01 3.125181e-01
0.000000e+00 1.547633e+00 1.012225e+00 8.665048e-01 8.428768e-01 1.393700e+00 1.584338e+00
0.000000e+00 -1.155926e+00 1.472874e-01 8.665048e-01 -2.034386e-01 -4.281164e-01 -2.779900e-01
0.000000e+00 -1.155926e+00 1.069888e+00 -1.492294e+00 -5.522104e-01 5.608696e-01 4.595648e-01
0.000000e+00 2.742182e-03 -7.176505e-01 -3.128947e-01 1.191649e+00 -3.760645e-01 -6.360405e-01
0.000000e+00 1.161410e+00 1.531188e+00 -3.128947e-01 -1.249754e+00 1.810115e+00 1.801688e+00
0.000000e+00 1.547633e+00 -8.336272e-02 8.665048e-01 -9.009822e-01 7.690771e-01 5.275821e-01
0.000000e+00 -1.155926e+00 8.392377e-01 1.456205e+00 8.428768e-01 4.567658e-01 4.126190e-01
0.000000e+00 2.742182e-03 -1.467263e+00 -9.025945e-01 -5.522104e-01 -1.469154e+00 -1.399989e+00
0.000000e+00 7.751877e-01 -3.140128e-01 -3.128947e-01 1.191649e+00 1.444544e-01 3.098494e-02
0.000000e+00 3.889649e-01 -3.716754e-01 2.768051e-01 1.540420e+00 -3.760645e-01 -1.351951e-01
0.000000e+00 3.889649e-01 -8.336272e-02 1.456205e+00 1.540420e+00 9.240252e-02 1.790644e-01
0.000000e+00 7.751877e-01 1.646513e+00 8.665048e-01 1.540420e+00 1.810115e+00 1.890525e+00
0.000000e+00 -7.697033e-01 4.356000e-01 -3.128947e-01 1.540420e+00 4.035063e-02 1.363474e-01
0.000000e+00 -7.697033e-01 1.472874e-01 -1.492294e+00 1.191649e+00 -2.719607e-01 -1.881150e-01
0.000000e+00 1.547633e+00 -1.178951e+00 8.665048e-01 1.540420e+00 -3.760645e-01 -4.067376e-01
0.000000e+00 1.161410e+00 3.779375e-01 2.768051e-01 1.191649e+00 9.772847e-01 8.392297e-01
0.000000e+00 2.742182e-03 1.704176e+00 -1.492294e+00 -1.598526e+00 1.601907e+00 1.455961e+00
0.000000e+00 3.889649e-01 1.472874e-01 8.665048e-01 1.453332e-01 1.965063e-01 3.251918e-01
0.000000e+00 -1.542149e+00 -4.293379e-01 8.665048e-01 1.540420e+00 -6.363240e-01 -9.045570e-01
0.000000e+00 -1.542149e+00 1.588851e+00 -3.128947e-01 1.453332e-01 1.029337e+00 8.577204e-01
0.000000e+00 -3.834806e-01 -1.121288e+00 -1.492294e+00 8.428768e-01 -1.208895e+00 -1.214615e+00
0.000000e+00 -1.155926e+00 -3.716754e-01 8.665048e-01 4.941050e-01 -5.842721e-01 -7.339875e-01
0.000000e+00 7.751877e-01 -3.716754e-01 1.456205e+00 4.941050e-01 -6.375316e-02 3.203150e-02
0.000000e+00 -1.155926e+00 -1.351938e+00 2.768051e-01 -1.249754e+00 -1.625310e+00 -1.709671e+00
0.000000e+00 -1.155926e+00 1.127550e+00 -1.492294e+00 -5.522104e-01 3.006101e-01 5.124985e-01
0.000000e+00 2.742182e-03 -5.446629e-01 1.456205e+00 -1.598526e+00 -5.322202e-01 -4.844771e-01
0.000000e+00 -3.834806e-01 -6.023255e-01 -3.128947e-01 4.941050e-01 -5.842721e-01 -6.988238e-01
0.000000e+00 1.161410e+00 1.300538e+00 -9.025945e-01 -5.522104e-01 1.497804e+00 1.585563e+00
0.000000e+00 -3.834806e-01 -1.178951e+00 8.665048e-01 1.191649e+00 -1.208895e+00 -1.158164e+00
0.000000e+00 3.889649e-01 -3.140128e-01 -9.025945e-01 1.453332e-01 -2.719607e-01 -1.726642e-01
0.000000e+00 2.742182e-03 9.545628e-01 8.665048e-01 1.453332e-01 9.252328e-01 9.180192e-01
0.000000e+00 -1.155926e+00 3.202750e-01 1.456205e+00 1.191649e+00 -1.678569e-01 -5.358145e-02
0.000000e+00 1.161410e+00 1.012225e+00 -3.128947e-01 8.428768e-01 1.549856e+00 1.386502e+00
0.000000e+00 -1.155926e+00 9.545628e-01 -3.128947e-01 1.453332e-01 3.006101e-01 4.236942e-01
0.000000e+00 1.547633e+00 -8.906381e-01 -3.128947e-01 1.453332e-01 -1.678569e-01 -2.324718e-01
0.000000e+00 1.547633e+00 7.815752e-01 -3.128947e-01 1.453332e-01 1.393700e+00 1.302606e+00
0.000000e+00 -7.697033e-01 5.509251e-01 -1.492294e+00 -5.522104e-01 9.240252e-02 1.314060e-01
0.000000e+00 -3.834806e-01 5.509251e-01 -1.492294e+00 -2.034386e-01 1.444544e-01 2.898538e-01
0.000000e+00 1.161410e+00 1.127550e+00 8.665048e-01 -9.009822e-01 1.445752e+00 1.490946e+00
0.000000e+00 1.547633e+00 -1.409601e+00 -1.492294e+00 1.191649e+00 -7.404278e-01 -7.278572e-01
0.000000e+00 -7.697033e-01 3.779375e-01 8.665048e-01 -1.249754e+00 1.444544e-01 5.138058e-02
0.000000e+00 2.742182e-03 -1.640251e+00 -1.492294e+00 4.941050e-01 -1.573258e+00 -1.552977e+00
0.000000e+00 1.161410e+00 -1.063626e+00 -1.492294e+00 -1.598526e+00 -6.363240e-01 -6.401235e-01
0.000000e+00 -7.697033e-01 1.588851e+00 -1.492294e+00 1.540420e+00 9.772847e-01 1.145431e+00
0.000000e+00 7.751877e-01 -1.524926e+00 2.768051e-01 4.941050e-01 -1.104791e+00 -1.076234e+00
0.000000e+00 1.161410e+00 -4.293379e-01 -3.128947e-01 -1.249754e+00 1.444544e-01 1.941234e-03
0.000000e+00 -7.697033e-01 -1.005963e+00 2.768051e-01 -2.034386e-01 -1.104791e+00 -1.213215e+00
0.000000e+00 -1.155926e+00 -7.753131e-01 -1.492294e+00 -1.598526e+00 -1.312999e+00 -1.264923e+00
0.000000e+00 7.751877e-01 3.196234e-02 -1.492294e+00 -2.034386e-01 3.526620e-01 2.581844e-01
0.000000e+00 1.547633e+00 -8.329756e-01 2.768051e-01 -5.522104e-01 -1.678569e-01 -1.751487e-01
0.000000e+00 -1.542149e+00 6.085876e-01 1.456205e+00 -1.598526e+00 4.035063e-02 -1.878154e-02
0.000000e+00 -7.697033e-01 -2.563503e-01 8.665048e-01 -1.598526e+00 -5.322202e-01 -5.410933e-01
0.000000e+00 2.742182e-03 -1.410252e-01 -3.128947e-01 4.941050e-01 -2.199088e-01 -1.271093e-01
0.000000e+00 -7.697033e-01 -1.697914e+00 8.665048e-01 -9.009822e-01 -1.937621e+00 -1.844030e+00
0.000000e+00 -1.542149e+00 9.545628e-01 1.456205e+00 1.540420e+00 4.567658e-01 3.906478e-01
0.000000e+00 7.751877e-01 -1.063626e+00 -3.128947e-01 1.191649e+00 -8.965834e-01 -6.571534e-01
0.000000e+00 7.751877e-01 3.779375e-01 -9.025945e-01 1.191649e+00 7.170252e-01 6.413942e-01
0.000000e+00 1.161410e+00 1.415863e+00 -3.128947e-01 1.540420e+00 1.758063e+00 1.777444e+00
0.000000e+00 2.742182e-03 1.473526e+00 8.665048e-01 1.191649e+00 1.341648e+00 1.425032e+00
0.000000e+00 2.742182e-03 1.127550e+00 -3.128947e-01 -1.598526e+00 1.081388e+00 9.762145e-01
0.000000e+00 2.742182e-03 -6.023255e-01 -9.025945e-01 -5.522104e-01 -8.965834e-01 -6.059835e-01
0.000000e+00 -1.542149e+00 -1.640251e+00 -9.025945e-01 -1.598526e+00 -2.145829e+00 -2.182378e+00
0.000000e+00 2.742182e-03 3.202750e-01 -1.492294e+00 -1.598526e+00 3.526620e-01 1.855516e-01
0.000000e+00 3.889649e-01 -8.906381e-01 -9.025945e-01 1.191649e+00 -8.445316e-01 -6.713924e-01
0.000000e+00 -1.542149e+00 4.356000e-01 2.768051e-01 -2.034386e-01 -2.199088e-01 -1.863616e-01
0.000000e+00 7.751877e-01 -4.870004e-01 8.665048e-01 -1.598526e+00 -1.158051e-01 -1.598493e-01
0.000000e+00 -1.542149e+00 7.815752e-01 2.768051e-01 -9.009822e-01 -6.375316e-02 1.108348e-01
0.000000e+00 -1.155926e+00 1.127550e+00 1.456205e+00 4.941050e-01 6.649733e-01 6.670846e-01
0.000000e+00 -1.155926e+00 8.962487e-02 2.768051e-01 -1.249754e+00 -1.158051e-01 -3.863282e-01
0.000000e+00 2.742182e-03 1.646513e+00 8.665048e-01 -5.522104e-01 1.601907e+00 1.532818e+00
0.000000e+00 7.751877e-01 -6.023255e-01 1.456205e+00 -1.249754e+00 -2.199088e-01 -2.307184e-01
0.000000e+00 -1.542149e+00 3.202750e-01 2.768051e-01 1.191649e+00 -3.760645e-01 -2.514170e-01
0.000000e+00 -1.542149e+00 1.472874e-01 2.768051e-01 1.191649e+00 -2.719607e-01 -4.102182e-01
0.000000e+00 -1.542149e+00 -8.906381e-01 1.456205e+00 4.941050e-01 -1.625310e+00 -1.333840e+00
0.000000e+00 3.889649e-01 1.127550e+00 2.768051e-01 4.941050e-01 1.237544e+00 1.210473e+00
0.000000e+00 -1.155926e+00 8.969003e-01 -9.025945e-01 -1.249754e+00 4.047139e-01 3.051531e-01
0.000000e+00 -1.542149e+00 -1.582588e+00 8.665048e-01 1.540420e+00 -2.197881e+00 -1.963231e+00
0.000000e+00 3.889649e-01 -8.336272e-02 8.665048e-01 8.428768e-01 -6.375316e-02 1.338630e-01
0.000000e+00 -1.155926e+00 9.545628e-01 8.665048e-01 -1.598526e+00 3.006101e-01 4.222701e-01
0.000000e+00 3.889649e-01 -1.986878e-01 2.768051e-01 8.428768e-01 1.444544e-01 3.200090e-03
0.000000e+00 1.161410e+00 -1.467263e+00 -9.025945e-01 -2.034386e-01 -1.052739e+00 -9.450522e-01
0.000000e+00 -1.155926e+00 1.646513e+00 8.665048e-01 -5.522104e-01 1.185492e+00 1.088084e+00
0.000000e+00 1.547633e+00 1.473526e+00 -3.128947e-01 1.540420e+00 2.070374e+00 1.978623e+00
0.000000e+00 1.161410e+00 3.196234e-02 8.665048e-01 -1.249754e+00 3.006101e-01 4.750018e-01
0.000000e+00 -1.542149e+00 -4.870004e-01 -1.492294e+00 -9.009822e-01 -1.208895e+00 -1.128093e+00
0.000000e+00 7.751877e-01 2.626125e-01 -3.128947e-01 1.540420e+00 5.608696e-01 5.705251e-01
0.000000e+00 3.889649e-01 1.358200e+00 8.665048e-01 -1.249754e+00 1.445752e+00 1.395988e+00
0.000000e+00 3.889649e-01 -1.351938e+00 2.768051e-01 -5.522104e-01 -1.052739e+00 -1.096286e+00
0.000000e+00 3.889649e-01 -1.409601e+00 8.665048e-01 -9.009822e-01 -1.156843e+00 -1.134628e+00
0.000000e+00 3.889649e-01 -2.563503e-01 -9.025945e-01 -2.034386e-01 -1.170127e-02 -1.299335e-01
0.000000e+00 7.751877e-01 1.358200e+00 -9.025945e-01 4.941050e-01 1.653959e+00 1.520861e+00
0.000000e+00 -7.697033e-01 -1.697914e+00 8.665048e-01 1.191649e+00 -1.937621e+00 -1.782812e+00
0.000000e+00 3.889649e-01 -6.599880e-01 2.768051e-01 -2.034386e-01 -5.322202e-01 -4.508787e-01
0.000000e+00 -7.697033e-01 -1.351938e+00 2.768051e-01 8.428768e-01 -1.521206e+00 -1.500208e+00
0.000000e+00 7.751877e-01 3.202750e-01 2.768051e-01 -1.249754e+00 5.608696e-01 5.666303e-01
0.000000e+00 7.751877e-01 -1.063626e+00 8.665048e-01 1.453332e-01 -5.842721e-01 -6.381716e-01
0.000000e+00 1.161410e+00 -6.023255e-01 8.665048e-01 8.428768e-01 -1.170127e-02 -4.605109e-02
0.000000e+00 -1.155926e+00 -4.293379e-01 -1.492294e+00 1.191649e+00 -7.924797e-01 -8.656969e-01
0.000000e+00 1.547633e+00 -3.140128e-01 -9.025945e-01 -5.522104e-01 3.006101e-01 2.516640e-01
0.000000e+00 2.742182e-03 -2.570019e-02 -3.128947e-01 -5.522104e-01 -6.375316e-02 -5.185088e-02
0.000000e+00 1.547633e+00 1.646513e+00 -3.128947e-01 4.941050e-01 2.070374e+00 2.106815e+00
0.000000e+00 2.742182e-03 -8.336272e-02 -9.025945e-01 -5.522104e-01 4.035063e-02 -1.295800e-01
0.000000e+00 7.751877e-01 3.196234e-02 1.456205e+00 -2.034386e-01 3.006101e-01 3.821615e-01
0.000000e+00 1.547633e+00 -7.176505e-01 -1.492294e+00 -1.249754e+00 -1.158051e-01 -1.640735e-01
0.000000e+00 -3.834806e-01 6.085876e-01 -9.025945e-01 -1.249754e+00 2.485582e-01 3.369739e-01
0.000000e+00 -1.155926e+00 -6.599880e-01 -1.492294e+00 1.540420e+00 -1.052739e+00 -1.067229e+00
0.000000e+00 1.547633e+00 1.358200e+00 1.456205e+00 -2.034386e-01 1.966271e+00 1.896127e+00
0.000000e+00 -1.155926e+00 -1.524926e+00 -1.492294e+00 1.540420e+00 -1.833518e+00 -1.861235e+00
0.000000e+00 -7.697033e-01 -1.697914e+00 2.768051e-01 1.540420e+00 -1.625310e+00 -1.797405e+00
0.000000e+00 -1.155926e+00 6.085876e-01 -9.025945e-01 -1.249754e+00 -6.375316e-02 4.048447e-02
0.000000e+00 -7.697033e-01 1.646513e+00 -3.128947e-01 1.453332e-01 1.185492e+00 1.207144e+00
0.000000e+00 3.889649e-01 -8.906381e-01 8.665048e-01 1.453332e-01 -5.322202e-01 -6.276151e-01
0.000000e+00 -7.697033e-01 1.358200e+00 1.456205e+00 8.428768e-01 1.133440e+00 1.037267e+00
0.000000e+00 1.161410e+00 -1.294276e+00 1.456205e+00 -1.598526e+00 -7.924797e-01 -7.278813e-01
0.000000e+00 3.889649e-01 -8.906381e-01 8.665048e-01 4.941050e-01 -5.842721e-01 -6.174121e-01
0.000000e+00 7.751877e-01 -8.906381e-01 -9.025945e-01 4.941050e-01 -5.322202e-01 -5.435537e-01
0.000000e+00 -1.542149e+00 1.127550e+00 8.665048e-01 1.191649e+00 5.608696e-01 5.144505e-01
0.000000e+00 -7.697033e-01 4.932626e-01 -1.492294e+00 -5.522104e-01 9.240252e-02 7.847232e-02
0.000000e+00 -7.697033e-01 -4.870004e-01 8.665048e-01 4.941050e-01 -6.883759e-01 -6.916102e-01
0.000000e+00 -1.155926e+00 -7.176505e-01 -1.492294e+00 1.453332e-01 -1.104791e+00 -1.160975e+00
0.000000e+00 7.751877e-01 -8.329756e-01 -1.492294e+00 -5.522104e-01 -6.363240e-01 -5.460244e-01
0.000000e+00 1.547633e+00 -1.640251e+00 -3.128947e-01 1.540420e+00 -9.486353e-01 -8.797982e-01
0.000000e+00 -3.834806e-01 3.202750e-01 8.665048e-01 8.428768e-01 9.240252e-02 2.079096e-01
0.000000e+00 2.742182e-03 -6.023255e-01 -3.128947e-01 -9.009822e-01 -5.842721e-01 -5.913911e-01
0.000000e+00 -7.697033e-01 -8.329756e-01 8.665048e-01 8.428768e-01 -1.052739e+00 -9.990096e-01
0.000000e+00 1.547633e+00 -1.582588e+00 -1.492294e+00 -2.034386e-01 -1.000687e+00 -9.274703e-01
0.000000e+00 -3.834806e-01 1.473526e+00 8.665048e-01 -5.522104e-01 1.393700e+00 1.225772e+00
0.000000e+00 2.742182e-03 -2.570019e-02 1.456205e+00 -9.009822e-01 -1.170127e-02 1.233240e-02
0.000000e+00 -1.542149e+00 1.415863e+00 1.456205e+00 1.540420e+00 9.772847e-01 8.141175e-01
0.000000e+00 -1.155926e+00 -1.640251e+00 -3.128947e-01 4.941050e-01 -1.885569e+00 -1.948120e+00
0.000000e+00 1.547633e+00 2.626125e-01 2.768051e-01 4.941050e-01 8.731809e-01 8.612010e-01
0.000000e+00 -1.155926e+00 -2.563503e-01 1.456205e+00 1.453332e-01 -6.883759e-01 -6.135276e-01
0.000000e+00 2.742182e-03 1.531188e+00 -3.128947e-01 -9.009822e-01 1.341648e+00 1.367157e+00
0.000000e+00 1.161410e+00 -1.467263e+00 2.768051e-01 1.191649e+00 -8.965834e-01 -8.546493e-01
0.000000e+00 -7.697033e-01 -1.640251e+00 -9.025945e-01 -1.249754e+00 -1.781466e+00 -1.875686e+00
0.000000e+00 3.889649e-01 1.185213e+00 -3.128947e-01 -9.009822e-01 1.393700e+00 1.197799e+00
0.000000e+00 -3.834806e-01 1.473526e+00 1.456205e+00 -1.598526e+00 1.289596e+00 1.219958e+00
0.000000e+00 7.751877e-01 -6.023255e-01 1.456205e+00 4.941050e-01 -2.199088e-01 -1.797034e-01
0.000000e+00 -7.697033e-01 2.049499e-01 8.665048e-01 -1.249754e+00 -1.158051e-01 -1.074206e-01
0.000000e+00 3.889649e-01 2.049499e-01 2.768051e-01 1.540420e+00 3.526620e-01 3.941421e-01
0.000000e+00 1.547633e+00 1.358200e+00 1.456205e+00 8.428768e-01 1.862167e+00 1.926736e+00
0.000000e+00 -1.542149e+00 1.473526e+00 8.665048e-01 1.191649e+00 8.211290e-01 8.320528e-01
0.000000e+00 -7.697033e-01 1.415863e+00 2.768051e-01 -1.249754e+00 9.772847e-01 9.793921e-01
0.000000e+00 -1.155926e+00 -6.023255e-01 -3.128947e-01 1.453332e-01 -7.924797e-01 -1.005516e+00
0.000000e+00 1.161410e+00 1.127550e+00 -3.128947e-01 -1.598526e+00 1.445752e+00 1.420949e+00
0.000000e+00 7.751877e-01 -3.140128e-01 8.665048e-01 8.428768e-01 1.444544e-01 7.037279e-02
0.000000e+00 -1.155926e+00 -6.023255e-01 -3.128947e-01 -2.034386e-01 -8.965834e-01 -1.015719e+00
0.000000e+00 3.889649e-01 -3.140128e-01 8.665048e-01 1.191649e+00 4.035063e-02 -6.766893e-02
0.000000e+00 -7.697033e-01 1.300538e+00 -1.492294e+00 -9.009822e-01 9.252328e-01 8.093414e-01
0.000000e+00 1.161410e+00 -9.483006e-01 2.768051e-01 -1.249754e+00 -4.801683e-01 -4.496668e-01
0.000000e+00 -7.697033e-01 1.704176e+00 8.665048e-01 4.941050e-01 1.393700e+00 1.319871e+00
0.000000e+00 1.547633e+00 9.545628e-01 2.768051e-01 4.941050e-01 1.706011e+00 1.496406e+00
0.000000e+00 -1.542149e+00 7.815752e-01 -1.492294e+00 1.540420e+00 4.035063e-02 1.078695e-01
0.000000e+00 2.742182e-03 7.239127e-01 2.768051e-01 -2.034386e-01 6.649733e-01 6.712859e-01
0.000000e+00 -7.697033e-01 7.239127e-01 8.665048e-01 4.941050e-01 4.047139e-01 4.199979e-01
0.000000e+00 3.889649e-01 4.932626e-01 -3.128947e-01 1.453332e-01 8.211290e-01 5.932033e-01
0.000000e+00 -1.155926e+00 -1.063626e+00 2.768051e-01 1.191649e+00 -1.469154e+00 -1.373582e+00
0.000000e+00 1.547633e+00 1.012225e+00 2.768051e-01 -9.009822e-01 1.549856e+00 1.508527e+00
0.000000e+00 3.889649e-01 -1.467263e+00 1.456205e+00 -5.522104e-01 -1.104791e+00 -1.152563e+00
0.000000e+00 7.751877e-01 -1.640251e+00 1.456205e+00 1.191649e+00 -1.156843e+00 -1.112104e+00
0.000000e+00 2.742182e-03 1.358200e+00 -1.492294e+00 1.540420e+00 1.133440e+00 1.230186e+00
0.000000e+00 1.547633e+00 -8.329756e-01 -9.025945e-01 8.428768e-01 -2.719607e-01 -1.839275e-01
0.000000e+00 -1.542149e+00 1.415863e+00 -3.128947e-01 1.540420e+00 7.170252e-01 7.397312e-01
0.000000e+00 2.742182e-03 -2.570019e-02 8.665048e-01 1.453332e-01 -1.170127e-02 1.814596e-02
0.000000e+00 3.889649e-01 9.545628e-01 -1.492294e+00 -9.009822e-01 1.081388e+00 9.364732e-01
0.000000e+00 7.751877e-01 7.239127e-01 8.665048e-01 1.191649e+00 9.772847e-01 1.033383e+00
0.000000e+00 -3.834806e-01 4.356000e-01 8.665048e-01 1.191649e+00 3.006101e-01 3.239800e-01
0.000000e+00 -1.542149e+00 8.392377e-01 2.768051e-01 1.453332e-01 2.485582e-01 1.943775e-01
0.000000e+00 1.161410e+00 1.185213e+00 -1.492294e+00 -1.249754e+00 1.497804e+00 1.434495e+00
0.000000e+00 -3.834806e-01 6.662501e-01 -1.492294e+00 4.941050e-01 4.035063e-02 4.161272e-01
0.000000e+00 -7.697033e-01 -3.716754e-01 1.456205e+00 1.191649e+00 -6.363240e-01 -5.405414e-01
0.000000e+00 7.751877e-01 1.185213e+00 -3.128947e-01 1.191649e+00 1.393700e+00 1.407262e+00
0.000000e+00 -1.155926e+00 -2.570019e-02 -9.025945e-01 -9.009822e-01 -6.363240e-01 -5.315835e-01
0.000000e+00 1.161410e+00 3.779375e-01 8.665048e-01 -1.249754e+00 9.252328e-01 7.926042e-01
0.000000e+00 3.889649e-01 1.531188e+00 -3.128947e-01 -2.034386e-01 1.341648e+00 1.535807e+00
0.000000e+00 7.751877e-01 1.646513e+00 1.456205e+00 1.540420e+00 2.018323e+00 1.915321e+00
0.000000e+00 2.742182e-03 1.300538e+00 -3.128947e-01 4.941050e-01 9.772847e-01 1.196234e+00
0.000000e+00 1.547633e+00 4.932626e-01 8.665048e-01 -9.009822e-01 1.081388e+00 1.056919e+00
0.000000e+00 2.742182e-03 -1.121288e+00 2.768051e-01 -5.522104e-01 -8.965834e-01 -1.032796e+00
0.000000e+00 2.742182e-03 -9.483006e-01 2.768051e-01 1.540420e+00 -8.965834e-01 -8.127770e-01
0.000000e+00 -7.697033e-01 -4.293379e-01 8.665048e-01 -1.249754e+00 -6.883759e-01 -6.896915e-01
0.000000e+00 -1.542149e+00 1.300538e+00 1.456205e+00 1.540420e+00 8.211290e-01 7.082501e-01
0.000000e+00 -1.155926e+00 -8.329756e-01 1.456205e+00 -1.249754e+00 -1.104791e+00 -1.183677e+00
0.000000e+00 1.161410e+00 1.127550e+00 -1.492294e+00 4.941050e-01 1.497804e+00 1.432576e+00
0.000000e+00 -1.542149e+00 -5.446629e-01 -9.025945e-01 -1.249754e+00 -1.208895e+00 -1.166435e+00
0.000000e+00 7.751877e-01 1.415863e+00 2.768051e-01 -1.598526e+00 1.549856e+00 1.562168e+00
0.000000e+00 2.742182e-03 1.415863e+00 -9.025945e-01 -5.522104e-01 1.081388e+00 1.246697e+00
0.000000e+00 -7.697033e-01 -1.524926e+00 -3.128947e-01 1.453332e-01 -1.781466e+00 -1.704211e+00
0.000000e+00 7.751877e-01 1.472874e-01 -3.128947e-01 1.540420e+00 5.088177e-01 4.646577e-01
0.000000e+00 1.547633e+00 1.358200e+00 8.665048e-01 1.540420e+00 1.914219e+00 1.922346e+00
0.000000e+00 -1.155926e+00 9.545628e-01 8.665048e-01 -5.522104e-01 7.170252e-01 4.528791e-01
0.000000e+00 1.161410e+00 -9.483006e-01 8.665048e-01 -1.598526e+00 -3.240126e-01 -4.350744e-01
0.000000e+00 1.547633e+00 -6.599880e-01 1.456205e+00 -1.598526e+00 -6.375316e-02 2.634348e-03
0.000000e+00 -7.697033e-01 1.646513e+00 2.768051e-01 1.191649e+00 1.341648e+00 1.262548e+00
0.000000e+00 -1.155926e+00 -1.467263e+00 -9.025945e-01 -1.598526e+00 -2.093777e+00 -1.875332e+00
0.000000e+00 7.751877e-01 3.202750e-01 -3.128947e-01 4.941050e-01 5.608696e-01 5.928499e-01
0.000000e+00 2.742182e-03 3.196234e-02 -9.025945e-01 4.941050e-01 4.035063e-02 6.896407e-03
0.000000e+00 2.742182e-03 8.392377e-01 2.768051e-01 -1.598526e+00 8.211290e-01 7.363414e-01
0.000000e+00 2.742182e-03 -7.176505e-01 -9.025945e-01 -1.598526e+00 -7.924797e-01 -7.424599e-01
0.000000e+00 -3.834806e-01 7.815752e-01 -9.025945e-01 1.453332e-01 5.608696e-01 5.365871e-01
0.000000e+00 2.742182e-03 3.196234e-02 1.456205e+00 8.428768e-01 9.240252e-02 1.162811e-01
0.000000e+00 -3.834806e-01 1.415863e+00 8.665048e-01 4.941050e-01 1.237544e+00 1.203447e+00
0.000000e+00 3.889649e-01 -2.570019e-02 1.456205e+00 1.453332e-01 9.240252e-02 1.911861e-01
0.000000e+00 -3.834806e-01 -5.446629e-01 1.456205e+00 1.540420e+00 -6.363240e-01 -5.408948e-01
0.000000e+00 -1.155926e+00 9.545628e-01 -9.025945e-01 -9.009822e-01 5.088177e-01 3.682898e-01
0.000000e+00 1.547633e+00 -2.570019e-02 -9.025945e-01 4.941050e-01 5.608696e-01 5.469416e-01
0.000000e+00 -1.155926e+00 1.415863e+00 1.456205e+00 1.453332e-01 9.772847e-01 9.215502e-01
0.000000e+00 1.547633e+00 6.085876e-01 -9.025945e-01 8.428768e-01 1.081388e+00 1.139415e+00
0.000000e+00 3.889649e-01 -1.524926e+00 1.456205e+00 -5.522104e-01 -1.312999e+00 -1.205497e+00
0.000000e+00 1.547633e+00 -1.467263e+00 -1.492294e+00 1.191649e+00 -8.445316e-01 -7.807909e-01
0.000000e+00 1.547633e+00 6.085876e-01 1.456205e+00 -1.598526e+00 1.237544e+00 1.167176e+00
0.000000e+00 -7.697033e-01 8.392377e-01 -3.128947e-01 4.941050e-01 2.485582e-01 4.762745e-01
0.000000e+00 -1.542149e+00 -1.178951e+00 -3.128947e-01 1.191649e+00 -1.625310e+00 -1.652489e+00
0.000000e+00 -1.542149e+00 -1.986878e-01 -9.025945e-01 1.540420e+00 -6.883759e-01 -7.672083e-01
0.000000e+00 -7.697033e-01 -8.329756e-01 1.456205e+00 -1.598526e+00 -1.156843e+00 -1.045635e+00
0.000000e+00 2.742182e-03 -2.570019e-02 1.456205e+00 1.540420e+00 9.240252e-02 8.375338e-02
0.000000e+00 -7.697033e-01 -1.005963e+00 8.665048e-01 -9.009822e-01 -1.208895e+00 -1.208826e+00
0.000000e+00 1.547633e+00 3.202750e-01 8.665048e-01 4.941050e-01 8.211290e-01 9.389301e-01
0.000000e+00 1.547633e+00 -5.446629e-01 8.665048e-01 1.191649e+00 1.444544e-01 1.653303e-01
0.000000e+00 -7.697033e-01 8.392377e-01 1.456205e+00 -1.598526e+00 4.567658e-01 4.894428e-01
0.000000e+00 -7.697033e-01 1.300538e+00 1.456205e+00 1.453332e-01 8.731809e-01 9.639275e-01
0.000000e+00 2.742182e-03 5.509251e-01 -3.128947e-01 -1.249754e+00 4.567658e-01 4.570803e-01
0.000000e+00 -1.155926e+00 8.392377e-01 2.768051e-01 -2.034386e-01 3.006101e-01 3.324192e-01
0.000000e+00 3.889649e-01 -8.906381e-01 -9.025945e-01 4.941050e-01 -6.363240e-01 -6.917984e-01
0.000000e+00 7.751877e-01 -6.023255e-01 -3.128947e-01 4.941050e-01 -6.375316e-02 -2.540897e-01
0.000000e+00 1.547633e+00 -6.023255e-01 8.665048e-01 1.540420e+00 4.035063e-02 1.225996e-01
0.000000e+00 3.889649e-01 8.392377e-01 -3.128947e-01 4.941050e-01 1.029337e+00 9.210086e-01
0.000000e+00 -7.697033e-01 1.415863e+00 -3.128947e-01 -5.522104e-01 8.731809e-01 9.750027e-01
0.000000e+00 2.742182e-03 1.646513e+00 -3.128947e-01 1.453332e-01 1.497804e+00 1.503633e+00
0.000000e+00 -3.834806e-01 -1.467263e+00 8.665048e-01 1.540420e+00 -1.312999e+00 -1.412630e+00
0.000000e+00 2.742182e-03 1.358200e+00 2.768051e-01 1.453332e-01 1.289596e+00 1.263760e+00
0.000000e+00 1.161410e+00 1.358200e+00 -1.492294e+00 4.941050e-01 1.393700e+00 1.644311e+00
0.000000e+00 1.161410e+00 1.704176e+00 -9.025945e-01 1.191649e+00 2.122426e+00 2.007114e+00
0.000000e+00 3.889649e-01 8.962487e-02 -9.025945e-01 1.453332e-01 2.485582e-01 1.978718e-01
0.000000e+00 -1.542149e+00 -1.409601e+00 -3.128947e-01 1.540420e+00 -1.885569e+00 -1.854021e+00
0.000000e+00 1.161410e+00 -2.570019e-02 2.768051e-01 -1.598526e+00 3.526620e-01 3.870697e-01
0.000000e+00 1.161410e+00 -2.563503e-01 8.665048e-01 8.428768e-01 3.006101e-01 2.715512e-01
0.000000e+00 -1.155926e+00 3.779375e-01 -1.492294e+00 -1.249754e+00 -1.158051e-01 -1.960458e-01
0.000000e+00 -3.834806e-01 -1.005963e+00 -1.492294e+00 -9.009822e-01 -1.104791e+00 -1.159763e+00
0.000000e+00 -1.155926e+00 -8.336272e-02 -3.128947e-01 -2.034386e-01 -6.363240e-01 -5.393158e-01
0.000000e+00 -3.834806e-01 -1.467263e+00 -3.128947e-01 1.453332e-01 -1.469154e+00 -1.503033e+00
0.000000e+00 7.751877e-01 -3.140128e-01 8.665048e-01 4.941050e-01 -1.170127e-02 6.016979e-02
0.000000e+00 1.547633e+00 -1.005963e+00 8.665048e-01 -5.522104e-01 -2.199088e-01 -3.091544e-01
0.000000e+00 1.161410e+00 -3.716754e-01 1.456205e+00 -9.009822e-01 1.444544e-01 1.394642e-01
0.000000e+00 1.547633e+00 3.196234e-02 8.665048e-01 1.191649e+00 7.170252e-01 6.946675e-01
0.000000e+00 1.161410e+00 -6.023255e-01 -3.128947e-01 -5.522104e-01 -1.678569e-01 -1.364539e-01
0.000000e+00 -1.155926e+00 1.415863e+00 2.768051e-01 1.191649e+00 8.731809e-01 9.025684e-01
0.000000e+00 7.751877e-01 -1.294276e+00 -3.128947e-01 1.191649e+00 -8.965834e-01 -8.688883e-01
0.000000e+00 -1.155926e+00 1.704176e+00 -3.128947e-01 -9.009822e-01 9.252328e-01 1.081224e+00
0.000000e+00 -1.155926e+00 -1.236613e+00 -1.492294e+00 -9.009822e-01 -1.521206e+00 -1.667987e+00
0.000000e+00 -3.834806e-01 -5.446629e-01 8.665048e-01 8.428768e-01 -4.801683e-01 -5.860962e-01
0.000000e+00 -1.542149e+00 1.185213e+00 -9.025945e-01 -1.598526e+00 2.485582e-01 4.113740e-01
0.000000e+00 2.742182e-03 -6.023255e-01 8.665048e-01 1.453332e-01 -6.363240e-01 -5.111912e-01
0.000000e+00 3.889649e-01 -8.906381e-01 1.456205e+00 1.453332e-01 -6.363240e-01 -6.028197e-01
0.000000e+00 1.547633e+00 -2.563503e-01 2.768051e-01 1.191649e+00 5.088177e-01 4.052035e-01
0.000000e+00 1.161410e+00 1.358200e+00 2.768051e-01 -1.249754e+00 1.758063e+00 1.667682e+00
0.000000e+00 -1.155926e+00 6.662501e-01 8.665048e-01 8.428768e-01 2.485582e-01 2.290225e-01
0.000000e+00 -1.542149e+00 -1.121288e+00 8.665048e-01 4.941050e-01 -1.729414e+00 -1.570371e+00
0.000000e+00 -1.155926e+00 3.779375e-01 -3.128947e-01 -1.249754e+00 -1.158051e-01 -1.464550e-01
0.000000e+00 7.751877e-01 6.085876e-01 -9.025945e-01 -1.598526e+00 7.690771e-01 7.715051e-01
0.000000e+00 -3.834806e-01 -1.121288e+00 -3.128947e-01 -5.522104e-01 -1.260947e+00 -1.205836e+00
0.000000e+00 2.742182e-03 -1.986878e-01 -1.492294e+00 -1.249754e+00 -1.678569e-01 -2.806489e-01
0.000000e+00 7.751877e-01 -2.570019e-02 -1.492294e+00 -9.009822e-01 1.965063e-01 1.848447e-01
0.000000e+00 -7.697033e-01 -6.599880e-01 2.768051e-01 -1.249754e+00 -7.924797e-01 -9.262218e-01
0.000000e+00 -1.155926e+00 2.049499e-01 2.768051e-01 1.191649e+00 -2.719607e-01 -2.090397e-01
0.000000e+00 7.751877e-01 4.356000e-01 -9.025945e-01 -5.522104e-01 5.608696e-01 6.433129e-01
0.000000e+00 2.742182e-03 -4.293379e-01 2.768051e-01 -1.598526e+00 -5.322202e-01 -4.282005e-01
0.000000e+00 -1.542149e+00 1.300538e+00 1.456205e+00 8.428768e-01 7.170252e-01 6.878441e-01
0.000000e+00 -1.542149e+00 -1.697914e+00 -1.492294e+00 -5.522104e-01 -2.197881e+00 -2.229498e+00
0.000000e+00 1.547633e+00 -1.582588e+00 -9.025945e-01 1.540420e+00 -9.486353e-01 -8.516599e-01
0.000000e+00 2.742182e-03 -1.582588e+00 -1.492294e+00 8.428768e-01 -1.573258e+00 -1.489840e+00
0.000000e+00 -1.542149e+00 -1.410252e-01 8.665048e-01 8.428768e-01 -5.322202e-01 -6.602943e-01
0.000000e+00 7.751877e-01 -9.483006e-01 8.665048e-01 1.191649e+00 -4.281164e-01 -5.016951e-01
0.000000e+00 1.547633e+00 1.242875e+00 -9.025945e-01 1.540420e+00 1.966271e+00 1.742092e+00
0.000000e+00 -1.542149e+00 -2.570019e-02 -3.128947e-01 4.941050e-01 -7.924797e-01 -6.142208e-01
0.000000e+00 -3.834806e-01 1.588851e+00 1.456205e+00 -5.522104e-01 1.549856e+00 1.356435e+00
0.000000e+00 -7.697033e-01 1.358200e+00 1.456205e+00 -1.249754e+00 9.252328e-01 9.760493e-01
0.000000e+00 2.742182e-03 -1.467263e+00 2.768051e-01 1.453332e-01 -1.469154e+00 -1.329992e+00
0.000000e+00 7.751877e-01 1.069888e+00 -9.025945e-01 -5.522104e-01 1.289596e+00 1.225584e+00
0.000000e+00 1.161410e+00 -8.906381e-01 1.456205e+00 1.453332e-01 -4.801683e-01 -3.063303e-01
0.000000e+00 -1.155926e+00 4.356000e-01 2.768051e-01 8.428768e-01 9.240252e-02 -7.507854e-03
0.000000e+00 7.751877e-01 -9.483006e-01 -1.492294e+00 -9.009822e-01 -6.363240e-01 -6.620948e-01
0.000000e+00 -1.542149e+00 -9.483006e-01 -3.128947e-01 -1.598526e+00 -1.573258e+00 -1.522378e+00
0.000000e+00 7.751877e-01 1.531188e+00 2.768051e-01 -2.034386e-01 1.810115e+00 1.708847e+00
0.000000e+00 1.161410e+00 1.646513e+00 8.665048e-01 -9.009822e-01 1.966271e+00 1.967349e+00
0.000000e+00 -1.155926e+00 1.069888e+00 8.665048e-01 1.453332e-01 6.129215e-01 5.791525e-01
0.000000e+00 1.547633e+00 -1.294276e+00 -1.492294e+00 -9.009822e-01 -5.842721e-01 -6.832077e-01
0.000000e+00 -1.542149e+00 -1.294276e+00 -9.025945e-01 -1.598526e+00 -1.937621e+00 -1.864776e+00
0.000000e+00 3.889649e-01 -6.599880e-01 2.768051e-01 1.191649e+00 -4.801683e-01 -4.100667e-01
0.000000e+00 -1.542149e+00 8.962487e-02 -1.492294e+00 -2.034386e-01 -5.842721e-01 -5.783502e-01
0.000000e+00 -7.697033e-01 3.196234e-02 8.665048e-01 -1.249754e+00 -4.281164e-01 -2.662217e-01
0.000000e+00 3.889649e-01 -8.336272e-02 8.665048e-01 -1.249754e+00 -1.170127e-02 7.264497e-02
0.000000e+00 -7.697033e-01 6.085876e-01 8.665048e-01 1.191649e+00 1.965063e-01 3.345364e-01
0.000000e+00 1.161410e+00 -1.121288e+00 -3.128947e-01 -1.598526e+00 -6.883759e-01 -6.434664e-01
0.000000e+00 2.742182e-03 8.392377e-01 -3.128947e-01 1.540420e+00 7.170252e-01 8.033729e-01
0.000000e+00 -1.155926e+00 -1.005963e+00 8.665048e-01 -9.009822e-01 -1.365050e+00 -1.357070e+00
0.000000e+00 -3.834806e-01 -1.986878e-01 1.456205e+00 1.540420e+00 -1.158051e-01 -2.232925e-01
0.000000e+00 1.547633e+00 1.473526e+00 -9.025945e-01 4.941050e-01 1.810115e+00 1.923218e+00
0.000000e+00 -3.834806e-01 -6.599880e-01 -3.128947e-01 -1.598526e+00 -7.924797e-01 -8.129755e-01
0.000000e+00 1.161410e+00 -2.563503e-01 2.768051e-01 -1.249754e+00 -1.170127e-02 1.855378e-01
0.000000e+00 2.742182e-03 1.300538e+00 -3.128947e-01 1.453332e-01 1.185492e+00 1.186031e+00
0.000000e+00 -1.542149e+00 1.185213e+00 2.768051e-01 1.191649e+00 4.567658e-01 5.425888e-01
0.000000e+00 7.751877e-01 3.779375e-01 -3.128947e-01 1.191649e+00 6.649733e-01 6.661896e-01
0.000000e+00 -7.697033e-01 1.012225e+00 8.665048e-01 8.428768e-01 6.649733e-01 6.948695e-01
0.000000e+00 1.161410e+00 -1.236613e+00 2.768051e-01 -9.009822e-01 -5.842721e-01 -7.041324e-01
0.000000e+00 -7.697033e-01 -1.410252e-01 -9.025945e-01 -1.249754e+00 -5.322202e-01 -4.994092e-01
0.000000e+00 -1.542149e+00 8.962487e-02 -3.128947e-01 -1.598526e+00 -4.281164e-01 -5.695713e-01
0.000000e+00 2.742182e-03 1.242875e+00 -3.128947e-01 1.191649e+00 9.252328e-01 1.163706e+00
0.000000e+00 -1.155926e+00 1.358200e+00 8.665048e-01 -2.034386e-01 8.211290e-01 8.336181e-01
0.000000e+00 -3.834806e-01 -1.582588e+00 2.768051e-01 -9.009822e-01 -1.573258e+00 -1.614714e+00
0.000000e+00 -1.542149e+00 1.185213e+00 1.456205e+00 1.540420e+00 5.088177e-01 6.023826e-01
0.000000e+00 1.547633e+00 8.962487e-02 8.665048e-01 1.540420e+00 7.690771e-01 7.578043e-01
0.000000e+00 3.889649e-01 -1.467263e+00 2.768051e-01 -2.034386e-01 -1.156843e+00 -1.191951e+00
0.000000e+00 1.161410e+00 -1.294276e+00 -3.128947e-01 -9.009822e-01 -6.883759e-01 -7.818616e-01
0.000000e+00 -3.834806e-01 -9.483006e-01 -3.128947e-01 1.191649e+00 -1.052739e+00 -9.960201e-01
0.000000e+00 1.547633e+00 1.473526e+00 -3.128947e-01 -1.598526e+00 1.810115e+00 1.886796e+00
0.000000e+00 -1.155926e+00 -1.582588e+00 -3.128947e-01 -1.598526e+00 -1.989673e+00 -1.956404e+00
0.000000e+00 1.547633e+00 -3.716754e-01 -1.492294e+00 -9.009822e-01 1.965063e-01 1.637318e-01
0.000000e+00 2.742182e-03 -1.005963e+00 -3.128947e-01 1.453332e-01 -1.000687e+00 -9.313181e-01
0.000000e+00 3.889649e-01 7.239127e-01 -3.128947e-01 -1.249754e+00 8.211290e-01 7.641262e-01
0.000000e+00 -7.697033e-01 -8.336272e-02 1.456205e+00 -1.598526e+00 -5.322202e-01 -3.574967e-01
0.000000e+00 -3.834806e-01 -1.294276e+00 1.456205e+00 8.428768e-01 -1.260947e+00 -1.249439e+00
0.000000e+00 3.889649e-01 1.185213e+00 2.768051e-01 1.540420e+00 1.133440e+00 1.294015e+00
0.000000e+00 7.751877e-01 6.662501e-01 -3.128947e-01 1.191649e+00 9.252328e-01 9.308582e-01
0.000000e+00 -1.542149e+00 3.196234e-02 -3.128947e-01 1.540420e+00 -4.281164e-01 -5.306780e-01
0.000000e+00 7.751877e-01 -2.563503e-01 2.768051e-01 -1.598526e+00 4.035063e-02 2.709011e-02
0.000000e+00 -1.542149e+00 -7.176505e-01 -3.128947e-01 -9.009822e-01 -1.312999e+00 -1.290237e+00
0.000000e+00 2.742182e-03 1.588851e+00 -3.128947e-01 -2.034386e-01 1.497804e+00 1.440496e+00
0.000000e+00 3.889649e-01 -7.176505e-01 8.665048e-01 4.941050e-01 -7.404278e-01 -4.586110e-01
0.000000e+00 -1.155926e+00 1.531188e+00 -1.492294e+00 1.540420e+00 9.252328e-01 9.442525e-01
0.000000e+00 1.547633e+00 -1.351938e+00 2.768051e-01 -5.522104e-01 -7.404278e-01 -6.515522e-01
0.000000e+00 3.889649e-01 1.012225e+00 8.665048e-01 1.453332e-01 1.133440e+00 1.119198e+00
0.000000e+00 7.751877e-01 4.356000e-01 1.456205e+00 -1.598526e+00 4.047139e-01 7.118856e-01
0.000000e+00 1.161410e+00 1.012225e+00 -9.025945e-01 -5.522104e-01 1.237544e+00 1.320895e+00
0.000000e+00 -1.542149e+00 -8.329756e-01 -9.025945e-01 8.428768e-01 -1.417102e+00 -1.369885e+00
0.000000e+00 1.161410e+00 1.415863e+00 1.456205e+00 -2.034386e-01 1.862167e+00 1.800816e+00
0.000000e+00 -3.834806e-01 1.473526e+00 -1.492294e+00 8.428768e-01 1.081388e+00 1.167402e+00
0.000000e+00 1.161410e+00 1.704176e+00 -9.025945e-01 -1.598526e+00 1.914219e+00 1.925490e+00
0.000000e+00 3.889649e-01 1.472874e-01 -1.492294e+00 1.540420e+00 3.006101e-01 2.668221e-01
0.000000e+00 1.547633e+00 1.473526e+00 -9.025945e-01 1.191649e+00 1.914219e+00 1.943624e+00
0.000000e+00 -3.834806e-01 1.185213e+00 -9.025945e-01 -5.522104e-01 8.731809e-01 8.867171e-01
0.000000e+00 -1.155926e+00 -1.582588e+00 8.665048e-01 1.191649e+00 -1.833518e+00 -1.825190e+00
0.000000e+00 -1.155926e+00 4.356000e-01 -9.025945e-01 8.428768e-01 -6.375316e-02 -5.709870e-02
0.000000e+00 2.742182e-03 -1.524926e+00 1.456205e+00 8.428768e-01 -1.052739e+00 -1.312929e+00
0.000000e+00 1.547633e+00 3.202750e-01 -1.492294e+00 -1.249754e+00 6.129215e-01 7.887335e-01
0.000000e+00 -7.697033e-01 -1.524926e+00 -3.128947e-01 -9.009822e-01 -1.833518e+00 -1.734820e+00
0.000000e+00 1.161410e+00 6.662501e-01 -3.128947e-01 1.540420e+00 1.081388e+00 1.089306e+00
0.000000e+00 -3.834806e-01 -1.236613e+00 -3.128947e-01 1.191649e+00 -1.156843e+00 -1.260689e+00
0.000000e+00 3.889649e-01 5.509251e-01 -1.492294e+00 -9.009822e-01 6.649733e-01 5.659372e-01
0.000000e+00 3.889649e-01 1.185213e+00 -1.492294e+00 8.428768e-01 1.341648e+00 1.199223e+00
0.000000e+00 -7.697033e-01 -7.753131e-01 -3.128947e-01 -2.034386e-01 -1.000687e+00 -1.026276e+00
0.000000e+00 2.742182e-03 -7.753131e-01 1.456205e+00 4.941050e-01 -4.801683e-01 -6.349940e-01
0.000000e+00 -7.697033e-01 1.472874e-01 -9.025945e-01 -5.522104e-01 -2.719607e-01 -2.143346e-01
0.000000e+00 -1.542149e+00 -6.023255e-01 -3.128947e-01 8.428768e-01 -1.000687e+00 -1.133355e+00
0.000000e+00 7.751877e-01 -9.483006e-01 2.768051e-01 -5.522104e-01 -5.842721e-01 -5.775055e-01
0.000000e+00 -3.834806e-01 -4.870004e-01 -1.492294e+00 -2.034386e-01 -6.363240e-01 -6.629532e-01
0.000000e+00 7.751877e-01 1.242875e+00 2.768051e-01 -1.598526e+00 1.237544e+00 1.403367e+00
0.000000e+00 -7.697033e-01 -1.986878e-01 2.768051e-01 1.540420e+00 -5.842721e-01 -4.211281e-01
0.000000e+00 2.742182e-03 7.239127e-01 -1.492294e+00 8.428768e-01 6.129215e-01 6.275086e-01
0.000000e+00 2.742182e-03 -1.582588e+00 -3.128947e-01 4.941050e-01 -1.469154e+00 -1.450452e+00
0.000000e+00 -1.155926e+00 -3.716754e-01 1.456205e+00 -2.034386e-01 -8.445316e-01 -7.295981e-01
0.000000e+00 -1.155926e+00 -2.570019e-02 8.665048e-01 1.453332e-01 -3.240126e-01 -4.265882e-01
0.000000e+00 -3.834806e-01 -1.294276e+00 2.768051e-01 -1.598526e+00 -1.417102e+00 -1.370451e+00
0.000000e+00 -3.834806e-01 -4.870004e-01 -3.128947e-01 8.428768e-01 -4.801683e-01 -5.827534e-01
0.000000e+00 -3.834806e-01 -3.140128e-01 8.665048e-01 1.191649e+00 -3.760645e-01 -3.641584e-01
0.000000e+00 3.889649e-01 1.704176e+00 2.768051e-01 -2.034386e-01 1.810115e+00 1.719404e+00
0.000000e+00 -1.155926e+00 -1.178951e+00 -3.128947e-01 1.540420e+00 -1.625310e+00 -1.494041e+00
0.000000e+00 3.889649e-01 1.069888e+00 2.768051e-01 4.941050e-01 1.029337e+00 1.157539e+00
0.000000e+00 7.751877e-01 -8.336272e-02 -3.128947e-01 1.540420e+00 3.006101e-01 2.529228e-01
0.000000e+00 -7.697033e-01 5.509251e-01 1.456205e+00 -5.522104e-01 3.526620e-01 2.553832e-01
0.000000e+00 1.161410e+00 1.358200e+00 -9.025945e-01 1.453332e-01 1.653959e+00 1.658903e+00
0.000000e+00 -1.155926e+00 -1.697914e+00 -9.025945e-01 -1.249754e+00 -2.197881e+00 -2.076864e+00
0.000000e+00 1.161410e+00 1.242875e+00 -1.492294e+00 -5.522104e-01 1.549856e+00 1.507834e+00
0.000000e+00 2.742182e-03 -5.446629e-01 8.665048e-01 -2.034386e-01 -4.281164e-01 -4.684605e-01
0.000000e+00 -1.155926e+00 4.932626e-01 2.768051e-01 1.191649e+00 -6.375316e-02 5.562886e-02
0.000000e+00 7.751877e-01 -3.716754e-01 2.768051e-01 1.191649e+00 9.240252e-02 2.846643e-03
0.000000e+00 -1.155926e+00 -1.236613e+00 -3.128947e-01 8.428768e-01 -1.521206e+00 -1.567381e+00
0.000000e+00 3.889649e-01 1.704176e+00 8.665048e-01 -5.522104e-01 1.758063e+00 1.733996e+00
0.000000e+00 -7.697033e-01 7.815752e-01 2.768051e-01 1.453332e-01 3.006101e-01 4.379332e-01
0.000000e+00 1.547633e+00 1.358200e+00 8.665048e-01 4.941050e-01 1.966271e+00 1.891737e+00
0.000000e+00 -7.697033e-01 -2.563503e-01 8.665048e-01 -1.598526e+00 -6.363240e-01 -5.410933e-01
0.000000e+00 -7.697033e-01 -1.236613e+00 -9.025945e-01 -1.598526e+00 -1.625310e+00 -1.515353e+00
0.000000e+00 2.742182e-03 -6.023255e-01 2.768051e-01 -5.522104e-01 -5.322202e-01 -5.563927e-01
0.000000e+00 7.751877e-01 1.473526e+00 2.768051e-01 -9.009822e-01 1.601907e+00 1.635508e+00
0.000000e+00 1.161410e+00 2.626125e-01 -1.492294e+00 1.540420e+00 5.088177e-01 6.691790e-01
0.000000e+00 7.751877e-01 3.202750e-01 8.665048e-01 -5.522104e-01 7.690771e-01 6.118317e-01
0.000000e+00 1.547633e+00 6.662501e-01 -3.128947e-01 1.191649e+00 1.237544e+00 1.227348e+00
0.000000e+00 2.742182e-03 3.202750e-01 -9.025945e-01 -1.249754e+00 1.965063e-01 2.205500e-01
0.000000e+00 -7.697033e-01 1.358200e+00 -1.492294e+00 -5.522104e-01 8.731809e-01 8.724781e-01
0.000000e+00 3.889649e-01 -1.236613e+00 -9.025945e-01 4.941050e-01 -1.000687e+00 -1.009401e+00
0.000000e+00 2.742182e-03 -4.870004e-01 -3.128947e-01 -1.249754e+00 -4.801683e-01 -4.957266e-01
0.000000e+00 -3.834806e-01 -1.697914e+00 -1.492294e+00 8.428768e-01 -1.625310e+00 -1.743952e+00
0.000000e+00 -1.155926e+00 -1.467263e+00 -9.025945e-01 1.540420e+00 -1.573258e+00 -1.783505e+00
0.000000e+00 7.751877e-01 -1.236613e+00 -3.128947e-01 -5.522104e-01 -8.965834e-01 -8.669696e-01
0.000000e+00 2.742182e-03 3.779375e-01 1.456205e+00 1.191649e+00 5.088177e-01 4.440864e-01
0.000000e+00 -3.834806e-01 4.356000e-01 -1.492294e+00 -1.598526e+00 1.965063e-01 1.431743e-01
0.000000e+00 1.161410e+00 -6.599880e-01 -3.128947e-01 4.941050e-01 -1.158051e-01 -1.587787e-01
0.000000e+00 1.547633e+00 -1.294276e+00 -1.492294e+00 -1.598526e+00 -5.322202e-01 -7.036137e-01
0.000000e+00 1.547633e+00 6.662501e-01 2.768051e-01 1.540420e+00 1.393700e+00 1.262346e+00
0.000000e+00 -7.697033e-01 7.239127e-01 2.768051e-01 1.191649e+00 4.567658e-01 4.156085e-01
0.000000e+00 -7.697033e-01 8.962487e-02 -9.025945e-01 1.540420e+00 -2.719607e-01 -2.060503e-01
0.000000e+00 2.742182e-03 -1.005963e+00 8.665048e-01 1.540420e+00 -8.445316e-01 -8.409153e-01
0.000000e+00 2.742182e-03 -6.023255e-01 1.456205e+00 -1.598526e+00 -6.363240e-01 -5.374108e-01
0.000000e+00 -1.155926e+00 3.202750e-01 8.665048e-01 -9.009822e-01 -6.375316e-02 -1.395949e-01
0.000000e+00 -1.542149e+00 7.239127e-01 -3.128947e-01 4.941050e-01 1.444544e-01 7.391761e-02
0.000000e+00 1.161410e+00 7.815752e-01 -1.492294e+00 -1.598526e+00 9.252328e-01 1.053756e+00
0.000000e+00 -7.697033e-01 3.779375e-01 2.768051e-01 -2.034386e-01 4.035063e-02 5.719415e-02
0.000000e+00 -1.542149e+00 -2.570019e-02 8.665048e-01 1.453332e-01 -6.883759e-01 -5.748329e-01
0.000000e+00 -1.542149e+00 -1.178951e+00 2.768051e-01 -9.009822e-01 -1.573258e+00 -1.688912e+00
0.000000e+00 -1.155926e+00 3.196234e-02 1.456205e+00 1.453332e-01 -3.760645e-01 -3.488590e-01
0.000000e+00 3.889649e-01 -3.140128e-01 -3.128947e-01 -5.522104e-01 -3.240126e-01 -1.682748e-01
0.000000e+00 3.889649e-01 -8.336272e-02 1.456205e+00 1.453332e-01 1.965063e-01 1.382524e-01
0.000000e+00 -7.697033e-01 -3.716754e-01 1.456205e+00 1.453332e-01 -5.322202e-01 -5.711504e-01
0.000000e+00 -3.834806e-01 4.932626e-01 -3.128947e-01 -5.522104e-01 2.485582e-01 2.763079e-01
0.000000e+00 -1.155926e+00 -5.446629e-01 -1.492294e+00 -1.598526e+00 -1.208895e+00 -1.053188e+00
0.000000e+00 -1.155926e+00 6.085876e-01 1.456205e+00 -9.009822e-01 1.965063e-01 1.498692e-01
0.000000e+00 7.751877e-01 -1.236613e+00 8.665048e-01 1.540420e+00 -7.924797e-01 -7.561607e-01
0.000000e+00 -1.542149e+00 6.662501e-01 -3.128947e-01 4.941050e-01 -1.170127e-02 2.098389e-02
0.000000e+00 7.751877e-01 6.662501e-01 -3.128947e-01 -1.249754e+00 7.170252e-01 8.594372e-01
0.000000e+00 -1.542149e+00 -1.640251e+00 2.768051e-01 -5.522104e-01 -2.249933e+00 -2.102178e+00
0.000000e+00 3.889649e-01 -1.524926e+00 -9.025945e-01 1.453332e-01 -8.445316e-01 -1.284272e+00
0.000000e+00 -7.697033e-01 -1.294276e+00 1.456205e+00 -2.034386e-01 -1.573258e+00 -1.428293e+00
0.000000e+00 1.161410e+00 8.962487e-02 8.665048e-01 1.453332e-01 3.526620e-01 5.687476e-01
0.000000e+00 3.889649e-01 -9.483006e-01 -1.492294e+00 -2.034386e-01 -7.924797e-01 -7.899335e-01
0.000000e+00 -1.155926e+00 1.069888e+00 1.456205e+00 1.191649e+00 6.129215e-01 6.345569e-01
0.000000e+00 1.161410e+00 -1.005963e+00 -1.492294e+00 -1.249754e+00 -6.883759e-01 -5.769868e-01
0.000000e+00 2.742182e-03 -5.446629e-01 2.768051e-01 -5.522104e-01 -5.842721e-01 -5.034589e-01
0.000000e+00 1.161410e+00 -3.716754e-01 1.456205e+00 -1.598526e+00 9.240252e-02 1.190582e-01
0.000000e+00 1.161410e+00 1.127550e+00 -1.492294e+00 4.941050e-01 1.445752e+00 1.432576e+00
0.000000e+00 3.889649e-01 -7.176505e-01 1.456205e+00 -1.598526e+00 -6.363240e-01 -4.950335e-01
0.000000e+00 -1.155926e+00 8.392377e-01 -3.128947e-01 1.453332e-01 3.006101e-01 3.178268e-01
0.000000e+00 1.161410e+00 5.509251e-01 1.456205e+00 1.540420e+00 1.081388e+00 1.057825e+00
0.000000e+00 3.889649e-01 -2.563503e-01 8.665048e-01 1.540420e+00 -6.375316e-02 -4.532211e-03
0.000000e+00 3.889649e-01 8.962487e-02 1.456205e+00 1.191649e+00 2.485582e-01 3.276625e-01
0.000000e+00 1.161410e+00 7.815752e-01 -1.492294e+00 -1.249754e+00 9.772847e-01 1.063959e+00
0.000000e+00 -1.542149e+00 1.531188e+00 8.665048e-01 -1.598526e+00 9.772847e-01 8.033626e-01
0.000000e+00 -1.155926e+00 1.415863e+00 -1.492294e+00 1.540420e+00 5.608696e-01 8.383851e-01
0.000000e+00 1.547633e+00 1.473526e+00 -9.025945e-01 -9.009822e-01 2.018323e+00 1.882406e+00
0.000000e+00 1.161410e+00 1.300538e+00 -9.025945e-01 1.453332e-01 1.445752e+00 1.605969e+00
0.000000e+00 7.751877e-01 1.472874e-01 8.665048e-01 4.941050e-01 5.088177e-01 4.836396e-01
0.000000e+00 7.751877e-01 1.242875e+00 -9.025945e-01 8.428768e-01 1.393700e+00 1.425197e+00
0.000000e+00 2.742182e-03 3.196234e-02 -9.025945e-01 -5.522104e-01 -1.678569e-01 -2.371258e-02
0.000000e+00 -1.155926e+00 -7.176505e-01 -3.128947e-01 8.428768e-01 -1.104791e+00 -1.090978e+00
0.000000e+00 3.889649e-01 2.626125e-01 -1.492294e+00 4.941050e-01 3.006101e-01 3.420806e-01
0.000000e+00 -7.697033e-01 -1.063626e+00 -9.025945e-01 8.428768e-01 -1.312999e+00 -1.285131e+00
0.000000e+00 -3.834806e-01 1.185213e+00 8.665048e-01 -2.034386e-01 1.133440e+00 9.713064e-01
0.000000e+00 -1.155926e+00 -3.140128e-01 -3.128947e-01 1.540420e+00 -5.322202e-01 -7.000356e-01
0.000000e+00 -1.155926e+00 8.392377e-01 -9.025945e-01 4.941050e-01 1.965063e-01 3.032343e-01
0.000000e+00 1.161410e+00 3.196234e-02 1.456205e+00 -5.522104e-01 5.608696e-01 5.202033e-01
0.000000e+00 1.161410e+00 -1.178951e+00 8.665048e-01 -1.598526e+00 -5.322202e-01 -6.468093e-01
0.000000e+00 3.889649e-01 9.545628e-01 -1.492294e+00 -9.009822e-01 9.252328e-01 9.364732e-01
0.000000e+00 2.742182e-03 1.242875e+00 1.456205e+00 1.540420e+00 1.341648e+00 1.248295e+00
0.000000e+00 1.161410e+00 2.049499e-01 -9.025945e-01 1.191649e+00 8.731809e-01 6.308377e-01
0.000000e+00 -3.834806e-01 1.185213e+00 8.665048e-01 -5.522104e-01 8.731809e-01 9.611034e-01
0.000000e+00 -3.834806e-01 -1.582588e+00 1.456205e+00 -2.034386e-01 -1.469154e+00 -1.544717e+00
0.000000e+00 2.742182e-03 8.969003e-01 8.665048e-01 -9.009822e-01 7.690771e-01 8.344765e-01
0.000000e+00 -1.542149e+00 4.932626e-01 2.768051e-01 1.453332e-01 -2.199088e-01 -1.232248e-01
0.000000e+00 -1.542149e+00 -1.294276e+00 1.456205e+00 -5.522104e-01 -1.781466e+00 -1.734985e+00
0.000000e+00 -1.155926e+00 8.962487e-02 8.665048e-01 -2.034386e-01 -2.719607e-01 -3.309237e-01
0.000000e+00 1.161410e+00 7.239127e-01 1.456205e+00 4.941050e-01 1.393700e+00 1.186017e+00
0.000000e+00 7.751877e-01 -8.336272e-02 2.768051e-01 4.941050e-01 1.444544e-01 2.471092e-01
0.000000e+00 1.547633e+00 -4.870004e-01 -1.492294e+00 1.191649e+00 1.965063e-01 1.190824e-01
0.000000e+00 2.742182e-03 -6.023255e-01 -1.492294e+00 -1.249754e+00 -7.404278e-01 -6.511849e-01
0.000000e+00 -1.155926e+00 -1.409601e+00 -3.128947e-01 -5.522104e-01 -1.781466e+00 -1.766994e+00
0.000000e+00 7.751877e-01 7.239127e-01 1.456205e+00 8.428768e-01 1.185492e+00 1.047975e+00
0.000000e+00 1.161410e+00 1.069888e+00 2.768051e-01 -5.522104e-01 1.549856e+00 1.423419e+00
0.000000e+00 7.751877e-01 -8.336272e-02 8.665048e-01 -9.009822e-01 1.965063e-01 2.310927e-01
0.000000e+00 7.751877e-01 6.662501e-01 -3.128947e-01 1.540420e+00 8.731809e-01 9.410612e-01
0.000000e+00 2.742182e-03 1.473526e+00 1.456205e+00 1.453332e-01 1.445752e+00 1.419218e+00
0.000000e+00 -1.155926e+00 -7.753131e-01 -3.128947e-01 -9.009822e-01 -1.260947e+00 -1.194926e+00
0.000000e+00 3.889649e-01 3.196234e-02 1.456205e+00 -1.249754e+00 1.444544e-01 2.033078e-01
0.000000e+00 -3.834806e-01 1.300538e+00 -1.492294e+00 1.191649e+00 9.772847e-01 1.018804e+00
0.000000e+00 -1.155926e+00 2.049499e-01 8.665048e-01 -9.009822e-01 -2.719607e-01 -2.454623e-01
0.000000e+00 1.547633e+00 4.356000e-01 2.768051e-01 -1.598526e+00 8.731809e-01 9.587842e-01
0.000000e+00 7.751877e-01 1.531188e+00 -1.492294e+00 1.191649e+00 1.497804e+00 1.675273e+00
0.000000e+00 3.889649e-01 3.779375e-01 -3.128947e-01 -2.034386e-01 6.129215e-01 4.771329e-01
0.000000e+00 2.742182e-03 -1.524926e+00 -9.025945e-01 4.941050e-01 -1.365050e+00 -1.422314e+00
0.000000e+00 -7.697033e-01 -1.640251e+00 -3.128947e-01 -1.249754e+00 -1.833518e+00 -1.850890e+00
0.000000e+00 -3.834806e-01 -1.063626e+00 -9.025945e-01 -1.598526e+00 -1.260947e+00 -1.208307e+00
0.000000e+00 -7.697033e-01 2.626125e-01 1.456205e+00 1.453332e-01 1.444544e-01 1.112056e-02
0.000000e+00 1.161410e+00 -1.409601e+00 -1.492294e+00 -2.034386e-01 -8.445316e-01 -9.169139e-01
0.000000e+00 -7.697033e-01 1.473526e+00 1.456205e+00 1.540420e+00 1.133440e+00 1.163541e+00
0.000000e+00 7.751877e-01 8.969003e-01 2.768051e-01 1.453332e-01 1.185492e+00 1.136779e+00
0.000000e+00 7.751877e-01 -1.294276e+00 8.665048e-01 -1.249754e+00 -8.445316e-01 -8.907184e-01
0.000000e+00 7.751877e-01 -5.446629e-01 -9.025945e-01 4.941050e-01 -2.199088e-01 -2.259514e-01
0.000000e+00 7.751877e-01 1.300538e+00 8.665048e-01 -1.598526e+00 1.601907e+00 1.481096e+00
0.000000e+00 -1.155926e+00 1.588851e+00 1.456205e+00 8.428768e-01 1.185492e+00 1.100757e+00
0.000000e+00 -7.697033e-01 8.969003e-01 -1.492294e+00 4.941050e-01 5.608696e-01 4.796174e-01
0.000000e+00 1.547633e+00 2.626125e-01 -1.492294e+00 4.941050e-01 9.772847e-01 7.868147e-01
0.000000e+00 -7.697033e-01 1.012225e+00 1.456205e+00 1.453332e-01 7.690771e-01 6.992589e-01
0.000000e+00 -1.155926e+00 -8.906381e-01 1.456205e+00 1.540420e+00 -8.965834e-01 -1.154987e+00
0.000000e+00 1.547633e+00 -1.351938e+00 -1.492294e+00 -2.034386e-01 -5.842721e-01 -7.157354e-01
0.000000e+00 1.547633e+00 -8.906381e-01 2.768051e-01 1.191649e+00 -1.678569e-01 -1.770674e-01
0.000000e+00 -3.834806e-01 8.392377e-01 -9.025945e-01 -9.009822e-01 4.047139e-01 5.589118e-01
0.000000e+00 1.547633e+00 -1.409601e+00 8.665048e-01 1.191649e+00 -4.801683e-01 -6.286755e-01
0.000000e+00 -7.697033e-01 9.545628e-01 -3.128947e-01 -2.034386e-01 4.047139e-01 5.617359e-01
0.000000e+00 7.751877e-01 -7.753131e-01 1.456205e+00 8.428768e-01 -2.719607e-01 -3.283015e-01
0.000000e+00 7.751877e-01 -1.524926e+00 1.456205e+00 -9.009822e-01 -9.486353e-01 -1.067455e+00
0.000000e+00 1.161410e+00 -4.870004e-01 -1.492294e+00 4.941050e-01 -1.678569e-01 -4.956835e-02
0.000000e+00 -3.834806e-01 8.962487e-02 8.665048e-01 1.540420e+00 -1.170127e-02 1.658068e-02
0.000000e+00 -7.697033e-01 1.646513e+00 8.665048e-01 -5.522104e-01 1.133440e+00 1.236328e+00
0.000000e+00 -7.697033e-01 -4.870004e-01 2.768051e-01 -2.034386e-01 -4.801683e-01 -7.368117e-01
0.000000e+00 2.742182e-03 -1.986878e-01 -9.025945e-01 -5.522104e-01 -1.678569e-01 -2.354475e-01
0.000000e+00 -1.542149e+00 8.969003e-01 2.768051e-01 1.191649e+00 1.965063e-01 2.779202e-01
0.000000e+00 -7.697033e-01 -8.906381e-01 2.768051e-01 4.941050e-01 -1.208895e+00 -1.086942e+00
0.000000e+00 3.889649e-01 1.704176e+00 8.665048e-01 1.453332e-01 1.653959e+00 1.754402e+00
0.000000e+00 -7.697033e-01 7.815752e-01 -9.025945e-01 1.453332e-01 3.006101e-01 3.883423e-01
0.000000e+00 2.742182e-03 1.185213e+00 -9.025945e-01 1.540420e+00 1.029337e+00 1.096180e+00
0.000000e+00 1.547633e+00 -4.870004e-01 -9.025945e-01 4.941050e-01 1.965063e-01 1.234718e-01
0.000000e+00 -1.155926e+00 -1.410252e-01 -1.492294e+00 -2.034386e-01 -7.924797e-01 -6.418403e-01
0.000000e+00 -1.155926e+00 6.662501e-01 -9.025945e-01 1.540420e+00 3.006101e-01 1.750422e-01
0.000000e+00 3.889649e-01 4.356000e-01 8.665048e-01 -9.009822e-01 3.526620e-01 5.592515e-01
0.000000e+00 3.889649e-01 1.704176e+00 -1.492294e+00 -9.009822e-01 1.601907e+00 1.624612e+00
0.000000e+00 1.161410e+00 1.531188e+00 -3.128947e-01 4.941050e-01 1.758063e+00 1.852703e+00
0.000000e+00 -1.155926e+00 -1.236613e+00 1.456205e+00 1.540420e+00 -1.365050e+00 -1.472589e+00
0.000000e+00 1.547633e+00 2.049499e-01 2.768051e-01 -1.598526e+00 8.731809e-01 7.470493e-01
0.000000e+00 -1.155926e+00 3.202750e-01 -9.025945e-01 -5.522104e-01 -1.158051e-01 -2.037781e-01
0.000000e+00 -1.542149e+00 -1.236613e+00 -3.128947e-01 1.540420e+00 -1.625310e+00 -1.695220e+00
0.000000e+00 -1.155926e+00 -8.906381e-01 -9.025945e-01 8.428768e-01 -1.312999e+00 -1.274574e+00
0.000000e+00 7.751877e-01 8.392377e-01 2.768051e-01 -5.522104e-01 1.237544e+00 1.063440e+00
0.000000e+00 1.161410e+00 -6.023255e-01 8.665048e-01 -1.598526e+00 -2.199088e-01 -1.174721e-01
0.000000e+00 2.742182e-03 -1.294276e+00 8.665048e-01 -2.034386e-01 -1.104791e+00 -1.156599e+00
0.000000e+00 3.889649e-01 1.588851e+00 2.768051e-01 -1.598526e+00 1.653959e+00 1.572724e+00
0.000000e+00 -1.542149e+00 -1.410252e-01 -3.128947e-01 1.191649e+00 -6.363240e-01 -6.996822e-01
0.000000e+00 3.889649e-01 1.185213e+00 -1.492294e+00 8.428768e-01 1.289596e+00 1.199223e+00
0.000000e+00 1.161410e+00 -6.599880e-01 1.456205e+00 4.941050e-01 -6.375316e-02 -8.439239e-02
0.000000e+00 -7.697033e-01 1.531188e+00 1.456205e+00 -2.034386e-01 1.289596e+00 1.165459e+00
0.000000e+00 -1.542149e+00 -8.329756e-01 1.456205e+00 -5.522104e-01 -1.365050e+00 -1.311516e+00
0.000000e+00 -3.834806e-01 -1.121288e+00 -1.492294e+00 4.941050e-01 -1.104791e+00 -1.224818e+00
0.000000e+00 -1.542149e+00 6.662501e-01 -9.025945e-01 -9.009822e-01 1.444544e-01 -4.462353e-02
0.000000e+00 1.161410e+00 -1.294276e+00 2.768051e-01 8.428768e-01 -8.965834e-01 -7.060512e-01
0.000000e+00 2.742182e-03 1.472874e-01 2.768051e-01 -2.034386e-01 9.240252e-02 1.419487e-01
0.000000e+00 -1.542149e+00 -1.178951e+00 -1.492294e+00 -2.034386e-01 -1.833518e+00 -1.742892e+00
0.000000e+00 1.161410e+00 -7.176505e-01 -3.128947e-01 -1.598526e+00 -3.240126e-01 -2.729304e-01
0.000000e+00 1.547633e+00 2.626125e-01 1.456205e+00 1.540420e+00 9.252328e-01 9.414008e-01
0.000000e+00 -1.155926e+00 7.239127e-01 2.768051e-01 8.428768e-01 3.006101e-01 2.571607e-01
0.000000e+00 1.547633e+00 1.127550e+00 8.665048e-01 4.941050e-01 1.653959e+00 1.680002e+00
0.000000e+00 1.161410e+00 -1.582588e+00 8.665048e-01 -1.598526e+00 -9.486353e-01 -1.017345e+00
0.000000e+00 7.751877e-01 5.509251e-01 2.768051e-01 -5.522104e-01 7.170252e-01 7.987712e-01
0.000000e+00 -7.697033e-01 -1.986878e-01 1.456205e+00 -5.522104e-01 -4.801683e-01 -4.327552e-01
0.000000e+00 -1.155926e+00 1.646513e+00 1.456205e+00 1.191649e+00 1.237544e+00 1.163894e+00
0.000000e+00 7.751877e-01 -1.410252e-01 1.456205e+00 1.540420e+00 2.485582e-01 2.743754e-01
0.000000e+00 2.742182e-03 8.969003e-01 -3.128947e-01 -1.249754e+00 6.649733e-01 7.746826e-01
0.000000e+00 3.889649e-01 -1.409601e+00 8.665048e-01 -5.522104e-01 -8.965834e-01 -1.124425e+00
0.000000e+00 -3.834806e-01 9.545628e-01 -3.128947e-01 1.540420e+00 8.211290e-01 7.609956e-01
0.000000e+00 -1.155926e+00 -9.483006e-01 -1.492294e+00 -9.009822e-01 -1.417102e+00 -1.403318e+00
0.000000e+00 1.547633e+00 -1.351938e+00 -9.025945e-01 1.540420e+00 -5.842721e-01 -6.399250e-01
0.000000e+00 -7.697033e-01 -1.178951e+00 1.456205e+00 -2.034386e-01 -1.260947e+00 -1.322425e+00
0.000000e+00 7.751877e-01 -8.906381e-01 -1.492294e+00 4.941050e-01 -7.404278e-01 -5.683491e-01
0.000000e+00 1.161410e+00 3.196234e-02 -9.025945e-01 -2.034386e-01 4.047139e-01 4.312246e-01
0.000000e+00 -1.155926e+00 -8.336272e-02 8.665048e-01 -2.034386e-01 -5.842721e-01 -4.897249e-01
0.000000e+00 3.889649e-01 6.662501e-01 -9.025945e-01 -5.522104e-01 7.170252e-01 7.068031e-01
0.000000e+00 1.161410e+00 1.358200e+00 -9.025945e-01 1.191649e+00 1.706011e+00 1.689512e+00
0.000000e+00 7.751877e-01 -7.753131e-01 2.768051e-01 1.453332e-01 -3.240126e-01 -3.982984e-01
0.000000e+00 -7.697033e-01 1.646513e+00 -9.025945e-01 1.540420e+00 1.081388e+00 1.223160e+00
0.000000e+00 -1.542149e+00 1.185213e+00 2.768051e-01 1.453332e-01 4.047139e-01 5.119798e-01
0.000000e+00 3.889649e-01 -8.336272e-02 -9.025945e-01 1.453332e-01 -1.170127e-02 3.907069e-02
0.000000e+00 1.161410e+00 1.069888e+00 2.768051e-01 1.453332e-01 1.601907e+00 1.443825e+00
0.000000e+00 3.889649e-01 7.815752e-01 8.665048e-01 -1.598526e+00 8.211290e-01 8.564478e-01
0.000000e+00 2.742182e-03 -8.906381e-01 8.665048e-01 1.453332e-01 -7.404278e-01 -7.758598e-01
0.000000e+00 1.161410e+00 -2.563503e-01 -9.025945e-01 -5.522104e-01 1.444544e-01 1.563530e-01
0.000000e+00 -1.155926e+00 -1.063626e+00 -3.128947e-01 -1.249754e+00 -1.521206e+00 -1.469798e+00
0.000000e+00 -1.542149e+00 -3.140128e-01 8.665048e-01 1.453332e-01 -8.445316e-01 -8.395015e-01
0.000000e+00 -1.542149e+00 6.085876e-01 -1.492294e+00 -1.598526e+00 -6.375316e-02 -1.427587e-01
0.000000e+00 -3.834806e-01 -1.467263e+00 -1.492294e+00 -1.598526e+00 -1.573258e+00 -1.603638e+00
0.000000e+00 3.889649e-01 -1.524926e+00 2.768051e-01 -2.034386e-01 -1.365050e+00 -1.244884e+00
0.000000e+00 1.547633e+00 7.815752e-01 -3.128947e-01 1.453332e-01 1.341648e+00 1.302606e+00
0.000000e+00 -1.542149e+00 1.012225e+00 1.456205e+00 -1.249754e+00 5.088177e-01 3.619575e-01
0.000000e+00 -1.542149e+00 6.085876e-01 2.768051e-01 1.540420e+00 9.240252e-02 2.345458e-02
0.000000e+00 2.742182e-03 1.531188e+00 -9.025945e-01 8.428768e-01 1.549856e+00 1.393376e+00
0.000000e+00 2.742182e-03 3.196234e-02 8.665048e-01 -5.522104e-01 2.485582e-01 5.067369e-02
0.000000e+00 2.742182e-03 -1.582588e+00 -3.128947e-01 -5.522104e-01 -1.469154e+00 -1.481061e+00
0.000000e+00 3.889649e-01 1.300538e+00 2.768051e-01 1.540420e+00 1.393700e+00 1.399883e+00
0.000000e+00 1.161410e+00 -1.582588e+00 2.768051e-01 -2.034386e-01 -9.486353e-01 -1.001329e+00
0.000000e+00 -7.697033e-01 -2.563503e-01 -1.492294e+00 1.540420e+00 -3.760645e-01 -5.484481e-01
0.000000e+00 1.547633e+00 1.127550e+00 -9.025945e-01 -5.522104e-01 1.549856e+00 1.575007e+00
0.000000e+00 -1.542149e+00 -7.753131e-01 2.768051e-01 -2.034386e-01 -1.417102e+00 -1.297970e+00
0.000000e+00 -3.834806e-01 1.704176e+00 -1.492294e+00 1.540420e+00 1.445752e+00 1.399543e+00
0.000000e+00 1.547633e+00 -1.178951e+00 -3.128947e-01 -9.009822e-01 -4.281164e-01 -5.277494e-01
0.000000e+00 1.161410e+00 -1.640251e+00 2.768051e-01 8.428768e-01 -9.486353e-01 -1.023653e+00
0.000000e+00 1.547633e+00 -3.716754e-01 1.456205e+00 1.453332e-01 3.526620e-01 3.183179e-01
0.000000e+00 -1.542149e+00 -1.121288e+00 1.456205e+00 8.428768e-01 -1.521206e+00 -1.535372e+00
0.000000e+00 1.547633e+00 -3.716754e-01 -1.492294e+00 -2.034386e-01 1.965063e-01 1.841378e-01
0.000000e+00 -7.697033e-01 2.626125e-01 1.456205e+00 4.941050e-01 1.965063e-01 2.132355e-02
0.000000e+00 1.547633e+00 -4.293379e-01 -9.025945e-01 1.540420e+00 4.035063e-02 2.070145e-01
0.000000e+00 -1.542149e+00 8.962487e-02 8.665048e-01 4.941050e-01 -4.801683e-01 -4.587625e-01
0.000000e+00 -1.542149e+00 -4.293379e-01 1.456205e+00 1.453332e-01 -1.052739e+00 -9.205735e-01
0.000000e+00 1.547633e+00 2.049499e-01 -3.128947e-01 1.540420e+00 8.211290e-01 8.140808e-01
0.000000e+00 3.889649e-01 6.085876e-01 2.768051e-01 -5.522104e-01 7.170252e-01 7.034602e-01
0.000000e+00 -3.834806e-01 -6.599880e-01 -1.492294e+00 1.453332e-01 -7.404278e-01 -8.115514e-01
0.000000e+00 7.751877e-01 -1.640251e+00 2.768051e-01 1.191649e+00 -1.104791e+00 -1.161695e+00
0.000000e+00 2.742182e-03 1.704176e+00 8.665048e-01 -5.522104e-01 1.758063e+00 1.585752e+00
0.000000e+00 7.751877e-01 1.185213e+00 2.768051e-01 1.453332e-01 1.445752e+00 1.401448e+00
0.000000e+00 1.161410e+00 -1.640251e+00 2.768051e-01 1.453332e-01 -1.156843e+00 -1.044059e+00
0.000000e+00 1.161410e+00 -8.906381e-01 -1.492294e+00 -9.009822e-01 -3.760645e-01 -4.609164e-01
0.000000e+00 -1.542149e+00 1.473526e+00 8.665048e-01 -5.522104e-01 8.211290e-01 7.810378e-01
0.000000e+00 1.161410e+00 -5.446629e-01 -3.128947e-01 -9.009822e-01 -1.678569e-01 -9.372321e-02
0.000000e+00 3.889649e-01 2.626125e-01 -1.492294e+00 -9.009822e-01 4.047139e-01 3.012686e-01
0.000000e+00 -3.834806e-01 -1.467263e+00 8.665048e-01 1.540420e+00 -1.469154e+00 -1.412630e+00
0.000000e+00 1.161410e+00 7.239127e-01 8.665048e-01 -5.522104e-01 1.237544e+00 1.130612e+00
0.000000e+00 -7.697033e-01 -1.986878e-01 2.768051e-01 -5.522104e-01 -5.842721e-01 -4.823460e-01
0.000000e+00 -3.834806e-01 -3.716754e-01 -9.025945e-01 1.453332e-01 -5.322202e-01 -5.220873e-01
0.000000e+00 3.889649e-01 -1.351938e+00 -9.025945e-01 -5.522104e-01 -1.104791e+00 -1.145877e+00
0.000000e+00 7.751877e-01 -1.409601e+00 -3.128947e-01 1.453332e-01 -1.104791e+00 -1.005365e+00
0.000000e+00 -3.834806e-01 8.969003e-01 2.768051e-01 -1.249754e+00 7.170252e-01 6.512334e-01
0.000000e+00 -3.834806e-01 1.472874e-01 -9.025945e-01 -5.522104e-01 4.035063e-02 -6.608986e-02
0.000000e+00 7.751877e-01 1.588851e+00 -1.492294e+00 -1.249754e+00 1.601907e+00 1.656786e+00
0.000000e+00 3.889649e-01 1.069888e+00 -3.128947e-01 8.428768e-01 1.185492e+00 1.142947e+00
0.000000e+00 1.161410e+00 -7.753131e-01 2.768051e-01 1.191649e+00 -3.240126e-01 -2.194447e-01
0.000000e+00 -1.542149e+00 8.969003e-01 1.456205e+00 4.941050e-01 6.129215e-01 3.071050e-01
0.000000e+00 7.751877e-01 6.662501e-01 -1.492294e+00 1.453332e-01 8.211290e-01 8.506583e-01
0.000000e+00 7.751877e-01 -2.570019e-02 -9.025945e-01 8.428768e-01 3.006101e-01 2.606551e-01
0.000000e+00 7.751877e-01 -1.294276e+00 -9.025945e-01 -5.522104e-01 -1.000687e+00 -9.446987e-01
0.000000e+00 7.751877e-01 5.509251e-01 -9.025945e-01 1.540420e+00 7.170252e-01 8.103983e-01
0.000000e+00 1.161410e+00 8.969003e-01 -9.025945e-01 -1.249754e+00 1.289596e+00 1.194621e+00
0.000000e+00 1.547633e+00 -1.351938e+00 8.665048e-01 -5.522104e-01 -8.445316e-01 -6.267567e-01
0.000000e+00 1.547633e+00 -1.409601e+00 1.456205e+00 -2.034386e-01 -8.445316e-01 -6.446920e-01
0.000000e+00 -1.155926e+00 -1.524926e+00 -3.128947e-01 1.191649e+00 -1.781466e+00 -1.821847e+00
0.000000e+00 7.751877e-01 -1.697914e+00 -3.128947e-01 -2.034386e-01 -1.312999e+00 -1.280236e+00
0.000000e+00 7.751877e-01 -8.906381e-01 -9.025945e-01 1.191649e+00 -4.281164e-01 -5.231477e-01
0.000000e+00 -3.834806e-01 3.196234e-02 -3.128947e-01 1.191649e+00 -1.158051e-01 -9.614689e-02
0.000000e+00 1.547633e+00 -3.140128e-01 1.456205e+00 8.428768e-01 1.965063e-01 3.916576e-01
0.000000e+00 1.161410e+00 9.545628e-01 -1.492294e+00 -2.034386e-01 1.237544e+00 1.253369e+00
0.000000e+00 -1.542149e+00 1.472874e-01 -1.492294e+00 -1.249754e+00 -5.842721e-01 -5.560254e-01
0.000000e+00 -1.155926e+00 1.242875e+00 -3.128947e-01 -2.034386e-01 5.608696e-01 6.781598e-01
0.000000e+00 -1.155926e+00 2.626125e-01 -9.025945e-01 -1.598526e+00 -2.199088e-01 -2.873208e-01
0.000000e+00 1.161410e+00 1.415863e+00 2.768051e-01 8.428768e-01 1.810115e+00 1.781834e+00
0.000000e+00 -1.542149e+00 -1.467263e+00 1.456205e+00 -1.249754e+00 -2.041725e+00 -1.914192e+00
0.000000e+00 -3.834806e-01 -1.467263e+00 -9.025945e-01 4.941050e-01 -1.677362e+00 -1.517625e+00
0.000000e+00 2.742182e-03 3.202750e-01 8.665048e-01 -1.249754e+00 3.526620e-01 2.949363e-01
0.000000e+00 1.547633e+00 -7.753131e-01 2.768051e-01 -2.034386e-01 -2.199088e-01 -1.120120e-01
0.000000e+00 7.751877e-01 1.300538e+00 1.456205e+00 1.540420e+00 1.497804e+00 1.597718e+00
0.000000e+00 1.161410e+00 1.242875e+00 8.665048e-01 4.941050e-01 1.601907e+00 1.637625e+00
0.000000e+00 1.547633e+00 -9.483006e-01 -3.128947e-01 1.453332e-01 -2.719607e-01 -2.854055e-01
0.000000e+00 7.751877e-01 1.588851e+00 8.665048e-01 -2.034386e-01 1.810115e+00 1.786577e+00
0.000000e+00 2.742182e-03 -8.336272e-02 -3.128947e-01 1.453332e-01 -1.170127e-02 -8.437861e-02
0.000000e+00 2.742182e-03 -1.294276e+00 8.665048e-01 -1.249754e+00 -1.260947e+00 -1.187208e+00
0.000000e+00 3.889649e-01 2.049499e-01 2.768051e-01 1.540420e+00 4.567658e-01 3.941421e-01
0.000000e+00 2.742182e-03 5.509251e-01 8.665048e-01 -1.598526e+00 4.567658e-01 4.964682e-01
0.000000e+00 1.547633e+00 -1.697914e+00 -9.025945e-01 -1.598526e+00 -8.965834e-01 -1.049354e+00
0.000000e+00 -7.697033e-01 -8.336272e-02 -3.128947e-01 8.428768e-01 -4.801683e-01 -3.604620e-01
0.000000e+00 -7.697033e-01 3.202750e-01 -1.492294e+00 -9.009822e-01 -6.375316e-02 -9.053184e-02
0.000000e+00 7.751877e-01 1.185213e+00 8.665048e-01 -9.009822e-01 1.341648e+00 1.395635e+00
0.000000e+00 7.751877e-01 3.779375e-01 -3.128947e-01 1.191649e+00 6.129215e-01 6.661896e-01
0.000000e+00 3.889649e-01 -8.336272e-02 -1.492294e+00 1.453332e-01 -6.375316e-02 1.427526e-02
0.000000e+00 -7.697033e-01 -1.467263e+00 -3.128947e-01 -5.522104e-01 -1.885569e+00 -1.671683e+00
0.000000e+00 7.751877e-01 1.300538e+00 -3.128947e-01 -5.522104e-01 1.549856e+00 1.462114e+00
0.000000e+00 2.742182e-03 8.962487e-02 -1.492294e+00 4.941050e-01 -6.375316e-02 3.503470e-02
0.000000e+00 7.751877e-01 1.704176e+00 -1.492294e+00 1.453332e-01 1.758063e+00 1.803465e+00
0.000000e+00 -1.155926e+00 1.242875e+00 2.768051e-01 -1.249754e+00 5.608696e-01 6.723462e-01
0.000000e+00 3.889649e-01 -3.716754e-01 1.456205e+00 1.191649e+00 -1.170127e-02 -9.580722e-02
0.000000e+00 1.161410e+00 -6.599880e-01 8.665048e-01 -1.249754e+00 -1.678569e-01 -1.602028e-01
0.000000e+00 -1.542149e+00 -1.063626e+00 8.665048e-01 8.428768e-01 -1.469154e+00 -1.507234e+00
0.000000e+00 -3.834806e-01 1.242875e+00 -3.128947e-01 -5.522104e-01 9.772847e-01 9.644462e-01
0.000000e+00 -1.542149e+00 -1.697914e+00 -9.025945e-01 1.540420e+00 -2.145829e+00 -2.143485e+00
0.000000e+00 -1.542149e+00 -1.351938e+00 -9.025945e-01 -1.598526e+00 -1.885569e+00 -1.917710e+00
0.000000e+00 1.161410e+00 -7.753131e-01 1.456205e+00 -1.598526e+00 -1.678569e-01 -2.514778e-01
0.000000e+00 7.751877e-01 2.049499e-01 -3.128947e-01 1.191649e+00 4.047139e-01 5.073884e-01
0.000000e+00 -1.542149e+00 7.239127e-01 2.768051e-01 -5.522104e-01 -1.170127e-02 6.810404e-02
0.000000e+00 -1.155926e+00 -1.351938e+00 -1.492294e+00 -1.598526e+00 -1.937621e+00 -1.794260e+00
0.000000e+00 -3.834806e-01 -7.753131e-01 -3.128947e-01 -9.009822e-01 -8.445316e-01 -8.984370e-01
0.000000e+00 -1.542149e+00 1.646513e+00 8.665048e-01 -9.009822e-01 9.772847e-01 9.296360e-01
0.000000e+00 -7.697033e-01 -1.582588e+00 -9.025945e-01 4.941050e-01 -1.677362e+00 -1.771737e+00
0.000000e+00 1.161410e+00 -8.336272e-02 -9.025945e-01 1.453332e-01 9.240252e-02 3.355601e-01
0.000000e+00 1.161410e+00 -4.870004e-01 -9.025945e-01 8.428768e-01 -6.375316e-02 -1.456993e-02
0.000000e+00 1.161410e+00 4.356000e-01 2.768051e-01 4.941050e-01 6.129215e-01 8.717574e-01
0.000000e+00 3.889649e-01 1.358200e+00 8.665048e-01 -1.598526e+00 1.601907e+00 1.385785e+00
0.000000e+00 3.889649e-01 7.239127e-01 2.768051e-01 -9.009822e-01 8.211290e-01 7.991246e-01
0.000000e+00 2.742182e-03 -8.336272e-02 -1.492294e+00 1.191649e+00 -1.678569e-01 -1.033605e-01
0.000000e+00 1.547633e+00 1.127550e+00 -3.128947e-01 -5.522104e-01 1.549856e+00 1.599802e+00
0.000000e+00 -3.834806e-01 1.127550e+00 -3.128947e-01 -9.009822e-01 8.731809e-01 8.483758e-01
0.000000e+00 7.751877e-01 1.358200e+00 -9.025945e-01 -2.034386e-01 1.706011e+00 1.500455e+00
0.000000e+00 -1.542149e+00 6.662501e-01 -9.025945e-01 8.428768e-01 -1.170127e-02 6.391461e-03
0.000000e+00 1.547633e+00 -1.467263e+00 -1.492294e+00 -1.598526e+00 -8.445316e-01 -8.624149e-01
0.000000e+00 7.751877e-01 -2.570019e-02 2.768051e-01 -1.249754e+00 1.444544e-01 2.490280e-01
0.000000e+00 1.547633e+00 -4.293379e-01 1.456205e+00 4.941050e-01 5.088177e-01 2.755872e-01
0.000000e+00 7.751877e-01 1.415863e+00 1.456205e+00 -1.598526e+00 1.810115e+00 1.611759e+00
0.000000e+00 -1.155926e+00 -5.446629e-01 1.456205e+00 -2.034386e-01 -1.052739e+00 -8.883992e-01
0.000000e+00 3.889649e-01 1.473526e+00 8.665048e-01 1.540420e+00 1.706011e+00 1.583479e+00
0.000000e+00 -3.834806e-01 -2.563503e-01 -1.492294e+00 8.428768e-01 -3.760645e-01 -4.206093e-01
0.000000e+00 -7.697033e-01 1.358200e+00 -3.128947e-01 1.453332e-01 8.731809e-01 9.424750e-01
0.000000e+00 -1.155926e+00 9.545628e-01 -3.128947e-01 -9.009822e-01 2.485582e-01 3.930852e-01
0.000000e+00 3.889649e-01 -5.446629e-01 2.768051e-01 4.941050e-01 -5.322202e-01 -3.246052e-01
0.000000e+00 1.161410e+00 -6.023255e-01 -1.492294e+00 -9.009822e-01 -1.158051e-01 -1.962478e-01
0.000000e+00 3.889649e-01 -4.293379e-01 8.665048e-01 -2.034386e-01 -3.240126e-01 -2.143484e-01
0.000000e+00 1.547633e+00 -1.524926e+00 -1.492294e+00 4.941050e-01 -8.445316e-01 -8.541306e-01
0.000000e+00 2.742182e-03 -5.446629e-01 -1.492294e+00 -1.249754e+00 -6.883759e-01 -5.982512e-01
0.000000e+00 -1.155926e+00 -5.446629e-01 2.768051e-01 1.540420e+00 -1.052739e+00 -8.869751e-01
0.000000e+00 1.161410e+00 -1.697914e+00 8.665048e-01 -5.522104e-01 -1.104791e+00 -1.092604e+00
0.000000e+00 1.547633e+00 -8.906381e-01 1.456205e+00 -1.249754e+00 -6.375316e-02 -1.988975e-01
0.000000e+00 -3.834806e-01 -7.753131e-01 -3.128947e-01 4.941050e-01 -9.486353e-01 -8.576250e-01
0.000000e+00 3.889649e-01 1.185213e+00 -9.025945e-01 -9.009822e-01 1.185492e+00 1.173004e+00
0.000000e+00 1.161410e+00 -9.483006e-01 1.456205e+00 1.191649e+00 -3.240126e-01 -3.286550e-01
0.000000e+00 1.547633e+00 1.646513e+00 8.665048e-01 1.453332e-01 2.122426e+00 2.146203e+00
0.000000e+00 2.742182e-03 -6.599880e-01 -3.128947e-01 -1.598526e+00 -6.363240e-01 -6.647308e-01
0.000000e+00 3.889649e-01 1.127550e+00 1.456205e+00 1.540420e+00 1.289596e+00 1.290672e+00
0.000000e+00 -3.834806e-01 1.704176e+00 2.768051e-01 8.428768e-01 1.289596e+00 1.453523e+00
0.000000e+00 2.742182e-03 2.049499e-01 8.665048e-01 4.941050e-01 3.526620e-01 2.400838e-01
0.000000e+00 7.751877e-01 -1.409601e+00 8.665048e-01 -1.598526e+00 -9.486353e-01 -1.006789e+00
0.000000e+00 1.547633e+00 8.392377e-01 -3.128947e-01 -9.009822e-01 1.341648e+00 1.324931e+00
0.000000e+00 3.889649e-01 1.069888e+00 -3.128947e-01 -9.009822e-01 9.772847e-01 1.091932e+00
0.000000e+00 3.889649e-01 -1.409601e+00 -1.492294e+00 -9.009822e-01 -1.312999e+00 -1.233809e+00
0.000000e+00 1.161410e+00 1.300538e+00 -1.492294e+00 4.941050e-01 1.653959e+00 1.591377e+00
0.000000e+00 -3.834806e-01 1.358200e+00 8.665048e-01 1.453332e-01 9.772847e-01 1.140311e+00
0.000000e+00 -7.697033e-01 -1.467263e+00 -9.025945e-01 -1.249754e+00 -1.833518e+00 -1.716885e+00
0.000000e+00 7.751877e-01 -1.351938e+00 2.768051e-01 -2.034386e-01 -9.486353e-01 -9.378386e-01
0.000000e+00 2.742182e-03 1.472874e-01 -3.128947e-01 1.453332e-01 -1.170127e-02 1.273563e-01
0.000000e+00 -1.155926e+00 -1.005963e+00 -1.492294e+00 -1.249754e+00 -1.573258e+00 -1.466455e+00
0.000000e+00 -1.155926e+00 1.185213e+00 2.768051e-01 -1.598526e+00 6.129215e-01 6.092095e-01
0.000000e+00 3.889649e-01 1.358200e+00 1.456205e+00 -5.522104e-01 1.185492e+00 1.441189e+00
0.000000e+00 1.161410e+00 -1.697914e+00 1.456205e+00 -5.522104e-01 -1.052739e+00 -1.067808e+00
0.000000e+00 -1.542149e+00 -1.005963e+00 8.665048e-01 -5.522104e-01 -1.625310e+00 -1.495112e+00
0.000000e+00 3.889649e-01 7.239127e-01 -3.128947e-01 -1.598526e+00 8.731809e-01 7.539232e-01
0.000000e+00 -1.155926e+00 -1.986878e-01 1.456205e+00 -9.009822e-01 -6.883759e-01 -5.912029e-01
0.000000e+00 -1.155926e+00 -1.351938e+00 -3.128947e-01 4.941050e-01 -1.625310e+00 -1.683452e+00
0.000000e+00 7.751877e-01 1.242875e+00 -1.492294e+00 -5.522104e-01 1.393700e+00 1.359590e+00
0.000000e+00 -1.542149e+00 -1.582588e+00 1.456205e+00 -1.249754e+00 -2.093777e+00 -2.020060e+00
0.000000e+00 3.889649e-01 1.588851e+00 -9.025945e-01 8.428768e-01 1.653959e+00 1.594555e+00
0.000000e+00 7.751877e-01 -3.140128e-01 1.456205e+00 -1.598526e+00 1.965063e-01 2.374724e-02
0.000000e+00 1.161410e+00 1.472874e-01 -3.128947e-01 1.191649e+00 6.129215e-01 6.026994e-01
0.000000e+00 7.751877e-01 5.509251e-01 -9.025945e-01 -2.034386e-01 7.170252e-01 7.593833e-01
0.000000e+00 3.889649e-01 -7.753131e-01 2.768051e-01 -1.249754e+00 -5.322202e-01 -5.873551e-01
0.000000e+00 1.547633e+00 8.392377e-01 1.456205e+00 -5.522104e-01 1.445752e+00 1.409520e+00
0.000000e+00 -7.697033e-01 -9.483006e-01 -3.128947e-01 -9.009822e-01 -1.260947e+00 -1.205483e+00
0.000000e+00 3.889649e-01 3.779375e-01 1.456205e+00 4.941050e-01 3.006101e-01 5.719251e-01
0.000000e+00 -3.834806e-01 1.588851e+00 1.456205e+00 1.453332e-01 1.289596e+00 1.376841e+00
0.000000e+00 -1.155926e+00 1.473526e+00 -3.128947e-01 1.191649e+00 7.690771e-01 9.307067e-01
0.000000e+00 -1.542149e+00 1.358200e+00 -9.025945e-01 -5.522104e-01 6.129215e-01 6.007841e-01
0.000000e+00 -1.542149e+00 -4.293379e-01 -1.492294e+00 -9.009822e-01 -9.486353e-01 -1.075160e+00
0.000000e+00 -7.697033e-01 1.646513e+00 1.456205e+00 4.941050e-01 1.341648e+00 1.291733e+00
0.000000e+00 -3.834806e-01 -3.716754e-01 8.665048e-01 1.453332e-01 -4.801683e-01 -4.477011e-01
0.000000e+00 -1.155926e+00 -8.336272e-02 2.768051e-01 -2.034386e-01 -4.801683e-01 -5.145203e-01
0.000000e+00 -1.542149e+00 4.356000e-01 -3.128947e-01 1.540420e+00 -1.678569e-01 -1.601420e-01
0.000000e+00 -3.834806e-01 1.646513e+00 1.456205e+00 4.941050e-01 1.497804e+00 1.439978e+00
0.000000e+00 7.751877e-01 1.358200e+00 -1.492294e+00 -2.034386e-01 1.497804e+00 1.475660e+00
0.000000e+00 3.889649e-01 -1.986878e-01 -3.128947e-01 1.191649e+00 1.444544e-01 -1.139234e-02
0.000000e+00 3.889649e-01 4.356000e-01 1.456205e+00 -5.522104e-01 5.608696e-01 5.942499e-01
0.000000e+00 1.547633e+00 1.300538e+00 2.768051e-01 -1.598526e+00 1.549856e+00 1.752790e+00
0.000000e+00 -1.155926e+00 5.509251e-01 8.665048e-01 1.540420e+00 -1.170127e-02 1.435610e-01
0.000000e+00 -3.834806e-01 8.392377e-01 -3.128947e-01 -2.034386e-01 6.129215e-01 6.041132e-01
0.000000e+00 2.742182e-03 1.127550e+00 1.456205e+00 -1.598526e+00 1.029337e+00 1.050601e+00
0.000000e+00 -1.542149e+00 -4.293379e-01 -9.025945e-01 -1.598526e+00 -1.000687e+00 -1.070770e+00
0.000000e+00 1.161410e+00 3.196234e-02 -1.492294e+00 -1.598526e+00 4.567658e-01 3.656171e-01
0.000000e+00 1.161410e+00 3.202750e-01 8.665048e-01 -1.598526e+00 7.170252e-01 7.294674e-01
0.000000e+00 3.889649e-01 -7.753131e-01 -3.128947e-01 8.428768e-01 -6.883759e-01 -5.509325e-01
0.000000e+00 2.742182e-03 3.779375e-01 1.456205e+00 -1.249754e+00 4.567658e-01 3.726654e-01
0.000000e+00 1.161410e+00 -1.582588e+00 8.665048e-01 1.191649e+00 -8.965834e-01 -9.357213e-01
0.000000e+00 -7.697033e-01 3.202750e-01 -9.025945e-01 4.941050e-01 4.035063e-02 -2.492442e-02
0.000000e+00 -7.697033e-01 1.415863e+00 -3.128947e-01 -9.009822e-01 9.252328e-01 9.647997e-01
0.000000e+00 -1.155926e+00 -1.467263e+00 8.665048e-01 1.191649e+00 -1.417102e+00 -1.719322e+00
0.000000e+00 2.742182e-03 8.969003e-01 -3.128947e-01 -5.522104e-01 6.129215e-01 7.950886e-01
0.000000e+00 -7.697033e-01 -8.906381e-01 -3.128947e-01 4.941050e-01 -1.104791e+00 -1.111737e+00
0.000000e+00 -7.697033e-01 1.242875e+00 8.665048e-01 -9.009822e-01 9.252328e-01 8.555894e-01
0.000000e+00 3.889649e-01 1.069888e+00 -3.128947e-01 -2.034386e-01 1.237544e+00 1.112338e+00
0.000000e+00 1.161410e+00 -1.409601e+00 -9.025945e-01 -5.522104e-01 -8.965834e-01 -9.023214e-01
0.000000e+00 -1.155926e+00 1.646513e+00 8.665048e-01 1.453332e-01 1.185492e+00 1.108490e+00
0.000000e+00 -3.834806e-01 -1.178951e+00 1.456205e+00 1.191649e+00 -1.052739e+00 -1.133369e+00
0.000000e+00 7.751877e-01 1.358200e+00 8.665048e-01 -2.034386e-01 1.549856e+00 1.574842e+00
0.000000e+00 -1.542149e+00 8.962487e-02 -9.025945e-01 -1.598526e+00 -5.322202e-01 -5.943667e-01
0.000000e+00 -1.542149e+00 -4.293379e-01 -9.025945e-01 -2.034386e-01 -9.486353e-01 -1.029958e+00
0.000000e+00 7.751877e-01 1.012225e+00 -9.025945e-01 -2.034386e-01 1.185492e+00 1.182853e+00
0.000000e+00 7.751877e-01 -7.753131e-01 1.456205e+00 1.191649e+00 -1.678569e-01 -3.180985e-01
0.000000e+00 -1.542149e+00 8.969003e-01 1.456205e+00 8.428768e-01 4.567658e-01 3.173080e-01
0.000000e+00 -1.542149e+00 -6.023255e-01 -3.128947e-01 -2.034386e-01 -1.208895e+00 -1.163964e+00
0.000000e+00 -3.834806e-01 7.815752e-01 -3.128947e-01 -2.034386e-01 5.088177e-01 5.511795e-01
0.000000e+00 2.742182e-03 6.085876e-01 2.768051e-01 -1.249754e+00 6.129215e-01 5.348095e-01
0.000000e+00 2.742182e-03 -8.906381e-01 -3.128947e-01 1.191649e+00 -7.924797e-01 -7.948417e-01
0.000000e+00 -3.834806e-01 7.815752e-01 -9.025945e-01 -5.522104e-01 4.567658e-01 5.161811e-01
0.000000e+00 1.161410e+00 8.969003e-01 2.768051e-01 4.941050e-01 1.237544e+00 1.295227e+00
0.000000e+00 7.751877e-01 1.588851e+00 -9.025945e-01 1.540420e+00 1.862167e+00 1.763205e+00
0.000000e+00 1.547633e+00 -4.870004e-01 -1.492294e+00 1.453332e-01 4.035063e-02 8.847337e-02
0.000000e+00 7.751877e-01 1.127550e+00 1.456205e+00 -2.034386e-01 1.549856e+00 1.387902e+00
0.000000e+00 -1.542149e+00 1.242875e+00 8.665048e-01 -2.034386e-01 4.567658e-01 5.795059e-01
0.000000e+00 7.751877e-01 -1.409601e+00 -1.492294e+00 4.941050e-01 -1.104791e+00 -1.044753e+00
0.000000e+00 -1.542149e+00 -1.524926e+00 1.456205e+00 -1.249754e+00 -2.041725e+00 -1.967126e+00
0.000000e+00 7.751877e-01 1.588851e+00 1.456205e+00 1.191649e+00 1.706011e+00 1.852184e+00
0.000000e+00 1.161410e+00 -4.293379e-01 -9.025945e-01 -1.249754e+00 -1.158051e-01 -2.285419e-02
0.000000e+00 1.547633e+00 7.815752e-01 -3.128947e-01 1.191649e+00 1.289596e+00 1.333215e+00
0.000000e+00 -7.697033e-01 8.392377e-01 8.665048e-01 -5.522104e-01 4.567658e-01 4.952563e-01
0.000000e+00 -3.834806e-01 -6.599880e-01 -3.128947e-01 1.540420e+00 -9.486353e-01 -7.211485e-01
0.000000e+00 -3.834806e-01 1.358200e+00 -3.128947e-01 1.540420e+00 1.029337e+00 1.131532e+00
0.000000e+00 1.547633e+00 8.392377e-01 8.665048e-01 1.453332e-01 1.393700e+00 1.405131e+00
0.000000e+00 7.751877e-01 3.196234e-02 8.665048e-01 -1.598526e+00 2.485582e-01 3.165541e-01
0.000000e+00 -7.697033e-01 7.815752e-01 -1.492294e+00 -2.034386e-01 4.567658e-01 3.533439e-01
0.000000e+00 2.742182e-03 1.242875e+00 -9.025945e-01 1.453332e-01 1.081388e+00 1.108302e+00
0.000000e+00 7.751877e-01 -1.582588e+00 -3.128947e-01 1.191649e+00 -1.052739e+00 -1.133557e+00
0.000000e+00 1.161410e+00 -1.410252e-01 -9.025945e-01 1.191649e+00 3.006101e-01 3.132354e-01
0.000000e+00 -1.542149e+00 -1.582588e+00 -9.025945e-01 1.191649e+00 -1.937621e+00 -2.047821e+00
0.000000e+00 -1.155926e+00 -9.483006e-01 2.768051e-01 -9.009822e-01 -1.573258e+00 -1.328932e+00
0.000000e+00 7.751877e-01 -7.176505e-01 -1.492294e+00 -5.522104e-01 -4.281164e-01 -4.401569e-01
0.000000e+00 -1.155926e+00 -1.986878e-01 -3.128947e-01 8.428768e-01 -4.281164e-01 -6.145742e-01
0.000000e+00 7.751877e-01 1.185213e+00 1.456205e+00 8.428768e-01 1.341648e+00 1.471445e+00
0.000000e+00 1.547633e+00 1.704176e+00 8.665048e-01 -1.249754e+00 2.278582e+00 2.158324e+00
0.000000e+00 -1.155926e+00 -1.178951e+00 8.665048e-01 8.428768e-01 -1.417102e+00 -1.464857e+00
0.000000e+00 7.751877e-01 1.069888e+00 -9.025945e-01 4.941050e-01 1.133440e+00 1.256193e+00
0.000000e+00 -3.834806e-01 -8.906381e-01 -1.492294e+00 1.191649e+00 -9.486353e-01 -9.926773e-01
0.000000e+00 -1.155926e+00 -6.599880e-01 -1.492294e+00 -2.034386e-01 -1.052739e+00 -1.118244e+00
0.000000e+00 7.751877e-01 -1.236613e+00 -3.128947e-01 -1.249754e+00 -8.965834e-01 -8.873756e-01
0.000000e+00 2.742182e-03 -1.524926e+00 -3.128947e-01 -2.034386e-01 -1.260947e+00 -1.417925e+00
0.000000e+00 -1.542149e+00 -8.906381e-01 -9.025945e-01 -1.249754e+00 -1.365050e+00 -1.484037e+00
0.000000e+00 2.742182e-03 1.185213e+00 -9.025945e-01 -2.034386e-01 1.133440e+00 1.045165e+00
0.000000e+00 -7.697033e-01 1.012225e+00 -9.025945e-01 1.191649e+00 7.690771e-01 6.306862e-01
0.000000e+00 7.751877e-01 -1.294276e+00 2.768051e-01 4.941050e-01 -9.486353e-01 -8.644989e-01
0.000000e+00 3.889649e-01 1.069888e+00 -1.492294e+00 4.941050e-01 1.029337e+00 1.083153e+00
0.000000e+00 1.161410e+00 1.300538e+00 -9.025945e-01 -1.598526e+00 1.445752e+00 1.554954e+00
0.000000e+00 2.742182e-03 -1.697914e+00 -1.492294e+00 1.191649e+00 -1.625310e+00 -1.585505e+00
0.000000e+00 -1.155926e+00 -1.351938e+00 1.456205e+00 1.453332e-01 -1.677362e+00 -1.619268e+00
0.000000e+00 1.547633e+00 1.300538e+00 8.665048e-01 4.941050e-01 1.810115e+00 1.838803e+00
0.000000e+00 1.161410e+00 3.196234e-02 8.665048e-01 -1.249754e+00 4.567658e-01 4.750018e-01
0.000000e+00 3.889649e-01 -7.176505e-01 -1.492294e+00 -1.598526e+00 -7.404278e-01 -6.190106e-01
0.000000e+00 7.751877e-01 -1.063626e+00 1.456205e+00 -5.522104e-01 -5.842721e-01 -6.337821e-01
0.000000e+00 1.547633e+00 1.012225e+00 8.665048e-01 1.191649e+00 1.497804e+00 1.594541e+00
0.000000e+00 7.751877e-01 -2.570019e-02 8.665048e-01 1.191649e+00 5.088177e-01 3.452444e-01
0.000000e+00 -7.697033e-01 1.472874e-01 8.665048e-01 -9.009822e-01 -6.375316e-02 -1.501513e-01
0.000000e+00 3.889649e-01 1.646513e+00 -3.128947e-01 -1.598526e+00 1.497804e+00 1.600863e+00
0.000000e+00 7.751877e-01 9.545628e-01 1.456205e+00 -1.249754e+00 1.185492e+00 1.198492e+00
0.000000e+00 -1.155926e+00 -1.351938e+00 -3.128947e-01 1.191649e+00 -1.781466e+00 -1.663046e+00
0.000000e+00 -7.697033e-01 -1.410252e-01 -1.492294e+00 1.191649e+00 -3.240126e-01 -4.527836e-01
0.000000e+00 -3.834806e-01 1.069888e+00 -1.492294e+00 -1.598526e+00 7.170252e-01 7.254452e-01
0.000000e+00 3.889649e-01 -1.582588e+00 2.768051e-01 1.191649e+00 -1.260947e+00 -1.257006e+00
0.000000e+00 -1.542149e+00 7.239127e-01 -3.128947e-01 -1.598526e+00 4.035063e-02 1.269963e-02
0.000000e+00 1.547633e+00 -1.409601e+00 -1.492294e+00 1.540420e+00 -7.404278e-01 -7.176542e-01
0.000000e+00 2.742182e-03 3.196234e-02 -3.128947e-01 -5.522104e-01 -6.375316e-02 1.082841e-03
0.000000e+00 7.751877e-01 4.356000e-01 2.768051e-01 -2.034386e-01 7.170252e-01 7.031067e-01
0.000000e+00 1.547633e+00 -8.906381e-01 -1.492294e+00 8.428768e-01 -1.158051e-01 -2.616567e-01
0.000000e+00 1.547633e+00 -1.351938e+00 -1.492294e+00 -2.034386e-01 -7.924797e-01 -7.157354e-01
0.000000e+00 -1.542149e+00 7.239127e-01 -1.492294e+00 -2.034386e-01 1.444544e-01 3.920764e-03
0.000000e+00 -1.542149e+00 -2.570019e-02 -1.492294e+00 -5.522104e-01 -7.404278e-01 -6.944206e-01
0.000000e+00 -7.697033e-01 -1.986878e-01 -9.025945e-01 1.191649e+00 -4.801683e-01 -4.809219e-01
0.000000e+00 3.889649e-01 -7.753131e-01 1.456205e+00 8.428768e-01 -2.719607e-01 -4.765463e-01
0.000000e+00 -1.155926e+00 1.415863e+00 1.456205e+00 1.191649e+00 1.029337e+00 9.521592e-01
0.000000e+00 -1.542149e+00 -7.176505e-01 -3.128947e-01 4.941050e-01 -1.208895e+00 -1.249425e+00
0.000000e+00 -1.542149e+00 -4.870004e-01 -3.128947e-01 4.941050e-01 -9.486353e-01 -1.037691e+00
0.000000e+00 2.742182e-03 1.473526e+00 -3.128947e-01 -2.034386e-01 1.445752e+00 1.334629e+00
0.000000e+00 -3.834806e-01 1.300538e+00 2.768051e-01 1.540420e+00 1.029337e+00 1.103393e+00
0.000000e+00 -1.542149e+00 -2.563503e-01 -9.025945e-01 -1.598526e+00 -8.445316e-01 -9.119690e-01
0.000000e+00 -3.834806e-01 1.185213e+00 -3.128947e-01 1.453332e-01 9.772847e-01 9.319185e-01
0.000000e+00 -7.697033e-01 -1.986878e-01 -3.128947e-01 1.540420e+00 -6.363240e-01 -4.459235e-01
0.000000e+00 -1.155926e+00 5.509251e-01 -1.492294e+00 1.453332e-01 4.035063e-02 3.567317e-03
0.000000e+00 1.547633e+00 -3.716754e-01 -1.492294e+00 1.540420e+00 1.444544e-01 2.351528e-01
0.000000e+00 -1.542149e+00 1.242875e+00 -1.492294e+00 -5.522104e-01 4.567658e-01 4.701212e-01
0.000000e+00 7.751877e-01 -1.294276e+00 -3.128947e-01 -1.249754e+00 -8.445316e-01 -9.403093e-01
0.000000e+00 -3.834806e-01 -5.446629e-01 -1.492294e+00 -1.598526e+00 -8.965834e-01 -7.566989e-01
0.000000e+00 2.742182e-03 -8.336272e-02 -3.128947e-01 -9.009822e-01 -1.158051e-01 -1.149876e-01
0.000000e+00 2.742182e-03 7.239127e-01 2.768051e-01 1.191649e+00 6.649733e-01 7.120979e-01
0.000000e+00 -1.542149e+00 -5.446629e-01 2.768051e-01 -1.598526e+00 -1.000687e+00 -1.127047e+00
0.000000e+00 3.889649e-01 -1.582588e+00 8.665048e-01 -2.034386e-01 -1.365050e+00 -1.273023e+00
0.000000e+00 1.547633e+00 3.196234e-02 -9.025945e-01 1.540420e+00 6.129215e-01 6.304843e-01
0.000000e+00 -1.155926e+00 1.415863e+00 -1.492294e+00 1.453332e-01 8.731809e-01 7.975731e-01
0.000000e+00 7.751877e-01 -1.986878e-01 1.456205e+00 1.191649e+00 3.006101e-01 2.112387e-01
0.000000e+00 3.889649e-01 8.969003e-01 -1.492294e+00 -1.598526e+00 7.690771e-01 8.631335e-01
0.000000e+00 2.742182e-03 -1.986878e-01 -9.025945e-01 -2.034386e-01 -2.199088e-01 -2.252445e-01
0.000000e+00 -3.834806e-01 -1.236613e+00 -9.025945e-01 -1.598526e+00 -1.208895e+00 -1.367108e+00
0.000000e+00 -3.834806e-01 1.531188e+00 8.665048e-01 -1.249754e+00 1.289596e+00 1.258300e+00
0.000000e+00 3.889649e-01 1.472874e-01 -9.025945e-01 -1.249754e+00 3.526620e-01 2.099936e-01
0.000000e+00 -3.834806e-01 1.472874e-01 -3.128947e-01 -2.034386e-01 1.965063e-01 -3.109144e-02
0.000000e+00 2.742182e-03 -2.563503e-01 -1.492294e+00 1.540420e+00 -2.719607e-01 -2.519586e-01
0.000000e+00 3.889649e-01 -1.410252e-01 -9.025945e-01 -5.522104e-01 9.240252e-02 -3.426903e-02
0.000000e+00 2.742182e-03 7.815752e-01 -3.128947e-01 1.453332e-01 7.690771e-01 7.096272e-01
0.000000e+00 7.751877e-01 7.239127e-01 -9.025945e-01 -2.034386e-01 7.690771e-01 9.181845e-01
0.000000e+00 1.547633e+00 3.196234e-02 1.456205e+00 -1.249754e+00 7.170252e-01 6.480420e-01
0.000000e+00 7.751877e-01 1.300538e+00 -3.128947e-01 1.191649e+00 1.653959e+00 1.513129e+00
0.000000e+00 7.751877e-01 -1.697914e+00 2.768051e-01 1.540420e+00 -1.365050e+00 -1.204426e+00
0.000000e+00 -3.834806e-01 -6.023255e-01 -3.128947e-01 8.428768e-01 -6.883759e-01 -6.886208e-01
0.000000e+00 -1.542149e+00 -1.063626e+00 8.665048e-01 1.191649e+00 -1.469154e+00 -1.497031e+00
0.000000e+00 1.161410e+00 -7.753131e-01 -3.128947e-01 1.453332e-01 -3.240126e-01 -2.748491e-01
0.000000e+00 -3.834806e-01 -8.906381e-01 -9.025945e-01 -2.034386e-01 -1.052739e+00 -1.008694e+00
0.000000e+00 -1.542149e+00 2.049499e-01 2.768051e-01 -2.034386e-01 -4.801683e-01 -3.980964e-01
0.000000e+00 2.742182e-03 1.127550e+00 2.768051e-01 -1.249754e+00 1.081388e+00 1.011213e+00
0.000000e+00 1.161410e+00 -8.329756e-01 -3.128947e-01 -5.522104e-01 -4.281164e-01 -3.481888e-01
0.000000e+00 -3.834806e-01 -1.524926e+00 -9.025945e-01 -1.249754e+00 -1.729414e+00 -1.621574e+00
0.000000e+00 1.161410e+00 -1.294276e+00 2.768051e-01 -1.249754e+00 -1.000687e+00 -7.672691e-01
0.000000e+00 1.161410e+00 2.049499e-01 1.456205e+00 8.428768e-01 5.608696e-01 7.198164e-01
0.000000e+00 -7.697033e-01 8.969003e-01 -3.128947e-01 -5.522104e-01 6.649733e-01 4.985992e-01
0.000000e+00 1.547633e+00 -3.140128e-01 -3.128947e-01 -5.522104e-01 3.006101e-01 2.764594e-01
0.000000e+00 -7.697033e-01 -8.906381e-01 -3.128947e-01 4.941050e-01 -1.000687e+00 -1.111737e+00
0.000000e+00 -1.542149e+00 -1.410252e-01 2.768051e-01 -5.522104e-01 -8.445316e-01 -7.259018e-01
0.000000e+00 -1.155926e+00 -1.236613e+00 -1.492294e+00 1.191649e+00 -1.833518e+00 -1.606769e+00
0.000000e+00 3.889649e-01 -1.640251e+00 -9.025945e-01 1.191649e+00 -1.417102e+00 -1.359531e+00
0.000000e+00 -1.155926e+00 -7.753131e-01 8.665048e-01 -9.009822e-01 -1.365050e+00 -1.145336e+00
0.000000e+00 3.889649e-01 1.588851e+00 8.665048e-01 1.453332e-01 1.601907e+00 1.648535e+00
0.000000e+00 -1.542149e+00 -1.178951e+00 -9.025945e-01 4.941050e-01 -1.573258e+00 -1.697691e+00
0.000000e+00 -1.542149e+00 -1.236613e+00 -1.492294e+00 -9.009822e-01 -1.833518e+00 -1.816232e+00
0.000000e+00 2.742182e-03 3.196234e-02 -9.025945e-01 -5.522104e-01 1.444544e-01 -2.371258e-02
0.000000e+00 1.547633e+00 -1.640251e+00 -3.128947e-01 -1.598526e+00 -8.965834e-01 -9.716252e-01
0.000000e+00 1.161410e+00 -3.716754e-01 1.456205e+00 1.191649e+00 3.526620e-01 2.006822e-01
0.000000e+00 -7.697033e-01 -6.599880e-01 -9.025945e-01 4.941050e-01 -9.486353e-01 -9.247977e-01
0.000000e+00 -7.697033e-01 -7.753131e-01 -9.025945e-01 1.540420e+00 -1.104791e+00 -1.000056e+00
0.000000e+00 -1.542149e+00 7.239127e-01 1.456205e+00 4.941050e-01 4.035063e-02 1.483039e-01
0.000000e+00 -7.697033e-01 1.069888e+00 2.768051e-01 1.191649e+00 8.731809e-01 7.332108e-01
0.000000e+00 -1.542149e+00 -1.178951e+00 8.665048e-01 1.453332e-01 -1.573258e+00 -1.633507e+00
0.000000e+00 1.161410e+00 1.127550e+00 8.665048e-01 8.428768e-01 1.393700e+00 1.541961e+00
0.000000e+00 -1.542149e+00 1.415863e+00 -3.128947e-01 -2.034386e-01 7.690771e-01 6.887163e-01
0.000000e+00 2.742182e-03 -1.410252e-01 1.456205e+00 8.428768e-01 -1.678569e-01 -4.252006e-02
0.000000e+00 1.547633e+00 4.356000e-01 -3.128947e-01 1.540420e+00 1.081388e+00 1.025816e+00
0.000000e+00 7.751877e-01 1.012225e+00 2.768051e-01 -1.598526e+00 1.185492e+00 1.191632e+00
0.000000e+00 -3.834806e-01 -1.410252e-01 -3.128947e-01 -9.009822e-01 -2.199088e-01 -3.161660e-01
0.000000e+00 1.547633e+00 1.646513e+00 1.456205e+00 -5.522104e-01 2.122426e+00 2.150592e+00
0.000000e+00 1.547633e+00 1.127550e+00 1.456205e+00 1.191649e+00 1.810115e+00 1.725204e+00
0.000000e+00 -1.155926e+00 1.242875e+00 -1.492294e+00 8.428768e-01 4.567658e-01 6.591780e-01
0.000000e+00 3.889649e-01 1.127550e+00 2.768051e-01 8.428768e-01 1.237544e+00 1.220676e+00
0.000000e+00 -3.834806e-01 -1.697914e+00 1.456205e+00 -1.249754e+00 -1.729414e+00 -1.681193e+00
0.000000e+00 1.161410e+00 1.704176e+00 1.456205e+00 4.941050e-01 2.122426e+00 2.085890e+00
0.000000e+00 7.751877e-01 -1.582588e+00 2.768051e-01 -9.009822e-01 -1.208895e+00 -1.169979e+00
0.000000e+00 7.751877e-01 -8.906381e-01 -9.025945e-01 1.453332e-01 -6.883759e-01 -5.537567e-01
0.000000e+00 1.547633e+00 1.242875e+00 -9.025945e-01 -5.522104e-01 1.706011e+00 1.680874e+00
0.000000e+00 2.742182e-03 -1.178951e+00 -1.492294e+00 1.453332e-01 -1.000687e+00 -1.139710e+00
0.000000e+00 3.889649e-01 -5.446629e-01 1.456205e+00 -5.522104e-01 -3.760645e-01 -3.056234e-01
0.000000e+00 -1.542149e+00 3.779375e-01 2.768051e-01 -9.009822e-01 -2.199088e-01 -2.597013e-01
0.000000e+00 3.889649e-01 -8.906381e-01 2.768051e-01 -1.249754e+00 -7.924797e-01 -6.932225e-01
0.000000e+00 -1.155926e+00 -4.293379e-01 -9.025945e-01 -5.522104e-01 -1.104791e+00 -8.919165e-01
0.000000e+00 3.889649e-01 -9.483006e-01 8.665048e-01 1.540420e+00 -6.363240e-01 -6.397369e-01
0.000000e+00 1.547633e+00 -8.906381e-01 8.665048e-01 -1.249754e+00 1.965063e-01 -2.236930e-01
0.000000e+00 1.161410e+00 -1.178951e+00 1.456205e+00 4.941050e-01 -6.883759e-01 -5.607959e-01
0.000000e+00 1.547633e+00 1.473526e+00 -9.025945e-01 -1.598526e+00 1.966271e+00 1.862000e+00
0.000000e+00 1.161410e+00 -1.236613e+00 1.456205e+00 -1.598526e+00 -9.486353e-01 -6.749476e-01
0.000000e+00 -7.697033e-01 7.815752e-01 -3.128947e-01 -2.034386e-01 4.047139e-01 4.029348e-01
0.000000e+00 1.161410e+00 4.932626e-01 2.768051e-01 4.941050e-01 7.690771e-01 9.246912e-01
0.000000e+00 3.889649e-01 -1.467263e+00 1.456205e+00 -1.598526e+00 -1.156843e+00 -1.183172e+00
0.000000e+00 3.889649e-01 -3.140128e-01 -1.492294e+00 -5.522104e-01 -2.719607e-01 -2.178656e-01
0.000000e+00 3.889649e-01 1.473526e+00 8.665048e-01 -2.034386e-01 1.497804e+00 1.532464e+00
0.000000e+00 -7.697033e-01 6.662501e-01 1.456205e+00 -1.249754e+00 2.485582e-01 3.408446e-01
0.000000e+00 -1.542149e+00 1.531188e+00 -3.128947e-01 4.941050e-01 6.129215e-01 8.149897e-01
0.000000e+00 -3.834806e-01 -2.563503e-01 2.768051e-01 -5.522104e-01 -4.281164e-01 -3.870351e-01
0.000000e+00 3.889649e-01 -1.294276e+00 -3.128947e-01 8.428768e-01 -1.104791e+00 -1.027336e+00
0.000000e+00 -1.155926e+00 -4.870004e-01 1.456205e+00 -1.598526e+00 -8.965834e-01 -8.762775e-01
0.000000e+00 7.751877e-01 1.242875e+00 2.768051e-01 1.540420e+00 1.497804e+00 1.495194e+00
0.000000e+00 7.751877e-01 -3.140128e-01 2.768051e-01 -1.598526e+00 -1.158051e-01 -2.584361e-02
0.000000e+00 -3.834806e-01 1.012225e+00 -9.025945e-01 -1.598526e+00 7.170252e-01 6.973069e-01
0.000000e+00 -3.834806e-01 -1.063626e+00 -9.025945e-01 -5.522104e-01 -1.208895e+00 -1.177698e+00
0.000000e+00 -1.542149e+00 -1.236613e+00 -1.492294e+00 -1.598526e+00 -1.781466e+00 -1.836638e+00
0.000000e+00 -1.155926e+00 -1.178951e+00 -1.492294e+00 -2.034386e-01 -1.312999e+00 -1.594647e+00
0.000000e+00 1.547633e+00 1.012225e+00 -3.128947e-01 1.453332e-01 1.549856e+00 1.514341e+00
0.000000e+00 1.161410e+00 -1.178951e+00 -9.025945e-01 4.941050e-01 -5.322202e-01 -6.599776e-01
0.000000e+00 1.161410e+00 -1.236613e+00 2.768051e-01 8.428768e-01 -6.363240e-01 -6.531174e-01
0.000000e+00 1.547633e+00 -2.563503e-01 -9.025945e-01 8.428768e-01 4.047139e-01 3.454097e-01
0.000000e+00 7.751877e-01 2.626125e-01 2.768051e-01 -1.249754e+00 4.567658e-01 5.136966e-01
0.000000e+00 1.547633e+00 -1.986878e-01 -9.025945e-01 -5.522104e-01 3.526620e-01 3.575314e-01
0.000000e+00 -1.155926e+00 1.704176e+00 2.768051e-01 4.941050e-01 1.081388e+00 1.146831e+00
0.000000e+00 3.889649e-01 3.196234e-02 -3.128947e-01 1.191649e+00 3.526620e-01 2.003425e-01
0.000000e+00 -7.697033e-01 -6.599880e-01 -9.025945e-01 1.191649e+00 -7.924797e-01 -9.043917e-01
0.000000e+00 3.889649e-01 7.239127e-01 8.665048e-01 -9.009822e-01 8.211290e-01 8.239201e-01
0.000000e+00 -7.697033e-01 4.356000e-01 8.665048e-01 4.941050e-01 4.035063e-02 1.553293e-01
0.000000e+00 1.161410e+00 -1.409601e+00 2.768051e-01 -5.522104e-01 -8.965834e-01 -8.527306e-01
0.000000e+00 -3.834806e-01 -8.906381e-01 -3.128947e-01 1.191649e+00 -8.445316e-01 -9.430864e-01
0.000000e+00 3.889649e-01 -8.336272e-02 2.768051e-01 4.941050e-01 3.526620e-01 9.886453e-02
0.000000e+00 1.547633e+00 9.545628e-01 -3.128947e-01 1.453332e-01 1.497804e+00 1.461407e+00
0.000000e+00 -1.155926e+00 8.392377e-01 -1.492294e+00 1.191649e+00 4.567658e-01 2.988449e-01
0.000000e+00 -1.155926e+00 1.358200e+00 -9.025945e-01 4.941050e-01 8.211290e-01 7.796378e-01
0.000000e+00 7.751877e-01 -1.467263e+00 -3.128947e-01 8.428768e-01 -8.965834e-01 -1.037892e+00
0.000000e+00 -1.155926e+00 -9.483006e-01 2.768051e-01 -2.034386e-01 -1.521206e+00 -1.308526e+00
0.000000e+00 -1.155926e+00 1.300538e+00 -1.492294e+00 -5.522104e-01 6.129215e-01 6.712997e-01
0.000000e+00 -3.834806e-01 -1.640251e+00 2.768051e-01 -1.598526e+00 -1.677362e+00 -1.688053e+00
0.000000e+00 1.547633e+00 -4.293379e-01 8.665048e-01 8.428768e-01 9.240252e-02 2.609948e-01
0.000000e+00 1.161410e+00 7.815752e-01 8.665048e-01 1.453332e-01 1.289596e+00 1.203952e+00
0.000000e+00 -1.155926e+00 1.242875e+00 -9.025945e-01 -5.522104e-01 6.649733e-01 6.431614e-01
0.000000e+00 1.161410e+00 8.969003e-01 1.456205e+00 -9.009822e-01 1.133440e+00 1.304006e+00
0.000000e+00 -3.834806e-01 -6.599880e-01 -9.025945e-01 -2.034386e-01 -9.486353e-01 -7.969589e-01
0.000000e+00 -1.155926e+00 -3.716754e-01 -1.492294e+00 -5.522104e-01 -8.445316e-01 -8.637782e-01
0.000000e+00 7.751877e-01 -6.023255e-01 8.665048e-01 4.941050e-01 -3.240126e-01 -2.044988e-01
0.000000e+00 3.889649e-01 9.545628e-01 -3.128947e-01 1.453332e-01 9.772847e-01 1.016673e+00
0.000000e+00 2.742182e-03 -1.986878e-01 8.665048e-01 -9.009822e-01 -1.158051e-01 -1.712642e-01
0.000000e+00 -1.542149e+00 1.242875e+00 1.456205e+00 1.540420e+00 6.129215e-01 6.553164e-01
0.000000e+00 -1.155926e+00 -3.716754e-01 -9.025945e-01 -1.598526e+00 -8.965834e-01 -8.695918e-01
0.000000e+00 1.161410e+00 -7.753131e-01 2.768051e-01 4.941050e-01 -4.281164e-01 -2.398507e-01
0.000000e+00 -1.542149e+00 -3.140128e-01 -1.492294e+00 -2.034386e-01 -7.924797e-01 -9.488862e-01
0.000000e+00 -7.697033e-01 8.969003e-01 1.456205e+00 -1.598526e+00 6.649733e-01 5.423765e-01
0.000000e+00 -1.155926e+00 1.415863e+00 8.665048e-01 -1.598526e+00 7.690771e-01 8.457398e-01
0.000000e+00 2.742182e-03 3.196234e-02 -3.128947e-01 1.453332e-01 -6.375316e-02 2.148884e-02
0.000000e+00 -3.834806e-01 -1.410252e-01 1.456205e+00 -5.522104e-01 -3.240126e-01 -2.315768e-01
0.000000e+00 7.751877e-01 1.127550e+00 -3.128947e-01 8.428768e-01 1.237544e+00 1.344125e+00
0.000000e+00 2.742182e-03 1.646513e+00 -3.128947e-01 -1.249754e+00 1.393700e+00 1.462821e+00
0.000000e+00 1.161410e+00 -1.410252e-01 -1.492294e+00 -5.522104e-01 3.526620e-01 2.374250e-01
0.000000e+00 -3.834806e-01 -4.870004e-01 -3.128947e-01 8.428768e-01 -4.801683e-01 -5.827534e-01
0.000000e+00 3.889649e-01 1.473526e+00 -3.128947e-01 8.428768e-01 1.601907e+00 1.513483e+00
0.000000e+00 -3.834806e-01 1.646513e+00 8.665048e-01 -2.034386e-01 1.289596e+00 1.394776e+00
0.000000e+00 -1.155926e+00 -1.467263e+00 -1.492294e+00 -9.009822e-01 -1.989673e+00 -1.879722e+00
0.000000e+00 -1.542149e+00 1.358200e+00 2.768051e-01 -5.522104e-01 7.170252e-01 6.503750e-01
0.000000e+00 -1.542149e+00 7.815752e-01 2.768051e-01 -9.009822e-01 1.444544e-01 1.108348e-01
0.000000e+00 1.161410e+00 6.662501e-01 -3.128947e-01 -1.249754e+00 9.772847e-01 1.007682e+00
0.000000e+00 -3.834806e-01 -1.294276e+00 1.456205e+00 -5.522104e-01 -1.208895e+00 -1.290251e+00
0.000000e+00 2.742182e-03 4.356000e-01 -9.025945e-01 1.191649e+00 4.567658e-01 3.978384e-01
0.000000e+00 1.161410e+00 -1.410252e-01 -1.492294e+00 1.453332e-01 9.240252e-02 2.578310e-01
0.000000e+00 7.751877e-01 1.531188e+00 -9.025945e-01 -5.522104e-01 1.393700e+00 1.649054e+00
0.000000e+00 1.161410e+00 9.545628e-01 -1.492294e+00 -1.598526e+00 1.185492e+00 1.212557e+00
0.000000e+00 1.161410e+00 -1.063626e+00 -1.492294e+00 4.941050e-01 -7.924797e-01 -5.789056e-01
0.000000e+00 3.889649e-01 1.531188e+00 8.665048e-01 -1.249754e+00 1.706011e+00 1.554789e+00
0.000000e+00 -1.155926e+00 -3.140128e-01 -3.128947e-01 1.453332e-01 -6.883759e-01 -7.408476e-01
0.000000e+00 3.889649e-01 4.356000e-01 8.665048e-01 1.540420e+00 6.129215e-01 6.306724e-01
0.000000e+00 -1.542149e+00 7.815752e-01 1.456205e+00 -1.598526e+00 4.035063e-02 1.400196e-01
0.000000e+00 -1.542149e+00 -8.906381e-01 -9.025945e-01 4.941050e-01 -1.521206e+00 -1.433022e+00
0.000000e+00 -7.697033e-01 7.815752e-01 -9.025945e-01 -5.522104e-01 4.035063e-02 3.679363e-01
0.000000e+00 -7.697033e-01 6.085876e-01 2.768051e-01 -9.009822e-01 4.047139e-01 2.485230e-01
0.000000e+00 2.742182e-03 1.185213e+00 1.456205e+00 1.540420e+00 1.185492e+00 1.195362e+00
0.000000e+00 -1.542149e+00 1.300538e+00 1.456205e+00 4.941050e-01 6.649733e-01 6.776411e-01
0.000000e+00 3.889649e-01 2.049499e-01 8.665048e-01 -9.009822e-01 5.608696e-01 3.475166e-01
0.000000e+00 7.751877e-01 1.704176e+00 8.665048e-01 8.428768e-01 1.810115e+00 1.923053e+00
0.000000e+00 -7.697033e-01 8.392377e-01 1.456205e+00 -5.522104e-01 5.088177e-01 5.200518e-01
0.000000e+00 -3.834806e-01 -1.005963e+00 8.665048e-01 -9.009822e-01 -1.156843e+00 -1.060581e+00
0.000000e+00 -7.697033e-01 -1.294276e+00 2.768051e-01 4.941050e-01 -1.208895e+00 -1.457478e+00
0.000000e+00 -1.542149e+00 1.646513e+00 8.665048e-01 4.941050e-01 9.772847e-01 9.704480e-01
0.000000e+00 1.161410e+00 -1.005963e+00 8.665048e-01 1.191649e+00 -3.760645e-01 -4.063841e-01
0.000000e+00 -1.155926e+00 3.202750e-01 1.456205e+00 1.540420e+00 9.240252e-02 -4.337845e-02
0.000000e+00 -1.542149e+00 -1.409601e+00 1.456205e+00 4.941050e-01 -1.729414e+00 -1.810244e+00
0.000000e+00 1.161410e+00 4.356000e-01 8.665048e-01 1.453332e-01 7.170252e-01 8.863499e-01
0.000000e+00 7.751877e-01 8.962487e-02 8.665048e-01 -9.009822e-01 3.526620e-01 3.898938e-01
0.000000e+00 7.751877e-01 -5.446629e-01 1.456205e+00 -5.522104e-01 -1.678569e-01 -1.573787e-01
0.000000e+00 -3.834806e-01 7.815752e-01 -9.025945e-01 8.428768e-01 5.608696e-01 5.569930e-01
0.000000e+00 1.547633e+00 7.815752e-01 -3.128947e-01 1.453332e-01 1.341648e+00 1.302606e+00
0.000000e+00 3.889649e-01 1.069888e+00 -9.025945e-01 1.191649e+00 1.029337e+00 1.128354e+00
0.000000e+00 -1.155926e+00 1.646513e+00 8.665048e-01 8.428768e-01 1.289596e+00 1.128896e+00
0.000000e+00 -1.542149e+00 -1.351938e+00 -1.492294e+00 8.428768e-01 -1.833518e+00 -1.871084e+00
0.000000e+00 -1.542149e+00 -2.563503e-01 -1.492294e+00 1.540420e+00 -7.924797e-01 -8.449375e-01
0.000000e+00 1.547633e+00 -8.906381e-01 2.768051e-01 1.540420e+00 -1.170127e-02 -1.668644e-01
0.000000e+00 -3.834806e-01 1.473526e+00 -9.025945e-01 4.941050e-01 1.185492e+00 1.181995e+00
0.000000e+00 2.742182e-03 1.069888e+00 1.456205e+00 1.540420e+00 1.081388e+00 1.089494e+00
0.000000e+00 -7.697033e-01 6.662501e-01 2.768051e-01 -1.598526e+00 2.485582e-01 2.810508e-01
0.000000e+00 -3.834806e-01 -4.293379e-01 2.768051e-01 -2.034386e-01 -5.842721e-01 -5.356332e-01
0.000000e+00 1.161410e+00 1.242875e+00 -1.492294e+00 4.941050e-01 1.549856e+00 1.538443e+00
0.000000e+00 -3.834806e-01 4.356000e-01 -9.025945e-01 1.540420e+00 4.035063e-02 2.597967e-01
0.000000e+00 1.547633e+00 6.085876e-01 -3.128947e-01 1.191649e+00 1.081388e+00 1.174414e+00
0.000000e+00 1.547633e+00 -8.906381e-01 1.456205e+00 -5.522104e-01 -3.240126e-01 -1.784915e-01
0.000000e+00 3.889649e-01 1.012225e+00 -9.025945e-01 8.428768e-01 8.731809e-01 1.065217e+00
0.000000e+00 -1.155926e+00 1.300538e+00 2.768051e-01 -1.598526e+00 7.170252e-01 7.150770e-01
0.000000e+00 7.751877e-01 5.509251e-01 8.665048e-01 -5.522104e-01 8.731809e-01 8.235666e-01
0.000000e+00 1.547633e+00 -8.329756e-01 2.768051e-01 -5.522104e-01 -2.719607e-01 -1.751487e-01
0.000000e+00 3.889649e-01 8.962487e-02 -9.025945e-01 -1.249754e+00 9.240252e-02 1.570599e-01
0.000000e+00 -7.697033e-01 3.779375e-01 -1.492294e+00 -9.009822e-01 4.035063e-02 -3.759812e-02
0.000000e+00 7.751877e-01 -7.176505e-01 -9.025945e-01 -9.009822e-01 -4.801683e-01 -4.255645e-01
0.000000e+00 2.742182e-03 -6.023255e-01 -3.128947e-01 1.191649e+00 -5.322202e-01 -5.301731e-01
0.000000e+00 -1.542149e+00 8.969003e-01 1.456205e+00 4.941050e-01 2.485582e-01 3.071050e-01
0.000000e+00 -7.697033e-01 -1.640251e+00 1.456205e+00 -1.249754e+00 -1.729414e+00 -1.776504e+00
0.000000e+00 2.742182e-03 1.415863e+00 8.665048e-01 1.191649e+00 1.341648e+00 1.372098e+00
0.000000e+00 7.751877e-01 -4.293379e-01 8.665048e-01 8.428768e-01 -6.375316e-02 -3.549465e-02
0.000000e+00 -7.697033e-01 -2.570019e-02 2.768051e-01 1.453332e-01 -3.760645e-01 -3.031389e-01
0.000000e+00 3.889649e-01 -1.582588e+00 -9.025945e-01 1.453332e-01 -1.417102e+00 -1.337206e+00
0.000000e+00 2.742182e-03 8.969003e-01 1.456205e+00 -1.249754e+00 9.252328e-01 8.490689e-01
0.000000e+00 -1.542149e+00 4.932626e-01 -1.492294e+00 -9.009822e-01 -1.678569e-01 -2.282201e-01
0.000000e+00 3.889649e-01 9.545628e-01 -3.128947e-01 1.453332e-01 9.772847e-01 1.016673e+00
0.000000e+00 1.161410e+00 1.069888e+00 2.768051e-01 -9.009822e-01 1.497804e+00 1.413216e+00
0.000000e+00 -1.542149e+00 -1.697914e+00 -9.025945e-01 4.941050e-01 -2.197881e+00 -2.174094e+00
0.000000e+00 -1.155926e+00 6.085876e-01 -1.492294e+00 -2.034386e-01 9.240252e-02 4.629804e-02
0.000000e+00 -3.834806e-01 -4.870004e-01 -9.025945e-01 -5.522104e-01 -6.883759e-01 -6.483608e-01
0.000000e+00 -1.155926e+00 -8.336272e-02 -1.492294e+00 8.428768e-01 -4.281164e-01 -5.582976e-01
0.000000e+00 1.547633e+00 -9.483006e-01 -9.025945e-01 -1.249754e+00 -3.760645e-01 -3.510130e-01
0.000000e+00 1.161410e+00 1.012225e+00 -9.025945e-01 -9.009822e-01 1.341648e+00 1.310692e+00
0.000000e+00 1.161410e+00 -1.410252e-01 1.456205e+00 1.540420e+00 4.047139e-01 4.226201e-01
0.000000e+00 -3.834806e-01 -5.446629e-01 2.768051e-01 -5.522104e-01 -6.363240e-01 -6.517037e-01
0.000000e+00 2.742182e-03 8.392377e-01 -9.025945e-01 1.540420e+00 8.211290e-01 7.785775e-01
0.000000e+00 -3.834806e-01 8.962487e-02 -9.025945e-01 1.453332e-01 -3.240126e-01 -9.861759e-02
0.000000e+00 1.547633e+00 -1.409601e+00 2.768051e-01 -2.034386e-01 -6.363240e-01 -6.942829e-01
0.000000e+00 -1.155926e+00 1.358200e+00 2.768051e-01 -2.034386e-01 7.170252e-01 8.088227e-01
0.000000e+00 1.161410e+00 -1.697914e+00 8.665048e-01 4.941050e-01 -1.104791e+00 -1.061995e+00
0.000000e+00 -1.155926e+00 -5.446629e-01 8.665048e-01 8.428768e-01 -9.486353e-01 -8.825857e-01
0.000000e+00 -1.542149e+00 1.531188e+00 1.456205e+00 1.453332e-01 9.772847e-01 8.791730e-01
0.000000e+00 -7.697033e-01 -1.524926e+00 2.768051e-01 -9.009822e-01 -1.781466e+00 -1.710025e+00
0.000000e+00 1.547633e+00 -1.582588e+00 -3.128947e-01 -5.522104e-01 -8.965834e-01 -8.880825e-01
0.000000e+00 -7.697033e-01 1.069888e+00 1.456205e+00 -1.598526e+00 6.129215e-01 7.011777e-01
0.000000e+00 1.547633e+00 -2.570019e-02 -1.492294e+00 -2.034386e-01 4.567658e-01 5.017401e-01
0.000000e+00 7.751877e-01 3.196234e-02 2.768051e-01 1.540420e+00 3.006101e-01 3.835857e-01
0.000000e+00 -1.542149e+00 2.049499e-01 8.665048e-01 8.428768e-01 -4.801683e-01 -3.426920e-01
0.000000e+00 2.742182e-03 -6.599880e-01 -9.025945e-01 -9.009822e-01 -7.404278e-01 -6.691202e-01
0.000000e+00 1.547633e+00 -6.023255e-01 2.768051e-01 1.540420e+00 1.444544e-01 9.780419e-02
0.000000e+00 -7.697033e-01 -4.293379e-01 2.768051e-01 -5.522104e-01 -7.924797e-01 -6.940809e-01
0.000000e+00 1.547633e+00 1.358200e+00 8.665048e-01 -5.522104e-01 1.914219e+00 1.861128e+00
0.000000e+00 2.742182e-03 1.646513e+00 8.665048e-01 1.453332e-01 1.601907e+00 1.553224e+00
0.000000e+00 1.547633e+00 5.509251e-01 -3.128947e-01 1.191649e+00 1.133440e+00 1.121480e+00
0.000000e+00 3.889649e-01 -3.140128e-01 1.456205e+00 1.540420e+00 -1.678569e-01 -3.267051e-02
0.000000e+00 1.547633e+00 -8.906381e-01 8.665048e-01 -9.009822e-01 -4.281164e-01 -2.134900e-01
0.000000e+00 7.751877e-01 4.356000e-01 8.665048e-01 -5.522104e-01 7.690771e-01 7.176992e-01
0.000000e+00 7.751877e-01 -4.293379e-01 8.665048e-01 1.453332e-01 9.240252e-02 -5.590064e-02
0.000000e+00 1.161410e+00 1.242875e+00 1.456205e+00 1.453332e-01 1.810115e+00 1.652217e+00
0.000000e+00 7.751877e-01 -1.640251e+00 -9.025945e-01 4.941050e-01 -1.208895e+00 -1.231692e+00
0.000000e+00 1.547633e+00 1.531188e+00 2.768051e-01 -1.598526e+00 1.966271e+00 1.964525e+00
0.000000e+00 1.547633e+00 1.531188e+00 2.768051e-01 1.191649e+00 2.018323e+00 2.046149e+00
0.000000e+00 3.889649e-01 -8.906381e-01 8.665048e-01 -1.249754e+00 -6.883759e-01 -6.684271e-01
0.000000e+00 7.751877e-01 1.242875e+00 1.456205e+00 -5.522104e-01 1.393700e+00 1.483567e+00
0.000000e+00 -1.155926e+00 7.815752e-01 -3.128947e-01 -9.009822e-01 1.444544e-01 2.342841e-01
0.000000e+00 1.547633e+00 2.626125e-01 8.665048e-01 -9.009822e-01 6.649733e-01 8.451844e-01
0.000000e+00 -1.542149e+00 -1.178951e+00 1.456205e+00 -2.034386e-01 -1.573258e+00 -1.618915e+00
0.000000e+00 -1.542149e+00 -9.483006e-01 1.456205e+00 4.941050e-01 -1.312999e+00 -1.386774e+00
0.000000e+00 -7.697033e-01 -1.986878e-01 -3.128947e-01 4.941050e-01 -4.801683e-01 -4.765325e-01
0.000000e+00 3.889649e-01 1.358200e+00 1.456205e+00 4.941050e-01 1.601907e+00 1.471798e+00
0.000000e+00 2.742182e-03 -9.483006e-01 2.768051e-01 -9.009822e-01 -6.883759e-01 -8.841980e-01
0.000000e+00 -1.155926e+00 2.626125e-01 -3.128947e-01 1.191649e+00 -3.240126e-01 -1.809014e-01
0.000000e+00 1.547633e+00 1.472874e-01 -3.128947e-01 1.453332e-01 7.690771e-01 7.203351e-01
0.000000e+00 -3.834806e-01 1.242875e+00 -1.492294e+00 1.540420e+00 9.772847e-01 9.760734e-01
0.000000e+00 -3.834806e-01 -1.697914e+00 -3.128947e-01 8.428768e-01 -1.521206e+00 -1.694361e+00
0.000000e+00 2.742182e-03 2.049499e-01 -3.128947e-01 -1.598526e+00 4.035063e-02 1.292750e-01
0.000000e+00 1.161410e+00 -6.599880e-01 -9.025945e-01 -5.522104e-01 -6.375316e-02 -2.141831e-01
0.000000e+00 -3.834806e-01 -3.716754e-01 2.768051e-01 4.941050e-01 -3.760645e-01 -4.622935e-01
0.000000e+00 2.742182e-03 6.662501e-01 8.665048e-01 1.191649e+00 7.690771e-01 6.839596e-01
0.000000e+00 -3.834806e-01 -1.524926e+00 -1.492294e+00 -9.009822e-01 -1.729414e+00 -1.636166e+00
0.000000e+00 3.889649e-01 3.202750e-01 -3.128947e-01 1.453332e-01 3.526620e-01 4.344022e-01
0.000000e+00 -7.697033e-01 -1.005963e+00 -9.025945e-01 8.428768e-01 -1.156843e+00 -1.232197e+00
0.000000e+00 1.161410e+00 1.588851e+00 -9.025945e-01 -9.009822e-01 1.966271e+00 1.840029e+00
0.000000e+00 3.889649e-01 8.962487e-02 1.456205e+00 1.453332e-01 3.526620e-01 2.970535e-01
0.000000e+00 2.742182e-03 -1.236613e+00 8.665048e-01 1.191649e+00 -1.260947e+00 -1.062853e+00
0.000000e+00 -1.155926e+00 4.932626e-01 8.665048e-01 1.191649e+00 2.485582e-01 8.042429e-02
0.000000e+00 7.751877e-01 -8.329756e-01 2.768051e-01 1.453332e-01 -2.719607e-01 -4.512321e-01
0.000000e+00 -1.155926e+00 1.127550e+00 1.456205e+00 -2.034386e-01 6.129215e-01 6.466786e-01
0.000000e+00 -1.542149e+00 -1.582588e+00 -3.128947e-01 -1.598526e+00 -1.989673e+00 -2.104649e+00
0.000000e+00 7.751877e-01 1.242875e+00 -9.025945e-01 -9.009822e-01 1.393700e+00 1.374182e+00
0.000000e+00 2.742182e-03 -6.023255e-01 -1.492294e+00 -9.009822e-01 -7.404278e-01 -6.409819e-01
0.000000e+00 -1.542149e+00 -1.178951e+00 2.768051e-01 -5.522104e-01 -1.625310e+00 -1.678709e+00
0.000000e+00 -3.834806e-01 1.473526e+00 -3.128947e-01 -2.034386e-01 1.185492e+00 1.186384e+00
0.000000e+00 -3.834806e-01 1.588851e+00 1.456205e+00 8.428768e-01 1.289596e+00 1.397247e+00
0.000000e+00 7.751877e-01 1.588851e+00 8.665048e-01 1.191649e+00 1.966271e+00 1.827389e+00
0.000000e+00 1.547633e+00 -4.870004e-01 1.456205e+00 4.941050e-01 4.567658e-01 2.226535e-01
0.000000e+00 -1.155926e+00 1.012225e+00 -3.128947e-01 1.540420e+00 2.485582e-01 5.174399e-01
0.000000e+00 -1.542149e+00 -1.582588e+00 1.456205e+00 1.453332e-01 -1.937621e+00 -1.979248e+00
0.000000e+00 -1.155926e+00 -1.121288e+00 8.665048e-01 -9.009822e-01 -1.417102e+00 -1.462938e+00
0.000000e+00 7.751877e-01 -3.140128e-01 -3.128947e-01 1.191649e+00 -6.375316e-02 3.098494e-02
0.000000e+00 3.889649e-01 6.662501e-01 -1.492294e+00 1.540420e+00 8.211290e-01 7.432256e-01
0.000000e+00 -3.834806e-01 1.012225e+00 2.768051e-01 -1.598526e+00 6.649733e-01 7.468978e-01
0.000000e+00 -1.542149e+00 -1.294276e+00 1.456205e+00 1.191649e+00 -1.677362e+00 -1.683970e+00
0.000000e+00 -1.542149e+00 -1.236613e+00 8.665048e-01 -9.009822e-01 -1.833518e+00 -1.717050e+00
0.000000e+00 2.742182e-03 -8.906381e-01 -1.492294e+00 1.191649e+00 -9.486353e-01 -8.444325e-01
0.000000e+00 -1.542149e+00 8.962487e-02 -9.025945e-01 1.540420e+00 -4.281164e-01 -5.025397e-01
0.000000e+00 7.751877e-01 1.300538e+00 -1.492294e+00 -1.598526e+00 1.341648e+00 1.381914e+00
0.000000e+00 -1.542149e+00 -1.582588e+00 -1.492294e+00 8.428768e-01 -1.937621e+00 -2.082819e+00
0.000000e+00 -1.542149e+00 -1.524926e+00 -1.492294e+00 1.453332e-01 -2.041725e+00 -2.050291e+00
0.000000e+00 -1.155926e+00 -2.570019e-02 8.665048e-01 1.191649e+00 -3.240126e-01 -3.959792e-01
0.000000e+00 -7.697033e-01 -1.005963e+00 -9.025945e-01 -5.522104e-01 -1.156843e+00 -1.273009e+00
0.000000e+00 -1.542149e+00 7.815752e-01 2.768051e-01 -2.034386e-01 2.485582e-01 1.312408e-01
0.000000e+00 1.547633e+00 -5.446629e-01 -1.492294e+00 1.453332e-01 -1.170127e-02 3.553965e-02
0.000000e+00 1.161410e+00 6.085876e-01 8.665048e-01 1.191649e+00 1.029337e+00 1.075760e+00
0.000000e+00 2.742182e-03 1.531188e+00 8.665048e-01 1.453332e-01 1.341648e+00 1.447356e+00
0.000000e+00 -1.155926e+00 8.969003e-01 2.768051e-01 1.191649e+00 4.567658e-01 4.261649e-01
0.000000e+00 2.742182e-03 -6.599880e-01 -3.128947e-01 -1.249754e+00 -7.404278e-01 -6.545278e-01
0.000000e+00 3.889649e-01 4.932626e-01 -9.025945e-01 -5.522104e-01 6.649733e-01 5.480019e-01
0.000000e+00 -1.542149e+00 1.012225e+00 -9.025945e-01 -9.009822e-01 1.965063e-01 2.729788e-01
0.000000e+00 -3.834806e-01 -4.870004e-01 1.456205e+00 -5.522104e-01 -5.842721e-01 -5.491791e-01
0.000000e+00 1.547633e+00 -6.023255e-01 -1.492294e+00 -1.598526e+00 -1.170127e-02 -6.840906e-02
0.000000e+00 -1.155926e+00 3.779375e-01 -3.128947e-01 -1.249754e+00 -6.375316e-02 -1.464550e-01
0.000000e+00 2.742182e-03 3.196234e-02 -9.025945e-01 -5.522104e-01 -1.158051e-01 -2.371258e-02
0.000000e+00 -1.542149e+00 -1.178951e+00 1.456205e+00 1.540420e+00 -1.625310e+00 -1.567900e+00
0.000000e+00 -3.834806e-01 -7.176505e-01 -1.492294e+00 -5.522104e-01 -9.486353e-01 -8.848911e-01
0.000000e+00 -3.834806e-01 7.239127e-01 -3.128947e-01 -2.034386e-01 5.088177e-01 4.982458e-01
0.000000e+00 3.889649e-01 4.932626e-01 8.665048e-01 1.191649e+00 7.170252e-01 6.734032e-01
0.000000e+00 1.547633e+00 8.969003e-01 -1.492294e+00 -1.598526e+00 1.393700e+00 1.307868e+00
0.000000e+00 -7.697033e-01 -6.023255e-01 -3.128947e-01 8.428768e-01 -8.445316e-01 -8.368655e-01
0.000000e+00 1.547633e+00 -7.176505e-01 2.768051e-01 -9.009822e-01 -6.375316e-02 -7.948423e-02
0.000000e+00 3.889649e-01 -1.121288e+00 -9.025945e-01 1.191649e+00 -1.000687e+00 -8.831273e-01
0.000000e+00 7.751877e-01 -4.870004e-01 -1.492294e+00 8.428768e-01 -1.170127e-02 -1.876101e-01
0.000000e+00 -1.155926e+00 1.646513e+00 1.456205e+00 8.428768e-01 1.185492e+00 1.153691e+00
0.000000e+00 3.889649e-01 7.815752e-01 8.665048e-01 1.191649e+00 9.252328e-01 9.380718e-01
0.000000e+00 3.889649e-01 -7.176505e-01 1.456205e+00 -5.522104e-01 -3.240126e-01 -4.644245e-01
0.000000e+00 -1.155926e+00 1.588851e+00 -1.492294e+00 -2.034386e-01 9.772847e-01 9.461713e-01
0.000000e+00 -1.155926e+00 2.049499e-01 -9.025945e-01 4.941050e-01 -2.199088e-01 -2.790366e-01
0.000000e+00 -1.155926e+00 -4.293379e-01 -9.025945e-01 -1.249754e+00 -9.486353e-01 -9.123225e-01
0.000000e+00 -1.542149e+00 -1.697914e+00 -3.128947e-01 4.941050e-01 -2.041725e+00 -2.149299e+00
0.000000e+00 2.742182e-03 1.415863e+00 1.456205e+00 -9.009822e-01 1.497804e+00 1.335675e+00
0.000000e+00 1.161410e+00 -1.178951e+00 1.456205e+00 1.453332e-01 -4.281164e-01 -5.709989e-01
0.000000e+00 -1.155926e+00 1.300538e+00 8.665048e-01 1.453332e-01 7.690771e-01 7.908874e-01
0.000000e+00 2.742182e-03 -1.697914e+00 -3.128947e-01 1.453332e-01 -1.417102e+00 -1.566523e+00
0.000000e+00 1.161410e+00 4.356000e-01 8.665048e-01 1.540420e+00 8.731809e-01 9.271619e-01
0.000000e+00 2.742182e-03 4.932626e-01 -1.492294e+00 -1.249754e+00 2.485582e-01 3.545558e-01
0.000000e+00 -1.155926e+00 1.069888e+00 -1.492294e+00 1.191649e+00 6.129215e-01 5.105798e-01
0.000000e+00 -7.697033e-01 -1.236613e+00 1.456205e+00 8.428768e-01 -1.156843e+00 -1.344750e+00
0.000000e+00 3.889649e-01 3.196234e-02 -3.128947e-01 4.941050e-01 1.444544e-01 1.799365e-01
0.000000e+00 2.742182e-03 -1.351938e+00 2.768051e-01 1.191649e+00 -1.000687e+00 -1.193516e+00
0.000000e+00 -3.834806e-01 -7.753131e-01 -9.025945e-01 -5.522104e-01 -1.052739e+00 -9.130294e-01
0.000000e+00 -3.834806e-01 2.626125e-01 -3.128947e-01 -1.249754e+00 4.035063e-02 4.416701e-02
0.000000e+00 2.742182e-03 1.012225e+00 -3.128947e-01 -5.522104e-01 8.211290e-01 9.009561e-01
0.000000e+00 -1.155926e+00 3.779375e-01 -1.492294e+00 1.540420e+00 -2.199088e-01 -1.144219e-01
0.000000e+00 1.547633e+00 1.242875e+00 -9.025945e-01 -9.009822e-01 1.706011e+00 1.670671e+00
0.000000e+00 -1.155926e+00 -7.176505e-01 -3.128947e-01 -1.249754e+00 -1.000687e+00 -1.152196e+00
0.000000e+00 -1.155926e+00 1.472874e-01 -1.492294e+00 -1.249754e+00 -2.719607e-01 -4.077807e-01
0.000000e+00 1.547633e+00 -1.524926e+00 -1.492294e+00 8.428768e-01 -6.883759e-01 -8.439276e-01
0.000000e+00 -7.697033e-01 -4.293379e-01 1.456205e+00 -2.034386e-01 -5.842721e-01 -6.342871e-01
0.000000e+00 7.751877e-01 -1.121288e+00 1.456205e+00 1.453332e-01 -6.883759e-01 -6.663099e-01
0.000000e+00 -3.834806e-01 1.242875e+00 -3.128947e-01 8.428768e-01 1.029337e+00 1.005258e+00
0.000000e+00 3.889649e-01 -1.236613e+00 -3.128947e-01 4.941050e-01 -1.104791e+00 -9.846053e-01
0.000000e+00 -3.834806e-01 -2.570019e-02 -1.492294e+00 4.941050e-01 -6.375316e-02 -2.190775e-01
0.000000e+00 7.751877e-01 -1.294276e+00 1.456205e+00 4.941050e-01 -1.000687e+00 -8.149080e-01
0.000000e+00 -1.542149e+00 5.509251e-01 -3.128947e-01 4.941050e-01 -1.158051e-01 -8.488355e-02
0.000000e+00 -7.697033e-01 -1.467263e+00 -9.025945e-01 8.428768e-01 -1.625310e+00 -1.655667e+00
0.000000e+00 -7.697033e-01 -1.063626e+00 -1.492294e+00 -1.598526e+00 -1.312999e+00 -1.381347e+00
0.000000e+00 -1.542149e+00 -1.697914e+00 -1.492294e+00 -9.009822e-01 -2.197881e+00 -2.239701e+00
0.000000e+00 3.889649e-01 -8.906381e-01 -3.128947e-01 -1.598526e+00 -6.363240e-01 -7.282210e-01
0.000000e+00 1.547633e+00 -3.140128e-01 -3.128947e-01 8.428768e-01 4.035063e-02 3.172714e-01
0.000000e+00 1.161410e+00 -7.176505e-01 -3.128947e-01 -1.249754e+00 -2.719607e-01 -2.627274e-01
0.000000e+00 7.751877e-01 4.356000e-01 -9.025945e-01 4.941050e-01 6.129215e-01 6.739219e-01
0.000000e+00 1.161410e+00 6.662501e-01 -1.492294e+00 1.453332e-01 9.772847e-01 9.989031e-01
0.000000e+00 3.889649e-01 8.969003e-01 2.768051e-01 -1.598526e+00 9.252328e-01 9.375198e-01
0.000000e+00 1.547633e+00 1.300538e+00 -9.025945e-01 1.453332e-01 1.810115e+00 1.754214e+00
0.000000e+00 -7.697033e-01 -2.563503e-01 -9.025945e-01 1.191649e+00 -6.883759e-01 -5.338556e-01
0.000000e+00 1.547633e+00 5.509251e-01 1.456205e+00 -9.009822e-01 1.133440e+00 1.134648e+00
0.000000e+00 -3.834806e-01 1.646513e+00 -1.492294e+00 4.941050e-01 1.497804e+00 1.316000e+00
0.000000e+00 7.751877e-01 -1.582588e+00 2.768051e-01 -5.522104e-01 -9.486353e-01 -1.159776e+00
0.000000e+00 1.547633e+00 1.358200e+00 -1.492294e+00 -1.598526e+00 1.862167e+00 1.731337e+00
0.000000e+00 -1.155926e+00 -4.870004e-01 -9.025945e-01 4.941050e-01 -1.104791e+00 -9.142412e-01
0.000000e+00 -1.155926e+00 -2.563503e-01 -3.128947e-01 -1.598526e+00 -7.924797e-01 -7.389289e-01
0.000000e+00 1.547633e+00 -6.599880e-01 -1.492294e+00 -5.522104e-01 -1.158051e-01 -9.073379e-02
0.000000e+00 -7.697033e-01 7.815752e-01 -1.492294e+00 1.191649e+00 4.047139e-01 3.941559e-01
0.000000e+00 1.547633e+00 7.815752e-01 -3.128947e-01 -2.034386e-01 1.393700e+00 1.292403e+00
0.000000e+00 2.742182e-03 9.545628e-01 2.768051e-01 4.941050e-01 9.252328e-01 9.034268e-01
0.000000e+00 3.889649e-01 1.704176e+00 2.768051e-01 4.941050e-01 1.601907e+00 1.739810e+00
0.000000e+00 -1.155926e+00 4.932626e-01 -1.492294e+00 -9.009822e-01 4.035063e-02 -7.997539e-02
0.000000e+00 1.161410e+00 1.646513e+00 -3.128947e-01 8.428768e-01 2.018323e+00 1.968773e+00
0.000000e+00 1.547633e+00 3.202750e-01 1.456205e+00 -1.598526e+00 9.772847e-01 9.025076e-01
0.000000e+00 -1.155926e+00 -5.446629e-01 -1.492294e+00 -5.522104e-01 -9.486353e-01 -1.022579e+00
0.000000e+00 3.889649e-01 6.085876e-01 -3.128947e-01 1.540420e+00 7.170252e-01 7.398827e-01
0.000000e+00 3.889649e-01 1.358200e+00 -9.025945e-01 -5.522104e-01 1.237544e+00 1.342008e+00
0.000000e+00 1.161410e+00 1.012225e+00 1.456205e+00 -1.249754e+00 1.445752e+00 1.399671e+00
0.000000e+00 2.742182e-03 -2.563503e-01 -3.128947e-01 1.453332e-01 -2.719607e-01 -2.431798e-01
0.000000e+00 1.547633e+00 -1.005963e+00 -1.492294e+00 -1.598526e+00 -4.281164e-01 -4.389451e-01
0.000000e+00 -1.542149e+00 3.202750e-01 8.665048e-01 -9.009822e-01 -1.158051e-01 -2.878396e-01
0.000000e+00 1.547633e+00 -3.716754e-01 2.768051e-01 1.191649e+00 3.526620e-01 2.993361e-01
0.000000e+00 7.751877e-01 6.085876e-01 -1.492294e+00 1.540420e+00 1.029337e+00 8.385366e-01
0.000000e+00 -3.834806e-01 -2.563503e-01 -3.128947e-01 1.453332e-01 -3.760645e-01 -3.914245e-01
0.000000e+00 -7.697033e-01 -5.446629e-01 1.456205e+00 -1.249754e+00 -7.924797e-01 -7.707635e-01
0.000000e+00 3.889649e-01 -7.176505e-01 1.456205e+00 1.191649e+00 -5.322202e-01 -4.134095e-01
0.000000e+00 -1.542149e+00 -8.906381e-01 -3.128947e-01 -1.249754e+00 -1.469154e+00 -1.459242e+00
0.000000e+00 -7.697033e-01 -8.906381e-01 2.768051e-01 4.941050e-01 -1.208895e+00 -1.086942e+00
0.000000e+00 -1.155926e+00 -1.409601e+00 -1.492294e+00 -1.598526e+00 -1.833518e+00 -1.847194e+00
0.000000e+00 1.547633e+00 7.239127e-01 1.456205e+00 -2.034386e-01 1.289596e+00 1.313856e+00
0.000000e+00 -7.697033e-01 3.196234e-02 1.456205e+00 4.941050e-01 -2.199088e-01 -1.904113e-01
0.000000e+00 -1.155926e+00 -1.410252e-01 8.665048e-01 -9.009822e-01 -5.842721e-01 -5.630646e-01
0.000000e+00 -3.834806e-01 -1.294276e+00 -9.025945e-01 -5.522104e-01 -1.365050e+00 -1.389433e+00
0.000000e+00 -1.155926e+00 -8.336272e-02 8.665048e-01 -2.034386e-01 -4.801683e-01 -4.897249e-01
0.000000e+00 -1.542149e+00 -5.446629e-01 -9.025945e-01 -9.009822e-01 -9.486353e-01 -1.156232e+00
0.000000e+00 3.889649e-01 -7.753131e-01 1.456205e+00 1.453332e-01 -5.842721e-01 -4.969523e-01
0.000000e+00 1.161410e+00 1.473526e+00 -9.025945e-01 -9.009822e-01 1.810115e+00 1.734162e+00
0.000000e+00 -1.155926e+00 1.531188e+00 -1.492294e+00 8.428768e-01 1.029337e+00 9.238466e-01
0.000000e+00 1.547633e+00 1.069888e+00 1.456205e+00 4.941050e-01 1.497804e+00 1.651864e+00
0.000000e+00 -7.697033e-01 -3.716754e-01 1.456205e+00 -1.598526e+00 -5.842721e-01 -6.221653e-01
0.000000e+00 1.161410e+00 1.588851e+00 -9.025945e-01 -1.249754e+00 1.862167e+00 1.829826e+00
0.000000e+00 1.161410e+00 1.704176e+00 -3.128947e-01 -5.522104e-01 2.018323e+00 1.980895e+00
0.000000e+00 -7.697033e-01 1.127550e+00 -9.025945e-01 -2.034386e-01 7.170252e-01 6.957417e-01
0.000000e+00 -7.697033e-01 3.202750e-01 -9.025945e-01 1.540420e+00 9.240252e-02 5.684567e-03
0.000000e+00 3.889649e-01 3.196234e-02 2.768051e-01 -5.522104e-01 -1.170127e-02 1.741230e-01
0.000000e+00 -1.542149e+00 9.545628e-01 2.768051e-01 -5.522104e-01 3.006101e-01 2.798389e-01
0.000000e+00 -3.834806e-01 2.049499e-01 -1.492294e+00 1.191649e+00 -6.375316e-02 1.306342e-02
0.000000e+00 -1.542149e+00 -1.640251e+00 -1.492294e+00 -5.522104e-01 -2.249933e+00 -2.176565e+00
0.000000e+00 -7.697033e-01 6.662501e-01 -3.128947e-01 -5.522104e-01 3.526620e-01 2.868643e-01
0.000000e+00 1.547633e+00 -1.582588e+00 2.768051e-01 -5.522104e-01 -7.924797e-01 -8.632870e-01
0.000000e+00 2.742182e-03 -2.570019e-02 8.665048e-01 -1.249754e+00 9.240252e-02 -2.266602e-02
0.000000e+00 2.742182e-03 -1.294276e+00 -1.492294e+00 8.428768e-01 -1.156843e+00 -1.225172e+00
0.000000e+00 -3.834806e-01 1.242875e+00 -1.492294e+00 -5.522104e-01 8.211290e-01 9.148554e-01
0.000000e+00 -7.697033e-01 -1.351938e+00 2.768051e-01 -2.034386e-01 -1.521206e+00 -1.530817e+00
0.000000e+00 2.742182e-03 -1.063626e+00 2.768051e-01 8.428768e-01 -8.445316e-01 -9.390504e-01
0.000000e+00 -3.834806e-01 1.588851e+00 -3.128947e-01 -5.522104e-01 9.772847e-01 1.282049e+00
0.000000e+00 1.161410e+00 -6.599880e-01 2.768051e-01 -2.034386e-01 4.035063e-02 -1.543892e-01
0.000000e+00 -3.834806e-01 -2.563503e-01 -9.025945e-01 -2.034386e-01 -5.322202e-01 -4.264229e-01
0.000000e+00 1.161410e+00 -1.410252e-01 1.456205e+00 1.453332e-01 3.006101e-01 3.818081e-01
0.000000e+00 3.889649e-01 -8.906381e-01 8.665048e-01 4.941050e-01 -5.322202e-01 -6.174121e-01
0.000000e+00 2.742182e-03 -9.483006e-01 1.456205e+00 -9.009822e-01 -6.363240e-01 -8.346071e-01
0.000000e+00 -3.834806e-01 1.012225e+00 -9.025945e-01 1.540420e+00 6.649733e-01 7.891339e-01
0.000000e+00 -3.834806e-01 1.646513e+00 -9.025945e-01 -9.009822e-01 1.237544e+00 1.299984e+00
0.000000e+00 -3.834806e-01 -9.483006e-01 1.456205e+00 1.191649e+00 -7.924797e-01 -9.216339e-01
0.000000e+00 1.547633e+00 -1.582588e+00 -9.025945e-01 -1.598526e+00 -9.486353e-01 -9.434869e-01
0.000000e+00 -3.834806e-01 1.127550e+00 -1.492294e+00 1.540420e+00 8.731809e-01 8.702059e-01
0.000000e+00 1.547633e+00 -8.336272e-02 1.456205e+00 8.428768e-01 6.129215e-01 6.033925e-01
0.000000e+00 3.889649e-01 1.704176e+00 -9.025945e-01 1.540420e+00 1.966271e+00 1.720828e+00
0.000000e+00 7.751877e-01 1.358200e+00 -1.492294e+00 -9.009822e-01 1.549856e+00 1.455254e+00
0.000000e+00 -7.697033e-01 -1.409601e+00 2.768051e-01 -2.034386e-01 -1.521206e+00 -1.583751e+00
0.000000e+00 1.161410e+00 1.069888e+00 8.665048e-01 -9.009822e-01 1.497804e+00 1.438012e+00
0.000000e+00 -7.697033e-01 -4.293379e-01 8.665048e-01 1.540420e+00 -5.322202e-01 -6.080675e-01
0.000000e+00 -1.542149e+00 -1.410252e-01 -9.025945e-01 -1.598526e+00 -7.404278e-01 -8.061016e-01
0.000000e+00 2.742182e-03 -9.483006e-01 8.665048e-01 1.540420e+00 -8.445316e-01 -7.879816e-01
0.000000e+00 -1.155926e+00 -9.483006e-01 -1.492294e+00 -2.034386e-01 -1.417102e+00 -1.382912e+00
0.000000e+00 3.889649e-01 -6.023255e-01 2.768051e-01 8.428768e-01 -3.760645e-01 -3.673360e-01
0.000000e+00 1.547633e+00 -1.005963e+00 -9.025945e-01 -2.034386e-01 -4.801683e-01 -3.733377e-01
0.000000e+00 -1.542149e+00 -1.986878e-01 -3.128947e-01 -5.522104e-01 -8.965834e-01 -8.036309e-01
0.000000e+00 -3.834806e-01 1.704176e+00 1.456205e+00 1.191649e+00 1.653959e+00 1.513317e+00
0.000000e+00 -1.542149e+00 2.626125e-01 8.665048e-01 -1.598526e+00 -2.719607e-01 -3.611793e-01
0.000000e+00 -1.542149e+00 8.392377e-01 8.665048e-01 -2.034386e-01 4.047139e-01 2.089699e-01
0.000000e+00 1.161410e+00 1.473526e+00 -9.025945e-01 -1.598526e+00 1.758063e+00 1.713756e+00
0.000000e+00 -1.155926e+00 -1.640251e+00 1.456205e+00 1.453332e-01 -1.885569e+00 -1.883937e+00
0.000000e+00 -1.542149e+00 6.085876e-01 1.456205e+00 1.540420e+00 4.035063e-02 7.304543e-02
0.000000e+00 1.161410e+00 8.392377e-01 8.665048e-01 1.191649e+00 1.393700e+00 1.287495e+00
0.000000e+00 -3.834806e-01 5.509251e-01 8.665048e-01 -1.249754e+00 2.485582e-01 3.584265e-01
0.000000e+00 -7.697033e-01 1.012225e+00 -3.128947e-01 -5.522104e-01 6.129215e-01 6.044667e-01
0.000000e+00 -3.834806e-01 -3.716754e-01 1.456205e+00 8.428768e-01 -2.719607e-01 -4.024997e-01
0.000000e+00 2.742182e-03 -8.336272e-02 -1.492294e+00 -9.009822e-01 -1.678569e-01 -1.645784e-01
0.000000e+00 -1.542149e+00 -1.582588e+00 -9.025945e-01 4.941050e-01 -1.989673e+00 -2.068227e+00
0.000000e+00 -1.542149e+00 8.392377e-01 -9.025945e-01 4.941050e-01 3.006101e-01 1.549896e-01
0.000000e+00 -7.697033e-01 -1.524926e+00 -3.128947e-01 -1.249754e+00 -1.729414e+00 -1.745023e+00
0.000000e+00 3.889649e-01 1.127550e+00 -3.128947e-01 1.540420e+00 1.237544e+00 1.216286e+00
0.000000e+00 -1.542149e+00 -1.640251e+00 -1.492294e+00 -5.522104e-01 -2.093777e+00 -2.176565e+00
0.000000e+00 -1.155926e+00 -6.023255e-01 2.768051e-01 -1.598526e+00 -1.104791e+00 -1.031736e+00
0.000000e+00 7.751877e-01 1.358200e+00 -9.025945e-01 8.428768e-01 1.445752e+00 1.531064e+00
0.000000e+00 -1.542149e+00 1.300538e+00 1.456205e+00 1.540420e+00 8.211290e-01 7.082501e-01
0.000000e+00 7.751877e-01 -8.906381e-01 8.665048e-01 1.540420e+00 -4.281164e-01 -4.385584e-01
0.000000e+00 -3.834806e-01 1.069888e+00 -1.492294e+00 1.191649e+00 7.690771e-01 8.070692e-01
0.000000e+00 3.889649e-01 8.962487e-02 -9.025945e-01 -1.598526e+00 1.444544e-01 1.468569e-01
0.000000e+00 1.161410e+00 6.662501e-01 1.456205e+00 4.941050e-01 9.772847e-01 1.133083e+00
0.000000e+00 1.547633e+00 -1.697914e+00 -1.492294e+00 -1.598526e+00 -1.104791e+00 -1.074150e+00
0.000000e+00 3.889649e-01 4.356000e-01 2.768051e-01 -1.598526e+00 5.608696e-01 5.140500e-01
0.000000e+00 1.547633e+00 2.626125e-01 1.456205e+00 1.191649e+00 9.252328e-01 9.311978e-01
0.000000e+00 -3.834806e-01 1.185213e+00 -9.025945e-01 1.540420e+00 8.731809e-01 9.479351e-01
0.000000e+00 3.889649e-01 -1.351938e+00 8.665048e-01 1.540420e+00 -1.104791e+00 -1.010273e+00
0.000000e+00 1.161410e+00 8.392377e-01 1.456205e+00 1.453332e-01 1.289596e+00 1.281681e+00
0.000000e+00 1.547633e+00 -1.005963e+00 -9.025945e-01 -1.598526e+00 -3.240126e-01 -4.141497e-01
0.000000e+00 -7.697033e-01 1.069888e+00 -1.492294e+00 4.941050e-01 7.170252e-01 6.384185e-01
0.000000e+00 -1.155926e+00 -1.697914e+00 2.768051e-01 -9.009822e-01 -2.041725e+00 -2.017070e+00
0.000000e+00 3.889649e-01 -9.483006e-01 1.456205e+00 1.540420e+00 -4.801683e-01 -6.149414e-01
0.000000e+00 -3.834806e-01 -8.336272e-02 -1.492294e+00 -5.522104e-01 -2.719607e-01 -3.026202e-01
0.000000e+00 -1.542149e+00 1.588851e+00 -1.492294e+00 -5.522104e-01 6.129215e-01 7.877236e-01
0.000000e+00 1.161410e+00 -1.582588e+00 -3.128947e-01 8.428768e-01 -9.486353e-01 -9.955152e-01
0.000000e+00 1.547633e+00 8.969003e-01 -1.492294e+00 -1.598526e+00 1.185492e+00 1.307868e+00
0.000000e+00 1.547633e+00 -3.716754e-01 1.456205e+00 8.428768e-01 3.526620e-01 3.387239e-01
0.000000e+00 -1.155926e+00 -1.697914e+00 2.768051e-01 1.191649e+00 -1.937621e+00 -1.955853e+00
0.000000e+00 1.547633e+00 1.012225e+00 8.665048e-01 4.941050e-01 1.445752e+00 1.574135e+00
0.000000e+00 7.751877e-01 -1.178951e+00 -3.128947e-01 -1.598526e+00 -6.883759e-01 -8.446448e-01
0.000000e+00 2.742182e-03 -1.005963e+00 -1.492294e+00 4.941050e-01 -1.000687e+00 -9.707060e-01
0.000000e+00 7.751877e-01 3.202750e-01 1.456205e+00 1.453332e-01 4.567658e-01 6.570331e-01
0.000000e+00 1.547633e+00 -1.236613e+00 -9.025945e-01 -2.034386e-01 -4.281164e-01 -5.850726e-01
0.000000e+00 1.161410e+00 -9.483006e-01 -3.128947e-01 -2.034386e-01 -3.760645e-01 -4.438533e-01
0.000000e+00 3.889649e-01 3.202750e-01 2.768051e-01 -1.598526e+00 4.047139e-01 4.081826e-01
0.000000e+00 -3.834806e-01 -1.178951e+00 -9.025945e-01 1.453332e-01 -1.260947e+00 -1.263159e+00
0.000000e+00 -1.542149e+00 5.509251e-01 2.768051e-01 -5.522104e-01 -6.375316e-02 -9.069712e-02
0.000000e+00 3.889649e-01 -4.293379e-01 -9.025945e-01 -1.598526e+00 -4.801683e-01 -3.295466e-01
0.000000e+00 -7.697033e-01 2.626125e-01 8.665048e-01 8.428768e-01 -1.158051e-01 6.731127e-03
0.000000e+00 3.889649e-01 1.415863e+00 2.768051e-01 8.428768e-01 1.601907e+00 1.485344e+00
0.000000e+00 3.889649e-01 -1.351938e+00 -9.025945e-01 -5.522104e-01 -1.104791e+00 -1.145877e+00
0.000000e+00 -3.834806e-01 6.662501e-01 2.768051e-01 4.941050e-01 5.608696e-01 4.905135e-01
0.000000e+00 -1.155926e+00 2.626125e-01 -3.128947e-01 -9.009822e-01 -1.158051e-01 -2.421194e-01
0.000000e+00 1.547633e+00 -1.640251e+00 2.768051e-01 8.428768e-01 -1.208895e+00 -8.754088e-01
0.000000e+00 -1.155926e+00 -8.906381e-01 1.456205e+00 4.941050e-01 -1.208895e+00 -1.185596e+00
0.000000e+00 -7.697033e-01 -1.236613e+00 2.768051e-01 -2.034386e-01 -1.521206e+00 -1.424950e+00
0.000000e+00 -1.542149e+00 9.545628e-01 -9.025945e-01 -2.034386e-01 1.965063e-01 2.404511e-01
0.000000e+00 7.751877e-01 -7.753131e-01 2.768051e-01 1.191649e+00 -5.322202e-01 -3.676894e-01
0.000000e+00 -1.542149e+00 4.932626e-01 8.665048e-01 1.453332e-01 -6.375316e-02 -9.842942e-02
0.000000e+00 1.547633e+00 1.242875e+00 -1.492294e+00 1.453332e-01 1.758063e+00 1.676485e+00
0.000000e+00 -1.542149e+00 -7.176505e-01 -3.128947e-01 -1.249754e+00 -1.052739e+00 -1.300440e+00
0.000000e+00 2.742182e-03 -8.906381e-01 1.456205e+00 -2.034386e-01 -7.924797e-01 -7.612674e-01
0.000000e+00 7.751877e-01 -7.176505e-01 -9.025945e-01 -5.522104e-01 -3.240126e-01 -4.153615e-01
0.000000e+00 -7.697033e-01 -3.716754e-01 2.768051e-01 1.540420e+00 -4.801683e-01 -5.799292e-01
0.000000e+00 1.547633e+00 -4.293379e-01 2.768051e-01 -9.009822e-01 4.047139e-01 1.851844e-01
0.000000e+00 1.161410e+00 -1.063626e+00 2.768051e-01 1.191649e+00 -6.363240e-01 -4.841133e-01
0.000000e+00 -7.697033e-01 -4.293379e-01 -3.128947e-01 4.941050e-01 -5.842721e-01 -6.882674e-01
0.000000e+00 2.742182e-03 -5.446629e-01 1.456205e+00 -5.522104e-01 -3.760645e-01 -4.538681e-01
0.000000e+00 7.751877e-01 -2.563503e-01 -1.492294e+00 1.191649e+00 -1.158051e-01 3.432781e-02
0.000000e+00 -3.834806e-01 -1.294276e+00 8.665048e-01 1.191649e+00 -1.208895e+00 -1.264032e+00
0.000000e+00 2.742182e-03 -2.570019e-02 1.456205e+00 4.941050e-01 1.444544e-01 5.314439e-02
0.000000e+00 -7.697033e-01 2.049499e-01 8.665048e-01 -2.034386e-01 -2.719607e-01 -7.681158e-02
0.000000e+00 1.547633e+00 -1.640251e+00 1.456205e+00 1.191649e+00 -8.445316e-01 -8.156149e-01
0.000000e+00 1.547633e+00 -1.467263e+00 -9.025945e-01 4.941050e-01 -7.404278e-01 -7.764015e-01
0.000000e+00 7.751877e-01 3.196234e-02 -1.492294e+00 1.191649e+00 3.006101e-01 2.989964e-01
0.000000e+00 -1.155926e+00 1.472874e-01 -1.492294e+00 -9.009822e-01 -3.240126e-01 -3.975777e-01
0.000000e+00 7.751877e-01 1.358200e+00 -3.128947e-01 1.191649e+00 1.497804e+00 1.566063e+00
0.000000e+00 7.751877e-01 -1.524926e+00 1.456205e+00 -1.598526e+00 -1.208895e+00 -1.087861e+00
0.000000e+00 2.742182e-03 -1.409601e+00 2.768051e-01 -2.034386e-01 -1.208895e+00 -1.287262e+00
0.000000e+00 1.547633e+00 -4.293379e-01 -1.492294e+00 -1.249754e+00 2.485582e-01 1.005951e-01
0.000000e+00 -7.697033e-01 8.392377e-01 1.456205e+00 -1.598526e+00 6.129215e-01 4.894428e-01
0.000000e+00 -3.834806e-01 -6.599880e-01 2.768051e-01 -9.009822e-01 -4.801683e-01 -7.677741e-01
0.000000e+00 -1.542149e+00 7.239127e-01 -3.128947e-01 4.941050e-01 4.035063e-02 7.391761e-02
0.000000e+00 3.889649e-01 8.392377e-01 1.456205e+00 -9.009822e-01 9.772847e-01 9.545829e-01
0.000000e+00 -3.834806e-01 -1.294276e+00 1.456205e+00 1.540420e+00 -1.417102e+00 -1.229033e+00
0.000000e+00 -1.542149e+00 4.932626e-01 -9.025945e-01 1.540420e+00 -1.678569e-01 -1.320037e-01
0.000000e+00 -1.155926e+00 -1.005963e+00 1.456205e+00 1.191649e+00 -1.417102e+00 -1.271057e+00
0.000000e+00 -7.697033e-01 -1.697914e+00 -9.025945e-01 -9.009822e-01 -1.937621e+00 -1.918417e+00
0.000000e+00 1.547633e+00 -1.409601e+00 2.768051e-01 1.453332e-01 -5.322202e-01 -6.840799e-01
0.000000e+00 1.161410e+00 -1.351938e+00 2.768051e-01 -1.249754e+00 -7.404278e-01 -8.202029e-01
0.000000e+00 7.751877e-01 1.012225e+00 -1.492294e+00 8.428768e-01 1.185492e+00 1.188667e+00
0.000000e+00 -3.834806e-01 -1.986878e-01 -3.128947e-01 1.540420e+00 -3.760645e-01 -2.976788e-01
0.000000e+00 -1.542149e+00 -8.906381e-01 -9.025945e-01 -2.034386e-01 -1.521206e+00 -1.453428e+00
0.000000e+00 1.161410e+00 1.242875e+00 -1.492294e+00 -1.249754e+00 1.601907e+00 1.487428e+00
0.000000e+00 -3.834806e-01 2.049499e-01 8.665048e-01 4.941050e-01 4.035063e-02 9.183913e-02
0.000000e+00 -7.697033e-01 1.588851e+00 -1.492294e+00 -9.009822e-01 1.133440e+00 1.074010e+00
0.000000e+00 1.547633e+00 1.531188e+00 2.768051e-01 -2.034386e-01 2.070374e+00 2.005337e+00
0.000000e+00 -3.834806e-01 -4.293379e-01 8.665048e-01 1.191649e+00 -4.281164e-01 -4.700258e-01
0.000000e+00 -3.834806e-01 1.012225e+00 -1.492294e+00 -1.598526e+00 3.526620e-01 6.725115e-01
0.000000e+00 1.547633e+00 1.069888e+00 1.456205e+00 -1.249754e+00 1.653959e+00 1.600849e+00
0.000000e+00 -1.155926e+00 -3.716754e-01 -3.128947e-01 -2.034386e-01 -7.924797e-01 -8.039844e-01
0.000000e+00 2.742182e-03 -8.906381e-01 -9.025945e-01 -5.522104e-01 -1.052739e+00 -8.706521e-01
0.000000e+00 -3.834806e-01 2.626125e-01 1.456205e+00 -1.598526e+00 2.485582e-01 1.083503e-01
0.000000e+00 1.547633e+00 -1.524926e+00 8.665048e-01 4.941050e-01 -7.404278e-01 -7.549489e-01
0.000000e+00 2.742182e-03 7.815752e-01 -3.128947e-01 1.191649e+00 6.129215e-01 7.402362e-01
0.000000e+00 1.547633e+00 3.779375e-01 -1.492294e+00 -1.598526e+00 7.690771e-01 8.314642e-01
0.000000e+00 1.547633e+00 -7.753131e-01 1.456205e+00 8.428768e-01 -1.170127e-02 -3.181211e-02
0.000000e+00 -1.155926e+00 3.196234e-02 2.768051e-01 1.191649e+00 -6.375316e-02 -3.678409e-01
0.000000e+00 1.547633e+00 4.356000e-01 2.768051e-01 -1.249754e+00 8.731809e-01 9.689872e-01
0.000000e+00 -7.697033e-01 -1.178951e+00 -3.128947e-01 -1.598526e+00 -1.521206e+00 -1.437624e+00
0.000000e+00 -3.834806e-01 1.358200e+00 2.768051e-01 1.453332e-01 1.133440e+00 1.115515e+00
0.000000e+00 -1.542149e+00 1.127550e+00 -9.025945e-01 4.941050e-01 6.129215e-01 4.196582e-01
0.000000e+00 -1.542149e+00 -1.986878e-01 -3.128947e-01 -1.249754e+00 -8.445316e-01 -8.240369e-01
0.000000e+00 -1.542149e+00 6.662501e-01 -3.128947e-01 -2.034386e-01 -6.375316e-02 5.778939e-04
0.000000e+00 1.547633e+00 -1.409601e+00 2.768051e-01 -2.034386e-01 -6.363240e-01 -6.942829e-01
0.000000e+00 1.161410e+00 1.473526e+00 -3.128947e-01 4.941050e-01 1.758063e+00 1.799769e+00
0.000000e+00 2.742182e-03 -1.409601e+00 -1.492294e+00 -1.598526e+00 -1.417102e+00 -1.402460e+00
0.000000e+00 2.742182e-03 1.242875e+00 8.665048e-01 1.540420e+00 1.289596e+00 1.223500e+00
0.000000e+00 1.547633e+00 -8.906381e-01 1.456205e+00 8.428768e-01 -2.199088e-01 -1.376796e-01
0.000000e+00 -7.697033e-01 -1.524926e+00 8.665048e-01 -2.034386e-01 -1.677362e+00 -1.664823e+00
0.000000e+00 -7.697033e-01 1.531188e+00 1.456205e+00 -9.009822e-01 1.237544e+00 1.145053e+00
0.000000e+00 7.751877e-01 1.012225e+00 2.768051e-01 1.191649e+00 1.133440e+00 1.273256e+00
0.000000e+00 1.547633e+00 1.358200e+00 -9.025945e-01 -9.009822e-01 1.758063e+00 1.776539e+00
0.000000e+00 3.889649e-01 1.473526e+00 -9.025945e-01 4.941050e-01 1.289596e+00 1.478484e+00
0.000000e+00 -1.155926e+00 5.509251e-01 2.768051e-01 1.540420e+00 9.240252e-02 1.187656e-01
0.000000e+00 -1.542149e+00 -1.351938e+00 2.768051e-01 4.941050e-01 -1.833518e+00 -1.806901e+00
0.000000e+00 -1.155926e+00 1.185213e+00 -3.128947e-01 1.540420e+00 6.649733e-01 6.762411e-01
0.000000e+00 -1.542149e+00 1.588851e+00 -9.025945e-01 8.428768e-01 8.211290e-01 8.533310e-01
0.000000e+00 1.547633e+00 1.069888e+00 8.665048e-01 1.540420e+00 1.706011e+00 1.657678e+00
0.000000e+00 1.161410e+00 1.300538e+00 2.768051e-01 8.428768e-01 1.549856e+00 1.675966e+00
0.000000e+00 7.751877e-01 8.392377e-01 8.665048e-01 -5.522104e-01 1.133440e+00 1.088235e+00
0.000000e+00 -7.697033e-01 9.545628e-01 1.456205e+00 -1.598526e+00 5.608696e-01 5.953102e-01
0.000000e+00 1.161410e+00 -2.563503e-01 8.665048e-01 -5.522104e-01 3.006101e-01 2.307392e-01
0.000000e+00 -1.155926e+00 1.588851e+00 -9.025945e-01 1.453332e-01 9.772847e-01 9.811697e-01
0.000000e+00 -1.155926e+00 3.196234e-02 1.456205e+00 1.540420e+00 -3.760645e-01 -3.080471e-01
0.000000e+00 -7.697033e-01 -1.640251e+00 8.665048e-01 1.453332e-01 -1.937621e+00 -1.760488e+00
0.000000e+00 7.751877e-01 -1.410252e-01 -3.128947e-01 1.453332e-01 1.965063e-01 1.591771e-01
0.000000e+00 -1.542149e+00 6.662501e-01 -3.128947e-01 4.941050e-01 -1.170127e-02 2.098389e-02
0.000000e+00 1.161410e+00 -1.005963e+00 -9.025945e-01 -1.598526e+00 -4.281164e-01 -5.623944e-01
0.000000e+00 7.751877e-01 -7.176505e-01 -3.128947e-01 1.540420e+00 -1.678569e-01 -3.293481e-01
0.000000e+00 -3.834806e-01 -2.570019e-02 2.768051e-01 -1.598526e+00 -2.719607e-01 -2.059092e-01
0.000000e+00 2.742182e-03 1.415863e+00 1.456205e+00 4.941050e-01 1.133440e+00 1.376487e+00
0.000000e+00 -1.542149e+00 -1.121288e+00 -9.025945e-01 -5.522104e-01 -1.573258e+00 -1.675366e+00
0.000000e+00 -3.834806e-01 -1.005963e+00 1.456205e+00 1.453332e-01 -1.052739e+00 -1.005177e+00
0.000000e+00 -1.542149e+00 1.185213e+00 8.665048e-01 1.453332e-01 5.088177e-01 5.367752e-01
0.000000e+00 -1.542149e+00 -3.716754e-01 2.768051e-01 1.191649e+00 -7.924797e-01 -8.866217e-01
0.000000e+00 -1.542149e+00 1.531188e+00 -9.025945e-01 -1.249754e+00 7.690771e-01 7.391793e-01
0.000000e+00 7.751877e-01 -8.336272e-02 8.665048e-01 -5.522104e-01 3.006101e-01 2.412957e-01
0.000000e+00 7.751877e-01 1.473526e+00 8.665048e-01 -5.522104e-01 1.758063e+00 1.670506e+00
0.000000e+00 -3.834806e-01 1.358200e+00 8.665048e-01 4.941050e-01 1.133440e+00 1.150514e+00
0.000000e+00 -1.155926e+00 -1.467263e+00 8.665048e-01 -1.598526e+00 -1.729414e+00 -1.800946e+00
0.000000e+00 -7.697033e-01 2.626125e-01 8.665048e-01 -2.034386e-01 -1.170127e-02 -2.387786e-02
0.000000e+00 1.161410e+00 -6.599880e-01 -9.025945e-01 -5.522104e-01 -1.678569e-01 -2.141831e-01
0.000000e+00 1.161410e+00 1.415863e+00 -3.128947e-01 -1.249754e+00 1.706011e+00 1.695820e+00
0.000000e+00 3.889649e-01 -1.005963e+00 8.665048e-01 -2.034386e-01 -5.842721e-01 -7.436856e-01
0.000000e+00 1.547633e+00 -1.467263e+00 2.768051e-01 1.191649e+00 -8.445316e-01 -7.064046e-01
0.000000e+00 1.547633e+00 7.815752e-01 -9.025945e-01 8.428768e-01 1.289596e+00 1.298217e+00
0.000000e+00 -3.834806e-01 -9.483006e-01 -1.492294e+00 1.191649e+00 -1.052739e+00 -1.045611e+00
0.000000e+00 -1.542149e+00 4.356000e-01 -3.128947e-01 4.941050e-01 -1.678569e-01 -1.907510e-01
0.000000e+00 -1.542149e+00 -4.870004e-01 2.768051e-01 1.540420e+00 -1.104791e+00 -9.822861e-01
0.000000e+00 2.742182e-03 -1.236613e+00 8.665048e-01 4.941050e-01 -1.156843e+00 -1.083259e+00
0.000000e+00 -1.155926e+00 1.069888e+00 -9.025945e-01 -1.249754e+00 4.567658e-01 4.639542e-01
0.000000e+00 3.889649e-01 5.509251e-01 -9.025945e-01 -9.009822e-01 5.088177e-01 5.907326e-01
0.000000e+00 7.751877e-01 -2.563503e-01 8.665048e-01 1.540420e+00 -1.170127e-02 1.437125e-01
0.000000e+00 -1.542149e+00 8.392377e-01 2.768051e-01 8.428768e-01 1.444544e-01 2.147835e-01
0.000000e+00 3.889649e-01 -1.467263e+00 -9.025945e-01 -1.249754e+00 -1.365050e+00 -1.272151e+00
0.000000e+00 1.161410e+00 -8.336272e-02 1.456205e+00 4.941050e-01 5.088177e-01 4.449448e-01
0.000000e+00 2.742182e-03 1.358200e+00 -3.128947e-01 1.453332e-01 1.289596e+00 1.238964e+00
0.000000e+00 7.751877e-01 -4.870004e-01 2.768051e-01 1.540420e+00 -1.170127e-02 -9.281780e-02
0.000000e+00 3.889649e-01 1.069888e+00 8.665048e-01 -5.522104e-01 1.185492e+00 1.151725e+00
0.000000e+00 -3.834806e-01 -1.582588e+00 2.768051e-01 -5.522104e-01 -1.729414e+00 -1.604511e+00
0.000000e+00 7.751877e-01 -1.410252e-01 1.456205e+00 -9.009822e-01 -1.158051e-01 2.029544e-01
0.000000e+00 1.547633e+00 4.356000e-01 2.768051e-01 1.453332e-01 1.133440e+00 1.009799e+00
0.000000e+00 7.751877e-01 -9.483006e-01 -1.492294e+00 -9.009822e-01 -7.404278e-01 -6.620948e-01
0.000000e+00 2.742182e-03 9.545628e-01 8.665048e-01 1.191649e+00 7.170252e-01 9.486282e-01
0.000000e+00 7.751877e-01 -9.483006e-01 -3.128947e-01 -5.522104e-01 -4.281164e-01 -6.023010e-01
0.000000e+00 -7.697033e-01 7.239127e-01 8.665048e-01 -5.522104e-01 4.567658e-01 3.893889e-01
0.000000e+00 -1.155926e+00 -1.121288e+00 -1.492294e+00 -1.249754e+00 -1.417102e+00 -1.572323e+00
0.000000e+00 2.742182e-03 -1.236613e+00 8.665048e-01 -1.249754e+00 -1.052739e+00 -1.134274e+00
0.000000e+00 -3.834806e-01 4.356000e-01 8.665048e-01 4.941050e-01 4.047139e-01 3.035740e-01
0.000000e+00 2.742182e-03 9.545628e-01 -3.128947e-01 -2.034386e-01 8.211290e-01 8.582254e-01
0.000000e+00 1.161410e+00 7.815752e-01 -1.492294e+00 -9.009822e-01 1.185492e+00 1.074162e+00
0.000000e+00 -3.834806e-01 -1.409601e+00 8.665048e-01 1.453332e-01 -1.208895e+00 -1.400508e+00
0.000000e+00 1.547633e+00 -1.697914e+00 1.456205e+00 1.453332e-01 -7.924797e-01 -8.991576e-01
0.000000e+00 7.751877e-01 -3.140128e-01 8.665048e-01 -1.598526e+00 -1.170127e-02 -1.048189e-03
0.000000e+00 7.751877e-01 -8.329756e-01 -9.025945e-01 -9.009822e-01 -6.883759e-01 -5.314320e-01
0.000000e+00 1.161410e+00 1.242875e+00 8.665048e-01 -2.034386e-01 1.706011e+00 1.617219e+00
0.000000e+00 3.889649e-01 -8.906381e-01 -3.128947e-01 4.941050e-01 -6.363240e-01 -6.670030e-01
0.000000e+00 1.161410e+00 2.049499e-01 -9.025945e-01 -5.522104e-01 5.608696e-01 5.798227e-01
0.000000e+00 -7.697033e-01 -7.753131e-01 1.456205e+00 8.428768e-01 -1.156843e+00 -9.212804e-01
0.000000e+00 -1.542149e+00 -1.582588e+00 1.456205e+00 -9.009822e-01 -2.249933e+00 -2.009857e+00
0.000000e+00 3.889649e-01 -1.582588e+00 1.456205e+00 1.453332e-01 -1.208895e+00 -1.238024e+00
0.000000e+00 -1.542149e+00 3.779375e-01 -1.492294e+00 1.453332e-01 -3.760645e-01 -3.034786e-01
0.000000e+00 1.547633e+00 -7.753131e-01 1.456205e+00 1.191649e+00 4.035063e-02 -2.160912e-02
0.000000e+00 -1.155926e+00 1.415863e+00 2.768051e-01 -5.522104e-01 9.252328e-01 8.515534e-01
0.000000e+00 -1.155926e+00 1.069888e+00 -3.128947e-01 4.941050e-01 5.088177e-01 5.397646e-01
0.000000e+00 7.751877e-01 1.242875e+00 -1.492294e+00 1.540420e+00 1.445752e+00 1.420808e+00
0.000000e+00 -1.155926e+00 4.356000e-01 -9.025945e-01 -1.598526e+00 -1.158051e-01 -1.285197e-01
0.000000e+00 1.161410e+00 -1.697914e+00 2.768051e-01 -1.598526e+00 -8.445316e-01 -1.148008e+00
0.000000e+00 3.889649e-01 -1.351938e+00 -1.492294e+00 -1.249754e+00 -1.208895e+00 -1.191079e+00
0.000000e+00 7.751877e-01 -2.563503e-01 -3.128947e-01 -5.522104e-01 -1.170127e-02 3.290367e-02
0.000000e+00 7.751877e-01 9.545628e-01 -9.025945e-01 1.453332e-01 1.081388e+00 1.140122e+00
0.000000e+00 3.889649e-01 4.932626e-01 -3.128947e-01 -5.522104e-01 7.170252e-01 5.727973e-01
0.000000e+00 1.547633e+00 -6.599880e-01 -3.128947e-01 1.453332e-01 -6.375316e-02 -2.073694e-02
0.000000e+00 1.547633e+00 1.242875e+00 -9.025945e-01 -1.249754e+00 1.758063e+00 1.660468e+00
0.000000e+00 7.751877e-01 1.358200e+00 1.456205e+00 1.191649e+00 1.653959e+00 1.640449e+00
0.000000e+00 1.547633e+00 -2.570019e-02 8.665048e-01 -9.009822e-01 5.608696e-01 5.805158e-01
0.000000e+00 -7.697033e-01 7.239127e-01 -3.128947e-01 4.941050e-01 5.088177e-01 3.704070e-01
0.000000e+00 -7.697033e-01 1.415863e+00 1.456205e+00 -1.598526e+00 8.211290e-01 1.018780e+00
0.000000e+00 -1.542149e+00 -9.483006e-01 -9.025945e-01 8.428768e-01 -1.469154e+00 -1.475753e+00
0.000000e+00 2.742182e-03 -1.005963e+00 -3.128947e-01 -5.522104e-01 -8.965834e-01 -9.517241e-01
0.000000e+00 -3.834806e-01 -6.023255e-01 8.665048e-01 -2.034386e-01 -6.363240e-01 -6.696390e-01
0.000000e+00 -1.155926e+00 -2.563503e-01 -9.025945e-01 4.941050e-01 -8.965834e-01 -7.025063e-01
0.000000e+00 1.547633e+00 -1.986878e-01 -1.492294e+00 -9.009822e-01 1.965063e-01 3.225330e-01
0.000000e+00 -7.697033e-01 -3.140128e-01 -1.492294e+00 1.191649e+00 -5.842721e-01 -6.115848e-01
0.000000e+00 1.161410e+00 -1.236613e+00 1.456205e+00 1.191649e+00 -8.445316e-01 -5.933236e-01
0.000000e+00 3.889649e-01 6.085876e-01 -1.492294e+00 8.428768e-01 6.129215e-01 6.698859e-01
0.000000e+00 2.742182e-03 1.012225e+00 2.768051e-01 -1.598526e+00 7.690771e-01 8.951425e-01
0.000000e+00 -1.542149e+00 -1.063626e+00 -3.128947e-01 -1.249754e+00 -1.625310e+00 -1.618043e+00
0.000000e+00 -3.834806e-01 -1.178951e+00 -3.128947e-01 -1.249754e+00 -1.260947e+00 -1.279176e+00
0.000000e+00 -7.697033e-01 -1.409601e+00 -9.025945e-01 -9.009822e-01 -1.625310e+00 -1.653748e+00
0.000000e+00 -1.542149e+00 1.127550e+00 2.768051e-01 -1.249754e+00 3.006101e-01 4.182341e-01
0.000000e+00 2.742182e-03 2.049499e-01 -3.128947e-01 -1.598526e+00 1.965063e-01 1.292750e-01
0.000000e+00 3.889649e-01 1.646513e+00 -9.025945e-01 -2.034386e-01 1.653959e+00 1.616879e+00
0.000000e+00 -1.155926e+00 1.242875e+00 8.665048e-01 1.453332e-01 6.649733e-01 7.379537e-01
0.000000e+00 -7.697033e-01 6.085876e-01 -3.128947e-01 4.941050e-01 3.526620e-01 2.645396e-01
0.000000e+00 3.889649e-01 -6.599880e-01 1.456205e+00 1.540420e+00 -2.719607e-01 -3.502728e-01
0.000000e+00 -3.834806e-01 -1.409601e+00 -3.128947e-01 4.941050e-01 -1.469154e+00 -1.439896e+00
0.000000e+00 1.547633e+00 -1.640251e+00 8.665048e-01 -1.249754e+00 -1.000687e+00 -9.118313e-01
0.000000e+00 2.742182e-03 -8.906381e-01 8.665048e-01 4.941050e-01 -6.363240e-01 -7.656568e-01
0.000000e+00 -3.834806e-01 -7.753131e-01 -3.128947e-01 -1.249754e+00 -1.052739e+00 -9.086400e-01
0.000000e+00 -1.155926e+00 -8.329756e-01 8.665048e-01 -1.249754e+00 -1.365050e+00 -1.208472e+00
0.000000e+00 3.889649e-01 -1.410252e-01 -9.025945e-01 1.453332e-01 4.035063e-02 -1.386303e-02
0.000000e+00 -1.155926e+00 -5.446629e-01 -3.128947e-01 1.453332e-01 -7.404278e-01 -9.525825e-01
0.000000e+00 7.751877e-01 -1.294276e+00 -3.128947e-01 8.428768e-01 -9.486353e-01 -8.790913e-01
0.000000e+00 -7.697033e-01 -1.178951e+00 -1.492294e+00 -2.034386e-01 -1.521206e+00 -1.446403e+00
0.000000e+00 1.547633e+00 -1.178951e+00 1.456205e+00 -2.034386e-01 -4.801683e-01 -4.329571e-01
0.000000e+00 2.742182e-03 1.127550e+00 -3.128947e-01 1.540420e+00 1.029337e+00 1.068042e+00
0.000000e+00 1.161410e+00 -1.178951e+00 -1.492294e+00 -1.598526e+00 -7.924797e-01 -7.459910e-01
0.000000e+00 3.889649e-01 -1.236613e+00 8.665048e-01 -5.522104e-01 -1.000687e+00 -9.656234e-01
0.000000e+00 1.161410e+00 -1.410252e-01 1.456205e+00 -1.598526e+00 3.526620e-01 3.307931e-01
0.000000e+00 -7.697033e-01 -3.716754e-01 1.456205e+00 1.540420e+00 -4.281164e-01 -5.303384e-01
0.000000e+00 -7.697033e-01 -6.599880e-01 8.665048e-01 -2.034386e-01 -8.445316e-01 -8.708174e-01
0.000000e+00 2.742182e-03 1.472874e-01 -9.025945e-01 8.428768e-01 9.240252e-02 1.229668e-01
0.000000e+00 -7.697033e-01 -1.524926e+00 -1.492294e+00 -1.598526e+00 -1.833518e+00 -1.804817e+00
0.000000e+00 1.161410e+00 1.473526e+00 -3.128947e-01 -9.009822e-01 1.653959e+00 1.758957e+00
0.000000e+00 1.161410e+00 -1.582588e+00 -1.492294e+00 -1.598526e+00 -1.260947e+00 -1.116527e+00
0.000000e+00 -1.155926e+00 6.662501e-01 8.665048e-01 1.453332e-01 9.240252e-02 2.086165e-01
0.000000e+00 -3.834806e-01 -1.063626e+00 8.665048e-01 1.540420e+00 -9.486353e-01 -1.042094e+00
0.000000e+00 -1.542149e+00 -7.176505e-01 -9.025945e-01 -1.598526e+00 -1.365050e+00 -1.335439e+00
0.000000e+00 -3.834806e-01 -4.293379e-01 1.456205e+00 1.540420e+00 -3.760645e-01 -4.350274e-01
0.000000e+00 -3.834806e-01 -6.023255e-01 1.456205e+00 -9.009822e-01 -7.404278e-01 -6.652495e-01
0.000000e+00 1.547633e+00 -1.409601e+00 8.665048e-01 -2.034386e-01 -6.363240e-01 -6.694875e-01
0.000000e+00 -7.697033e-01 1.300538e+00 -1.492294e+00 -2.034386e-01 7.690771e-01 8.297474e-01
0.000000e+00 -1.155926e+00 2.049499e-01 1.456205e+00 -1.249754e+00 -6.375316e-02 -2.308699e-01
0.000000e+00 1.547633e+00 6.662501e-01 -3.128947e-01 -9.009822e-01 1.133440e+00 1.166130e+00
0.000000e+00 1.547633e+00 -1.640251e+00 -3.128947e-01 1.191649e+00 -7.924797e-01 -8.900012e-01
0.000000e+00 -1.542149e+00 -2.570019e-02 -1.492294e+00 -1.598526e+00 -8.445316e-01 -7.250296e-01
0.000000e+00 3.889649e-01 -1.236613e+00 -9.025945e-01 -1.598526e+00 -8.965834e-01 -1.070619e+00
0.000000e+00 1.161410e+00 -1.986878e-01 -3.128947e-01 -1.249754e+00 3.006101e-01 2.136761e-01
0.000000e+00 -7.697033e-01 6.662501e-01 -1.492294e+00 8.428768e-01 1.965063e-01 2.780855e-01
0.000000e+00 1.547633e+00 2.049499e-01 -1.492294e+00 1.453332e-01 6.649733e-01 7.236780e-01
0.000000e+00 -1.155926e+00 5.509251e-01 8.665048e-01 -5.522104e-01 1.965063e-01 8.234302e-02
0.000000e+00 3.889649e-01 -3.716754e-01 1.456205e+00 4.941050e-01 -1.170127e-02 -1.162132e-01
0.000000e+00 -1.542149e+00 1.069888e+00 8.665048e-01 1.453332e-01 4.047139e-01 4.309078e-01
0.000000e+00 7.751877e-01 -7.753131e-01 1.456205e+00 1.191649e+00 -4.281164e-01 -3.180985e-01
0.000000e+00 -7.697033e-01 -8.336272e-02 -9.025945e-01 1.453332e-01 -3.240126e-01 -4.056635e-01
0.000000e+00 7.751877e-01 3.202750e-01 -9.025945e-01 -1.249754e+00 4.567658e-01 5.170395e-01
0.000000e+00 -3.834806e-01 1.127550e+00 -9.025945e-01 -9.009822e-01 8.731809e-01 8.235804e-01
0.000000e+00 1.547633e+00 -1.063626e+00 -1.492294e+00 1.191649e+00 -4.801683e-01 -4.102548e-01
0.000000e+00 2.742182e-03 3.196234e-02 -1.492294e+00 4.941050e-01 -1.170127e-02 -1.789902e-02
0.000000e+00 -7.697033e-01 1.069888e+00 8.665048e-01 1.453332e-01 9.252328e-01 7.273972e-01
0.000000e+00 1.161410e+00 -1.236613e+00 -3.128947e-01 -2.034386e-01 -7.404278e-01 -7.085219e-01
0.000000e+00 3.889649e-01 -6.599880e-01 1.456205e+00 -9.009822e-01 -2.719607e-01 -4.216938e-01
0.000000e+00 -1.155926e+00 8.969003e-01 1.456205e+00 -5.522104e-01 3.006101e-01 4.247408e-01
0.000000e+00 -7.697033e-01 8.969003e-01 -9.025945e-01 -1.598526e+00 2.485582e-01 4.431948e-01
0.000000e+00 1.161410e+00 -7.753131e-01 1.456205e+00 -2.034386e-01 -1.678569e-01 -2.106658e-01
0.000000e+00 7.751877e-01 -1.640251e+00 2.768051e-01 4.941050e-01 -1.260947e+00 -1.182101e+00
0.000000e+00 3.889649e-01 5.509251e-01 -9.025945e-01 -1.249754e+00 5.608696e-01 5.805296e-01
0.000000e+00 -1.542149e+00 -1.467263e+00 1.456205e+00 8.428768e-01 -2.041725e+00 -1.852974e+00
0.000000e+00 1.547633e+00 1.646513e+00 8.665048e-01 1.540420e+00 1.966271e+00 2.187015e+00
0.000000e+00 -7.697033e-01 4.932626e-01 1.456205e+00 1.453332e-01 1.965063e-01 2.228554e-01
0.000000e+00 2.742182e-03 1.358200e+00 -1.492294e+00 1.540420e+00 1.185492e+00 1.230186e+00
0.000000e+00 7.751877e-01 1.012225e+00 8.665048e-01 -9.009822e-01 1.237544e+00 1.236833e+00
0.000000e+00 7.751877e-01 -8.329756e-01 8.665048e-01 -1.249754e+00 -2.719607e-01 -4.672487e-01
0.000000e+00 -7.697033e-01 -7.753131e-01 8.665048e-01 8.428768e-01 -8.965834e-01 -9.460758e-01
0.000000e+00 -3.834806e-01 1.358200e+00 2.768051e-01 -5.522104e-01 1.289596e+00 1.095109e+00
0.000000e+00 7.751877e-01 -1.986878e-01 2.768051e-01 4.941050e-01 1.444544e-01 1.412418e-01
0.000000e+00 1.161410e+00 -1.351938e+00 1.456205e+00 4.941050e-01 -5.842721e-01 -7.195970e-01
0.000000e+00 -1.155926e+00 1.242875e+00 -9.025945e-01 1.540420e+00 7.690771e-01 7.043794e-01
0.000000e+00 1.547633e+00 -1.294276e+00 1.456205e+00 1.191649e+00 -5.322202e-01 -4.980126e-01
0.000000e+00 7.751877e-01 -1.294276e+00 1.456205e+00 1.540420e+00 -7.924797e-01 -7.842990e-01
0.000000e+00 1.161410e+00 -4.293379e-01 1.456205e+00 8.428768e-01 9.240252e-02 1.375455e-01
0.000000e+00 3.889649e-01 8.962487e-02 -1.492294e+00 8.428768e-01 3.006101e-01 1.934824e-01
0.000000e+00 3.889649e-01 7.239127e-01 8.665048e-01 4.941050e-01 8.731809e-01 8.647320e-01
0.000000e+00 1.547633e+00 9.545628e-01 -3.128947e-01 1.540420e+00 1.445752e+00 1.502219e+00
0.000000e+00 -3.834806e-01 -7.176505e-01 -9.025945e-01 -2.034386e-01 -1.000687e+00 -8.498927e-01
0.000000e+00 2.742182e-03 4.356000e-01 -9.025945e-01 1.191649e+00 3.006101e-01 3.978384e-01
0.000000e+00 1.547633e+00 1.358200e+00 8.665048e-01 4.941050e-01 1.810115e+00 1.891737e+00
0.000000e+00 -1.542149e+00 -1.063626e+00 -9.025945e-01 -9.009822e-01 -1.729414e+00 -1.632635e+00
0.000000e+00 -3.834806e-01 -8.906381e-01 8.665048e-01 1.453332e-01 -1.052739e+00 -9.241046e-01
0.000000e+00 7.751877e-01 -1.410252e-01 -9.025945e-01 -9.009822e-01 1.965063e-01 1.037727e-01
0.000000e+00 1.547633e+00 1.415863e+00 1.456205e+00 1.453332e-01 1.758063e+00 1.959263e+00
0.000000e+00 3.889649e-01 4.356000e-01 -1.492294e+00 8.428768e-01 5.608696e-01 5.110847e-01
0.000000e+00 1.161410e+00 1.127550e+00 -9.025945e-01 1.191649e+00 1.706011e+00 1.477777e+00
0.000000e+00 1.547633e+00 1.473526e+00 -9.025945e-01 -1.249754e+00 1.862167e+00 1.872203e+00
0.000000e+00 -3.834806e-01 3.196234e-02 -3.128947e-01 1.453332e-01 -1.158051e-01 -1.267559e-01
0.000000e+00 -1.542149e+00 1.242875e+00 -1.492294e+00 -9.009822e-01 4.567658e-01 4.599183e-01
0.000000e+00 1.161410e+00 -1.236613e+00 1.456205e+00 4.941050e-01 -7.924797e-01 -6.137296e-01
0.000000e+00 -1.155926e+00 -1.294276e+00 -1.492294e+00 -5.522104e-01 -1.625310e+00 -1.710718e+00
0.000000e+00 -1.542149e+00 8.969003e-01 -1.492294e+00 -2.034386e-01 1.965063e-01 1.627219e-01
0.000000e+00 7.751877e-01 -6.599880e-01 -9.025945e-01 1.540420e+00 -3.240126e-01 -3.012098e-01
0.000000e+00 1.547633e+00 1.185213e+00 2.768051e-01 1.453332e-01 1.549856e+00 1.697938e+00
0.000000e+00 1.547633e+00 -1.294276e+00 -9.025945e-01 8.428768e-01 -4.281164e-01 -6.073973e-01
0.000000e+00 -7.697033e-01 2.049499e-01 8.665048e-01 -1.249754e+00 -6.375316e-02 -1.074206e-01
0.000000e+00 3.889649e-01 1.531188e+00 -3.128947e-01 -5.522104e-01 1.393700e+00 1.525604e+00
0.000000e+00 7.751877e-01 -1.524926e+00 -1.492294e+00 -5.522104e-01 -1.260947e+00 -1.181229e+00
0.000000e+00 1.547633e+00 3.196234e-02 8.665048e-01 1.453332e-01 6.129215e-01 6.640586e-01
0.000000e+00 -1.155926e+00 4.356000e-01 1.456205e+00 -5.522104e-01 1.444544e-01 1.271007e-03
0.000000e+00 1.161410e+00 -1.582588e+00 8.665048e-01 -2.034386e-01 -1.000687e+00 -9.765333e-01
0.000000e+00 7.751877e-01 2.626125e-01 2.768051e-01 -2.034386e-01 5.608696e-01 5.443056e-01
0.000000e+00 -3.834806e-01 -6.599880e-01 -1.492294e+00 8.428768e-01 -8.445316e-01 -7.911454e-01
0.000000e+00 -1.155926e+00 7.239127e-01 -9.025945e-01 -5.522104e-01 3.006101e-01 1.667579e-01
0.000000e+00 1.161410e+00 -8.336272e-02 -1.492294e+00 1.453332e-01 4.567658e-01 3.107647e-01
0.000000e+00 2.742182e-03 -1.178951e+00 -3.128947e-01 4.941050e-01 -1.260947e+00 -1.079916e+00
0.000000e+00 3.889649e-01 -1.063626e+00 -1.492294e+00 8.428768e-01 -8.445316e-01 -8.651920e-01
0.000000e+00 7.751877e-01 8.969003e-01 8.665048e-01 1.191649e+00 1.185492e+00 1.192184e+00
0.000000e+00 -1.542149e+00 -2.570019e-02 8.665048e-01 1.540420e+00 -6.363240e-01 -5.340209e-01
0.000000e+00 1.161410e+00 -2.570019e-02 -9.025945e-01 8.428768e-01 3.526620e-01 4.088998e-01
0.000000e+00 -3.834806e-01 1.704176e+00 -9.025945e-01 -5.522104e-01 1.289596e+00 1.363121e+00
0.000000e+00 1.547633e+00 -7.176505e-01 -9.025945e-01 -5.522104e-01 -2.199088e-01 -1.188721e-01
0.000000e+00 -1.542149e+00 -3.716754e-01 1.456205e+00 1.540420e+00 -7.924797e-01 -8.268278e-01
0.000000e+00 -1.155926e+00 8.962487e-02 -3.128947e-01 -2.034386e-01 -3.760645e-01 -3.805146e-01
0.000000e+00 3.889649e-01 -1.236613e+00 1.456205e+00 -9.009822e-01 -8.965834e-01 -9.510310e-01
0.000000e+00 -1.542149e+00 9.545628e-01 1.456205e+00 -1.249754e+00 3.006101e-01 3.090238e-01
0.000000e+00 -3.834806e-01 -3.716754e-01 1.456205e+00 -1.249754e+00 -6.883759e-01 -4.637176e-01
0.000000e+00 1.161410e+00 -2.563503e-01 -1.492294e+00 1.191649e+00 9.240252e-02 1.825725e-01
0.000000e+00 2.742182e-03 -1.582588e+00 2.768051e-01 8.428768e-01 -1.521206e+00 -1.415454e+00
0.000000e+00 1.547633e+00 -4.293379e-01 -1.492294e+00 1.453332e-01 1.444544e-01 1.414071e-01
0.000000e+00 3.889649e-01 -1.121288e+00 -9.025945e-01 1.191649e+00 -7.924797e-01 -8.831273e-01
0.000000e+00 -1.542149e+00 -1.178951e+00 -3.128947e-01 -2.034386e-01 -1.521206e+00 -1.693301e+00
0.000000e+00 3.889649e-01 1.127550e+00 1.456205e+00 1.540420e+00 1.185492e+00 1.290672e+00
0.000000e+00 3.889649e-01 3.202750e-01 -1.492294e+00 -1.598526e+00 3.526620e-01 3.337963e-01
0.000000e+00 3.889649e-01 1.704176e+00 8.665048e-01 8.428768e-01 1.810115e+00 1.774808e+00
0.000000e+00 1.161410e+00 -1.005963e+00 1.456205e+00 -9.009822e-01 -2.719607e-01 -4.428067e-01
0.000000e+00 3.889649e-01 -8.336272e-02 -1.492294e+00 1.191649e+00 9.240252e-02 4.488425e-02
0.000000e+00 2.742182e-03 4.356000e-01 8.665048e-01 -1.598526e+00 3.526620e-01 3.906007e-01
0.000000e+00 -1.155926e+00 1.646513e+00 -1.492294e+00 -9.009822e-01 9.772847e-01 9.786990e-01
0.000000e+00 -3.834806e-01 1.300538e+00 -1.492294e+00 -1.598526e+00 9.772847e-01 9.371801e-01
0.000000e+00 2.742182e-03 -1.005963e+00 1.456205e+00 -1.598526e+00 -7.924797e-01 -9.079468e-01
0.000000e+00 -3.834806e-01 1.531188e+00 -1.492294e+00 1.453332e-01 1.341648e+00 1.199930e+00
0.000000e+00 -1.155926e+00 -2.563503e-01 -9.025945e-01 -5.522104e-01 -5.322202e-01 -7.331153e-01
0.000000e+00 7.751877e-01 -6.023255e-01 8.665048e-01 1.540420e+00 -2.719607e-01 -1.738898e-01
0.000000e+00 -1.155926e+00 -1.467263e+00 -3.128947e-01 -5.522104e-01 -1.989673e+00 -1.819928e+00
0.000000e+00 -1.542149e+00 -6.023255e-01 2.768051e-01 -2.034386e-01 -1.260947e+00 -1.139169e+00
0.000000e+00 2.742182e-03 -9.483006e-01 1.456205e+00 -9.009822e-01 -7.924797e-01 -8.346071e-01
0.000000e+00 -1.542149e+00 8.392377e-01 8.665048e-01 -1.249754e+00 3.006101e-01 1.783609e-01
0.000000e+00 -1.542149e+00 -9.483006e-01 -9.025945e-01 1.540420e+00 -1.521206e+00 -1.455347e+00
0.000000e+00 -1.542149e+00 -1.294276e+00 8.665048e-01 8.428768e-01 -1.833518e+00 -1.718969e+00
0.000000e+00 3.889649e-01 1.012225e+00 -3.128947e-01 4.941050e-01 9.252328e-01 1.079810e+00
0.000000e+00 1.547633e+00 -1.005963e+00 1.456205e+00 1.540420e+00 -1.170127e-02 -2.231410e-01
0.000000e+00 -1.542149e+00 -3.716754e-01 8.665048e-01 -5.522104e-01 -9.486353e-01 -9.128412e-01
0.000000e+00 2.742182e-03 -8.906381e-01 -9.025945e-01 -1.249754e+00 -1.052739e+00 -8.910581e-01
0.000000e+00 1.547633e+00 1.185213e+00 1.456205e+00 1.191649e+00 1.810115e+00 1.778137e+00
0.000000e+00 1.547633e+00 -1.697914e+00 -9.025945e-01 8.428768e-01 -1.000687e+00 -9.779333e-01
0.000000e+00 -1.542149e+00 -4.870004e-01 1.456205e+00 -5.522104e-01 -8.965834e-01 -9.939132e-01
0.000000e+00 1.161410e+00 2.049499e-01 2.768051e-01 -2.034386e-01 5.088177e-01 6.396166e-01
0.000000e+00 -1.542149e+00 1.127550e+00 -3.128947e-01 1.540420e+00 5.608696e-01 4.750626e-01
0.000000e+00 1.161410e+00 1.185213e+00 2.768051e-01 1.453332e-01 1.706011e+00 1.549693e+00
0.000000e+00 -1.542149e+00 5.509251e-01 -1.492294e+00 -5.522104e-01 -1.158051e-01 -1.650834e-01
0.000000e+00 2.742182e-03 -1.582588e+00 -9.025945e-01 -1.249754e+00 -1.469154e+00 -1.526263e+00
0.000000e+00 1.161410e+00 1.415863e+00 2.768051e-01 -2.034386e-01 1.810115e+00 1.751225e+00
0.000000e+00 3.889649e-01 -2.563503e-01 -9.025945e-01 -1.598526e+00 -2.719607e-01 -1.707455e-01
0.000000e+00 1.547633e+00 -9.483006e-01 1.456205e+00 4.941050e-01 -3.240126e-01 -2.008163e-01
0.000000e+00 -1.542149e+00 1.588851e+00 -9.025945e-01 1.191649e+00 8.211290e-01 8.635340e-01
0.000000e+00 1.547633e+00 6.085876e-01 -1.492294e+00 -9.009822e-01 8.731809e-01 1.063605e+00
0.000000e+00 -1.542149e+00 -1.294276e+00 -9.025945e-01 1.453332e-01 -1.781466e+00 -1.813761e+00
0.000000e+00 -7.697033e-01 1.069888e+00 1.456205e+00 1.191649e+00 9.252328e-01 7.828016e-01
0.000000e+00 -1.542149e+00 1.415863e+00 1.456205e+00 -5.522104e-01 6.649733e-01 7.528995e-01
0.000000e+00 -7.697033e-01 1.415863e+00 2.768051e-01 1.453332e-01 9.772847e-01 1.020204e+00
0.000000e+00 -1.155926e+00 1.473526e+00 -3.128947e-01 -9.009822e-01 8.731809e-01 8.694887e-01
0.000000e+00 -1.155926e+00 -8.329756e-01 8.665048e-01 1.191649e+00 -8.965834e-01 -1.137051e+00
0.000000e+00 1.547633e+00 6.662501e-01 2.768051e-01 4.941050e-01 1.185492e+00 1.231737e+00
0.000000e+00 1.161410e+00 -5.446629e-01 -1.492294e+00 4.941050e-01 -1.170127e-02 -1.025021e-01
0.000000e+00 -1.542149e+00 -1.178951e+00 8.665048e-01 -5.522104e-01 -1.625310e+00 -1.653913e+00
0.000000e+00 -3.834806e-01 1.531188e+00 -9.025945e-01 1.453332e-01 8.731809e-01 1.224725e+00
0.000000e+00 -1.542149e+00 -3.140128e-01 2.768051e-01 8.428768e-01 -8.965834e-01 -8.438909e-01
0.000000e+00 -1.542149e+00 1.473526e+00 8.665048e-01 1.453332e-01 9.252328e-01 8.014438e-01
0.000000e+00 -3.834806e-01 4.356000e-01 2.768051e-01 1.453332e-01 2.485582e-01 2.685756e-01
0.000000e+00 -1.155926e+00 -4.870004e-01 -9.025945e-01 -5.522104e-01 -8.965834e-01 -9.448502e-01
0.000000e+00 -7.697033e-01 1.069888e+00 1.456205e+00 8.428768e-01 9.772847e-01 7.725986e-01
0.000000e+00 1.547633e+00 1.012225e+00 2.768051e-01 1.540420e+00 1.601907e+00 1.579948e+00
0.000000e+00 -1.155926e+00 9.545628e-01 -1.492294e+00 8.428768e-01 3.526620e-01 3.945094e-01
0.000000e+00 -3.834806e-01 1.358200e+00 8.665048e-01 1.191649e+00 1.289596e+00 1.170920e+00
0.000000e+00 -1.542149e+00 8.969003e-01 8.665048e-01 1.453332e-01 3.526620e-01 2.721066e-01
0.000000e+00 -1.155926e+00 -1.524926e+00 8.665048e-01 -1.249754e+00 -1.729414e+00 -1.843677e+00
0.000000e+00 2.742182e-03 -1.524926e+00 2.768051e-01 -5.522104e-01 -1.417102e+00 -1.403332e+00
0.000000e+00 -1.542149e+00 -2.570019e-02 -9.025945e-01 -5.522104e-01 -7.404278e-01 -6.696252e-01
0.000000e+00 7.751877e-01 -1.640251e+00 2.768051e-01 8.428768e-01 -1.104791e+00 -1.171898e+00
0.000000e+00 -3.834806e-01 -8.336272e-02 2.768051e-01 -2.034386e-01 -1.678569e-01 -2.180309e-01
0.000000e+00 3.889649e-01 7.239127e-01 1.456205e+00 -5.522104e-01 8.211290e-01 8.589185e-01
0.000000e+00 1.161410e+00 3.202750e-01 8.665048e-01 8.428768e-01 6.649733e-01 8.008884e-01
0.000000e+00 3.889649e-01 -5.446629e-01 -9.025945e-01 -9.009822e-01 -4.281164e-01 -4.150081e-01
0.000000e+00 -1.155926e+00 1.704176e+00 -3.128947e-01 -1.249754e+00 9.252328e-01 1.071021e+00
0.000000e+00 -1.542149e+00 -5.446629e-01 -9.025945e-01 -5.522104e-01 -1.156843e+00 -1.146029e+00
0.000000e+00 1.161410e+00 1.012225e+00 2.768051e-01 -1.598526e+00 1.445752e+00 1.339877e+00
0.000000e+00 1.161410e+00 -5.446629e-01 -1.492294e+00 -1.598526e+00 -3.760645e-01 -1.637201e-01
0.000000e+00 1.547633e+00 -1.524926e+00 -9.025945e-01 -2.034386e-01 -8.445316e-01 -8.497412e-01
0.000000e+00 3.889649e-01 -1.697914e+00 8.665048e-01 -1.598526e+00 -1.365050e+00 -1.419702e+00
0.000000e+00 -1.542149e+00 -2.563503e-01 -1.492294e+00 -5.522104e-01 -1.000687e+00 -9.061555e-01
0.000000e+00 1.547633e+00 1.473526e+00 -3.128947e-01 8.428768e-01 2.018323e+00 1.958217e+00
0.000000e+00 -7.697033e-01 1.185213e+00 -3.128947e-01 8.428768e-01 9.252328e-01 8.040798e-01
0.000000e+00 3.889649e-01 -1.640251e+00 -1.492294e+00 -1.249754e+00 -1.417102e+00 -1.455747e+00
0.000000e+00 1.547633e+00 -1.236613e+00 -3.128947e-01 -9.009822e-01 -3.240126e-01 -5.806831e-01
0.000000e+00 -7.697033e-01 1.415863e+00 -1.492294e+00 -9.009822e-01 9.252328e-01 9.152088e-01
0.000000e+00 2.742182e-03 1.531188e+00 2.768051e-01 -1.598526e+00 1.445752e+00 1.371546e+00
0.000000e+00 2.742182e-03 8.392377e-01 -1.492294e+00 -9.009822e-01 9.252328e-01 6.823611e-01
0.000000e+00 7.751877e-01 -7.176505e-01 2.768051e-01 8.428768e-01 -2.719607e-01 -3.249587e-01
0.000000e+00 -3.834806e-01 1.012225e+00 8.665048e-01 1.453332e-01 9.772847e-01 8.227082e-01
0.000000e+00 -3.834806e-01 1.012225e+00 8.665048e-01 -2.034386e-01 8.211290e-01 8.125052e-01
0.000000e+00 7.751877e-01 1.531188e+00 -3.128947e-01 1.540420e+00 1.914219e+00 1.735067e+00
0.000000e+00 1.547633e+00 6.662501e-01 1.456205e+00 1.191649e+00 1.185492e+00 1.301734e+00
0.000000e+00 -3.834806e-01 6.085876e-01 1.456205e+00 4.941050e-01 4.567658e-01 4.871706e-01
0.000000e+00 -3.834806e-01 -1.121288e+00 -1.492294e+00 1.453332e-01 -9.486353e-01 -1.235021e+00
0.000000e+00 3.889649e-01 -3.140128e-01 2.768051e-01 -2.034386e-01 -3.240126e-01 -1.332763e-01
0.000000e+00 3.889649e-01 -2.563503e-01 8.665048e-01 -2.034386e-01 -1.158051e-01 -5.554720e-02
0.000000e+00 7.751877e-01 1.588851e+00 8.665048e-01 1.540420e+00 2.070374e+00 1.837592e+00
0.000000e+00 -1.542149e+00 3.202750e-01 8.665048e-01 1.191649e+00 -2.719607e-01 -2.266216e-01
0.000000e+00 -7.697033e-01 6.662501e-01 -3.128947e-01 1.540420e+00 3.526620e-01 3.480823e-01
0.000000e+00 1.547633e+00 2.626125e-01 8.665048e-01 1.453332e-01 9.772847e-01 8.757934e-01
0.000000e+00 3.889649e-01 4.356000e-01 1.456205e+00 -5.522104e-01 7.690771e-01 5.942499e-01
0.000000e+00 3.889649e-01 -1.582588e+00 -9.025945e-01 -5.522104e-01 -1.365050e+00 -1.357612e+00
0.000000e+00 2.742182e-03 1.646513e+00 -3.128947e-01 -5.522104e-01 1.341648e+00 1.483227e+00
0.000000e+00 -7.697033e-01 6.085876e-01 -1.492294e+00 1.453332e-01 1.444544e-01 2.047458e-01
0.000000e+00 2.742182e-03 2.626125e-01 -9.025945e-01 -1.598526e+00 9.240252e-02 1.574133e-01
0.000000e+00 -1.542149e+00 1.127550e+00 -3.128947e-01 1.191649e+00 3.006101e-01 4.648596e-01
0.000000e+00 -7.697033e-01 5.509251e-01 -3.128947e-01 -1.249754e+00 4.035063e-02 1.605909e-01
0.000000e+00 -3.834806e-01 -4.870004e-01 2.768051e-01 -1.249754e+00 -5.842721e-01 -6.191759e-01
0.000000e+00 2.742182e-03 -1.294276e+00 -9.025945e-01 -2.034386e-01 -1.312999e+00 -1.230985e+00
0.000000e+00 1.547633e+00 -8.906381e-01 -9.025945e-01 -5.522104e-01 -1.158051e-01 -2.776732e-01
0.000000e+00 -3.834806e-01 8.392377e-01 1.456205e+00 -9.009822e-01 6.129215e-01 6.580935e-01
0.000000e+00 -7.697033e-01 -1.351938e+00 -9.025945e-01 -2.034386e-01 -1.781466e+00 -1.580408e+00
0.000000e+00 -1.542149e+00 -6.599880e-01 8.665048e-01 4.941050e-01 -1.052739e+00 -1.146901e+00
0.000000e+00 3.889649e-01 5.509251e-01 1.456205e+00 1.540420e+00 1.133440e+00 7.613353e-01
0.000000e+00 7.751877e-01 6.662501e-01 8.665048e-01 -1.249754e+00 8.731809e-01 9.090281e-01
0.000000e+00 1.161410e+00 -7.753131e-01 1.456205e+00 1.453332e-01 -1.678569e-01 -2.004628e-01
0.000000e+00 -1.542149e+00 -1.697914e+00 -1.492294e+00 -5.522104e-01 -2.093777e+00 -2.229498e+00
0.000000e+00 -3.834806e-01 8.392377e-01 1.456205e+00 -1.249754e+00 6.129215e-01 6.478905e-01
0.000000e+00 2.742182e-03 -8.336272e-02 -1.492294e+00 -1.598526e+00 -1.170127e-02 -1.849844e-01
0.000000e+00 -1.155926e+00 1.588851e+00 1.456205e+00 8.428768e-01 9.252328e-01 1.100757e+00
0.000000e+00 -1.542149e+00 -1.005963e+00 -1.492294e+00 -2.034386e-01 -1.573258e+00 -1.584091e+00
0.000000e+00 1.161410e+00 1.473526e+00 8.665048e-01 1.540420e+00 1.810115e+00 1.879969e+00
0.000000e+00 3.889649e-01 1.012225e+00 1.456205e+00 -1.249754e+00 9.772847e-01 1.103181e+00
0.000000e+00 2.742182e-03 -8.336272e-02 2.768051e-01 8.428768e-01 -1.158051e-01 -3.917719e-02
0.000000e+00 1.547633e+00 6.085876e-01 1.456205e+00 -9.009822e-01 1.237544e+00 1.187582e+00
0.000000e+00 -1.155926e+00 6.662501e-01 -1.492294e+00 4.941050e-01 1.965063e-01 1.196378e-01
0.000000e+00 1.161410e+00 -1.409601e+00 -3.128947e-01 -1.249754e+00 -7.924797e-01 -8.979320e-01
0.000000e+00 1.547633e+00 -1.467263e+00 8.665048e-01 4.941050e-01 -8.445316e-01 -7.020152e-01
0.000000e+00 -1.542149e+00 2.049499e-01 2.768051e-01 -5.522104e-01 -3.240126e-01 -4.082994e-01
0.000000e+00 7.751877e-01 -1.121288e+00 -3.128947e-01 1.540420e+00 -7.404278e-01 -6.998841e-01
0.000000e+00 1.161410e+00 -1.236613e+00 -3.128947e-01 -1.598526e+00 -8.445316e-01 -7.493338e-01
0.000000e+00 -7.697033e-01 4.356000e-01 8.665048e-01 -2.034386e-01 9.240252e-02 1.349233e-01
0.000000e+00 -3.834806e-01 5.509251e-01 1.456205e+00 -5.522104e-01 5.608696e-01 4.036279e-01
0.000000e+00 -7.697033e-01 6.085876e-01 -9.025945e-01 8.428768e-01 1.965063e-01 2.499472e-01
0.000000e+00 7.751877e-01 -1.236613e+00 2.768051e-01 -1.598526e+00 -7.924797e-01 -8.727831e-01
0.000000e+00 1.547633e+00 -1.294276e+00 1.456205e+00 -1.249754e+00 -4.281164e-01 -5.694336e-01
0.000000e+00 -7.697033e-01 7.815752e-01 8.665048e-01 -2.034386e-01 5.088177e-01 4.525256e-01
0.000000e+00 3.889649e-01 1.588851e+00 -9.025945e-01 1.540420e+00 1.601907e+00 1.614961e+00
0.000000e+00 1.161410e+00 5.509251e-01 8.665048e-01 1.540420e+00 1.029337e+00 1.033029e+00
0.000000e+00 3.889649e-01 -1.582588e+00 8.665048e-01 -1.249754e+00 -1.312999e+00 -1.303632e+00
0.000000e+00 -1.155926e+00 -1.005963e+00 -3.128947e-01 -1.598526e+00 -1.521206e+00 -1.427067e+00
0.000000e+00 7.751877e-01 -6.599880e-01 1.456205e+00 1.453332e-01 -3.240126e-01 -2.428401e-01
0.000000e+00 -1.155926e+00 2.049499e-01 8.665048e-01 1.540420e+00 -1.678569e-01 -1.740413e-01
0.000000e+00 -1.155926e+00 8.962487e-02 1.456205e+00 -5.522104e-01 -4.281164e-01 -3.163313e-01
0.000000e+00 -1.155926e+00 1.069888e+00 -9.025945e-01 -2.034386e-01 4.567658e-01 4.945632e-01
0.000000e+00 -1.542149e+00 -8.329756e-01 -3.128947e-01 -9.009822e-01 -1.417102e+00 -1.396105e+00
0.000000e+00 -1.542149e+00 3.202750e-01 -9.025945e-01 1.540420e+00 -3.760645e-01 -2.908049e-01
0.000000e+00 7.751877e-01 -7.176505e-01 -9.025945e-01 1.453332e-01 -4.281164e-01 -3.949555e-01
0.000000e+00 2.742182e-03 -9.483006e-01 -3.128947e-01 -5.522104e-01 -9.486353e-01 -8.987904e-01
0.000000e+00 -7.697033e-01 -2.570019e-02 1.456205e+00 1.453332e-01 -6.375316e-02 -2.535480e-01
0.000000e+00 -1.542149e+00 -1.640251e+00 -9.025945e-01 -2.034386e-01 -1.937621e+00 -2.141566e+00
0.000000e+00 3.889649e-01 -1.005963e+00 -1.492294e+00 -1.249754e+00 -9.486353e-01 -8.734762e-01
0.000000e+00 -1.542149e+00 -1.986878e-01 1.456205e+00 -5.522104e-01 -7.404278e-01 -7.292446e-01
0.000000e+00 1.547633e+00 1.646513e+00 8.665048e-01 -1.249754e+00 2.122426e+00 2.105391e+00
0.000000e+00 -1.155926e+00 1.300538e+00 -3.128947e-01 -2.034386e-01 7.170252e-01 7.310935e-01
0.000000e+00 -1.542149e+00 1.242875e+00 -3.128947e-01 -9.009822e-01 4.567658e-01 5.095091e-01
0.000000e+00 7.751877e-01 -7.753131e-01 1.456205e+00 1.453332e-01 -3.760645e-01 -3.487075e-01
0.000000e+00 3.889649e-01 3.196234e-02 -1.492294e+00 -2.034386e-01 1.965063e-01 1.099397e-01
0.000000e+00 3.889649e-01 -8.906381e-01 -1.492294e+00 -1.249754e+00 -8.445316e-01 -7.676088e-01
0.000000e+00 2.742182e-03 1.531188e+00 -1.492294e+00 1.540420e+00 1.289596e+00 1.388987e+00
0.000000e+00 -3.834806e-01 -6.023255e-01 -1.492294e+00 8.428768e-01 -8.965834e-01 -7.382117e-01
0.000000e+00 -3.834806e-01 -1.467263e+00 2.768051e-01 1.453332e-01 -1.521206e+00 -1.478237e+00
0.000000e+00 -7.697033e-01 -1.351938e+00 -3.128947e-01 1.191649e+00 -1.469154e+00 -1.514801e+00
0.000000e+00 1.161410e+00 -7.176505e-01 -9.025945e-01 -9.009822e-01 -2.719607e-01 -2.773198e-01
0.000000e+00 7.751877e-01 1.473526e+00 -3.128947e-01 -5.522104e-01 1.758063e+00 1.620915e+00
0.000000e+00 1.547633e+00 -1.121288e+00 -3.128947e-01 8.428768e-01 -5.322202e-01 -4.238007e-01
0.000000e+00 -1.542149e+00 8.962487e-02 -3.128947e-01 4.941050e-01 -6.883759e-01 -5.083533e-01
0.000000e+00 7.751877e-01 1.127550e+00 -1.492294e+00 8.428768e-01 1.289596e+00 1.294534e+00
0.000000e+00 -3.834806e-01 -1.986878e-01 -1.492294e+00 1.191649e+00 -3.760645e-01 -3.574726e-01
0.000000e+00 7.751877e-01 -2.563503e-01 2.768051e-01 8.428768e-01 1.965063e-01 9.851109e-02
0.000000e+00 -1.542149e+00 3.779375e-01 1.456205e+00 8.428768e-01 -1.158051e-01 -1.590954e-01
0.000000e+00 2.742182e-03 8.392377e-01 -3.128947e-01 1.453332e-01 8.731809e-01 7.625609e-01
0.000000e+00 -7.697033e-01 -1.410252e-01 8.665048e-01 -1.249754e+00 -4.801683e-01 -4.250229e-01
0.000000e+00 2.742182e-03 1.127550e+00 1.456205e+00 4.941050e-01 1.029337e+00 1.111819e+00
0.000000e+00 -3.834806e-01 -1.640251e+00 2.768051e-01 -5.522104e-01 -1.573258e+00 -1.657444e+00
0.000000e+00 -1.155926e+00 -6.023255e-01 -1.492294e+00 -9.009822e-01 -1.000687e+00 -1.085716e+00
0.000000e+00 -3.834806e-01 -1.524926e+00 -3.128947e-01 -5.522104e-01 -1.625310e+00 -1.576372e+00
0.000000e+00 -7.697033e-01 -1.005963e+00 -1.492294e+00 -5.522104e-01 -1.260947e+00 -1.297804e+00
0.000000e+00 -1.542149e+00 -3.716754e-01 1.456205e+00 -9.009822e-01 -8.445316e-01 -8.982488e-01
0.000000e+00 1.161410e+00 1.012225e+00 -9.025945e-01 1.191649e+00 1.341648e+00 1.371910e+00
0.000000e+00 2.742182e-03 4.356000e-01 -1.492294e+00 -9.009822e-01 4.047139e-01 3.118250e-01
0.000000e+00 -3.834806e-01 1.588851e+00 -1.492294e+00 -1.249754e+00 1.341648e+00 1.212052e+00
0.000000e+00 2.742182e-03 5.509251e-01 2.768051e-01 -1.598526e+00 4.047139e-01 4.716728e-01
0.000000e+00 -3.834806e-01 1.012225e+00 -9.025945e-01 -1.598526e+00 7.170252e-01 6.973069e-01
0.000000e+00 -7.697033e-01 8.392377e-01 1.456205e+00 -2.034386e-01 5.608696e-01 5.302548e-01
0.000000e+00 2.742182e-03 1.415863e+00 8.665048e-01 -2.034386e-01 1.289596e+00 1.331286e+00
0.000000e+00 -3.834806e-01 -8.336272e-02 8.665048e-01 1.191649e+00 -1.678569e-01 -1.524235e-01
0.000000e+00 -1.542149e+00 1.588851e+00 8.665048e-01 -5.522104e-01 6.649733e-01 8.869053e-01
0.000000e+00 -7.697033e-01 3.202750e-01 -3.128947e-01 -2.034386e-01 9.240252e-02 -2.053499e-02
0.000000e+00 1.161410e+00 -1.640251e+00 8.665048e-01 1.453332e-01 -9.486353e-01 -1.019264e+00
0.000000e+00 7.751877e-01 6.085876e-01 -3.128947e-01 1.540420e+00 6.649733e-01 8.881275e-01
0.000000e+00 -1.155926e+00 -7.176505e-01 1.456205e+00 4.941050e-01 -1.052739e+00 -1.026794e+00
0.000000e+00 -1.542149e+00 1.069888e+00 1.456205e+00 1.191649e+00 5.088177e-01 4.863122e-01
0.000000e+00 -7.697033e-01 -1.294276e+00 -1.492294e+00 1.453332e-01 -1.417102e+00 -1.542067e+00
0.000000e+00 2.742182e-03 1.588851e+00 8.665048e-01 -1.598526e+00 1.393700e+00 1.449275e+00
0.000000e+00 -1.542149e+00 -8.906381e-01 2.768051e-01 8.428768e-01 -1.365050e+00 -1.373228e+00
0.000000e+00 -7.697033e-01 6.085876e-01 1.456205e+00 -1.249754e+00 3.526620e-01 2.879109e-01
0.000000e+00 -7.697033e-01 -7.753131e-01 -9.025945e-01 1.191649e+00 -1.052739e+00 -1.010259e+00
0.000000e+00 2.742182e-03 -4.293379e-01 -9.025945e-01 4.941050e-01 -2.199088e-01 -4.165734e-01
0.000000e+00 -7.697033e-01 -1.640251e+00 1.456205e+00 4.941050e-01 -1.729414e+00 -1.725489e+00
0.000000e+00 1.547633e+00 -1.409601e+00 -1.492294e+00 1.540420e+00 -6.883759e-01 -7.176542e-01
0.000000e+00 -1.542149e+00 -8.336272e-02 -9.025945e-01 1.540420e+00 -5.322202e-01 -6.613409e-01
0.000000e+00 -3.834806e-01 -1.986878e-01 -9.025945e-01 -2.034386e-01 -3.760645e-01 -3.734892e-01
0.000000e+00 -3.834806e-01 3.779375e-01 -1.492294e+00 8.428768e-01 3.006101e-01 1.616616e-01
0.000000e+00 -1.542149e+00 1.069888e+00 -1.492294e+00 1.540420e+00 1.965063e-01 3.725381e-01
0.000000e+00 -1.155926e+00 2.049499e-01 -1.492294e+00 -1.598526e+00 -2.719607e-01 -3.650500e-01
0.000000e+00 -1.542149e+00 -7.176505e-01 2.768051e-01 -9.009822e-01 -1.156843e+00 -1.265442e+00
0.000000e+00 3.889649e-01 6.662501e-01 -1.492294e+00 1.191649e+00 5.088177e-01 7.330226e-01
0.000000e+00 -7.697033e-01 -1.178951e+00 -1.492294e+00 -1.598526e+00 -1.521206e+00 -1.487215e+00
0.000000e+00 7.751877e-01 4.356000e-01 -1.492294e+00 8.428768e-01 7.170252e-01 6.593295e-01
0.000000e+00 2.742182e-03 1.646513e+00 1.456205e+00 1.453332e-01 1.653959e+00 1.578019e+00
0.000000e+00 1.547633e+00 7.815752e-01 8.665048e-01 1.540420e+00 1.549856e+00 1.393009e+00
0.000000e+00 7.751877e-01 -7.753131e-01 1.456205e+00 -2.034386e-01 -4.801683e-01 -3.589105e-01
0.000000e+00 -3.834806e-01 1.646513e+00 8.665048e-01 1.453332e-01 1.393700e+00 1.404979e+00
0.000000e+00 2.742182e-03 -1.005963e+00 2.768051e-01 -2.034386e-01 -1.000687e+00 -9.167257e-01
0.000000e+00 2.742182e-03 1.242875e+00 2.768051e-01 1.191649e+00 1.133440e+00 1.188501e+00
0.000000e+00 2.742182e-03 1.704176e+00 -9.025945e-01 -1.249754e+00 1.549856e+00 1.490959e+00
0.000000e+00 1.547633e+00 1.012225e+00 1.456205e+00 1.540420e+00 1.549856e+00 1.629539e+00
0.000000e+00 -7.697033e-01 6.662501e-01 8.665048e-01 1.453332e-01 3.526620e-01 3.568612e-01
0.000000e+00 3.889649e-01 -1.986878e-01 2.768051e-01 -5.522104e-01 -6.375316e-02 -3.761190e-02
0.000000e+00 1.161410e+00 1.300538e+00 2.768051e-01 -9.009822e-01 1.758063e+00 1.624951e+00
0.000000e+00 1.547633e+00 -1.640251e+00 1.456205e+00 -2.034386e-01 -1.052739e+00 -8.564269e-01
0.000000e+00 7.751877e-01 2.049499e-01 -9.025945e-01 -1.249754e+00 5.088177e-01 4.111720e-01
0.000000e+00 -7.697033e-01 3.196234e-02 -1.492294e+00 -9.009822e-01 -1.678569e-01 -3.552004e-01
0.000000e+00 -1.542149e+00 -4.293379e-01 -3.128947e-01 4.941050e-01 -9.486353e-01 -9.847568e-01
0.000000e+00 -3.834806e-01 -1.351938e+00 -9.025945e-01 -1.598526e+00 -1.469154e+00 -1.472976e+00
0.000000e+00 3.889649e-01 4.356000e-01 -3.128947e-01 -1.249754e+00 2.485582e-01 4.994576e-01
0.000000e+00 -7.697033e-01 1.472874e-01 -9.025945e-01 -9.009822e-01 -1.678569e-01 -2.245376e-01
0.000000e+00 -1.542149e+00 -1.063626e+00 -9.025945e-01 1.540420e+00 -1.417102e+00 -1.561214e+00
0.000000e+00 3.889649e-01 8.392377e-01 -1.492294e+00 4.941050e-01 8.731809e-01 8.714178e-01
0.000000e+00 -1.542149e+00 -1.063626e+00 2.768051e-01 -5.522104e-01 -1.677362e+00 -1.572841e+00
0.000000e+00 1.547633e+00 -6.599880e-01 8.665048e-01 8.428768e-01 1.965063e-01 4.925990e-02
0.000000e+00 -1.542149e+00 -1.236613e+00 -9.025945e-01 8.428768e-01 -1.833518e+00 -1.740421e+00
0.000000e+00 3.889649e-01 -1.178951e+00 -1.492294e+00 -1.598526e+00 -8.965834e-01 -1.042480e+00
0.000000e+00 -1.542149e+00 -7.753131e-01 -3.128947e-01 -2.034386e-01 -1.260947e+00 -1.322765e+00
0.000000e+00 7.751877e-01 1.127550e+00 1.456205e+00 -1.598526e+00 1.341648e+00 1.347090e+00
0.000000e+00 -7.697033e-01 5.509251e-01 1.456205e+00 4.941050e-01 5.608696e-01 2.859922e-01
0.000000e+00 3.889649e-01 4.932626e-01 2.768051e-01 -5.522104e-01 6.649733e-01 5.975927e-01
0.000000e+00 7.751877e-01 6.085876e-01 1.456205e+00 8.428768e-01 1.029337e+00 9.421077e-01
0.000000e+00 -1.542149e+00 -1.178951e+00 -9.025945e-01 8.428768e-01 -1.625310e+00 -1.687488e+00
0.000000e+00 -1.542149e+00 -1.063626e+00 -3.128947e-01 1.191649e+00 -1.521206e+00 -1.546622e+00
0.000000e+00 2.742182e-03 -8.906381e-01 -9.025945e-01 1.453332e-01 -8.445316e-01 -8.502461e-01
0.000000e+00 3.889649e-01 3.196234e-02 1.456205e+00 4.941050e-01 3.006101e-01 2.543228e-01
0.000000e+00 1.547633e+00 -8.906381e-01 8.665048e-01 4.941050e-01 -1.678569e-01 -1.726780e-01
0.000000e+00 -1.542149e+00 -1.410252e-01 1.456205e+00 -2.034386e-01 -8.965834e-01 -6.661079e-01
0.000000e+00 -3.834806e-01 -1.524926e+00 8.665048e-01 4.941050e-01 -1.573258e+00 -1.496172e+00
0.000000e+00 1.161410e+00 3.202750e-01 1.456205e+00 1.191649e+00 9.252328e-01 8.358869e-01
0.000000e+00 1.547633e+00 1.415863e+00 2.768051e-01 -5.522104e-01 1.966271e+00 1.889266e+00
0.000000e+00 -7.697033e-01 -1.697914e+00 -3.128947e-01 -1.249754e+00 -2.041725e+00 -1.903824e+00
0.000000e+00 -1.155926e+00 1.588851e+00 8.665048e-01 8.428768e-01 1.029337e+00 1.075962e+00
0.000000e+00 -3.834806e-01 7.815752e-01 -1.492294e+00 4.941050e-01 4.567658e-01 5.219946e-01
0.000000e+00 -1.155926e+00 1.531188e+00 2.768051e-01 1.453332e-01 1.133440e+00 9.778268e-01
0.000000e+00 -1.542149e+00 2.049499e-01 -9.025945e-01 4.941050e-01 -5.842721e-01 -4.272813e-01
0.000000e+00 -7.697033e-01 9.545628e-01 1.456205e+00 -9.009822e-01 5.608696e-01 6.157162e-01
0.000000e+00 7.751877e-01 -7.753131e-01 -3.128947e-01 1.453332e-01 -3.760645e-01 -4.230938e-01
0.000000e+00 -1.542149e+00 4.932626e-01 -3.128947e-01 1.540420e+00 -2.719607e-01 -1.072083e-01
0.000000e+00 -1.155926e+00 4.356000e-01 1.456205e+00 4.941050e-01 4.035063e-02 3.188000e-02
0.000000e+00 -1.542149e+00 7.815752e-01 -1.492294e+00 4.941050e-01 -1.170127e-02 7.726048e-02
0.000000e+00 1.161410e+00 1.185213e+00 8.665048e-01 -2.034386e-01 1.445752e+00 1.564285e+00
0.000000e+00 2.742182e-03 1.472874e-01 1.456205e+00 -9.009822e-01 1.444544e-01 1.711336e-01
0.000000e+00 1.161410e+00 1.704176e+00 -3.128947e-01 -1.249754e+00 1.966271e+00 1.960489e+00
0.000000e+00 -7.697033e-01 -5.446629e-01 -1.492294e+00 4.941050e-01 -8.965834e-01 -8.437257e-01
0.000000e+00 7.751877e-01 -2.563503e-01 -1.492294e+00 -5.522104e-01 -1.170127e-02 -1.668718e-02
0.000000e+00 1.161410e+00 8.969003e-01 -9.025945e-01 -1.249754e+00 1.289596e+00 1.194621e+00
0.000000e+00 3.889649e-01 3.202750e-01 -1.492294e+00 8.428768e-01 4.567658e-01 4.052173e-01
0.000000e+00 7.751877e-01 -1.467263e+00 2.768051e-01 -1.249754e+00 -9.486353e-01 -1.074315e+00
0.000000e+00 -1.155926e+00 1.472874e-01 -3.128947e-01 1.453332e-01 -3.240126e-01 -3.173779e-01
0.000000e+00 1.161410e+00 -1.697914e+00 2.768051e-01 -5.522104e-01 -1.156843e+00 -1.117399e+00
0.000000e+00 2.742182e-03 1.300538e+00 -1.492294e+00 1.191649e+00 1.185492e+00 1.167049e+00
0.000000e+00 7.751877e-01 -1.409601e+00 -1.492294e+00 -2.034386e-01 -1.260947e+00 -1.065159e+00
0.000000e+00 -1.542149e+00 3.779375e-01 2.768051e-01 -5.522104e-01 -1.158051e-01 -2.494983e-01
0.000000e+00 2.742182e-03 -1.640251e+00 -9.025945e-01 8.428768e-01 -1.573258e+00 -1.517978e+00
0.000000e+00 -1.542149e+00 1.531188e+00 -1.492294e+00 -9.009822e-01 7.170252e-01 7.245869e-01
0.000000e+00 1.161410e+00 1.300538e+00 2.768051e-01 1.191649e+00 1.758063e+00 1.686169e+00
0.000000e+00 -3.834806e-01 1.646513e+00 2.768051e-01 8.428768e-01 1.289596e+00 1.400590e+00
0.000000e+00 -3.834806e-01 1.646513e+00 -3.128947e-01 8.428768e-01 1.289596e+00 1.375794e+00
0.000000e+00 -1.155926e+00 -1.467263e+00 -9.025945e-01 1.540420e+00 -1.729414e+00 -1.783505e+00
0.000000e+00 2.742182e-03 -2.563503e-01 8.665048e-01 -2.034386e-01 -1.678569e-01 -2.037919e-01
0.000000e+00 -1.542149e+00 6.085876e-01 2.768051e-01 -1.598526e+00 1.965063e-01 -6.837239e-02
0.000000e+00 1.547633e+00 1.185213e+00 -3.128947e-01 1.540420e+00 1.706011e+00 1.713954e+00
0.000000e+00 2.742182e-03 1.300538e+00 8.665048e-01 1.191649e+00 1.341648e+00 1.266231e+00
0.000000e+00 3.889649e-01 9.545628e-01 -3.128947e-01 -1.249754e+00 1.237544e+00 9.758611e-01
0.000000e+00 -1.155926e+00 -1.005963e+00 -3.128947e-01 -1.598526e+00 -1.417102e+00 -1.427067e+00
0.000000e+00 -1.542149e+00 -1.063626e+00 1.456205e+00 1.453332e-01 -1.417102e+00 -1.502844e+00
0.000000e+00 -3.834806e-01 -1.467263e+00 -9.025945e-01 -1.598526e+00 -1.885569e+00 -1.578843e+00
0.000000e+00 7.751877e-01 -1.640251e+00 -1.492294e+00 1.540420e+00 -1.260947e+00 -1.225878e+00
0.000000e+00 3.889649e-01 1.646513e+00 -9.025945e-01 1.540420e+00 1.653959e+00 1.667894e+00
0.000000e+00 -1.542149e+00 -1.524926e+00 8.665048e-01 1.540420e+00 -1.989673e+00 -1.910298e+00
0.000000e+00 -1.542149e+00 1.646513e+00 1.456205e+00 4.941050e-01 1.029337e+00 9.952434e-01
0.000000e+00 1.161410e+00 -1.986878e-01 -9.025945e-01 4.941050e-01 3.006101e-01 2.398957e-01
0.000000e+00 -3.834806e-01 1.127550e+00 -1.492294e+00 -1.598526e+00 8.731809e-01 7.783790e-01
0.000000e+00 2.742182e-03 1.300538e+00 -9.025945e-01 1.540420e+00 1.185492e+00 1.202047e+00
0.000000e+00 7.751877e-01 -1.178951e+00 -9.025945e-01 -2.034386e-01 -1.000687e+00 -8.286283e-01
0.000000e+00 1.161410e+00 -1.005963e+00 -9.025945e-01 -9.009822e-01 -5.322202e-01 -5.419884e-01
0.000000e+00 7.751877e-01 7.815752e-01 2.768051e-01 -1.249754e+00 9.772847e-01 9.901001e-01
0.000000e+00 -1.155926e+00 -1.640251e+00 2.768051e-01 -2.034386e-01 -1.989673e+00 -1.943731e+00
0.000000e+00 -3.834806e-01 -2.563503e-01 -9.025945e-01 -2.034386e-01 -4.281164e-01 -4.264229e-01
0.000000e+00 -1.542149e+00 -8.906381e-01 -1.492294e+00 -1.249754e+00 -1.573258e+00 -1.508832e+00
0.000000e+00 1.547633e+00 8.969003e-01 -1.492294e+00 1.453332e-01 1.341648e+00 1.358883e+00
0.000000e+00 -7.697033e-01 1.531188e+00 -1.492294e+00 4.941050e-01 9.772847e-01 1.061888e+00
0.000000e+00 -7.697033e-01 -1.178951e+00 -1.492294e+00 -1.598526e+00 -1.312999e+00 -1.487215e+00
0.000000e+00 1.547633e+00 -4.870004e-01 1.456205e+00 -9.009822e-01 1.965063e-01 1.818415e-01
0.000000e+00 -7.697033e-01 5.509251e-01 1.456205e+00 -5.522104e-01 2.485582e-01 2.553832e-01
0.000000e+00 1.161410e+00 -3.140128e-01 -3.128947e-01 -1.249754e+00 1.444544e-01 1.078087e-01
0.000000e+00 -1.155926e+00 -8.906381e-01 -9.025945e-01 1.540420e+00 -1.417102e+00 -1.254168e+00
0.000000e+00 -7.697033e-01 -1.005963e+00 -9.025945e-01 -2.034386e-01 -1.156843e+00 -1.262806e+00
0.000000e+00 -1.155926e+00 -1.294276e+00 -3.128947e-01 -5.522104e-01 -1.312999e+00 -1.661127e+00
0.000000e+00 -1.542149e+00 -5.446629e-01 -1.492294e+00 -1.249754e+00 -1.260947e+00 -1.191230e+00
0.000000e+00 -1.155926e+00 -5.446629e-01 8.665048e-01 -1.598526e+00 -1.000687e+00 -9.540067e-01
0.000000e+00 1.161410e+00 -4.870004e-01 8.665048e-01 8.428768e-01 4.035063e-02 5.981635e-02
0.000000e+00 1.547633e+00 8.969003e-01 -3.128947e-01 -1.249754e+00 1.393700e+00 1.367662e+00
0.000000e+00 -1.155926e+00 1.472874e-01 8.665048e-01 -5.522104e-01 -2.719607e-01 -2.881930e-01
0.000000e+00 7.751877e-01 8.392377e-01 2.768051e-01 1.540420e+00 1.081388e+00 1.124658e+00
0.000000e+00 2.742182e-03 -1.986878e-01 -9.025945e-01 -2.034386e-01 -1.678569e-01 -2.252445e-01
0.000000e+00 -7.697033e-01 5.509251e-01 8.665048e-01 -1.249754e+00 2.485582e-01 2.101817e-01
0.000000e+00 1.547633e+00 1.127550e+00 1.456205e+00 1.540420e+00 1.862167e+00 1.735407e+00
0.000000e+00 3.889649e-01 -4.870004e-01 1.456205e+00 1.191649e+00 -1.678569e-01 -2.016747e-01
0.000000e+00 -1.542149e+00 -2.570019e-02 2.768051e-01 -1.249754e+00 -6.363240e-01 -6.404403e-01
0.000000e+00 2.742182e-03 -1.236613e+00 -9.025945e-01 1.453332e-01 -1.208895e+00 -1.167848e+00
0.000000e+00 7.751877e-01 8.392377e-01 2.768051e-01 4.941050e-01 1.133440e+00 1.094049e+00
0.000000e+00 -3.834806e-01 2.626125e-01 -9.025945e-01 1.453332e-01 -1.170127e-02 6.018357e-02
0.000000e+00 1.161410e+00 -7.176505e-01 -9.025945e-01 -5.522104e-01 -1.678569e-01 -2.671168e-01
0.000000e+00 2.742182e-03 6.662501e-01 8.665048e-01 -1.598526e+00 6.649733e-01 6.023356e-01
0.000000e+00 1.547633e+00 -1.467263e+00 1.456205e+00 -1.249754e+00 -7.404278e-01 -7.282347e-01
0.000000e+00 1.547633e+00 -1.986878e-01 -3.128947e-01 1.540420e+00 4.047139e-01 4.435448e-01
0.000000e+00 1.547633e+00 1.531188e+00 8.665048e-01 1.540420e+00 2.278582e+00 2.081147e+00
0.000000e+00 -1.542149e+00 -1.409601e+00 -1.492294e+00 1.453332e-01 -1.989673e+00 -1.944424e+00
0.000000e+00 -1.155926e+00 8.962487e-02 2.768051e-01 8.428768e-01 -4.281164e-01 -3.251102e-01
0.000000e+00 -7.697033e-01 -1.294276e+00 -1.492294e+00 -9.009822e-01 -1.625310e+00 -1.572676e+00
0.000000e+00 -3.834806e-01 1.473526e+00 -9.025945e-01 4.941050e-01 1.289596e+00 1.181995e+00
0.000000e+00 1.547633e+00 4.932626e-01 8.665048e-01 1.191649e+00 1.237544e+00 1.118137e+00
0.000000e+00 3.889649e-01 -5.446629e-01 -1.492294e+00 -5.522104e-01 -3.240126e-01 -4.296005e-01
0.000000e+00 -1.542149e+00 -7.176505e-01 -1.492294e+00 4.941050e-01 -1.469154e+00 -1.299016e+00
0.000000e+00 1.547633e+00 -9.483006e-01 1.456205e+00 4.941050e-01 -2.199088e-01 -2.008163e-01
0.000000e+00 3.889649e-01 -8.906381e-01 -1.492294e+00 1.540420e+00 -7.404278e-01 -6.859848e-01
0.000000e+00 -3.834806e-01 6.662501e-01 1.456205e+00 1.191649e+00 6.129215e-01 5.605103e-01
0.000000e+00 -3.834806e-01 -2.563503e-01 1.456205e+00 -9.009822e-01 -3.760645e-01 -3.476472e-01
0.000000e+00 -7.697033e-01 1.300538e+00 -9.025945e-01 -1.598526e+00 8.731809e-01 8.137308e-01
0.000000e+00 7.751877e-01 7.815752e-01 1.456205e+00 8.428768e-01 1.029337e+00 1.100909e+00
0.000000e+00 -7.697033e-01 8.962487e-02 -9.025945e-01 -5.522104e-01 -3.760645e-01 -2.672683e-01
0.000000e+00 -1.155926e+00 4.932626e-01 1.456205e+00 -1.249754e+00 1.444544e-01 3.379873e-02
0.000000e+00 1.161410e+00 -1.410252e-01 1.456205e+00 -2.034386e-01 3.526620e-01 3.716051e-01
0.000000e+00 -3.834806e-01 1.704176e+00 -9.025945e-01 -5.522104e-01 1.445752e+00 1.363121e+00
0.000000e+00 1.161410e+00 4.932626e-01 -1.492294e+00 -1.598526e+00 6.649733e-01 7.890869e-01
0.000000e+00 -1.542149e+00 7.239127e-01 2.768051e-01 4.941050e-01 -1.170127e-02 9.871303e-02
0.000000e+00 2.742182e-03 8.962487e-02 8.665048e-01 -5.522104e-01 -1.170127e-02 1.036074e-01
0.000000e+00 1.547633e+00 -1.005963e+00 8.665048e-01 8.428768e-01 -3.240126e-01 -2.683424e-01
0.000000e+00 -1.542149e+00 -8.906381e-01 -9.025945e-01 1.191649e+00 -1.469154e+00 -1.412616e+00
0.000000e+00 -3.834806e-01 -7.176505e-01 -1.492294e+00 8.428768e-01 -8.965834e-01 -8.440791e-01
0.000000e+00 3.889649e-01 4.932626e-01 2.768051e-01 -1.598526e+00 5.608696e-01 5.669838e-01
0.000000e+00 1.161410e+00 -1.409601e+00 -3.128947e-01 8.428768e-01 -9.486353e-01 -8.367140e-01
0.000000e+00 -7.697033e-01 1.415863e+00 -9.025945e-01 -2.034386e-01 8.731809e-01 9.604103e-01
0.000000e+00 2.742182e-03 -1.121288e+00 -3.128947e-01 -1.598526e+00 -1.104791e+00 -1.088201e+00
0.000000e+00 7.751877e-01 8.962487e-02 8.665048e-01 1.191649e+00 6.649733e-01 4.511118e-01
0.000000e+00 -1.542149e+00 5.509251e-01 8.665048e-01 1.191649e+00 4.035063e-02 -1.488671e-02
0.000000e+00 7.751877e-01 -6.023255e-01 2.768051e-01 4.941050e-01 -1.678569e-01 -2.292942e-01
0.000000e+00 1.161410e+00 1.472874e-01 2.768051e-01 4.941050e-01 6.129215e-01 6.070888e-01
0.000000e+00 1.161410e+00 5.509251e-01 -3.128947e-01 -1.598526e+00 7.170252e-01 8.916115e-01
0.000000e+00 1.547633e+00 -1.294276e+00 8.665048e-01 1.191649e+00 -5.322202e-01 -5.228080e-01
0.000000e+00 3.889649e-01 1.185213e+00 2.768051e-01 -1.598526e+00 1.081388e+00 1.202188e+00
0.000000e+00 3.889649e-01 2.626125e-01 2.768051e-01 4.941050e-01 5.088177e-01 4.164669e-01
0.000000e+00 -1.155926e+00 -1.467263e+00 8.665048e-01 1.191649e+00 -1.521206e+00 -1.719322e+00
0.000000e+00 -7.697033e-01 2.626125e-01 8.665048e-01 1.191649e+00 -6.375316e-02 1.693412e-02
0.000000e+00 -3.834806e-01 9.545628e-01 -1.492294e+00 -2.034386e-01 6.649733e-01 6.603898e-01
0.000000e+00 -3.834806e-01 -9.483006e-01 1.456205e+00 1.453332e-01 -1.104791e+00 -9.522428e-01
0.000000e+00 1.161410e+00 -5.446629e-01 2.768051e-01 -1.249754e+00 4.035063e-02 -7.913078e-02
0.000000e+00 -1.542149e+00 9.545628e-01 -3.128947e-01 -1.249754e+00 4.047139e-01 2.346375e-01
0.000000e+00 -3.834806e-01 -3.716754e-01 -9.025945e-01 1.540420e+00 -4.281164e-01 -4.812754e-01
0.000000e+00 -3.834806e-01 -7.753131e-01 -9.025945e-01 1.191649e+00 -7.924797e-01 -8.620144e-01
0.000000e+00 -1.542149e+00 -7.176505e-01 8.665048e-01 -1.598526e+00 -1.260947e+00 -1.261053e+00
0.000000e+00 -7.697033e-01 2.049499e-01 1.456205e+00 1.540420e+00 4.035063e-02 -1.001174e-03
0.000000e+00 2.742182e-03 -1.063626e+00 -3.128947e-01 -2.034386e-01 -1.000687e+00 -9.944548e-01
0.000000e+00 3.889649e-01 -8.329756e-01 -1.492294e+00 4.941050e-01 -7.404278e-01 -6.636601e-01
0.000000e+00 1.547633e+00 -1.524926e+00 2.768051e-01 1.540420e+00 -6.363240e-01 -7.491353e-01
0.000000e+00 1.547633e+00 -3.140128e-01 -1.492294e+00 1.453332e-01 3.006101e-01 2.472745e-01
0.000000e+00 1.547633e+00 2.049499e-01 -3.128947e-01 1.453332e-01 7.170252e-01 7.732689e-01
0.000000e+00 -1.542149e+00 -1.410252e-01 -1.492294e+00 1.453332e-01 -5.842721e-01 -7.798820e-01
0.000000e+00 1.547633e+00 8.969003e-01 8.665048e-01 8.428768e-01 1.393700e+00 1.478470e+00
0.000000e+00 1.161410e+00 -1.121288e+00 -9.025945e-01 4.941050e-01 -3.760645e-01 -6.070438e-01
0.000000e+00 -1.155926e+00 -1.005963e+00 8.665048e-01 -2.034386e-01 -1.469154e+00 -1.336664e+00
0.000000e+00 -1.542149e+00 3.196234e-02 2.768051e-01 1.540420e+00 -5.322202e-01 -5.058826e-01
0.000000e+00 -1.542149e+00 1.704176e+00 8.665048e-01 -1.249754e+00 1.029337e+00 9.723667e-01
0.000000e+00 3.889649e-01 -3.140128e-01 -3.128947e-01 1.540420e+00 -6.375316e-02 -1.070568e-01
0.000000e+00 1.547633e+00 4.932626e-01 -3.128947e-01 1.453332e-01 1.081388e+00 1.037937e+00
0.000000e+00 7.751877e-01 -1.178951e+00 2.768051e-01 1.540420e+00 -5.842721e-01 -7.280224e-01
0.000000e+00 2.742182e-03 -3.716754e-01 2.768051e-01 -2.034386e-01 -2.719607e-01 -3.344548e-01
0.000000e+00 -1.155926e+00 -1.697914e+00 -9.025945e-01 -5.522104e-01 -1.989673e+00 -2.056458e+00
0.000000e+00 -1.542149e+00 1.300538e+00 -1.492294e+00 1.540420e+00 5.608696e-01 5.842730e-01
0.000000e+00 -1.155926e+00 -3.140128e-01 -9.025945e-01 -2.034386e-01 -6.883759e-01 -7.758461e-01
0.000000e+00 -1.542149e+00 -1.410252e-01 8.665048e-01 1.191649e+00 -6.883759e-01 -6.500913e-01
0.000000e+00 -7.697033e-01 3.202750e-01 -1.492294e+00 -1.249754e+00 4.035063e-02 -1.007348e-01
0.000000e+00 3.889649e-01 -7.176505e-01 2.768051e-01 1.453332e-01 -3.760645e-01 -4.936094e-01
0.000000e+00 1.161410e+00 -1.409601e+00 -3.128947e-01 1.191649e+00 -7.924797e-01 -8.265110e-01
0.000000e+00 -7.697033e-01 -1.640251e+00 8.665048e-01 1.540420e+00 -1.625310e+00 -1.719676e+00
0.000000e+00 1.547633e+00 -1.582588e+00 -9.025945e-01 -2.034386e-01 -8.965834e-01 -9.026749e-01
0.000000e+00 2.742182e-03 8.969003e-01 1.456205e+00 1.453332e-01 9.252328e-01 8.898809e-01
0.000000e+00 7.751877e-01 -1.294276e+00 1.456205e+00 1.540420e+00 -7.924797e-01 -7.842990e-01
0.000000e+00 1.161410e+00 3.196234e-02 2.768051e-01 -5.522104e-01 3.526620e-01 4.706124e-01
0.000000e+00 -7.697033e-01 1.012225e+00 -1.492294e+00 -2.034386e-01 5.088177e-01 5.650788e-01
0.000000e+00 -1.155926e+00 -6.599880e-01 1.456205e+00 8.428768e-01 -9.486353e-01 -9.636577e-01
0.000000e+00 -1.155926e+00 1.127550e+00 -1.492294e+00 -1.598526e+00 6.649733e-01 4.818895e-01
0.000000e+00 2.742182e-03 -1.409601e+00 -3.128947e-01 -1.598526e+00 -1.312999e+00 -1.352869e+00
0.000000e+00 -1.542149e+00 -9.483006e-01 2.768051e-01 1.540420e+00 -1.260947e+00 -1.405756e+00
0.000000e+00 -1.155926e+00 -1.582588e+00 2.768051e-01 -5.522104e-01 -2.093777e+00 -1.901000e+00
0.000000e+00 1.547633e+00 1.012225e+00 8.665048e-01 1.540420e+00 1.758063e+00 1.604744e+00
0.000000e+00 7.751877e-01 -1.697914e+00 8.665048e-01 -9.009822e-01 -1.156843e+00 -1.251051e+00
0.000000e+00 3.889649e-01 7.815752e-01 -1.492294e+00 -2.034386e-01 8.731809e-01 7.980781e-01
0.000000e+00 1.547633e+00 -2.570019e-02 1.456205e+00 1.540420e+00 4.567658e-01 6.767322e-01
0.000000e+00 7.751877e-01 8.969003e-01 1.456205e+00 8.428768e-01 1.185492e+00 1.206776e+00
0.000000e+00 2.742182e-03 -6.599880e-01 -9.025945e-01 -1.598526e+00 -7.924797e-01 -6.895262e-01
0.000000e+00 1.547633e+00 1.358200e+00 -1.492294e+00 -2.034386e-01 1.862167e+00 1.772149e+00
0.000000e+00 3.889649e-01 -6.599880e-01 1.456205e+00 -2.034386e-01 -3.240126e-01 -4.012878e-01
0.000000e+00 3.889649e-01 -1.236613e+00 8.665048e-01 -1.249754e+00 -8.965834e-01 -9.860294e-01
0.000000e+00 -3.834806e-01 -1.351938e+00 8.665048e-01 -2.034386e-01 -1.417102e+00 -1.357777e+00
0.000000e+00 -1.542149e+00 8.969003e-01 8.665048e-01 8.428768e-01 3.526620e-01 2.925126e-01
0.000000e+00 2.742182e-03 3.779375e-01 -1.492294e+00 1.540420e+00 3.526620e-01 3.303123e-01
0.000000e+00 1.547633e+00 1.127550e+00 2.768051e-01 4.941050e-01 1.758063e+00 1.655207e+00
0.000000e+00 1.161410e+00 6.085876e-01 -9.025945e-01 -1.249754e+00 9.772847e-01 9.299528e-01
0.000000e+00 1.161410e+00 1.300538e+00 -9.025945e-01 1.453332e-01 1.549856e+00 1.605969e+00
0.000000e+00 2.742182e-03 -1.351938e+00 8.665048e-01 1.540420e+00 -1.156843e+00 -1.158518e+00
0.000000e+00 1.547633e+00 -1.236613e+00 -3.128947e-01 -1.598526e+00 -7.404278e-01 -6.010891e-01
0.000000e+00 -7.697033e-01 -1.524926e+00 -1.492294e+00 1.540420e+00 -1.625310e+00 -1.712990e+00
0.000000e+00 -7.697033e-01 -3.140128e-01 1.456205e+00 1.540420e+00 -4.281164e-01 -4.774047e-01
0.000000e+00 -1.542149e+00 1.069888e+00 1.456205e+00 -9.009822e-01 5.088177e-01 4.250942e-01
0.000000e+00 1.547633e+00 -1.063626e+00 2.768051e-01 1.453332e-01 -2.719607e-01 -3.664776e-01
0.000000e+00 3.889649e-01 -1.409601e+00 8.665048e-01 1.191649e+00 -1.052739e+00 -1.073410e+00
0.000000e+00 -1.155926e+00 -7.176505e-01 -3.128947e-01 -1.598526e+00 -1.312999e+00 -1.162399e+00
0.000000e+00 1.161410e+00 5.509251e-01 8.665048e-01 1.453332e-01 1.081388e+00 9.922173e-01
0.000000e+00 1.547633e+00 -5.446629e-01 -3.128947e-01 -1.249754e+00 -1.170127e-02 4.431851e-02
0.000000e+00 1.547633e+00 -8.906381e-01 -9.025945e-01 1.191649e+00 -3.240126e-01 -2.266583e-01
0.000000e+00 -1.155926e+00 -1.582588e+00 -3.128947e-01 -1.249754e+00 -1.885569e+00 -1.946201e+00
0.000000e+00 -1.155926e+00 -1.640251e+00 -9.025945e-01 -9.009822e-01 -2.093777e+00 -2.013728e+00
0.000000e+00 7.751877e-01 1.473526e+00 -9.025945e-01 -1.249754e+00 1.601907e+00 1.575714e+00
0.000000e+00 -3.834806e-01 1.415863e+00 -1.492294e+00 -5.522104e-01 1.133440e+00 1.073657e+00
0.000000e+00 -1.542149e+00 6.085876e-01 -3.128947e-01 -5.522104e-01 -1.170127e-02 -6.255882e-02
0.000000e+00 1.161410e+00 5.509251e-01 2.768051e-01 1.540420e+00 1.133440e+00 1.008234e+00
0.000000e+00 -1.155926e+00 1.646513e+00 2.768051e-01 -1.598526e+00 9.772847e-01 1.032679e+00
0.000000e+00 -7.697033e-01 -1.524926e+00 -3.128947e-01 8.428768e-01 -1.677362e+00 -1.683805e+00
0.000000e+00 2.742182e-03 8.962487e-02 -1.492294e+00 -2.034386e-01 4.035063e-02 1.462871e-02
0.000000e+00 -7.697033e-01 -1.640251e+00 2.768051e-01 8.428768e-01 -1.937621e+00 -1.764877e+00
0.000000e+00 7.751877e-01 8.969003e-01 8.665048e-01 1.453332e-01 1.081388e+00 1.161575e+00
0.000000e+00 7.751877e-01 -8.336272e-02 2.768051e-01 -1.249754e+00 9.240252e-02 1.960943e-01
0.000000e+00 -1.155926e+00 -1.640251e+00 -1.492294e+00 4.941050e-01 -2.197881e+00 -1.997711e+00
0.000000e+00 7.751877e-01 2.049499e-01 -9.025945e-01 1.540420e+00 4.567658e-01 4.927960e-01
0.000000e+00 3.889649e-01 -1.986878e-01 -9.025945e-01 1.191649e+00 -6.375316e-02 -3.618776e-02
0.000000e+00 1.547633e+00 1.704176e+00 -9.025945e-01 4.941050e-01 2.174478e+00 2.134953e+00
0.000000e+00 1.547633e+00 1.358200e+00 -1.492294e+00 -2.034386e-01 1.758063e+00 1.772149e+00
0.000000e+00 -1.155926e+00 4.932626e-01 -9.025945e-01 -5.522104e-01 -1.158051e-01 -4.497697e-02
0.000000e+00 7.751877e-01 7.815752e-01 -9.025945e-01 8.428768e-01 9.772847e-01 1.001727e+00
0.000000e+00 2.742182e-03 4.356000e-01 -1.492294e+00 1.453332e-01 3.006101e-01 3.424340e-01
0.000000e+00 3.889649e-01 -7.176505e-01 8.665048e-01 -2.034386e-01 -7.404278e-01 -4.790170e-01
0.000000e+00 -1.542149e+00 3.202750e-01 2.768051e-01 4.941050e-01 -3.760645e-01 -2.718230e-01
0.000000e+00 7.751877e-01 -6.599880e-01 -1.492294e+00 -9.009822e-01 -3.760645e-01 -3.974262e-01
0.000000e+00 3.889649e-01 -1.986878e-01 -1.492294e+00 1.191649e+00 -6.375316e-02 -6.098319e-02
0.000000e+00 -3.834806e-01 8.392377e-01 -3.128947e-01 -5.522104e-01 6.129215e-01 5.939102e-01
0.000000e+00 -1.542149e+00 -6.023255e-01 -9.025945e-01 -5.522104e-01 -1.104791e+00 -1.198962e+00
0.000000e+00 1.547633e+00 -5.446629e-01 1.456205e+00 8.428768e-01 2.485582e-01 1.799228e-01
0.000000e+00 -3.834806e-01 -4.293379e-01 8.665048e-01 1.453332e-01 -4.801683e-01 -5.006348e-01
0.000000e+00 -1.155926e+00 -2.570019e-02 1.456205e+00 -1.598526e+00 -5.322202e-01 -4.528077e-01
0.000000e+00 1.161410e+00 -3.140128e-01 -3.128947e-01 -1.249754e+00 4.035063e-02 1.078087e-01
0.000000e+00 -1.155926e+00 3.196234e-02 8.665048e-01 1.191649e+00 -3.240126e-01 -3.430455e-01
0.000000e+00 2.742182e-03 -1.986878e-01 -9.025945e-01 1.453332e-01 -3.240126e-01 -2.150415e-01
0.000000e+00 3.889649e-01 2.049499e-01 1.456205e+00 4.941050e-01 5.088177e-01 4.131240e-01
0.000000e+00 1.161410e+00 -1.294276e+00 -9.025945e-01 1.191649e+00 -8.445316e-01 -7.454390e-01
0.000000e+00 -1.542149e+00 -6.599880e-01 -9.025945e-01 -9.009822e-01 -1.156843e+00 -1.262099e+00
0.000000e+00 -1.542149e+00 6.085876e-01 2.768051e-01 -2.034386e-01 -1.170127e-02 -2.756040e-02
0.000000e+00 -3.834806e-01 -2.563503e-01 8.665048e-01 -2.034386e-01 -2.719607e-01 -3.520366e-01
0.000000e+00 2.742182e-03 -1.410252e-01 8.665048e-01 1.540420e+00 -1.678569e-01 -4.690949e-02
0.000000e+00 1.547633e+00 -1.524926e+00 -3.128947e-01 4.941050e-01 -6.363240e-01 -8.045397e-01
0.000000e+00 7.751877e-01 3.196234e-02 -1.492294e+00 -1.249754e+00 1.444544e-01 2.275754e-01
0.000000e+00 7.751877e-01 -8.329756e-01 -9.025945e-01 -5.522104e-01 -5.322202e-01 -5.212290e-01
0.000000e+00 1.161410e+00 1.185213e+00 -9.025945e-01 -5.522104e-01 1.341648e+00 1.479696e+00
0.000000e+00 2.742182e-03 -1.178951e+00 1.456205e+00 8.428768e-01 -1.000687e+00 -9.953270e-01
0.000000e+00 2.742182e-03 4.356000e-01 -3.128947e-01 1.540420e+00 4.567658e-01 4.328369e-01
0.000000e+00 -1.542149e+00 1.012225e+00 8.665048e-01 -9.009822e-01 9.240252e-02 3.473651e-01
0.000000e+00 1.547633e+00 -1.178951e+00 2.768051e-01 -1.249754e+00 -4.801683e-01 -5.131570e-01
0.000000e+00 3.889649e-01 8.392377e-01 8.665048e-01 1.191649e+00 1.081388e+00 9.910055e-01
0.000000e+00 1.547633e+00 -1.236613e+00 2.768051e-01 -5.522104e-01 -6.363240e-01 -5.456847e-01
0.000000e+00 -7.697033e-01 4.932626e-01 2.768051e-01 1.191649e+00 1.444544e-01 2.038736e-01
0.000000e+00 2.742182e-03 3.202750e-01 8.665048e-01 1.453332e-01 3.006101e-01 3.357483e-01
0.000000e+00 -1.155926e+00 1.185213e+00 1.456205e+00 -1.598526e+00 8.731809e-01 6.588004e-01
0.000000e+00 2.742182e-03 1.588851e+00 -9.025945e-01 -9.009822e-01 1.393700e+00 1.395295e+00
0.000000e+00 1.161410e+00 3.202750e-01 2.768051e-01 4.941050e-01 7.170252e-01 7.658900e-01
0.000000e+00 -1.155926e+00 -6.599880e-01 1.456205e+00 1.191649e+00 -1.052739e+00 -9.534547e-01
0.000000e+00 1.161410e+00 1.704176e+00 -3.128947e-01 8.428768e-01 1.862167e+00 2.021707e+00
0.000000e+00 -3.834806e-01 -6.599880e-01 -3.128947e-01 -2.034386e-01 -7.924797e-01 -7.721635e-01
0.000000e+00 -1.542149e+00 -1.063626e+00 2.768051e-01 8.428768e-01 -1.521206e+00 -1.532029e+00
0.000000e+00 2.742182e-03 -1.005963e+00 -9.025945e-01 -1.249754e+00 -1.104791e+00 -9.969255e-01
0.000000e+00 -1.542149e+00 -3.140128e-01 2.768051e-01 -9.009822e-01 -1.052739e+00 -8.949059e-01
0.000000e+00 7.751877e-01 3.202750e-01 -3.128947e-01 8.428768e-01 6.129215e-01 6.030529e-01
0.000000e+00 1.161410e+00 -3.140128e-01 -3.128947e-01 1.191649e+00 2.485582e-01 1.792297e-01
0.000000e+00 -7.697033e-01 -1.410252e-01 8.665048e-01 1.540420e+00 -3.760645e-01 -3.433989e-01
0.000000e+00 -7.697033e-01 6.662501e-01 -9.025945e-01 8.428768e-01 3.526620e-01 3.028809e-01
0.000000e+00 7.751877e-01 1.300538e+00 8.665048e-01 -5.522104e-01 1.497804e+00 1.511705e+00
0.000000e+00 -3.834806e-01 4.932626e-01 1.456205e+00 1.453332e-01 6.129215e-01 3.711002e-01
0.000000e+00 -7.697033e-01 -2.570019e-02 1.456205e+00 -2.034386e-01 -2.719607e-01 -2.637510e-01
0.000000e+00 1.161410e+00 -1.467263e+00 1.456205e+00 -5.522104e-01 -6.883759e-01 -8.560735e-01
0.000000e+00 -7.697033e-01 -7.753131e-01 -1.492294e+00 1.191649e+00 -9.486353e-01 -1.035055e+00
0.000000e+00 7.751877e-01 -7.176505e-01 1.456205e+00 1.540420e+00 -2.719607e-01 -2.549618e-01
0.000000e+00 -1.155926e+00 7.239127e-01 2.768051e-01 -9.009822e-01 3.006101e-01 2.061458e-01
0.000000e+00 -1.542149e+00 9.545628e-01 8.665048e-01 -1.598526e+00 3.006101e-01 2.740254e-01
0.000000e+00 3.889649e-01 -5.446629e-01 1.456205e+00 4.941050e-01 -3.760645e-01 -2.750144e-01
0.000000e+00 1.161410e+00 -4.870004e-01 -9.025945e-01 1.540420e+00 4.035063e-02 5.836067e-03
0.000000e+00 -1.542149e+00 4.932626e-01 1.456205e+00 8.428768e-01 -6.375316e-02 -5.322800e-02
0.000000e+00 1.547633e+00 1.127550e+00 2.768051e-01 -9.009822e-01 1.601907e+00 1.614395e+00
0.000000e+00 -7.697033e-01 1.588851e+00 2.768051e-01 -9.009822e-01 1.133440e+00 1.148396e+00
0.000000e+00 -7.697033e-01 1.531188e+00 2.768051e-01 1.453332e-01 1.133440e+00 1.126072e+00
0.000000e+00 -3.834806e-01 -1.409601e+00 2.768051e-01 -1.249754e+00 -1.573258e+00 -1.466115e+00
0.000000e+00 -1.542149e+00 1.127550e+00 2.768051e-01 1.453332e-01 6.129215e-01 4.590461e-01
0.000000e+00 1.547633e+00 -8.329756e-01 -9.025945e-01 -2.034386e-01 -2.199088e-01 -2.145365e-01
0.000000e+00 -7.697033e-01 -1.640251e+00 -1.492294e+00 4.941050e-01 -1.833518e+00 -1.849466e+00
0.000000e+00 -3.834806e-01 1.185213e+00 -3.128947e-01 1.191649e+00 9.772847e-01 9.625275e-01
0.000000e+00 -1.542149e+00 -1.697914e+00 -1.492294e+00 1.191649e+00 -2.249933e+00 -2.178483e+00
0.000000e+00 -3.834806e-01 1.531188e+00 -3.128947e-01 -1.598526e+00 1.185492e+00 1.198506e+00
0.000000e+00 -1.542149e+00 -2.570019e-02 8.665048e-01 4.941050e-01 -3.760645e-01 -5.646299e-01
0.000000e+00 2.742182e-03 1.588851e+00 2.768051e-01 -9.009822e-01 1.237544e+00 1.444886e+00
0.000000e+00 2.742182e-03 7.239127e-01 8.665048e-01 -5.522104e-01 5.608696e-01 6.858783e-01
0.000000e+00 7.751877e-01 1.242875e+00 8.665048e-01 -1.249754e+00 1.393700e+00 1.438365e+00
0.000000e+00 1.161410e+00 3.779375e-01 -3.128947e-01 -1.598526e+00 6.129215e-01 7.328103e-01
0.000000e+00 -3.834806e-01 1.012225e+00 -9.025945e-01 1.540420e+00 1.029337e+00 7.891339e-01
0.000000e+00 7.751877e-01 -4.293379e-01 2.768051e-01 -9.009822e-01 -1.678569e-01 -1.113051e-01
0.000000e+00 -3.834806e-01 -1.697914e+00 1.456205e+00 1.540420e+00 -1.573258e+00 -1.599569e+00
0.000000e+00 -7.697033e-01 -6.599880e-01 8.665048e-01 1.191649e+00 -8.445316e-01 -8.300054e-01
0.000000e+00 3.889649e-01 8.969003e-01 -1.492294e+00 -1.598526e+00 5.608696e-01 8.631335e-01
0.000000e+00 -3.834806e-01 -1.582588e+00 2.768051e-01 -9.009822e-01 -1.625310e+00 -1.614714e+00
0.000000e+00 -7.697033e-01 -1.640251e+00 -9.025945e-01 -2.034386e-01 -1.989673e+00 -1.845077e+00
0.000000e+00 1.547633e+00 1.473526e+00 2.768051e-01 -9.009822e-01 1.966271e+00 1.931997e+00
0.000000e+00 2.742182e-03 3.779375e-01 1.456205e+00 -5.522104e-01 3.526620e-01 3.930714e-01
0.000000e+00 7.751877e-01 -7.753131e-01 1.456205e+00 -5.522104e-01 -4.281164e-01 -3.691135e-01
0.000000e+00 3.889649e-01 -1.410252e-01 8.665048e-01 -1.598526e+00 -1.170127e-02 9.508255e-03
0.000000e+00 2.742182e-03 -7.176505e-01 -1.492294e+00 1.453332e-01 -7.404278e-01 -7.162404e-01
0.000000e+00 7.751877e-01 1.472874e-01 8.665048e-01 4.941050e-01 6.129215e-01 4.836396e-01
0.000000e+00 3.889649e-01 -8.906381e-01 -9.025945e-01 4.941050e-01 -6.363240e-01 -6.917984e-01
0.000000e+00 -1.155926e+00 -4.870004e-01 -3.128947e-01 1.453332e-01 -6.883759e-01 -8.996488e-01
0.000000e+00 -7.697033e-01 6.085876e-01 1.456205e+00 4.941050e-01 4.567658e-01 3.389259e-01
0.000000e+00 -1.155926e+00 -1.986878e-01 -1.492294e+00 -9.009822e-01 -6.883759e-01 -7.151800e-01
0.000000e+00 -7.697033e-01 1.415863e+00 1.456205e+00 -2.034386e-01 1.133440e+00 1.059592e+00
0.000000e+00 -1.542149e+00 3.779375e-01 -9.025945e-01 4.941050e-01 -1.678569e-01 -2.684801e-01
0.000000e+00 1.161410e+00 8.962487e-02 -9.025945e-01 1.540420e+00 3.526620e-01 5.351733e-01
0.000000e+00 3.889649e-01 1.704176e+00 1.456205e+00 -2.034386e-01 1.810115e+00 1.768995e+00
0.000000e+00 -1.155926e+00 8.392377e-01 8.665048e-01 1.540420e+00 2.485582e-01 4.082296e-01
0.000000e+00 1.161410e+00 -6.599880e-01 1.456205e+00 -1.249754e+00 -3.240126e-01 -1.354074e-01
0.000000e+00 3.889649e-01 -1.410252e-01 8.665048e-01 1.453332e-01 -6.375316e-02 6.052324e-02
0.000000e+00 7.751877e-01 -1.410252e-01 1.456205e+00 4.941050e-01 3.006101e-01 2.437664e-01
0.000000e+00 -1.542149e+00 1.473526e+00 8.665048e-01 -1.249754e+00 6.129215e-01 7.606318e-01
0.000000e+00 7.751877e-01 -1.178951e+00 -3.128947e-01 1.540420e+00 -6.883759e-01 -7.528179e-01
0.000000e+00 -7.697033e-01 -6.023255e-01 2.768051e-01 8.428768e-01 -6.363240e-01 -8.120701e-01
0.000000e+00 1.161410e+00 -3.140128e-01 2.768051e-01 -2.034386e-01 1.444544e-01 1.632131e-01
0.000000e+00 3.889649e-01 -5.446629e-01 8.665048e-01 8.428768e-01 -2.719607e-01 -2.896068e-01
0.000000e+00 -3.834806e-01 -9.483006e-01 8.665048e-01 -9.009822e-01 -1.104791e+00 -1.007647e+00
0.000000e+00 1.161410e+00 -4.870004e-01 -3.128947e-01 -1.249754e+00 -2.199088e-01 -5.099249e-02
0.000000e+00 1.547633e+00 1.300538e+00 2.768051e-01 4.941050e-01 1.758063e+00 1.814008e+00
0.000000e+00 -1.155926e+00 -2.563503e-01 -3.128947e-01 -2.034386e-01 -7.404278e-01 -6.981169e-01
0.000000e+00 3.889649e-01 7.815752e-01 -9.025945e-01 -2.034386e-01 7.690771e-01 8.228735e-01
0.000000e+00 2.742182e-03 -1.121288e+00 1.456205e+00 8.428768e-01 -1.052739e+00 -9.423933e-01
0.000000e+00 2.742182e-03 1.415863e+00 2.768051e-01 1.191649e+00 1.237544e+00 1.347303e+00
0.000000e+00 -7.697033e-01 -1.351938e+00 8.665048e-01 8.428768e-01 -1.521206e+00 -1.475413e+00
0.000000e+00 1.161410e+00 -7.753131e-01 -1.492294e+00 1.540420e+00 -4.801683e-01 -2.836280e-01
0.000000e+00 1.161410e+00 -7.176505e-01 -9.025945e-01 -1.249754e+00 -2.199088e-01 -2.875228e-01
0.000000e+00 2.742182e-03 -1.351938e+00 1.456205e+00 1.540420e+00 -1.312999e+00 -1.133722e+00
0.000000e+00 1.161410e+00 1.473526e+00 -1.492294e+00 4.941050e-01 1.706011e+00 1.750178e+00
0.000000e+00 1.161410e+00 -6.023255e-01 -3.128947e-01 -2.034386e-01 -1.170127e-02 -1.262509e-01
0.000000e+00 -7.697033e-01 4.356000e-01 1.456205e+00 4.941050e-01 2.485582e-01 1.801247e-01
0.000000e+00 -1.155926e+00 -1.121288e+00 -3.128947e-01 -9.009822e-01 -1.521206e+00 -1.512529e+00
0.000000e+00 1.547633e+00 7.815752e-01 -3.128947e-01 -5.522104e-01 1.549856e+00 1.282200e+00
0.000000e+00 -1.155926e+00 1.588851e+00 8.665048e-01 4.941050e-01 1.081388e+00 1.065759e+00
0.000000e+00 1.547633e+00 -8.329756e-01 -3.128947e-01 -1.249754e+00 -1.158051e-01 -2.203501e-01
0.000000e+00 -3.834806e-01 1.185213e+00 -1.492294e+00 -1.249754e+00 7.690771e-01 8.415157e-01
0.000000e+00 -1.155926e+00 1.415863e+00 -9.025945e-01 -1.598526e+00 4.567658e-01 7.713536e-01
0.000000e+00 -1.542149e+00 -1.986878e-01 8.665048e-01 -1.598526e+00 -7.404278e-01 -7.846490e-01
0.000000e+00 -3.834806e-01 1.185213e+00 -9.025945e-01 -1.598526e+00 9.252328e-01 8.561081e-01
0.000000e+00 1.547633e+00 -1.121288e+00 -3.128947e-01 1.453332e-01 -4.281164e-01 -4.442067e-01
0.000000e+00 1.547633e+00 -8.329756e-01 2.768051e-01 -2.034386e-01 -3.240126e-01 -1.649457e-01
0.000000e+00 -3.834806e-01 -4.293379e-01 1.456205e+00 1.540420e+00 -1.158051e-01 -4.350274e-01
0.000000e+00 1.547633e+00 1.704176e+00 8.665048e-01 8.428768e-01 2.070374e+00 2.219542e+00
0.000000e+00 3.889649e-01 1.646513e+00 -3.128947e-01 -2.034386e-01 1.653959e+00 1.641675e+00
0.000000e+00 -1.542149e+00 -1.063626e+00 8.665048e-01 -1.598526e+00 -1.521206e+00 -1.578655e+00
0.000000e+00 3.889649e-01 1.646513e+00 2.768051e-01 8.428768e-01 1.758063e+00 1.697079e+00
0.000000e+00 1.547633e+00 5.509251e-01 -1.492294e+00 1.453332e-01 9.252328e-01 1.041280e+00
0.000000e+00 -1.155926e+00 -1.582588e+00 -1.492294e+00 8.428768e-01 -1.885569e+00 -1.934574e+00
0.000000e+00 3.889649e-01 -1.640251e+00 1.456205e+00 -1.249754e+00 -1.156843e+00 -1.331770e+00
0.000000e+00 -1.155926e+00 1.704176e+00 -1.492294e+00 1.540420e+00 1.029337e+00 1.103054e+00
0.000000e+00 -3.834806e-01 4.356000e-01 2.768051e-01 8.428768e-01 1.965063e-01 2.889816e-01
0.000000e+00 1.161410e+00 1.012225e+00 -9.025945e-01 1.453332e-01 1.237544e+00 1.341301e+00
0.000000e+00 7.751877e-01 1.242875e+00 2.768051e-01 -1.598526e+00 1.393700e+00 1.403367e+00
0.000000e+00 1.547633e+00 -3.716754e-01 2.768051e-01 -1.598526e+00 1.444544e-01 2.177121e-01
0.000000e+00 7.751877e-01 -8.336272e-02 -3.128947e-01 1.540420e+00 3.006101e-01 2.529228e-01
0.000000e+00 -1.542149e+00 9.545628e-01 -1.492294e+00 -2.034386e-01 1.965063e-01 2.156556e-01
0.000000e+00 -1.155926e+00 8.969003e-01 8.665048e-01 4.941050e-01 4.047139e-01 4.305543e-01
0.000000e+00 3.889649e-01 2.049499e-01 1.456205e+00 -5.522104e-01 2.485582e-01 3.825150e-01
0.000000e+00 7.751877e-01 -6.023255e-01 -9.025945e-01 1.540420e+00 -1.170127e-02 -2.482761e-01
0.000000e+00 -7.697033e-01 -7.176505e-01 8.665048e-01 -2.034386e-01 -8.965834e-01 -9.237511e-01
0.000000e+00 1.547633e+00 -9.483006e-01 -3.128947e-01 1.540420e+00 -3.240126e-01 -2.445936e-01
0.000000e+00 7.751877e-01 -7.176505e-01 -3.128947e-01 -9.009822e-01 -3.760645e-01 -4.007691e-01
0.000000e+00 3.889649e-01 -1.640251e+00 -9.025945e-01 -1.249754e+00 -1.625310e+00 -1.430952e+00
0.000000e+00 3.889649e-01 -1.697914e+00 8.665048e-01 -1.249754e+00 -1.469154e+00 -1.409499e+00
0.000000e+00 -1.542149e+00 -6.023255e-01 -9.025945e-01 -2.034386e-01 -1.104791e+00 -1.188759e+00
0.000000e+00 2.742182e-03 2.049499e-01 -9.025945e-01 -5.522104e-01 1.965063e-01 1.350886e-01
0.000000e+00 -7.697033e-01 6.085876e-01 -1.492294e+00 -1.249754e+00 2.485582e-01 1.639338e-01
0.000000e+00 7.751877e-01 6.085876e-01 8.665048e-01 -2.034386e-01 1.029337e+00 8.867033e-01
0.000000e+00 -7.697033e-01 1.012225e+00 -1.492294e+00 1.540420e+00 6.129215e-01 6.160938e-01
0.000000e+00 2.742182e-03 -1.121288e+00 -1.492294e+00 1.191649e+00 -1.000687e+00 -1.056167e+00
0.000000e+00 7.751877e-01 -1.986878e-01 1.456205e+00 8.428768e-01 2.485582e-01 2.010357e-01
0.000000e+00 -7.697033e-01 -4.293379e-01 -1.492294e+00 1.191649e+00 -6.363240e-01 -7.174522e-01
0.000000e+00 -1.155926e+00 4.356000e-01 2.768051e-01 1.191649e+00 -1.678569e-01 2.695143e-03
0.000000e+00 3.889649e-01 7.815752e-01 -3.128947e-01 8.428768e-01 9.252328e-01 8.782779e-01
0.000000e+00 1.161410e+00 -1.582588e+00 -3.128947e-01 1.191649e+00 -1.000687e+00 -9.853122e-01
0.000000e+00 -3.834806e-01 -1.063626e+00 2.768051e-01 -5.522104e-01 -9.486353e-01 -1.128107e+00
0.000000e+00 1.547633e+00 -2.570019e-02 -9.025945e-01 8.428768e-01 5.608696e-01 5.571445e-01
0.000000e+00 1.161410e+00 3.196234e-02 8.665048e-01 -1.249754e+00 4.567658e-01 4.750018e-01
0.000000e+00 7.751877e-01 -4.293379e-01 8.665048e-01 1.191649e+00 -6.375316e-02 -2.529165e-02
0.000000e+00 7.751877e-01 -1.697914e+00 8.665048e-01 1.191649e+00 -1.260947e+00 -1.189833e+00
0.000000e+00 -7.697033e-01 6.085876e-01 -1.492294e+00 -9.009822e-01 1.965063e-01 1.741368e-01
0.000000e+00 3.889649e-01 -6.023255e-01 8.665048e-01 1.453332e-01 -3.240126e-01 -3.629465e-01
0.000000e+00 2.742182e-03 1.358200e+00 8.665048e-01 4.941050e-01 1.289596e+00 1.298758e+00
0.000000e+00 -1.542149e+00 -1.409601e+00 8.665048e-01 -9.009822e-01 -1.885569e+00 -1.875851e+00
0.000000e+00 -7.697033e-01 -1.121288e+00 -3.128947e-01 -2.034386e-01 -1.469154e+00 -1.343878e+00
0.000000e+00 -1.542149e+00 2.626125e-01 2.768051e-01 -1.598526e+00 -2.199088e-01 -3.859747e-01
0.000000e+00 -3.834806e-01 -1.524926e+00 1.456205e+00 -9.009822e-01 -1.573258e+00 -1.512189e+00
0.000000e+00 -7.697033e-01 -8.336272e-02 -9.025945e-01 8.428768e-01 -3.760645e-01 -3.852575e-01
0.000000e+00 -3.834806e-01 1.646513e+00 2.768051e-01 -9.009822e-01 1.393700e+00 1.349575e+00
0.000000e+00 1.547633e+00 -1.178951e+00 8.665048e-01 8.428768e-01 -4.281164e-01 -4.271436e-01
0.000000e+00 -7.697033e-01 1.185213e+00 -9.025945e-01 1.191649e+00 7.690771e-01 7.894874e-01
0.000000e+00 3.889649e-01 -8.336272e-02 -9.025945e-01 1.453332e-01 9.240252e-02 3.907069e-02
0.000000e+00 3.889649e-01 4.356000e-01 2.768051e-01 4.941050e-01 7.170252e-01 5.752680e-01
0.000000e+00 7.751877e-01 -1.697914e+00 2.768051e-01 1.453332e-01 -1.208895e+00 -1.245238e+00
0.000000e+00 1.547633e+00 5.509251e-01 2.768051e-01 8.428768e-01 1.185492e+00 1.136073e+00
0.000000e+00 7.751877e-01 -1.294276e+00 1.456205e+00 4.941050e-01 -7.404278e-01 -8.149080e-01
0.000000e+00 -1.542149e+00 1.531188e+00 2.768051e-01 1.540420e+00 8.731809e-01 8.703941e-01
0.000000e+00 1.161410e+00 4.356000e-01 1.456205e+00 -1.598526e+00 8.211290e-01 8.601303e-01
0.000000e+00 2.742182e-03 -7.753131e-01 -1.492294e+00 -9.009822e-01 -5.842721e-01 -7.997831e-01
0.000000e+00 1.547633e+00 -6.599880e-01 -3.128947e-01 -9.009822e-01 9.240252e-02 -5.134593e-02
0.000000e+00 2.742182e-03 1.472874e-01 1.456205e+00 -9.009822e-01 9.240252e-02 1.711336e-01
0.000000e+00 2.742182e-03 -8.906381e-01 -3.128947e-01 -5.522104e-01 -7.404278e-01 -8.458567e-01
0.000000e+00 -1.155926e+00 8.392377e-01 8.665048e-01 -1.598526e+00 3.526620e-01 3.164026e-01
0.000000e+00 -7.697033e-01 3.196234e-02 -1.492294e+00 -1.249754e+00 -3.760645e-01 -3.654034e-01
0.000000e+00 1.547633e+00 -5.446629e-01 -9.025945e-01 -2.034386e-01 1.965063e-01 5.013208e-02
0.000000e+00 7.751877e-01 -1.582588e+00 2.768051e-01 1.453332e-01 -1.104791e+00 -1.139370e+00
0.000000e+00 -1.542149e+00 -1.640251e+00 8.665048e-01 1.191649e+00 -1.989673e+00 -2.026368e+00
0.000000e+00 -7.697033e-01 2.626125e-01 -9.025945e-01 -1.249754e+00 -6.375316e-02 -1.288731e-01
0.000000e+00 -1.155926e+00 6.085876e-01 -3.128947e-01 1.191649e+00 -1.170127e-02 1.367009e-01
0.000000e+00 -1.542149e+00 1.646513e+00 -9.025945e-01 4.941050e-01 9.252328e-01 8.960617e-01
0.000000e+00 1.547633e+00 -8.329756e-01 2.768051e-01 1.191649e+00 -2.719607e-01 -1.241337e-01
0.000000e+00 1.161410e+00 1.473526e+00 2.768051e-01 -5.522104e-01 1.862167e+00 1.793955e+00
0.000000e+00 2.742182e-03 8.392377e-01 1.456205e+00 4.941050e-01 9.252328e-01 8.471502e-01
0.000000e+00 -1.155926e+00 1.185213e+00 1.456205e+00 -1.598526e+00 7.690771e-01 6.588004e-01
0.000000e+00 -1.542149e+00 1.646513e+00 -3.128947e-01 8.428768e-01 9.772847e-01 9.310601e-01
0.000000e+00 7.751877e-01 1.127550e+00 2.768051e-01 4.941050e-01 1.601907e+00 1.358717e+00
0.000000e+00 -1.155926e+00 -5.446629e-01 -1.492294e+00 4.941050e-01 -1.104791e+00 -9.919704e-01
0.000000e+00 -1.542149e+00 -1.063626e+00 8.665048e-01 -1.249754e+00 -1.573258e+00 -1.568452e+00
0.000000e+00 -1.155926e+00 -1.410252e-01 -3.128947e-01 1.540420e+00 -4.281164e-01 -5.412345e-01
0.000000e+00 7.751877e-01 -1.063626e+00 -3.128947e-01 1.191649e+00 -5.322202e-01 -6.571534e-01
0.000000e+00 7.751877e-01 1.472874e-01 -9.025945e-01 8.428768e-01 3.526620e-01 4.194563e-01
0.000000e+00 3.889649e-01 -6.023255e-01 -3.128947e-01 -1.598526e+00 -3.240126e-01 -4.635524e-01
0.000000e+00 2.742182e-03 5.509251e-01 8.665048e-01 -1.598526e+00 3.526620e-01 4.964682e-01
0.000000e+00 -7.697033e-01 1.069888e+00 -1.492294e+00 -2.034386e-01 5.088177e-01 6.180125e-01
0.000000e+00 -7.697033e-01 -5.446629e-01 -9.025945e-01 -1.249754e+00 -7.924797e-01 -8.699452e-01
0.000000e+00 1.547633e+00 1.704176e+00 8.665048e-01 -1.598526e+00 2.174478e+00 2.148121e+00
0.000000e+00 -3.834806e-01 1.242875e+00 1.456205e+00 1.540420e+00 1.237544e+00 1.100051e+00
0.000000e+00 1.547633e+00 1.358200e+00 -3.128947e-01 8.428768e-01 1.966271e+00 1.852349e+00
0.000000e+00 -3.834806e-01 4.932626e-01 2.768051e-01 -5.522104e-01 2.485582e-01 3.011033e-01
0.000000e+00 -1.155926e+00 6.085876e-01 1.456205e+00 -1.249754e+00 3.006101e-01 1.396662e-01
0.000000e+00 -3.834806e-01 1.069888e+00 2.768051e-01 -2.034386e-01 9.252328e-01 8.406435e-01
0.000000e+00 3.889649e-01 1.646513e+00 8.665048e-01 1.453332e-01 1.758063e+00 1.701469e+00
0.000000e+00 3.889649e-01 6.662501e-01 -1.492294e+00 8.428768e-01 8.211290e-01 7.228196e-01
0.000000e+00 2.742182e-03 3.202750e-01 2.768051e-01 4.941050e-01 3.006101e-01 3.211559e-01
0.000000e+00 -1.542149e+00 -4.870004e-01 8.665048e-01 4.941050e-01 -8.445316e-01 -9.880997e-01
0.000000e+00 -7.697033e-01 -2.563503e-01 -9.025945e-01 -1.598526e+00 -5.842721e-01 -6.154796e-01
0.000000e+00 2.742182e-03 -1.351938e+00 -3.128947e-01 -9.009822e-01 -1.208895e+00 -1.279529e+00
0.000000e+00 3.889649e-01 -1.351938e+00 -1.492294e+00 -9.009822e-01 -1.052739e+00 -1.180876e+00
0.000000e+00 -1.542149e+00 -1.294276e+00 -1.492294e+00 4.941050e-01 -1.833518e+00 -1.828353e+00
0.000000e+00 1.547633e+00 -2.563503e-01 -9.025945e-01 -1.249754e+00 3.526620e-01 2.841917e-01
0.000000e+00 -7.697033e-01 -3.716754e-01 -1.492294e+00 1.540420e+00 -6.883759e-01 -6.543155e-01
0.000000e+00 -7.697033e-01 -3.716754e-01 8.665048e-01 4.941050e-01 -6.363240e-01 -5.857428e-01
0.000000e+00 -1.155926e+00 5.509251e-01 -1.492294e+00 1.191649e+00 4.035063e-02 3.417631e-02
0.000000e+00 1.161410e+00 1.012225e+00 -1.492294e+00 -1.598526e+00 1.237544e+00 1.265490e+00
0.000000e+00 -7.697033e-01 -1.063626e+00 -1.492294e+00 -1.249754e+00 -1.312999e+00 -1.371144e+00
0.000000e+00 3.889649e-01 9.545628e-01 8.665048e-01 1.453332e-01 9.252328e-01 1.066264e+00
0.000000e+00 -1.155926e+00 -1.294276e+00 1.456205e+00 -1.249754e+00 -1.573258e+00 -1.607147e+00
0.000000e+00 7.751877e-01 1.358200e+00 -3.128947e-01 -1.249754e+00 1.497804e+00 1.494642e+00
0.000000e+00 -3.834806e-01 -1.236613e+00 2.768051e-01 -2.034386e-01 -1.469154e+00 -1.276705e+00
0.000000e+00 1.547633e+00 -1.582588e+00 1.456205e+00 4.941050e-01 -7.404278e-01 -7.830872e-01
0.000000e+00 1.547633e+00 1.358200e+00 -1.492294e+00 -5.522104e-01 1.914219e+00 1.761946e+00
0.000000e+00 7.751877e-01 -5.446629e-01 -9.025945e-01 1.453332e-01 -1.158051e-01 -2.361544e-01
0.000000e+00 1.161410e+00 3.196234e-02 -9.025945e-01 -9.009822e-01 4.047139e-01 4.108186e-01
0.000000e+00 -7.697033e-01 1.012225e+00 8.665048e-01 -5.522104e-01 6.129215e-01 6.540575e-01
0.000000e+00 2.742182e-03 9.545628e-01 -3.128947e-01 -5.522104e-01 9.772847e-01 8.480224e-01
0.000000e+00 -1.155926e+00 -3.716754e-01 -1.492294e+00 -5.522104e-01 -9.486353e-01 -8.637782e-01
0.000000e+00 7.751877e-01 -1.524926e+00 8.665048e-01 -1.598526e+00 -1.156843e+00 -1.112656e+00
0.000000e+00 1.161410e+00 -6.023255e-01 2.768051e-01 -5.522104e-01 1.444544e-01 -1.116585e-01
0.000000e+00 1.547633e+00 -8.329756e-01 -3.128947e-01 -5.522104e-01 -1.170127e-02 -1.999441e-01
0.000000e+00 7.751877e-01 -1.178951e+00 -3.128947e-01 1.453332e-01 -7.924797e-01 -7.936299e-01
0.000000e+00 1.161410e+00 7.239127e-01 8.665048e-01 1.191649e+00 1.237544e+00 1.181627e+00
0.000000e+00 1.547633e+00 -2.563503e-01 1.456205e+00 1.540420e+00 6.649733e-01 4.649974e-01
0.000000e+00 3.889649e-01 -8.336272e-02 -9.025945e-01 1.453332e-01 9.240252e-02 3.907069e-02
0.000000e+00 -1.155926e+00 -1.467263e+00 1.456205e+00 1.453332e-01 -1.833518e+00 -1.725136e+00
0.000000e+00 -1.155926e+00 -1.121288e+00 -3.128947e-01 4.941050e-01 -1.417102e+00 -1.471717e+00
0.000000e+00 -3.834806e-01 -8.336272e-02 -9.025945e-01 4.941050e-01 -2.719607e-01 -2.472157e-01
0.000000e+00 1.547633e+00 8.392377e-01 -3.128947e-01 -1.598526e+00 1.289596e+00 1.304525e+00
0.000000e+00 7.751877e-01 -8.906381e-01 -3.128947e-01 8.428768e-01 -5.842721e-01 -5.085553e-01
0.000000e+00 -1.155926e+00 -1.409601e+00 -3.128947e-01 -1.598526e+00 -1.885569e+00 -1.797603e+00
0.000000e+00 1.161410e+00 1.012225e+00 2.768051e-01 1.191649e+00 1.341648e+00 1.421501e+00
0.000000e+00 7.751877e-01 -8.906381e-01 -9.025945e-01 -5.522104e-01 -4.801683e-01 -5.741627e-01
0.000000e+00 1.547633e+00 7.239127e-01 2.768051e-01 1.191649e+00 1.445752e+00 1.305077e+00
0.000000e+00 1.161410e+00 -6.023255e-01 -9.025945e-01 8.428768e-01 1.444544e-01 -1.204374e-01
0.000000e+00 -7.697033e-01 2.049499e-01 2.768051e-01 1.191649e+00 -1.158051e-01 -6.079502e-02
0.000000e+00 -1.542149e+00 1.704176e+00 2.768051e-01 1.453332e-01 9.252328e-01 9.883833e-01
0.000000e+00 -1.155926e+00 1.704176e+00 2.768051e-01 1.191649e+00 1.237544e+00 1.167237e+00
0.000000e+00 -1.155926e+00 -1.640251e+00 8.665048e-01 -5.522104e-01 -2.093777e+00 -1.929138e+00
0.000000e+00 -3.834806e-01 7.815752e-01 2.768051e-01 -9.009822e-01 3.526620e-01 5.555689e-01
0.000000e+00 3.889649e-01 -8.329756e-01 1.456205e+00 -9.009822e-01 -4.801683e-01 -5.804950e-01
0.000000e+00 -3.834806e-01 -6.599880e-01 1.456205e+00 8.428768e-01 -7.404278e-01 -6.671683e-01
0.000000e+00 1.547633e+00 2.049499e-01 -3.128947e-01 -1.249754e+00 6.649733e-01 7.324569e-01
0.000000e+00 -3.834806e-01 1.069888e+00 -1.492294e+00 1.453332e-01 8.731809e-01 7.764602e-01
0.000000e+00 3.889649e-01 -9.483006e-01 2.768051e-01 1.191649e+00 -6.363240e-01 -6.747353e-01
0.000000e+00 3.889649e-01 -3.716754e-01 -1.492294e+00 1.191649e+00 -2.199088e-01 -2.197843e-01
0.000000e+00 -1.542149e+00 -1.410252e-01 -1.492294e+00 8.428768e-01 -8.965834e-01 -7.594760e-01
0.000000e+00 1.161410e+00 1.012225e+00 -3.128947e-01 8.428768e-01 1.289596e+00 1.386502e+00
0.000000e+00 -7.697033e-01 8.962487e-02 -1.492294e+00 -1.598526e+00 -3.760645e-01 -3.226727e-01
0.000000e+00 3.889649e-01 3.779375e-01 -1.492294e+00 4.941050e-01 4.047139e-01 4.479480e-01
0.000000e+00 -7.697033e-01 -1.178951e+00 1.456205e+00 -1.598526e+00 -1.260947e+00 -1.363237e+00
0.000000e+00 -1.155926e+00 1.069888e+00 -1.492294e+00 1.191649e+00 5.608696e-01 5.105798e-01
0.000000e+00 2.742182e-03 8.392377e-01 -9.025945e-01 -9.009822e-01 7.170252e-01 7.071565e-01
0.000000e+00 -1.542149e+00 1.012225e+00 2.768051e-01 -1.598526e+00 3.526620e-01 3.021637e-01
0.000000e+00 1.547633e+00 -1.236613e+00 2.768051e-01 8.428768e-01 -3.240126e-01 -5.048727e-01
0.000000e+00 7.751877e-01 -3.716754e-01 -1.492294e+00 4.941050e-01 -6.375316e-02 -9.194563e-02
0.000000e+00 -7.697033e-01 3.202750e-01 -3.128947e-01 -1.249754e+00 9.240252e-02 -5.114399e-02
0.000000e+00 -3.834806e-01 1.473526e+00 -9.025945e-01 4.941050e-01 1.133440e+00 1.181995e+00
0.000000e+00 3.889649e-01 -8.336272e-02 -3.128947e-01 -2.034386e-01 4.035063e-02 5.366311e-02
0.000000e+00 -7.697033e-01 1.704176e+00 -3.128947e-01 4.941050e-01 1.237544e+00 1.270280e+00
0.000000e+00 7.751877e-01 -8.336272e-02 -1.492294e+00 1.540420e+00 2.485582e-01 2.033320e-01
0.000000e+00 3.889649e-01 1.588851e+00 8.665048e-01 4.941050e-01 1.706011e+00 1.658738e+00
0.000000e+00 1.547633e+00 1.012225e+00 -1.492294e+00 -1.249754e+00 1.445752e+00 1.423938e+00
0.000000e+00 2.742182e-03 -4.293379e-01 1.456205e+00 -1.249754e+00 -6.363240e-01 -3.684066e-01
0.000000e+00 -3.834806e-01 -1.986878e-01 8.665048e-01 4.941050e-01 -3.760645e-01 -2.786969e-01
0.000000e+00 -7.697033e-01 3.196234e-02 -9.025945e-01 -9.009822e-01 -2.719607e-01 -3.304050e-01
0.000000e+00 -1.542149e+00 7.239127e-01 8.665048e-01 -5.522104e-01 3.006101e-01 9.289947e-02
0.000000e+00 -7.697033e-01 -1.351938e+00 -1.492294e+00 4.941050e-01 -1.625310e+00 -1.584798e+00
0.000000e+00 -7.697033e-01 1.069888e+00 -1.492294e+00 -1.249754e+00 8.211290e-01 5.874035e-01
0.000000e+00 7.751877e-01 1.358200e+00 -3.128947e-01 -1.249754e+00 1.341648e+00 1.494642e+00
0.000000e+00 7.751877e-01 8.392377e-01 -1.492294e+00 1.191649e+00 1.081388e+00 1.040068e+00
0.000000e+00 -1.542149e+00 -1.524926e+00 1.456205e+00 -1.598526e+00 -1.989673e+00 -1.977329e+00
0.000000e+00 -7.697033e-01 -9.483006e-01 -1.492294e+00 -9.009822e-01 -1.312999e+00 -1.255074e+00
0.000000e+00 1.161410e+00 6.662501e-01 2.768051e-01 1.540420e+00 1.185492e+00 1.114101e+00
0.000000e+00 1.547633e+00 6.662501e-01 2.768051e-01 -5.522104e-01 1.185492e+00 1.201128e+00
0.000000e+00 7.751877e-01 -1.178951e+00 -3.128947e-01 -2.034386e-01 -9.486353e-01 -8.038329e-01
0.000000e+00 7.751877e-01 1.646513e+00 8.665048e-01 -9.009822e-01 1.601907e+00 1.819104e+00
0.000000e+00 1.161410e+00 7.815752e-01 8.665048e-01 1.191649e+00 1.133440e+00 1.234561e+00
0.000000e+00 3.889649e-01 2.049499e-01 2.768051e-01 -2.034386e-01 4.047139e-01 3.431271e-01
0.000000e+00 -7.697033e-01 -2.563503e-01 1.456205e+00 4.941050e-01 -4.801683e-01 -4.550799e-01
0.000000e+00 -1.542149e+00 -4.293379e-01 -9.025945e-01 4.941050e-01 -8.965834e-01 -1.009552e+00
0.000000e+00 7.751877e-01 -1.236613e+00 1.456205e+00 1.191649e+00 -7.404278e-01 -7.415683e-01
0.000000e+00 -1.542149e+00 3.779375e-01 2.768051e-01 -1.249754e+00 -2.199088e-01 -2.699043e-01
0.000000e+00 -1.542149e+00 -1.294276e+00 1.456205e+00 -9.009822e-01 -1.625310e+00 -1.745188e+00
0.000000e+00 1.547633e+00 1.300538e+00 -9.025945e-01 -5.522104e-01 1.706011e+00 1.733808e+00
0.000000e+00 7.751877e-01 -9.483006e-01 8.665048e-01 8.428768e-01 -2.719607e-01 -5.118981e-01
0.000000e+00 -3.834806e-01 -1.351938e+00 2.768051e-01 -1.598526e+00 -1.312999e+00 -1.423385e+00
0.000000e+00 3.889649e-01 -1.351938e+00 -1.492294e+00 1.191649e+00 -1.208895e+00 -1.119658e+00
0.000000e+00 -1.542149e+00 -1.236613e+00 -9.025945e-01 -2.034386e-01 -1.937621e+00 -1.771030e+00
0.000000e+00 7.751877e-01 -1.582588e+00 -9.025945e-01 -5.522104e-01 -1.365050e+00 -1.209367e+00
0.000000e+00 3.889649e-01 -9.483006e-01 -9.025945e-01 8.428768e-01 -7.404278e-01 -7.345291e-01
0.000000e+00 -3.834806e-01 -7.753131e-01 8.665048e-01 1.191649e+00 -9.486353e-01 -7.876281e-01
0.000000e+00 7.751877e-01 1.127550e+00 1.456205e+00 -9.009822e-01 1.549856e+00 1.367496e+00
0.000000e+00 -7.697033e-01 7.815752e-01 -3.128947e-01 -5.522104e-01 6.129215e-01 3.927318e-01
0.000000e+00 -1.542149e+00 -4.870004e-01 -1.492294e+00 -1.598526e+00 -1.312999e+00 -1.148499e+00
0.000000e+00 -3.834806e-01 8.969003e-01 2.768051e-01 -9.009822e-01 7.170252e-01 6.614364e-01
0.000000e+00 -7.697033e-01 -2.563503e-01 1.456205e+00 1.540420e+00 -6.363240e-01 -4.244709e-01
0.000000e+00 -1.542149e+00 1.588851e+00 -9.025945e-01 -2.034386e-01 8.731809e-01 8.227220e-01
0.000000e+00 -1.155926e+00 -1.410252e-01 8.665048e-01 8.428768e-01 -4.281164e-01 -5.120496e-01
0.000000e+00 2.742182e-03 8.392377e-01 -9.025945e-01 -1.598526e+00 7.170252e-01 6.867505e-01
0.000000e+00 1.161410e+00 -9.483006e-01 1.456205e+00 -1.598526e+00 -3.760645e-01 -4.102790e-01
0.000000e+00 -1.542149e+00 -1.236613e+00 2.768051e-01 -9.009822e-01 -1.833518e+00 -1.741845e+00
0.000000e+00 -3.834806e-01 1.185213e+00 -1.492294e+00 1.191649e+00 9.252328e-01 9.129367e-01
0.000000e+00 -3.834806e-01 -2.563503e-01 -9.025945e-01 1.191649e+00 -3.240126e-01 -3.856109e-01
0.000000e+00 2.742182e-03 -1.640251e+00 8.665048e-01 -1.598526e+00 -1.521206e+00 -1.515013e+00
0.000000e+00 7.751877e-01 -1.121288e+00 8.665048e-01 -5.522104e-01 -5.842721e-01 -7.115113e-01
0.000000e+00 1.161410e+00 -7.753131e-01 -3.128947e-01 8.428768e-01 -3.240126e-01 -2.544431e-01
0.000000e+00 3.889649e-01 2.049499e-01 8.665048e-01 -1.249754e+00 3.006101e-01 3.373136e-01
0.000000e+00 -1.542149e+00 -6.599880e-01 -3.128947e-01 -5.522104e-01 -1.417102e+00 -1.227101e+00
0.000000e+00 7.751877e-01 4.932626e-01 -1.492294e+00 4.941050e-01 9.772847e-01 7.020602e-01
0.000000e+00 -7.697033e-01 -7.176505e-01 2.768051e-01 4.941050e-01 -1.156843e+00 -9.281405e-01
0.000000e+00 3.889649e-01 -1.005963e+00 -3.128947e-01 -2.034386e-01 -6.883759e-01 -7.932764e-01
0.000000e+00 1.161410e+00 -1.467263e+00 -9.025945e-01 4.941050e-01 -8.445316e-01 -9.246462e-01
0.000000e+00 7.751877e-01 1.127550e+00 1.456205e+00 1.453332e-01 1.393700e+00 1.398105e+00
0.000000e+00 3.889649e-01 -4.293379e-01 -9.025945e-01 -1.249754e+00 -3.760645e-01 -3.193436e-01
0.000000e+00 1.547633e+00 1.588851e+00 2.768051e-01 1.191649e+00 2.070374e+00 2.099083e+00
0.000000e+00 1.547633e+00 1.473526e+00 8.665048e-01 -2.034386e-01 1.914219e+00 1.977199e+00
0.000000e+00 -1.542149e+00 -3.716754e-01 1.456205e+00 -1.249754e+00 -1.000687e+00 -9.084518e-01
0.000000e+00 -1.542149e+00 -8.336272e-02 -9.025945e-01 1.453332e-01 -9.486353e-01 -7.021529e-01
0.000000e+00 -1.542149e+00 1.012225e+00 1.456205e+00 1.540420e+00 5.088177e-01 4.435815e-01
0.000000e+00 1.161410e+00 9.545628e-01 -3.128947e-01 -2.034386e-01 1.393700e+00 1.302960e+00
0.000000e+00 7.751877e-01 -1.294276e+00 2.768051e-01 -1.249754e+00 -9.486353e-01 -9.155139e-01
0.000000e+00 -7.697033e-01 -2.563503e-01 -9.025945e-01 1.540420e+00 -5.322202e-01 -5.236526e-01
0.000000e+00 -1.155926e+00 -8.906381e-01 8.665048e-01 1.540420e+00 -1.104791e+00 -1.179782e+00
0.000000e+00 -3.834806e-01 1.531188e+00 1.456205e+00 4.941050e-01 1.185492e+00 1.334110e+00
0.000000e+00 -7.697033e-01 -1.697914e+00 8.665048e-01 1.540420e+00 -1.937621e+00 -1.772609e+00
0.000000e+00 7.751877e-01 -1.410252e-01 1.456205e+00 -1.249754e+00 1.965063e-01 1.927514e-01
0.000000e+00 1.161410e+00 1.069888e+00 -9.025945e-01 4.941050e-01 1.393700e+00 1.404438e+00
0.000000e+00 3.889649e-01 9.545628e-01 2.768051e-01 1.453332e-01 1.029337e+00 1.041468e+00
0.000000e+00 -7.697033e-01 8.969003e-01 -1.492294e+00 -5.522104e-01 5.088177e-01 4.490084e-01
0.000000e+00 3.889649e-01 -9.483006e-01 -9.025945e-01 -5.522104e-01 -7.924797e-01 -7.753411e-01
0.000000e+00 -1.155926e+00 6.662501e-01 8.665048e-01 1.453332e-01 2.485582e-01 2.086165e-01
0.000000e+00 7.751877e-01 2.049499e-01 -1.492294e+00 1.191649e+00 6.129215e-01 4.577976e-01
0.000000e+00 7.751877e-01 1.646513e+00 2.768051e-01 1.540420e+00 2.070374e+00 1.865730e+00
0.000000e+00 -3.834806e-01 3.196234e-02 8.665048e-01 1.453332e-01 4.035063e-02 -7.716503e-02
0.000000e+00 1.161410e+00 -1.409601e+00 2.768051e-01 1.453332e-01 -1.052739e+00 -8.323246e-01
0.000000e+00 -3.834806e-01 1.069888e+00 1.456205e+00 -1.598526e+00 9.252328e-01 8.494224e-01
0.000000e+00 7.751877e-01 -1.467263e+00 -9.025945e-01 -2.034386e-01 -9.486353e-01 -1.093297e+00
0.000000e+00 -3.834806e-01 3.196234e-02 2.768051e-01 -1.598526e+00 -1.158051e-01 -1.529754e-01
0.000000e+00 2.742182e-03 3.779375e-01 8.665048e-01 1.191649e+00 3.526620e-01 4.192910e-01
0.000000e+00 7.751877e-01 -8.906381e-01 -9.025945e-01 1.540420e+00 -5.842721e-01 -5.129447e-01
0.000000e+00 -7.697033e-01 -8.906381e-01 8.665048e-01 -5.522104e-01 -1.000687e+00 -1.092755e+00
0.000000e+00 2.742182e-03 1.242875e+00 8.665048e-01 -1.249754e+00 1.081388e+00 1.141876e+00
0.000000e+00 -7.697033e-01 7.239127e-01 -1.492294e+00 1.191649e+00 2.485582e-01 3.412222e-01
0.000000e+00 2.742182e-03 -1.467263e+00 -3.128947e-01 1.453332e-01 -1.417102e+00 -1.354788e+00
0.000000e+00 -7.697033e-01 -1.410252e-01 2.768051e-01 1.540420e+00 -3.760645e-01 -3.681943e-01
0.000000e+00 7.751877e-01 1.472874e-01 2.768051e-01 -9.009822e-01 3.526620e-01 4.180321e-01
0.000000e+00 -1.542149e+00 -1.121288e+00 -1.492294e+00 -1.249754e+00 -1.885569e+00 -1.720567e+00
0.000000e+00 1.547633e+00 7.239127e-01 1.456205e+00 1.453332e-01 1.289596e+00 1.324059e+00
0.000000e+00 1.547633e+00 -1.409601e+00 2.768051e-01 1.540420e+00 -4.801683e-01 -6.432679e-01
0.000000e+00 2.742182e-03 -4.293379e-01 -1.492294e+00 1.453332e-01 -4.281164e-01 -4.515718e-01
0.000000e+00 1.547633e+00 5.509251e-01 2.768051e-01 1.191649e+00 1.237544e+00 1.146276e+00
0.000000e+00 3.889649e-01 -1.640251e+00 2.768051e-01 -2.034386e-01 -1.469154e+00 -1.350752e+00
0.000000e+00 2.742182e-03 -8.906381e-01 8.665048e-01 1.191649e+00 -6.363240e-01 -7.452508e-01
0.000000e+00 -7.697033e-01 -4.293379e-01 -1.492294e+00 -2.034386e-01 -6.363240e-01 -7.582642e-01
0.000000e+00 1.161410e+00 -4.870004e-01 1.456205e+00 -1.249754e+00 4.035063e-02 2.339379e-02
0.000000e+00 -3.834806e-01 -1.236613e+00 2.768051e-01 -1.598526e+00 -1.469154e+00 -1.317517e+00
0.000000e+00 -7.697033e-01 9.545628e-01 1.456205e+00 1.191649e+00 7.690771e-01 6.769342e-01
0.000000e+00 3.889649e-01 5.509251e-01 -3.128947e-01 1.540420e+00 7.690771e-01 6.869490e-01
0.000000e+00 1.161410e+00 -2.570019e-02 -1.492294e+00 4.941050e-01 3.006101e-01 3.739014e-01
0.000000e+00 1.547633e+00 -8.329756e-01 -1.492294e+00 -9.009822e-01 -1.158051e-01 -2.597379e-01
0.000000e+00 3.889649e-01 1.646513e+00 -1.492294e+00 1.453332e-01 1.653959e+00 1.602287e+00
0.000000e+00 2.742182e-03 8.969003e-01 8.665048e-01 1.540420e+00 6.649733e-01 9.058975e-01
0.000000e+00 -1.155926e+00 9.545628e-01 -1.492294e+00 -5.522104e-01 3.006101e-01 3.536974e-01
0.000000e+00 -1.155926e+00 1.242875e+00 8.665048e-01 1.191649e+00 7.690771e-01 7.685627e-01
0.000000e+00 1.547633e+00 -2.570019e-02 -3.128947e-01 -1.249754e+00 5.088177e-01 5.207220e-01
0.000000e+00 -1.155926e+00 8.392377e-01 -9.025945e-01 -5.522104e-01 3.006101e-01 2.726253e-01
0.000000e+00 -1.155926e+00 -1.236613e+00 8.665048e-01 -1.598526e+00 -1.469154e+00 -1.589211e+00
0.000000e+00 -7.697033e-01 -1.697914e+00 2.768051e-01 4.941050e-01 -1.729414e+00 -1.828014e+00
0.000000e+00 -7.697033e-01 1.646513e+00 -1.492294e+00 -5.522104e-01 1.341648e+00 1.137147e+00
0.000000e+00 -3.834806e-01 4.356000e-01 -9.025945e-01 -2.034386e-01 2.485582e-01 2.087817e-01
0.000000e+00 7.751877e-01 -1.294276e+00 8.665048e-01 -1.598526e+00 -7.404278e-01 -9.009214e-01
0.000000e+00 1.547633e+00 1.646513e+00 1.456205e+00 -1.249754e+00 2.226530e+00 2.130186e+00
0.000000e+00 -1.155926e+00 1.646513e+00 1.456205e+00 -5.522104e-01 1.237544e+00 1.112879e+00
0.000000e+00 -3.834806e-01 1.242875e+00 2.768051e-01 -1.249754e+00 1.133440e+00 9.688357e-01
0.000000e+00 1.547633e+00 -7.176505e-01 -9.025945e-01 -1.598526e+00 -2.199088e-01 -1.494811e-01
0.000000e+00 -1.155926e+00 -1.986878e-01 -3.128947e-01 1.540420e+00 -6.363240e-01 -5.941682e-01
0.000000e+00 -1.542149e+00 -7.176505e-01 8.665048e-01 -1.598526e+00 -1.469154e+00 -1.261053e+00
0.000000e+00 1.161410e+00 8.962487e-02 1.456205e+00 1.453332e-01 7.170252e-01 5.935430e-01
0.000000e+00 1.547633e+00 1.588851e+00 1.456205e+00 -1.249754e+00 2.226530e+00 2.077252e+00
0.000000e+00 7.751877e-01 1.069888e+00 8.665048e-01 -9.009822e-01 1.289596e+00 1.289767e+00
0.000000e+00 1.161410e+00 8.962487e-02 1.456205e+00 -2.034386e-01 6.649733e-01 5.833400e-01
0.000000e+00 -3.834806e-01 1.300538e+00 -3.128947e-01 -9.009822e-01 1.081388e+00 1.007177e+00
0.000000e+00 -3.834806e-01 1.012225e+00 1.456205e+00 1.453332e-01 8.731809e-01 8.475036e-01
0.000000e+00 -1.155926e+00 8.392377e-01 8.665048e-01 4.941050e-01 4.567658e-01 3.776206e-01
0.000000e+00 1.161410e+00 1.358200e+00 -1.492294e+00 1.540420e+00 1.653959e+00 1.674920e+00
0.000000e+00 -1.155926e+00 3.202750e-01 1.456205e+00 1.453332e-01 -1.158051e-01 -8.419044e-02
0.000000e+00 1.547633e+00 3.202750e-01 8.665048e-01 -1.249754e+00 8.211290e-01 8.879152e-01
0.000000e+00 -3.834806e-01 -5.446629e-01 -1.492294e+00 1.191649e+00 -7.924797e-01 -6.750749e-01
0.000000e+00 -1.542149e+00 8.969003e-01 1.456205e+00 -1.249754e+00 1.444544e-01 2.560901e-01
0.000000e+00 -3.834806e-01 8.962487e-02 1.456205e+00 1.453332e-01 -1.170127e-02 5.641137e-04
0.000000e+00 -7.697033e-01 3.196234e-02 8.665048e-01 1.191649e+00 -2.719607e-01 -1.948008e-01
0.000000e+00 3.889649e-01 3.779375e-01 2.768051e-01 1.191649e+00 4.567658e-01 5.427403e-01
0.000000e+00 7.751877e-01 -8.329756e-01 2.768051e-01 -1.249754e+00 -5.842721e-01 -4.920441e-01
0.000000e+00 1.161410e+00 8.969003e-01 -9.025945e-01 1.191649e+00 1.237544e+00 1.266042e+00
0.000000e+00 -1.155926e+00 8.969003e-01 2.768051e-01 8.428768e-01 5.088177e-01 4.159619e-01
0.000000e+00 3.889649e-01 -9.483006e-01 -3.128947e-01 4.941050e-01 -9.486353e-01 -7.199367e-01
0.000000e+00 3.889649e-01 1.531188e+00 -9.025945e-01 8.428768e-01 1.549856e+00 1.541621e+00
0.000000e+00 2.742182e-03 -3.716754e-01 2.768051e-01 1.540420e+00 -3.760645e-01 -2.834398e-01
0.000000e+00 7.751877e-01 -3.140128e-01 -1.492294e+00 8.428768e-01 -1.170127e-02 -2.880891e-02
0.000000e+00 -7.697033e-01 8.969003e-01 8.665048e-01 -1.598526e+00 4.567658e-01 5.175811e-01
0.000000e+00 -3.834806e-01 1.185213e+00 2.768051e-01 1.191649e+00 9.772847e-01 9.873229e-01
0.000000e+00 1.547633e+00 2.626125e-01 -1.492294e+00 1.453332e-01 6.129215e-01 7.766117e-01
0.000000e+00 -3.834806e-01 -7.753131e-01 -9.025945e-01 -1.598526e+00 -8.965834e-01 -9.436384e-01
0.000000e+00 -7.697033e-01 8.969003e-01 8.665048e-01 -1.598526e+00 5.088177e-01 5.175811e-01
0.000000e+00 -1.155926e+00 6.662501e-01 2.768051e-01 4.941050e-01 2.485582e-01 1.940240e-01
0.000000e+00 2.742182e-03 8.392377e-01 -9.025945e-01 1.540420e+00 8.731809e-01 7.785775e-01
0.000000e+00 -3.834806e-01 1.358200e+00 2.768051e-01 -1.249754e+00 9.252328e-01 1.074703e+00
0.000000e+00 1.161410e+00 -1.524926e+00 -9.025945e-01 1.453332e-01 -1.104791e+00 -9.877829e-01
0.000000e+00 7.751877e-01 -1.121288e+00 2.768051e-01 -2.034386e-01 -5.322202e-01 -7.261037e-01
0.000000e+00 3.889649e-01 9.545628e-01 -1.492294e+00 -2.034386e-01 1.029337e+00 9.568792e-01
0.000000e+00 -1.155926e+00 -8.906381e-01 -3.128947e-01 1.540420e+00 -1.417102e+00 -1.229373e+00
0.000000e+00 -7.697033e-01 -2.570019e-02 -1.492294e+00 1.453332e-01 -3.760645e-01 -3.775252e-01
0.000000e+00 1.547633e+00 -3.716754e-01 8.665048e-01 8.428768e-01 4.567658e-01 3.139285e-01
0.000000e+00 1.547633e+00 -1.640251e+00 2.768051e-01 -2.034386e-01 -6.883759e-01 -9.060178e-01
0.000000e+00 2.742182e-03 7.239127e-01 -3.128947e-01 8.428768e-01 8.731809e-01 6.770995e-01
0.000000e+00 -7.697033e-01 2.049499e-01 -3.128947e-01 -2.034386e-01 -1.678569e-01 -1.264024e-01
0.000000e+00 -1.155926e+00 -4.293379e-01 8.665048e-01 1.540420e+00 -7.924797e-01 -7.563122e-01
0.000000e+00 1.161410e+00 3.196234e-02 8.665048e-01 1.453332e-01 3.006101e-01 5.158138e-01
0.000000e+00 3.889649e-01 3.779375e-01 -3.128947e-01 8.428768e-01 5.608696e-01 5.077419e-01
0.000000e+00 7.751877e-01 -1.005963e+00 8.665048e-01 -1.249754e+00 -6.363240e-01 -6.260498e-01
0.000000e+00 -1.542149e+00 1.472874e-01 8.665048e-01 4.941050e-01 -3.240126e-01 -4.058287e-01
0.000000e+00 -1.542149e+00 -1.351938e+00 2.768051e-01 -9.009822e-01 -2.041725e+00 -1.847713e+00
0.000000e+00 -1.155926e+00 8.962487e-02 -1.492294e+00 1.191649e+00 -4.801683e-01 -3.892935e-01
0.000000e+00 -7.697033e-01 -1.351938e+00 1.456205e+00 1.540420e+00 -1.417102e+00 -1.430212e+00
0.000000e+00 -1.542149e+00 6.662501e-01 -9.025945e-01 4.941050e-01 9.240252e-02 -3.811537e-03
0.000000e+00 2.742182e-03 4.356000e-01 -3.128947e-01 -9.009822e-01 3.526620e-01 3.614159e-01
0.000000e+00 -7.697033e-01 1.242875e+00 -9.025945e-01 8.428768e-01 1.081388e+00 8.322181e-01
0.000000e+00 -1.542149e+00 7.815752e-01 -3.128947e-01 1.540420e+00 4.035063e-02 1.574603e-01
0.000000e+00 1.161410e+00 -1.005963e+00 -3.128947e-01 -1.249754e+00 -5.842721e-01 -5.273960e-01
0.000000e+00 3.889649e-01 -3.716754e-01 -1.492294e+00 1.540420e+00 -3.240126e-01 -2.095814e-01
0.000000e+00 1.547633e+00 -1.410252e-01 -3.128947e-01 8.428768e-01 4.567658e-01 4.760725e-01
0.000000e+00 -7.697033e-01 8.962487e-02 -3.128947e-01 4.941050e-01 -1.678569e-01 -2.118639e-01
0.000000e+00 1.547633e+00 7.239127e-01 -1.492294e+00 -2.034386e-01 1.237544e+00 1.189878e+00
0.000000e+00 1.547633e+00 -7.176505e-01 8.665048e-01 -5.522104e-01 -1.678569e-01 -4.448581e-02
0.000000e+00 -1.542149e+00 2.049499e-01 1.456205e+00 1.540420e+00 -1.678569e-01 -2.974906e-01
0.000000e+00 -7.697033e-01 1.012225e+00 -9.025945e-01 1.540420e+00 8.211290e-01 6.408892e-01
0.000000e+00 3.889649e-01 2.049499e-01 -3.128947e-01 -1.598526e+00 1.965063e-01 2.775197e-01
0.000000e+00 1.161410e+00 1.185213e+00 -1.492294e+00 -5.522104e-01 1.810115e+00 1.454901e+00
0.000000e+00 -3.834806e-01 4.356000e-01 -3.128947e-01 1.453332e-01 1.444544e-01 2.437802e-01
0.000000e+00 2.742182e-03 -1.697914e+00 -1.492294e+00 1.453332e-01 -1.573258e+00 -1.616114e+00
0.000000e+00 1.547633e+00 7.239127e-01 -9.025945e-01 -1.249754e+00 1.185492e+00 1.184065e+00
0.000000e+00 3.889649e-01 1.127550e+00 2.768051e-01 1.191649e+00 1.133440e+00 1.230879e+00
0.000000e+00 7.751877e-01 6.662501e-01 8.665048e-01 -1.598526e+00 9.252328e-01 8.988251e-01
0.000000e+00 7.751877e-01 3.196234e-02 2.768051e-01 -5.522104e-01 3.006101e-01 3.223677e-01
0.000000e+00 -3.834806e-01 1.127550e+00 -1.492294e+00 -5.522104e-01 8.211290e-01 8.089880e-01
0.000000e+00 -3.834806e-01 1.704176e+00 -3.128947e-01 -1.249754e+00 1.393700e+00 1.367510e+00
0.000000e+00 -3.834806e-01 -1.697914e+00 8.665048e-01 8.428768e-01 -1.573258e+00 -1.644771e+00
0.000000e+00 2.742182e-03 1.185213e+00 -9.025945e-01 -1.249754e+00 1.081388e+00 1.014556e+00
0.000000e+00 2.742182e-03 -8.329756e-01 1.456205e+00 -1.249754e+00 -8.445316e-01 -7.389427e-01
0.000000e+00 1.161410e+00 1.588851e+00 8.665048e-01 -1.249754e+00 1.862167e+00 1.904212e+00
0.000000e+00 1.547633e+00 4.932626e-01 -3.128947e-01 -1.598526e+00 9.252328e-01 9.869225e-01
0.000000e+00 -1.155926e+00 -8.906381e-01 2.768051e-01 -2.034386e-01 -1.104791e+00 -1.255592e+00
0.000000e+00 7.751877e-01 1.472874e-01 -1.492294e+00 -5.522104e-01 4.567658e-01 3.538489e-01
0.000000e+00 -1.542149e+00 -4.293379e-01 2.768051e-01 -1.249754e+00 -1.000687e+00 -1.010976e+00
0.000000e+00 -1.542149e+00 1.300538e+00 8.665048e-01 -1.598526e+00 6.129215e-01 5.916277e-01
0.000000e+00 -3.834806e-01 6.085876e-01 1.456205e+00 -1.598526e+00 4.047139e-01 4.259526e-01
0.000000e+00 7.751877e-01 2.049499e-01 -3.128947e-01 -1.249754e+00 4.567658e-01 4.359674e-01
0.000000e+00 -1.155926e+00 -7.753131e-01 -1.492294e+00 -1.598526e+00 -1.365050e+00 -1.264923e+00
0.000000e+00 -1.155926e+00 -3.140128e-01 -3.128947e-01 1.191649e+00 -7.404278e-01 -7.102386e-01
0.000000e+00 -1.542149e+00 1.473526e+00 -3.128947e-01 -1.249754e+00 7.690771e-01 7.110410e-01
0.000000e+00 -1.155926e+00 6.662501e-01 1.456205e+00 -9.009822e-01 9.240252e-02 2.028029e-01
0.000000e+00 7.751877e-01 -1.409601e+00 8.665048e-01 1.191649e+00 -1.000687e+00 -9.251649e-01
0.000000e+00 1.547633e+00 3.196234e-02 2.768051e-01 -2.034386e-01 6.129215e-01 6.290601e-01
0.000000e+00 3.889649e-01 -1.467263e+00 -3.128947e-01 8.428768e-01 -1.365050e+00 -1.186137e+00
0.000000e+00 -1.155926e+00 5.509251e-01 -3.128947e-01 4.941050e-01 1.444544e-01 6.336116e-02
0.000000e+00 1.547633e+00 5.509251e-01 -3.128947e-01 1.453332e-01 1.133440e+00 1.090871e+00
0.000000e+00 7.751877e-01 -2.570019e-02 -1.492294e+00 -1.249754e+00 2.485582e-01 1.746417e-01
0.000000e+00 -1.542149e+00 -1.467263e+00 -3.128947e-01 -5.522104e-01 -2.041725e+00 -1.968173e+00
0.000000e+00 1.547633e+00 -1.063626e+00 -3.128947e-01 1.191649e+00 -2.719607e-01 -3.606640e-01
0.000000e+00 -1.155926e+00 -1.351938e+00 8.665048e-01 4.941050e-01 -1.573258e+00 -1.633861e+00
0.000000e+00 -3.834806e-01 8.392377e-01 -3.128947e-01 -9.009822e-01 6.649733e-01 5.837072e-01
0.000000e+00 1.547633e+00 -1.005963e+00 1.456205e+00 1.453332e-01 -1.678569e-01 -2.639530e-01
0.000000e+00 -3.834806e-01 1.069888e+00 1.456205e+00 8.428768e-01 8.731809e-01 9.208434e-01
0.000000e+00 -7.697033e-01 -1.524926e+00 -3.128947e-01 8.428768e-01 -1.781466e+00 -1.683805e+00
0.000000e+00 -1.542149e+00 1.127550e+00 1.456205e+00 8.428768e-01 4.047139e-01 5.290429e-01
0.000000e+00 7.751877e-01 6.662501e-01 8.665048e-01 8.428768e-01 9.772847e-01 9.702460e-01
0.000000e+00 3.889649e-01 -1.582588e+00 -1.492294e+00 1.540420e+00 -1.625310e+00 -1.321189e+00
0.000000e+00 -3.834806e-01 -1.063626e+00 1.456205e+00 1.453332e-01 -1.156843e+00 -1.058110e+00
0.000000e+00 3.889649e-01 -1.697914e+00 1.456205e+00 1.540420e+00 -1.365050e+00 -1.303080e+00
0.000000e+00 3.889649e-01 -1.986878e-01 2.768051e-01 -9.009822e-01 -1.158051e-01 -4.781490e-02
0.000000e+00 -3.834806e-01 7.239127e-01 8.665048e-01 1.191649e+00 6.649733e-01 5.886486e-01
0.000000e+00 3.889649e-01 1.127550e+00 1.456205e+00 -9.009822e-01 1.029337e+00 1.219252e+00
0.000000e+00 1.161410e+00 -1.005963e+00 -1.492294e+00 -5.522104e-01 -7.404278e-01 -5.565808e-01
0.000000e+00 -7.697033e-01 -7.753131e-01 2.768051e-01 1.540420e+00 -1.104791e+00 -9.504653e-01
0.000000e+00 -3.834806e-01 -1.294276e+00 -3.128947e-01 -1.598526e+00 -1.365050e+00 -1.395246e+00
0.000000e+00 -1.542149e+00 8.962487e-02 8.665048e-01 -1.249754e+00 -5.842721e-01 -5.097774e-01
0.000000e+00 -3.834806e-01 -6.023255e-01 1.456205e+00 1.453332e-01 -6.883759e-01 -6.346405e-01
0.000000e+00 1.547633e+00 1.185213e+00 -3.128947e-01 -1.598526e+00 1.810115e+00 1.622127e+00
0.000000e+00 1.161410e+00 -7.753131e-01 8.665048e-01 1.191649e+00 -1.678569e-01 -1.946493e-01
0.000000e+00 -3.834806e-01 2.049499e-01 2.768051e-01 8.428768e-01 -1.170127e-02 7.724670e-02
0.000000e+00 7.751877e-01 2.626125e-01 1.456205e+00 -1.249754e+00 4.047139e-01 5.632874e-01
0.000000e+00 -7.697033e-01 2.626125e-01 -1.492294e+00 -1.249754e+00 4.035063e-02 -1.536686e-01
0.000000e+00 1.547633e+00 4.356000e-01 8.665048e-01 8.428768e-01 1.081388e+00 1.055001e+00
0.000000e+00 -3.834806e-01 6.662501e-01 -1.492294e+00 8.428768e-01 3.526620e-01 4.263302e-01
0.000000e+00 -1.155926e+00 -3.716754e-01 -3.128947e-01 -1.598526e+00 -8.445316e-01 -8.447963e-01
0.000000e+00 2.742182e-03 1.358200e+00 -3.128947e-01 -2.034386e-01 1.185492e+00 1.228761e+00
0.000000e+00 -1.155926e+00 -7.176505e-01 2.768051e-01 -1.249754e+00 -1.052739e+00 -1.127400e+00
0.000000e+00 3.889649e-01 1.127550e+00 2.768051e-01 -1.598526e+00 9.772847e-01 1.149255e+00
0.000000e+00 -1.542149e+00 8.969003e-01 -9.025945e-01 -9.009822e-01 1.444544e-01 1.671114e-01
0.000000e+00 3.889649e-01 1.012225e+00 -9.025945e-01 -9.009822e-01 8.731809e-01 1.014202e+00
0.000000e+00 -3.834806e-01 4.932626e-01 2.768051e-01 1.540420e+00 3.526620e-01 3.623213e-01
0.000000e+00 -7.697033e-01 1.472874e-01 1.456205e+00 1.191649e+00 -1.678569e-01 -6.413789e-02
0.000000e+00 -1.155926e+00 1.069888e+00 -3.128947e-01 1.540420e+00 5.088177e-01 5.703736e-01
0.000000e+00 7.751877e-01 -4.293379e-01 -1.492294e+00 -1.598526e+00 -2.719607e-01 -2.060973e-01
0.000000e+00 1.547633e+00 -3.140128e-01 2.768051e-01 -1.249754e+00 3.006101e-01 2.808488e-01
0.000000e+00 -7.697033e-01 3.779375e-01 1.456205e+00 1.191649e+00 9.240252e-02 1.475970e-01
0.000000e+00 3.889649e-01 -1.986878e-01 -1.492294e+00 -2.034386e-01 -2.199088e-01 -1.017952e-01
0.000000e+00 1.547633e+00 -1.697914e+00 -9.025945e-01 1.191649e+00 -9.486353e-01 -9.677303e-01
0.000000e+00 -1.155926e+00 -5.446629e-01 -1.492294e+00 1.453332e-01 -7.924797e-01 -1.002173e+00
0.000000e+00 7.751877e-01 1.646513e+00 2.768051e-01 1.540420e+00 1.862167e+00 1.865730e+00
0.000000e+00 2.742182e-03 1.069888e+00 -3.128947e-01 1.540420e+00 1.133440e+00 1.015108e+00
0.000000e+00 2.742182e-03 -1.178951e+00 2.768051e-01 -9.009822e-01 -1.260947e+00 -1.095933e+00
0.000000e+00 7.751877e-01 3.196234e-02 8.665048e-01 8.428768e-01 3.006101e-01 3.879751e-01
0.000000e+00 1.547633e+00 7.815752e-01 1.456205e+00 1.191649e+00 1.549856e+00 1.407601e+00
0.000000e+00 -3.834806e-01 -3.140128e-01 1.456205e+00 -1.249754e+00 -4.281164e-01 -4.107839e-01
0.000000e+00 1.547633e+00 -6.023255e-01 1.456205e+00 1.191649e+00 9.240252e-02 1.371920e-01
0.000000e+00 1.547633e+00 1.531188e+00 8.665048e-01 -5.522104e-01 2.070374e+00 2.019929e+00
0.000000e+00 -3.834806e-01 -1.640251e+00 8.665048e-01 8.428768e-01 -1.677362e+00 -1.591837e+00
0.000000e+00 -7.697033e-01 1.415863e+00 -3.128947e-01 -2.034386e-01 9.772847e-01 9.852057e-01
0.000000e+00 -1.155926e+00 1.012225e+00 1.456205e+00 1.453332e-01 6.129215e-01 5.510142e-01
0.000000e+00 1.547633e+00 -8.906381e-01 2.768051e-01 -5.522104e-01 -1.678569e-01 -2.280824e-01
0.000000e+00 -1.155926e+00 -1.410252e-01 8.665048e-01 -2.034386e-01 -2.719607e-01 -5.426586e-01
0.000000e+00 3.889649e-01 -1.005963e+00 2.768051e-01 -1.598526e+00 -8.965834e-01 -8.092930e-01
0.000000e+00 2.742182e-03 1.127550e+00 -9.025945e-01 -9.009822e-01 1.081388e+00 9.718251e-01
0.000000e+00 2.742182e-03 1.704176e+00 1.456205e+00 -5.522104e-01 1.706011e+00 1.610547e+00
0.000000e+00 -3.834806e-01 1.242875e+00 8.665048e-01 -1.598526e+00 9.252328e-01 9.834281e-01
0.000000e+00 3.889649e-01 1.358200e+00 8.665048e-01 -9.009822e-01 1.341648e+00 1.406191e+00
0.000000e+00 2.742182e-03 -9.483006e-01 -3.128947e-01 -5.522104e-01 -7.404278e-01 -8.987904e-01
0.000000e+00 -3.834806e-01 1.127550e+00 2.768051e-01 1.191649e+00 8.731809e-01 9.343892e-01
0.000000e+00 1.547633e+00 -1.640251e+00 -3.128947e-01 -9.009822e-01 -8.445316e-01 -9.512192e-01
0.000000e+00 3.889649e-01 2.049499e-01 -3.128947e-01 -9.009822e-01 3.526620e-01 2.979257e-01
0.000000e+00 -7.697033e-01 2.626125e-01 2.768051e-01 -5.522104e-01 -6.375316e-02 -5.887629e-02
0.000000e+00 3.889649e-01 3.779375e-01 -9.025945e-01 1.191649e+00 6.649733e-01 4.931494e-01
0.000000e+00 -1.542149e+00 -3.140128e-01 2.768051e-01 1.191649e+00 -7.924797e-01 -8.336879e-01
0.000000e+00 2.742182e-03 1.012225e+00 -9.025945e-01 -1.598526e+00 8.731809e-01 8.455517e-01
0.000000e+00 3.889649e-01 1.358200e+00 -3.128947e-01 8.428768e-01 1.445752e+00 1.407615e+00
0.000000e+00 1.161410e+00 -8.906381e-01 -9.025945e-01 1.540420e+00 -3.240126e-01 -3.647000e-01
0.000000e+00 1.547633e+00 -1.063626e+00 1.456205e+00 -1.598526e+00 -4.281164e-01 -3.679017e-01
0.000000e+00 -7.697033e-01 -1.236613e+00 -9.025945e-01 -1.249754e+00 -1.469154e+00 -1.505150e+00
0.000000e+00 -1.155926e+00 1.588851e+00 -9.025945e-01 1.540420e+00 1.081388e+00 1.021982e+00
0.000000e+00 -3.834806e-01 3.196234e-02 8.665048e-01 -2.034386e-01 -1.170127e-02 -8.736803e-02
0.000000e+00 1.161410e+00 -9.483006e-01 8.665048e-01 1.453332e-01 -3.240126e-01 -3.840594e-01
0.000000e+00 1.161410e+00 -8.336272e-02 -3.128947e-01 -1.249754e+00 7.170252e-01 3.195436e-01
0.000000e+00 -7.697033e-01 1.300538e+00 2.768051e-01 1.540420e+00 8.731809e-01 9.551487e-01
0.000000e+00 -3.834806e-01 1.012225e+00 -9.025945e-01 -2.034386e-01 5.608696e-01 7.381189e-01
0.000000e+00 -7.697033e-01 7.239127e-01 1.456205e+00 -9.009822e-01 3.526620e-01 4.039813e-01
0.000000e+00 -1.155926e+00 4.356000e-01 8.665048e-01 4.941050e-01 -1.170127e-02 7.084574e-03
0.000000e+00 -3.834806e-01 6.662501e-01 2.768051e-01 -1.598526e+00 5.088177e-01 4.292955e-01
0.000000e+00 3.889649e-01 1.704176e+00 1.456205e+00 -2.034386e-01 1.706011e+00 1.768995e+00
0.000000e+00 2.742182e-03 -1.294276e+00 -9.025945e-01 -9.009822e-01 -1.208895e+00 -1.251391e+00
0.000000e+00 -7.697033e-01 1.012225e+00 2.768051e-01 -1.249754e+00 5.608696e-01 6.088561e-01
0.000000e+00 -1.155926e+00 -1.582588e+00 1.456205e+00 -9.009822e-01 -1.833518e+00 -1.861612e+00
0.000000e+00 1.547633e+00 -1.640251e+00 -1.492294e+00 1.540420e+00 -1.052739e+00 -9.293890e-01
0.000000e+00 -1.542149e+00 -8.329756e-01 1.456205e+00 -5.522104e-01 -1.312999e+00 -1.311516e+00
0.000000e+00 1.547633e+00 -6.599880e-01 1.456205e+00 -1.249754e+00 -6.375316e-02 1.283734e-02
0.000000e+00 -1.542149e+00 -2.570019e-02 -9.025945e-01 -1.249754e+00 -6.883759e-01 -6.900312e-01
0.000000e+00 7.751877e-01 6.085876e-01 2.768051e-01 -9.009822e-01 6.129215e-01 8.415019e-01
0.000000e+00 3.889649e-01 -8.329756e-01 -9.025945e-01 -1.249754e+00 -6.363240e-01 -6.898797e-01
0.000000e+00 7.751877e-01 3.196234e-02 -9.025945e-01 1.453332e-01 2.485582e-01 2.931828e-01
0.000000e+00 -7.697033e-01 1.358200e+00 -1.492294e+00 -1.249754e+00 8.731809e-01 8.520721e-01
0.000000e+00 -7.697033e-01 1.588851e+00 1.456205e+00 -1.598526e+00 1.237544e+00 1.177581e+00
0.000000e+00 -1.542149e+00 -1.410252e-01 2.768051e-01 8.428768e-01 -7.404278e-01 -6.850898e-01
0.000000e+00 -3.834806e-01 -1.524926e+00 -3.128947e-01 1.540420e+00 -1.573258e+00 -1.515154e+00
0.000000e+00 -1.155926e+00 -1.178951e+00 8.665048e-01 -5.522104e-01 -1.677362e+00 -1.505669e+00
0.000000e+00 1.161410e+00 1.185213e+00 -9.025945e-01 -1.249754e+00 1.393700e+00 1.459290e+00
0.000000e+00 -7.697033e-01 8.392377e-01 -9.025945e-01 -5.522104e-01 6.129215e-01 4.208701e-01
0.000000e+00 7.751877e-01 -7.176505e-01 -9.025945e-01 -1.249754e+00 -3.760645e-01 -4.357675e-01
0.000000e+00 7.751877e-01 9.545628e-01 -9.025945e-01 -2.034386e-01 9.772847e-01 1.129919e+00
0.000000e+00 1.547633e+00 8.962487e-02 8.665048e-01 4.941050e-01 7.690771e-01 7.271953e-01
0.000000e+00 3.889649e-01 -2.570019e-02 -3.128947e-01 1.453332e-01 2.485582e-01 1.167998e-01
0.000000e+00 -1.542149e+00 3.202750e-01 -1.492294e+00 -1.249754e+00 -4.801683e-01 -3.972243e-01
0.000000e+00 1.161410e+00 -1.236613e+00 -3.128947e-01 -5.522104e-01 -7.404278e-01 -7.187249e-01
0.000000e+00 -1.542149e+00 3.202750e-01 8.665048e-01 8.428768e-01 -2.719607e-01 -2.368246e-01
0.000000e+00 -7.697033e-01 -8.336272e-02 2.768051e-01 4.941050e-01 -3.240126e-01 -3.458696e-01
0.000000e+00 2.742182e-03 -8.329756e-01 -1.492294e+00 4.941050e-01 -7.924797e-01 -8.119048e-01
0.000000e+00 1.161410e+00 -1.410252e-01 -1.492294e+00 -5.522104e-01 3.006101e-01 2.374250e-01
0.000000e+00 1.547633e+00 -5.446629e-01 2.768051e-01 -1.598526e+00 4.035063e-02 5.891094e-02
0.000000e+00 7.751877e-01 9.545628e-01 1.456205e+00 4.941050e-01 1.393700e+00 1.249507e+00
0.000000e+00 1.547633e+00 1.473526e+00 -9.025945e-01 1.453332e-01 1.706011e+00 1.913015e+00
0.000000e+00 -7.697033e-01 -1.640251e+00 8.665048e-01 8.428768e-01 -1.885569e+00 -1.740082e+00
0.000000e+00 2.742182e-03 1.704176e+00 2.768051e-01 -2.034386e-01 1.758063e+00 1.571159e+00
0.000000e+00 1.161410e+00 1.646513e+00 -3.128947e-01 8.428768e-01 1.914219e+00 1.968773e+00
0.000000e+00 -1.542149e+00 8.969003e-01 -3.128947e-01 1.540420e+00 3.526620e-01 2.633278e-01
0.000000e+00 1.161410e+00 2.626125e-01 1.456205e+00 8.428768e-01 7.690771e-01 7.727501e-01
0.000000e+00 7.751877e-01 1.358200e+00 2.768051e-01 1.191649e+00 1.706011e+00 1.590858e+00
0.000000e+00 -1.542149e+00 -1.410252e-01 8.665048e-01 -1.598526e+00 -6.883759e-01 -7.317153e-01
0.000000e+00 3.889649e-01 1.415863e+00 1.456205e+00 -9.009822e-01 1.758063e+00 1.483920e+00
0.000000e+00 -1.542149e+00 3.202750e-01 1.456205e+00 1.453332e-01 -2.199088e-01 -2.324352e-01
0.000000e+00 -1.155926e+00 3.196234e-02 1.456205e+00 -5.522104e-01 -3.760645e-01 -3.692650e-01
0.000000e+00 2.742182e-03 1.472874e-01 -1.492294e+00 8.428768e-01 1.965063e-01 9.817142e-02
0.000000e+00 -1.155926e+00 -4.293379e-01 -1.492294e+00 1.540420e+00 -7.924797e-01 -8.554939e-01
0.000000e+00 -1.542149e+00 1.704176e+00 -9.025945e-01 -1.598526e+00 8.211290e-01 8.877774e-01
0.000000e+00 3.889649e-01 6.085876e-01 8.665048e-01 -2.034386e-01 8.211290e-01 7.384586e-01
0.000000e+00 1.161410e+00 -7.753131e-01 -3.128947e-01 -5.522104e-01 -2.719607e-01 -2.952551e-01
0.000000e+00 1.161410e+00 8.969003e-01 -3.128947e-01 -1.598526e+00 1.185492e+00 1.209214e+00
0.000000e+00 1.161410e+00 1.069888e+00 -9.025945e-01 1.540420e+00 1.497804e+00 1.435047e+00
0.000000e+00 3.889649e-01 -1.697914e+00 -3.128947e-01 1.453332e-01 -1.365050e+00 -1.418278e+00
0.000000e+00 -7.697033e-01 6.662501e-01 1.456205e+00 1.540420e+00 4.047139e-01 4.224686e-01
0.000000e+00 -1.542149e+00 -4.293379e-01 -9.025945e-01 -9.009822e-01 -1.104791e+00 -1.050364e+00
0.000000e+00 -1.155926e+00 1.012225e+00 -9.025945e-01 -2.034386e-01 6.649733e-01 4.416295e-01
0.000000e+00 2.742182e-03 -1.986878e-01 2.768051e-01 1.453332e-01 -1.678569e-01 -1.654506e-01
0.000000e+00 2.742182e-03 -3.140128e-01 -1.492294e+00 -5.522104e-01 -2.199088e-01 -3.661103e-01
0.000000e+00 -1.542149e+00 8.962487e-02 8.665048e-01 1.540420e+00 -4.801683e-01 -4.281535e-01
0.000000e+00 -1.542149e+00 -6.599880e-01 8.665048e-01 1.540420e+00 -1.208895e+00 -1.116292e+00
0.000000e+00 1.547633e+00 -3.716754e-01 -1.492294e+00 1.453332e-01 3.006101e-01 1.943408e-01
0.000000e+00 -1.155926e+00 1.531188e+00 1.456205e+00 4.941050e-01 9.772847e-01 1.037621e+00
0.000000e+00 7.751877e-01 -1.582588e+00 8.665048e-01 -1.249754e+00 -1.365050e+00 -1.155387e+00
0.000000e+00 -3.834806e-01 1.704176e+00 -3.128947e-01 4.941050e-01 1.393700e+00 1.418525e+00
0.000000e+00 7.751877e-01 -1.063626e+00 -3.128947e-01 4.941050e-01 -6.363240e-01 -6.775594e-01
0.000000e+00 1.161410e+00 2.626125e-01 8.665048e-01 -1.249754e+00 6.129215e-01 6.867367e-01
0.000000e+00 2.742182e-03 -8.906381e-01 2.768051e-01 -9.009822e-01 -8.965834e-01 -8.312643e-01
0.000000e+00 -1.542149e+00 -7.753131e-01 8.665048e-01 -9.009822e-01 -1.312999e+00 -1.293580e+00
0.000000e+00 -3.834806e-01 1.127550e+00 -9.025945e-01 -1.598526e+00 7.170252e-01 8.031744e-01
0.000000e+00 -7.697033e-01 8.962487e-02 1.456205e+00 -1.598526e+00 -1.678569e-01 -1.986956e-01
0.000000e+00 2.742182e-03 -1.351938e+00 -9.025945e-01 1.540420e+00 -1.156843e+00 -1.232904e+00
0.000000e+00 3.889649e-01 -6.599880e-01 -1.492294e+00 1.453332e-01 -3.760645e-01 -5.150619e-01
0.000000e+00 -1.155926e+00 -1.351938e+00 1.456205e+00 1.191649e+00 -1.677362e+00 -1.588659e+00
0.000000e+00 7.751877e-01 -1.467263e+00 1.456205e+00 1.191649e+00 -7.404278e-01 -9.533032e-01
0.000000e+00 -7.697033e-01 1.588851e+00 -3.128947e-01 -1.598526e+00 1.185492e+00 1.103195e+00
0.000000e+00 -1.542149e+00 5.509251e-01 1.456205e+00 4.941050e-01 -1.158051e-01 -1.049728e-02
0.000000e+00 -7.697033e-01 -5.446629e-01 2.768051e-01 1.453332e-01 -8.445316e-01 -7.795424e-01
0.000000e+00 1.547633e+00 1.012225e+00 8.665048e-01 -5.522104e-01 1.497804e+00 1.543526e+00
0.000000e+00 3.889649e-01 1.012225e+00 -9.025945e-01 -9.009822e-01 7.690771e-01 1.014202e+00
0.000000e+00 3.889649e-01 1.185213e+00 -3.128947e-01 1.191649e+00 1.445752e+00 1.259017e+00
0.000000e+00 -3.834806e-01 1.531188e+00 -3.128947e-01 1.540420e+00 1.341648e+00 1.290333e+00
0.000000e+00 1.161410e+00 9.545628e-01 2.768051e-01 -2.034386e-01 1.393700e+00 1.327755e+00
0.000000e+00 2.742182e-03 -1.351938e+00 2.768051e-01 8.428768e-01 -1.156843e+00 -1.203719e+00
0.000000e+00 7.751877e-01 3.779375e-01 2.768051e-01 -5.522104e-01 4.567658e-01 6.399700e-01
0.000000e+00 1.547633e+00 -4.293379e-01 2.768051e-01 -5.522104e-01 1.965063e-01 1.953874e-01
0.000000e+00 2.742182e-03 -1.121288e+00 -9.025945e-01 1.453332e-01 -1.000687e+00 -1.061981e+00
0.000000e+00 2.742182e-03 -1.178951e+00 2.768051e-01 1.453332e-01 -1.000687e+00 -1.065324e+00
0.000000e+00 -3.834806e-01 1.531188e+00 -3.128947e-01 -9.009822e-01 1.341648e+00 1.218912e+00
0.000000e+00 3.889649e-01 -5.446629e-01 -3.128947e-01 -1.249754e+00 -4.281164e-01 -4.004156e-01
0.000000e+00 -1.155926e+00 1.415863e+00 1.456205e+00 1.191649e+00 7.170252e-01 9.521592e-01
0.000000e+00 -7.697033e-01 1.646513e+00 8.665048e-01 -1.249754e+00 1.289596e+00 1.215922e+00
0.000000e+00 -1.542149e+00 6.085876e-01 -3.128947e-01 1.191649e+00 -1.170127e-02 -1.154384e-02
0.000000e+00 -1.155926e+00 1.472874e-01 -3.128947e-01 8.428768e-01 -6.375316e-02 -2.969719e-01
0.000000e+00 -1.155926e+00 -6.023255e-01 -9.025945e-01 1.540420e+00 -7.924797e-01 -9.894997e-01
0.000000e+00 1.161410e+00 1.472874e-01 1.456205e+00 4.941050e-01 7.690771e-01 6.566797e-01
0.000000e+00 1.161410e+00 5.509251e-01 -3.128947e-01 -2.034386e-01 8.211290e-01 9.324235e-01
0.000000e+00 -1.155926e+00 2.626125e-01 -1.492294e+00 -9.009822e-01 -4.281164e-01 -2.917103e-01
0.000000e+00 3.889649e-01 2.049499e-01 -3.128947e-01 -1.249754e+00 3.526620e-01 2.877227e-01
0.000000e+00 2.742182e-03 3.202750e-01 8.665048e-01 8.428768e-01 1.965063e-01 3.561543e-01
0.000000e+00 -7.697033e-01 -1.986878e-01 8.665048e-01 -1.249754e+00 -3.760645e-01 -4.779566e-01
0.000000e+00 2.742182e-03 -6.599880e-01 1.456205e+00 8.428768e-01 -4.281164e-01 -5.189235e-01
0.000000e+00 2.742182e-03 7.239127e-01 1.456205e+00 -2.034386e-01 8.731809e-01 7.208768e-01
0.000000e+00 2.742182e-03 -1.467263e+00 2.768051e-01 1.191649e+00 -1.208895e+00 -1.299383e+00
0.000000e+00 -7.697033e-01 -8.336272e-02 -9.025945e-01 -5.522104e-01 -4.281164e-01 -4.260695e-01
0.000000e+00 -7.697033e-01 1.473526e+00 8.665048e-01 8.428768e-01 1.081388e+00 1.118339e+00
0.000000e+00 -3.834806e-01 -1.178951e+00 -1.492294e+00 4.941050e-01 -1.365050e+00 -1.277752e+00
0.000000e+00 7.751877e-01 1.473526e+00 -1.492294e+00 8.428768e-01 1.653959e+00 1.612136e+00
0.000000e+00 -1.155926e+00 1.646513e+00 2.768051e-01 -2.034386e-01 8.211290e-01 1.073491e+00
0.000000e+00 -3.834806e-01 1.415863e+00 -9.025945e-01 -1.249754e+00 1.029337e+00 1.078046e+00
0.000000e+00 -3.834806e-01 5.509251e-01 -9.025945e-01 4.941050e-01 4.047139e-01 3.350552e-01
0.000000e+00 -1.542149e+00 -1.005963e+00 1.456205e+00 -9.009822e-01 -1.417102e+00 -1.480520e+00
0.000000e+00 1.161410e+00 -8.336272e-02 -3.128947e-01 1.540420e+00 4.567658e-01 4.011675e-01
0.000000e+00 -1.542149e+00 -1.467263e+00 -1.492294e+00 1.540420e+00 -2.041725e+00 -1.956546e+00
0.000000e+00 1.161410e+00 1.588851e+00 -1.492294e+00 1.540420e+00 1.758063e+00 1.886655e+00
0.000000e+00 7.751877e-01 1.588851e+00 -1.492294e+00 1.540420e+00 1.810115e+00 1.738410e+00
0.000000e+00 1.547633e+00 1.646513e+00 -1.492294e+00 -1.249754e+00 1.862167e+00 2.006209e+00
0.000000e+00 1.161410e+00 -1.063626e+00 8.665048e-01 -9.009822e-01 -6.363240e-01 -5.205358e-01
0.000000e+00 2.742182e-03 1.646513e+00 -9.025945e-01 -5.522104e-01 1.497804e+00 1.458432e+00
0.000000e+00 1.161410e+00 -1.005963e+00 -3.128947e-01 1.540420e+00 -4.281164e-01 -4.457720e-01
0.000000e+00 -7.697033e-01 -4.870004e-01 8.665048e-01 4.941050e-01 -4.281164e-01 -6.916102e-01
0.000000e+00 7.751877e-01 5.509251e-01 -9.025945e-01 1.540420e+00 8.211290e-01 8.103983e-01
0.000000e+00 -3.834806e-01 -8.906381e-01 2.768051e-01 -1.598526e+00 -9.486353e-01 -9.999150e-01
0.000000e+00 2.742182e-03 -1.005963e+00 -1.492294e+00 1.453332e-01 -1.052739e+00 -9.809090e-01
0.000000e+00 1.547633e+00 -1.697914e+00 -3.128947e-01 1.453332e-01 -8.965834e-01 -9.735439e-01
0.000000e+00 7.751877e-01 1.358200e+00 -9.025945e-01 8.428768e-01 1.549856e+00 1.531064e+00
0.000000e+00 -3.834806e-01 4.356000e-01 2.768051e-01 -1.249754e+00 1.444544e-01 2.277636e-01
0.000000e+00 3.889649e-01 7.239127e-01 -1.492294e+00 -1.249754e+00 7.170252e-01 7.145354e-01
0.000000e+00 7.751877e-01 8.392377e-01 2.768051e-01 -1.598526e+00 9.772847e-01 1.032831e+00
0.000000e+00 1.547633e+00 1.300538e+00 2.768051e-01 -9.009822e-01 1.758063e+00 1.773196e+00
0.000000e+00 -3.834806e-01 1.242875e+00 8.665048e-01 4.941050e-01 1.289596e+00 1.044646e+00
0.000000e+00 -7.697033e-01 -1.697914e+00 2.768051e-01 8.428768e-01 -1.781466e+00 -1.817811e+00
0.000000e+00 1.161410e+00 -1.121288e+00 8.665048e-01 4.941050e-01 -5.322202e-01 -5.326576e-01
0.000000e+00 -1.542149e+00 1.588851e+00 1.456205e+00 1.191649e+00 9.772847e-01 9.627157e-01
0.000000e+00 1.547633e+00 7.239127e-01 8.665048e-01 8.428768e-01 1.133440e+00 1.319669e+00
0.000000e+00 -1.542149e+00 5.509251e-01 2.768051e-01 8.428768e-01 -2.199088e-01 -4.988513e-02
0.000000e+00 -1.155926e+00 -4.870004e-01 -9.025945e-01 -1.249754e+00 -8.965834e-01 -9.652562e-01
0.000000e+00 1.161410e+00 2.626125e-01 2.768051e-01 -1.598526e+00 7.170252e-01 6.517383e-01
0.000000e+00 1.547633e+00 1.704176e+00 2.768051e-01 1.453332e-01 2.226530e+00 2.174341e+00
0.000000e+00 7.751877e-01 1.185213e+00 -9.025945e-01 4.941050e-01 1.549856e+00 1.362060e+00
0.000000e+00 -7.697033e-01 7.815752e-01 -1.492294e+00 1.453332e-01 3.526620e-01 3.635469e-01
0.000000e+00 7.751877e-01 -1.409601e+00 -3.128947e-01 4.941050e-01 -8.965834e-01 -9.951617e-01
0.000000e+00 3.889649e-01 -1.410252e-01 1.456205e+00 8.428768e-01 9.240252e-02 1.057247e-01
0.000000e+00 -1.155926e+00 3.196234e-02 -1.492294e+00 -1.249754e+00 -7.404278e-01 -5.136482e-01
0.000000e+00 -7.697033e-01 1.415863e+00 2.768051e-01 -1.598526e+00 1.081388e+00 9.691891e-01
0.000000e+00 2.742182e-03 -1.294276e+00 -1.492294e+00 1.540420e+00 -1.312999e+00 -1.204766e+00
0.000000e+00 -3.834806e-01 -1.467263e+00 -3.128947e-01 8.428768e-01 -1.417102e+00 -1.482627e+00
0.000000e+00 -1.155926e+00 6.662501e-01 -1.492294e+00 8.428768e-01 4.035063e-02 1.298408e-01
0.000000e+00 -3.834806e-01 1.358200e+00 -3.128947e-01 8.428768e-01 1.133440e+00 1.111126e+00
0.000000e+00 1.161410e+00 1.012225e+00 -1.492294e+00 1.540420e+00 1.549856e+00 1.357317e+00
0.000000e+00 2.742182e-03 7.815752e-01 8.665048e-01 4.941050e-01 8.731809e-01 7.694210e-01
0.000000e+00 2.742182e-03 -7.753131e-01 2.768051e-01 -1.249754e+00 -6.883759e-01 -7.355998e-01
0.000000e+00 -7.697033e-01 4.356000e-01 -3.128947e-01 -5.522104e-01 4.035063e-02 7.512945e-02
0.000000e+00 1.161410e+00 -1.236613e+00 1.456205e+00 1.191649e+00 -6.363240e-01 -5.933236e-01
0.000000e+00 3.889649e-01 -1.178951e+00 2.768051e-01 8.428768e-01 -8.965834e-01 -8.966732e-01
0.000000e+00 -1.155926e+00 -6.023255e-01 8.665048e-01 -5.522104e-01 -8.965834e-01 -9.763314e-01
0.000000e+00 -1.155926e+00 -9.483006e-01 -1.492294e+00 8.428768e-01 -1.312999e+00 -1.352303e+00
0.000000e+00 1.547633e+00 -9.483006e-01 2.768051e-01 1.540420e+00 -1.678569e-01 -2.197981e-01
0.000000e+00 7.751877e-01 -2.563503e-01 -1.492294e+00 1.453332e-01 -1.170127e-02 3.718817e-03
0.000000e+00 1.547633e+00 -8.336272e-02 -1.492294e+00 1.191649e+00 6.129215e-01 4.896184e-01
0.000000e+00 3.889649e-01 1.069888e+00 2.768051e-01 -1.598526e+00 1.185492e+00 1.096321e+00
0.000000e+00 2.742182e-03 -1.986878e-01 -3.128947e-01 1.453332e-01 -2.199088e-01 -1.902460e-01
0.000000e+00 -1.542149e+00 -3.140128e-01 -3.128947e-01 -5.522104e-01 -8.445316e-01 -9.094983e-01
0.000000e+00 3.889649e-01 -8.329756e-01 2.768051e-01 -9.009822e-01 -4.801683e-01 -6.300858e-01
0.000000e+00 3.889649e-01 3.202750e-01 -3.128947e-01 -2.034386e-01 6.129215e-01 4.241992e-01
0.000000e+00 -7.697033e-01 2.049499e-01 -9.025945e-01 1.540420e+00 -1.678569e-01 -1.001829e-01
0.000000e+00 -7.697033e-01 -8.329756e-01 -1.492294e+00 8.428768e-01 -1.000687e+00 -1.098191e+00
0.000000e+00 -7.697033e-01 1.472874e-01 2.768051e-01 1.540420e+00 -6.375316e-02 -1.035257e-01
0.000000e+00 -7.697033e-01 -1.582588e+00 1.456205e+00 1.453332e-01 -1.573258e+00 -1.682758e+00
0.000000e+00 7.751877e-01 -4.293379e-01 8.665048e-01 -1.598526e+00 -1.158051e-01 -1.069156e-01
0.000000e+00 -1.155926e+00 -1.121288e+00 2.768051e-01 1.453332e-01 -1.417102e+00 -1.457124e+00
0.000000e+00 -1.155926e+00 1.012225e+00 2.768051e-01 4.941050e-01 4.567658e-01 5.116264e-01
0.000000e+00 -7.697033e-01 1.588851e+00 -1.492294e+00 1.453332e-01 1.133440e+00 1.104619e+00
0.000000e+00 7.751877e-01 -7.176505e-01 8.665048e-01 -9.009822e-01 -4.801683e-01 -3.511782e-01
0.000000e+00 -7.697033e-01 9.545628e-01 -1.492294e+00 1.191649e+00 7.170252e-01 5.529571e-01
0.000000e+00 7.751877e-01 6.085876e-01 1.456205e+00 1.540420e+00 9.772847e-01 9.625137e-01
0.000000e+00 1.547633e+00 7.815752e-01 -3.128947e-01 1.540420e+00 1.549856e+00 1.343418e+00
0.000000e+00 -3.834806e-01 -8.336272e-02 2.768051e-01 -5.522104e-01 -3.240126e-01 -2.282339e-01
0.000000e+00 7.751877e-01 1.646513e+00 -1.492294e+00 -2.034386e-01 1.758063e+00 1.740329e+00
0.000000e+00 1.547633e+00 1.127550e+00 1.456205e+00 -2.034386e-01 1.706011e+00 1.684392e+00
0.000000e+00 1.161410e+00 -1.467263e+00 1.456205e+00 -9.009822e-01 -7.924797e-01 -8.662765e-01
0.000000e+00 1.161410e+00 -3.716754e-01 -9.025945e-01 -1.249754e+00 1.444544e-01 3.007953e-02
0.000000e+00 1.547633e+00 -8.336272e-02 2.768051e-01 8.428768e-01 4.047139e-01 5.538017e-01
0.000000e+00 2.742182e-03 -8.336272e-02 1.456205e+00 4.941050e-01 9.240252e-02 2.106668e-04
0.000000e+00 2.742182e-03 1.704176e+00 -3.128947e-01 -2.034386e-01 1.653959e+00 1.546364e+00
0.000000e+00 -7.697033e-01 -2.563503e-01 -1.492294e+00 -1.598526e+00 -7.924797e-01 -6.402750e-01
0.000000e+00 2.742182e-03 5.509251e-01 -1.492294e+00 1.540420e+00 6.129215e-01 4.891135e-01
0.000000e+00 1.161410e+00 -1.582588e+00 -9.025945e-01 -1.598526e+00 -1.208895e+00 -1.091732e+00
0.000000e+00 2.742182e-03 -1.640251e+00 -3.128947e-01 8.428768e-01 -1.469154e+00 -1.493183e+00
0.000000e+00 -3.834806e-01 -3.140128e-01 1.456205e+00 -5.522104e-01 -4.281164e-01 -3.903779e-01
0.000000e+00 1.161410e+00 -6.599880e-01 -9.025945e-01 -5.522104e-01 -2.199088e-01 -2.141831e-01
0.000000e+00 7.751877e-01 5.509251e-01 1.456205e+00 1.191649e+00 8.731809e-01 8.993770e-01
0.000000e+00 3.889649e-01 -1.640251e+00 1.456205e+00 -1.249754e+00 -1.260947e+00 -1.331770e+00
0.000000e+00 2.742182e-03 -6.599880e-01 2.768051e-01 -2.034386e-01 -6.883759e-01 -5.991234e-01
0.000000e+00 2.742182e-03 -1.697914e+00 8.665048e-01 1.453332e-01 -1.417102e+00 -1.516932e+00
0.000000e+00 -1.155926e+00 -1.986878e-01 1.456205e+00 1.453332e-01 -5.322202e-01 -5.605939e-01
0.000000e+00 -3.834806e-01 1.358200e+00 -1.492294e+00 1.540420e+00 1.029337e+00 1.081941e+00
0.000000e+00 1.161410e+00 8.392377e-01 1.456205e+00 -9.009822e-01 1.341648e+00 1.251072e+00
0.000000e+00 1.161410e+00 1.415863e+00 -9.025945e-01 1.540420e+00 1.706011e+00 1.752649e+00
0.000000e+00 -1.542149e+00 1.242875e+00 1.456205e+00 1.453332e-01 6.129215e-01 6.145044e-01
0.000000e+00 -1.155926e+00 1.069888e+00 -1.492294e+00 1.540420e+00 3.526620e-01 5.207828e-01
0.000000e+00 2.742182e-03 2.626125e-01 -1.492294e+00 1.540420e+00 1.965063e-01 2.244449e-01
0.000000e+00 1.547633e+00 6.085876e-01 -9.025945e-01 -2.034386e-01 1.029337e+00 1.108806e+00
0.000000e+00 7.751877e-01 -1.467263e+00 -1.492294e+00 8.428768e-01 -1.312999e+00 -1.087483e+00
0.000000e+00 2.742182e-03 4.356000e-01 -3.128947e-01 -5.522104e-01 3.526620e-01 3.716189e-01
0.000000e+00 -1.542149e+00 -1.524926e+00 -3.128947e-01 1.540420e+00 -1.989673e+00 -1.959888e+00
0.000000e+00 3.889649e-01 -7.753131e-01 8.665048e-01 1.540420e+00 -4.281164e-01 -4.809357e-01
0.000000e+00 1.161410e+00 1.300538e+00 -3.128947e-01 -9.009822e-01 1.653959e+00 1.600156e+00
0.000000e+00 7.751877e-01 -5.446629e-01 -9.025945e-01 1.453332e-01 -2.199088e-01 -2.361544e-01
0.000000e+00 -1.155926e+00 1.300538e+00 1.456205e+00 1.540420e+00 8.731809e-01 8.564948e-01
0.000000e+00 2.742182e-03 1.012225e+00 -3.128947e-01 1.191649e+00 1.081388e+00 9.519711e-01
0.000000e+00 -3.834806e-01 3.196234e-02 8.665048e-01 8.428768e-01 4.035063e-02 -5.675904e-02
0.000000e+00 1.547633e+00 1.012225e+00 2.768051e-01 1.540420e+00 1.601907e+00 1.579948e+00
0.000000e+00 -1.542149e+00 -4.870004e-01 2.768051e-01 8.428768e-01 -9.486353e-01 -1.002692e+00
0.000000e+00 3.889649e-01 -1.121288e+00 -9.025945e-01 -9.009822e-01 -1.052739e+00 -9.443453e-01
0.000000e+00 -7.697033e-01 2.049499e-01 8.665048e-01 -1.598526e+00 -6.375316e-02 -1.176236e-01
0.000000e+00 1.547633e+00 1.069888e+00 -3.128947e-01 -9.009822e-01 1.445752e+00 1.536666e+00
0.000000e+00 2.742182e-03 -8.906381e-01 8.665048e-01 -9.009822e-01 -7.924797e-01 -8.064688e-01
0.000000e+00 3.889649e-01 1.127550e+00 -1.492294e+00 1.453332e-01 1.185492e+00 1.125883e+00
0.000000e+00 1.547633e+00 -1.178951e+00 8.665048e-01 -9.009822e-01 -4.281164e-01 -4.781586e-01
0.000000e+00 1.547633e+00 4.356000e-01 -3.128947e-01 -1.249754e+00 6.649733e-01 9.441918e-01
0.000000e+00 1.161410e+00 8.962487e-02 -9.025945e-01 1.191649e+00 6.129215e-01 5.249703e-01
0.000000e+00 1.547633e+00 1.300538e+00 -1.492294e+00 1.453332e-01 1.914219e+00 1.729419e+00
0.000000e+00 -3.834806e-01 1.012225e+00 8.665048e-01 -2.034386e-01 6.129215e-01 8.125052e-01
0.000000e+00 3.889649e-01 3.196234e-02 2.768051e-01 -9.009822e-01 1.965063e-01 1.639200e-01
0.000000e+00 2.742182e-03 3.779375e-01 -3.128947e-01 4.941050e-01 3.006101e-01 3.492942e-01
0.000000e+00 2.742182e-03 7.815752e-01 -9.025945e-01 4.941050e-01 7.170252e-01 6.950348e-01
0.000000e+00 -3.834806e-01 -1.410252e-01 1.456205e+00 -5.522104e-01 -1.158051e-01 -2.315768e-01
0.000000e+00 -1.155926e+00 3.196234e-02 -3.128947e-01 1.540420e+00 -3.760645e-01 -3.824333e-01
0.000000e+00 3.889649e-01 -1.409601e+00 8.665048e-01 -1.249754e+00 -1.208895e+00 -1.144831e+00
0.000000e+00 1.547633e+00 -9.483006e-01 -9.025945e-01 -1.249754e+00 -4.281164e-01 -3.510130e-01
0.000000e+00 -1.542149e+00 1.588851e+00 2.768051e-01 8.428768e-01 8.211290e-01 9.029218e-01
0.000000e+00 7.751877e-01 -4.293379e-01 -1.492294e+00 -5.522104e-01 -3.760645e-01 -1.754883e-01
0.000000e+00 3.889649e-01 -8.329756e-01 8.665048e-01 4.941050e-01 -6.363240e-01 -5.644784e-01
0.000000e+00 -7.697033e-01 -3.140128e-01 -9.025945e-01 -9.009822e-01 -5.842721e-01 -6.480073e-01
0.000000e+00 -1.542149e+00 4.932626e-01 -1.492294e+00 1.191649e+00 -1.158051e-01 -1.670021e-01
0.000000e+00 -3.834806e-01 -1.640251e+00 -9.025945e-01 1.540420e+00 -1.625310e+00 -1.645817e+00
0.000000e+00 1.547633e+00 4.356000e-01 1.456205e+00 1.191649e+00 1.081388e+00 1.089999e+00
0.000000e+00 -1.155926e+00 6.085876e-01 8.665048e-01 4.941050e-01 1.444544e-01 1.658857e-01
0.000000e+00 -7.697033e-01 4.932626e-01 -9.025945e-01 4.941050e-01 1.965063e-01 1.338767e-01
0.000000e+00 -1.155926e+00 2.049499e-01 2.768051e-01 -1.598526e+00 -2.199088e-01 -2.906637e-01
0.000000e+00 -1.155926e+00 1.185213e+00 -9.025945e-01 1.540420e+00 6.649733e-01 6.514457e-01
0.000000e+00 1.161410e+00 5.509251e-01 8.665048e-01 8.428768e-01 9.252328e-01 1.012623e+00
0.000000e+00 -7.697033e-01 7.239127e-01 -9.025945e-01 -1.249754e+00 2.485582e-01 2.945966e-01
0.000000e+00 7.751877e-01 -3.140128e-01 -1.492294e+00 8.428768e-01 4.035063e-02 -2.880891e-02
0.000000e+00 1.161410e+00 3.202750e-01 -1.492294e+00 -1.249754e+00 5.608696e-01 6.404887e-01
0.000000e+00 -7.697033e-01 -8.329756e-01 1.456205e+00 -1.598526e+00 -1.104791e+00 -1.045635e+00
0.000000e+00 -1.155926e+00 1.531188e+00 -3.128947e-01 8.428768e-01 1.029337e+00 9.734374e-01
0.000000e+00 1.161410e+00 -7.176505e-01 1.456205e+00 -5.522104e-01 -1.158051e-01 -1.679351e-01
0.000000e+00 -7.697033e-01 -1.005963e+00 -3.128947e-01 1.540420e+00 -1.260947e+00 -1.186996e+00
0.000000e+00 7.751877e-01 1.646513e+00 2.768051e-01 1.453332e-01 1.706011e+00 1.824918e+00
0.000000e+00 -1.542149e+00 3.779375e-01 -1.492294e+00 1.540420e+00 -3.760645e-01 -2.626666e-01
0.000000e+00 3.889649e-01 -1.986878e-01 -3.128947e-01 1.540420e+00 4.035063e-02 -1.189340e-03
0.000000e+00 1.547633e+00 2.049499e-01 -9.025945e-01 -1.598526e+00 6.129215e-01 6.974584e-01
0.000000e+00 -7.697033e-01 -1.121288e+00 2.768051e-01 1.191649e+00 -1.365050e+00 -1.278271e+00
0.000000e+00 7.751877e-01 -1.697914e+00 8.665048e-01 4.941050e-01 -1.312999e+00 -1.210239e+00
0.000000e+00 3.889649e-01 -1.005963e+00 -3.128947e-01 -2.034386e-01 -7.924797e-01 -7.932764e-01
0.000000e+00 1.161410e+00 -2.570019e-02 1.456205e+00 1.453332e-01 4.567658e-01 4.876755e-01
0.000000e+00 -7.697033e-01 -1.467263e+00 -3.128947e-01 -9.009822e-01 -1.677362e+00 -1.681886e+00
0.000000e+00 -7.697033e-01 -7.176505e-01 1.456205e+00 1.191649e+00 -8.445316e-01 -8.581437e-01
0.000000e+00 -3.834806e-01 -9.483006e-01 1.456205e+00 -1.249754e+00 -1.156843e+00 -9.930548e-01
0.000000e+00 -7.697033e-01 -1.005963e+00 -1.492294e+00 1.540420e+00 -1.156843e+00 -1.236586e+00
0.000000e+00 1.547633e+00 8.962487e-02 2.768051e-01 -1.598526e+00 6.649733e-01 6.411819e-01
0.000000e+00 -3.834806e-01 -1.351938e+00 1.456205e+00 -1.598526e+00 -1.208895e+00 -1.373794e+00
0.000000e+00 3.889649e-01 -1.294276e+00 -1.492294e+00 1.540420e+00 -1.156843e+00 -1.056521e+00
0.000000e+00 1.161410e+00 1.127550e+00 -1.492294e+00 -1.249754e+00 1.445752e+00 1.381561e+00
0.000000e+00 1.161410e+00 -1.351938e+00 1.456205e+00 1.453332e-01 -7.404278e-01 -7.298000e-01
0.000000e+00 2.742182e-03 1.242875e+00 2.768051e-01 1.453332e-01 1.081388e+00 1.157892e+00
0.000000e+00 2.742182e-03 1.069888e+00 -9.025945e-01 1.191649e+00 1.081388e+00 9.801094e-01
0.000000e+00 3.889649e-01 -8.329756e-01 -3.128947e-01 1.540420e+00 -5.322202e-01 -5.834603e-01
0.000000e+00 7.751877e-01 7.239127e-01 -1.492294e+00 -5.522104e-01 8.731809e-01 8.831861e-01
0.000000e+00 7.751877e-01 3.196234e-02 -3.128947e-01 8.428768e-01 2.485582e-01 3.383843e-01
0.000000e+00 -3.834806e-01 1.185213e+00 2.768051e-01 -5.522104e-01 1.029337e+00 9.363080e-01
0.000000e+00 3.889649e-01 -1.986878e-01 -9.025945e-01 -9.009822e-01 -1.170127e-02 -9.740575e-02
0.000000e+00 7.751877e-01 1.704176e+00 8.665048e-01 -5.522104e-01 1.862167e+00 1.882241e+00
0.000000e+00 2.742182e-03 1.472874e-01 -9.025945e-01 -1.598526e+00 4.035063e-02 5.154586e-02
0.000000e+00 2.742182e-03 1.300538e+00 2.768051e-01 1.191649e+00 1.133440e+00 1.241435e+00
0.000000e+00 -1.155926e+00 -8.336272e-02 -9.025945e-01 -2.034386e-01 -4.281164e-01 -5.641112e-01
0.000000e+00 7.751877e-01 -1.294276e+00 8.665048e-01 4.941050e-01 -9.486353e-01 -8.397034e-01
0.000000e+00 3.889649e-01 1.472874e-01 -1.492294e+00 -9.009822e-01 3.006101e-01 1.954012e-01
0.000000e+00 -1.542149e+00 6.085876e-01 -9.025945e-01 -2.034386e-01 1.444544e-01 -7.715125e-02
0.000000e+00 -3.834806e-01 -6.599880e-01 1.456205e+00 1.540420e+00 -6.883759e-01 -6.467623e-01
0.000000e+00 -7.697033e-01 -5.446629e-01 1.456205e+00 -5.522104e-01 -7.924797e-01 -7.503575e-01
0.000000e+00 -7.697033e-01 6.085876e-01 2.768051e-01 4.941050e-01 1.965063e-01 2.893350e-01
0.000000e+00 7.751877e-01 -5.446629e-01 -9.025945e-01 -2.034386e-01 -1.158051e-01 -2.463574e-01
0.000000e+00 -3.834806e-01 -3.140128e-01 8.665048e-01 -1.249754e+00 -4.281164e-01 -4.355793e-01
0.000000e+00 1.161410e+00 6.662501e-01 2.768051e-01 -9.009822e-01 8.731809e-01 1.042680e+00
0.000000e+00 1.547633e+00 1.473526e+00 -9.025945e-01 8.428768e-01 1.810115e+00 1.933421e+00
0.000000e+00 -7.697033e-01 -4.293379e-01 2.768051e-01 -9.009822e-01 -6.363240e-01 -7.042839e-01
0.000000e+00 2.742182e-03 -1.121288e+00 1.456205e+00 4.941050e-01 -1.052739e+00 -9.525963e-01
0.000000e+00 -3.834806e-01 1.472874e-01 8.665048e-01 -2.034386e-01 -1.678569e-01 1.849941e-02
0.000000e+00 3.889649e-01 -6.023255e-01 -1.492294e+00 4.941050e-01 -4.281164e-01 -4.519252e-01
0.000000e+00 -3.834806e-01 -3.140128e-01 8.665048e-01 1.540420e+00 -2.719607e-01 -3.539554e-01
0.000000e+00 1.161410e+00 -2.563503e-01 -1.492294e+00 1.191649e+00 9.240252e-02 1.825725e-01
0.000000e+00 -7.697033e-01 5.509251e-01 -3.128947e-01 4.941050e-01 1.444544e-01 2.116059e-01
0.000000e+00 2.742182e-03 1.242875e+00 1.456205e+00 1.453332e-01 1.185492e+00 1.207483e+00
0.000000e+00 -1.542149e+00 -1.063626e+00 1.456205e+00 -1.598526e+00 -1.573258e+00 -1.553859e+00
0.000000e+00 3.889649e-01 8.962487e-02 1.456205e+00 -5.522104e-01 4.567658e-01 2.766476e-01
0.000000e+00 2.742182e-03 1.472874e-01 8.665048e-01 8.428768e-01 3.006101e-01 1.973531e-01
0.000000e+00 1.161410e+00 -1.178951e+00 -1.492294e+00 -1.598526e+00 -6.883759e-01 -7.459910e-01
0.000000e+00 1.547633e+00 -1.524926e+00 -3.128947e-01 1.453332e-01 -8.445316e-01 -8.147427e-01
0.000000e+00 1.161410e+00 -8.906381e-01 -3.128947e-01 -1.249754e+00 -4.801683e-01 -4.215285e-01
0.000000e+00 1.161410e+00 1.185213e+00 -3.128947e-01 1.191649e+00 1.706011e+00 1.555506e+00
0.000000e+00 -7.697033e-01 -1.409601e+00 2.768051e-01 8.428768e-01 -1.521206e+00 -1.553142e+00
0.000000e+00 -3.834806e-01 -1.986878e-01 8.665048e-01 1.191649e+00 -3.240126e-01 -2.582909e-01
0.000000e+00 -3.834806e-01 -1.467263e+00 8.665048e-01 1.191649e+00 -1.104791e+00 -1.422833e+00
0.000000e+00 2.742182e-03 -1.467263e+00 1.456205e+00 -1.249754e+00 -1.260947e+00 -1.321214e+00
0.000000e+00 1.547633e+00 -7.176505e-01 8.665048e-01 -1.249754e+00 -1.678569e-01 -6.489180e-02
0.000000e+00 1.547633e+00 -1.410252e-01 8.665048e-01 1.191649e+00 6.649733e-01 5.358664e-01
0.000000e+00 -1.542149e+00 2.626125e-01 2.768051e-01 -1.249754e+00 -2.719607e-01 -3.757717e-01
0.000000e+00 1.161410e+00 1.646513e+00 8.665048e-01 -5.522104e-01 1.966271e+00 1.977552e+00
0.000000e+00 -1.542149e+00 -4.870004e-01 -1.492294e+00 -1.249754e+00 -1.208895e+00 -1.138296e+00
0.000000e+00 -1.155926e+00 2.049499e-01 -3.128947e-01 -1.598526e+00 -3.760645e-01 -3.154591e-01
0.000000e+00 7.751877e-01 -1.524926e+00 2.768051e-01 1.540420e+00 -1.000687e+00 -1.045625e+00
0.000000e+00 1.161410e+00 -7.176505e-01 2.768051e-01 4.941050e-01 -6.375316e-02 -1.869170e-01
0.000000e+00 -1.542149e+00 6.085876e-01 1.456205e+00 -2.034386e-01 -1.170127e-02 2.203045e-02
0.000000e+00 -7.697033e-01 1.185213e+00 8.665048e-01 -9.009822e-01 9.772847e-01 8.026557e-01
0.000000e+00 7.751877e-01 -2.563503e-01 -3.128947e-01 8.428768e-01 -1.158051e-01 7.371566e-02
0.000000e+00 1.547633e+00 6.662501e-01 -1.492294e+00 -2.034386e-01 1.081388e+00 1.136945e+00
0.000000e+00 1.161410e+00 -4.870004e-01 -3.128947e-01 -1.598526e+00 -6.375316e-02 -6.119548e-02
0.000000e+00 1.161410e+00 9.545628e-01 -9.025945e-01 1.191649e+00 1.289596e+00 1.318976e+00
0.000000e+00 1.547633e+00 1.472874e-01 -3.128947e-01 -2.034386e-01 6.649733e-01 7.101321e-01
0.000000e+00 -7.697033e-01 7.239127e-01 -1.492294e+00 -9.009822e-01 4.047139e-01 2.800042e-01
0.000000e+00 1.161410e+00 -9.483006e-01 -1.492294e+00 1.453332e-01 -4.801683e-01 -4.832411e-01
0.000000e+00 -1.542149e+00 3.196234e-02 -1.492294e+00 8.428768e-01 -5.322202e-01 -6.006749e-01
0.000000e+00 1.161410e+00 -1.178951e+00 2.768051e-01 -1.249754e+00 -6.363240e-01 -6.614017e-01
0.000000e+00 7.751877e-01 1.185213e+00 2.768051e-01 -9.009822e-01 1.445752e+00 1.370839e+00
0.000000e+00 1.161410e+00 -3.716754e-01 -9.025945e-01 4.941050e-01 4.035063e-02 8.109452e-02
0.000000e+00 -1.542149e+00 -5.446629e-01 -3.128947e-01 -1.249754e+00 -1.365050e+00 -1.141639e+00
0.000000e+00 3.889649e-01 1.012225e+00 8.665048e-01 -2.034386e-01 1.237544e+00 1.108995e+00
0.000000e+00 7.751877e-01 -1.294276e+00 1.456205e+00 1.191649e+00 -7.924797e-01 -7.945020e-01
0.000000e+00 2.742182e-03 8.962487e-02 -9.025945e-01 4.941050e-01 -1.170127e-02 5.983013e-02
0.000000e+00 2.742182e-03 3.196234e-02 8.665048e-01 -9.009822e-01 -1.170127e-02 4.047069e-02
0.000000e+00 7.751877e-01 2.049499e-01 8.665048e-01 -1.249754e+00 5.088177e-01 4.855583e-01
0.000000e+00 -7.697033e-01 -4.293379e-01 -9.025945e-01 1.540420e+00 -7.404278e-01 -6.824538e-01
0.000000e+00 3.889649e-01 -3.140128e-01 -3.128947e-01 1.191649e+00 -1.158051e-01 -1.172598e-01
0.000000e+00 7.751877e-01 -1.351938e+00 1.456205e+00 1.191649e+00 -7.404278e-01 -8.474357e-01
0.000000e+00 -1.542149e+00 -6.599880e-01 8.665048e-01 1.191649e+00 -1.104791e+00 -1.126495e+00
0.000000e+00 -1.155926e+00 -1.351938e+00 2.768051e-01 1.540420e+00 -1.677362e+00 -1.628047e+00
0.000000e+00 -3.834806e-01 9.545628e-01 2.768051e-01 -9.009822e-01 7.690771e-01 7.143701e-01
0.000000e+00 1.161410e+00 -1.294276e+00 -9.025945e-01 -1.598526e+00 -8.965834e-01 -8.270630e-01
0.000000e+00 3.889649e-01 -9.483006e-01 1.456205e+00 1.191649e+00 -5.322202e-01 -6.251444e-01
0.000000e+00 -1.542149e+00 -1.697914e+00 1.456205e+00 4.941050e-01 -2.145829e+00 -2.074912e+00
0.000000e+00 2.742182e-03 -1.005963e+00 8.665048e-01 -1.249754e+00 -9.486353e-01 -9.225393e-01
0.000000e+00 7.751877e-01 -1.582588e+00 -9.025945e-01 1.453332e-01 -1.156843e+00 -1.188961e+00
0.000000e+00 3.889649e-01 1.300538e+00 1.456205e+00 1.191649e+00 1.341648e+00 1.439271e+00
0.000000e+00 1.547633e+00 -1.410252e-01 1.456205e+00 8.428768e-01 6.649733e-01 5.504588e-01
0.000000e+00 1.161410e+00 4.356000e-01 2.768051e-01 1.453332e-01 1.081388e+00 8.615544e-01
0.000000e+00 -3.834806e-01 1.185213e+00 -9.025945e-01 1.453332e-01 9.772847e-01 9.071231e-01
0.000000e+00 2.742182e-03 -8.906381e-01 8.665048e-01 8.428768e-01 -7.404278e-01 -7.554538e-01
0.000000e+00 7.751877e-01 3.202750e-01 8.665048e-01 1.191649e+00 7.690771e-01 6.628467e-01
0.000000e+00 1.161410e+00 1.300538e+00 2.768051e-01 8.428768e-01 1.758063e+00 1.675966e+00
0.000000e+00 2.742182e-03 -1.582588e+00 -1.492294e+00 -1.598526e+00 -1.573258e+00 -1.561261e+00
0.000000e+00 1.547633e+00 -1.524926e+00 -1.492294e+00 -1.249754e+00 -1.000687e+00 -9.051456e-01
0.000000e+00 -3.834806e-01 -1.467263e+00 1.456205e+00 1.453332e-01 -1.469154e+00 -1.428646e+00
0.000000e+00 -3.834806e-01 1.127550e+00 -3.128947e-01 8.428768e-01 8.211290e-01 8.993908e-01
0.000000e+00 1.161410e+00 -2.563503e-01 2.768051e-01 -5.522104e-01 4.035063e-02 2.059438e-01
0.000000e+00 -1.542149e+00 -3.140128e-01 -3.128947e-01 -5.522104e-01 -7.404278e-01 -9.094983e-01
0.000000e+00 1.161410e+00 -1.178951e+00 1.456205e+00 -1.249754e+00 -7.404278e-01 -6.118109e-01
0.000000e+00 2.742182e-03 -1.294276e+00 2.768051e-01 1.540420e+00 -1.104791e+00 -1.130379e+00
0.000000e+00 -1.542149e+00 -1.063626e+00 8.665048e-01 -1.598526e+00 -1.677362e+00 -1.578655e+00
0.000000e+00 -3.834806e-01 1.358200e+00 2.768051e-01 1.540420e+00 1.185492e+00 1.156327e+00
0.000000e+00 -1.155926e+00 1.588851e+00 -9.025945e-01 1.191649e+00 1.081388e+00 1.011779e+00
0.000000e+00 -3.834806e-01 1.646513e+00 -3.128947e-01 4.941050e-01 1.185492e+00 1.365591e+00
0.000000e+00 1.161410e+00 -1.582588e+00 2.768051e-01 1.191649e+00 -8.965834e-01 -9.605168e-01
0.000000e+00 2.742182e-03 -1.986878e-01 -3.128947e-01 -1.249754e+00 -3.760645e-01 -2.310580e-01
0.000000e+00 -1.542149e+00 1.127550e+00 1.456205e+00 1.540420e+00 5.088177e-01 5.494489e-01
0.000000e+00 7.751877e-01 -4.293379e-01 2.768051e-01 -2.034386e-01 1.965063e-01 -9.089907e-02
0.000000e+00 -1.542149e+00 5.509251e-01 -1.492294e+00 -1.249754e+00 -1.678569e-01 -1.854894e-01
0.000000e+00 1.547633e+00 1.588851e+00 -3.128947e-01 1.540420e+00 2.174478e+00 2.084490e+00
0.000000e+00 -7.697033e-01 1.472874e-01 8.665048e-01 4.941050e-01 -6.375316e-02 -1.093393e-01
0.000000e+00 -7.697033e-01 -9.483006e-01 8.665048e-01 1.191649e+00 -1.104791e+00 -1.094674e+00
0.000000e+00 3.889649e-01 1.358200e+00 2.768051e-01 -9.009822e-01 1.289596e+00 1.381396e+00
0.000000e+00 3.889649e-01 -4.293379e-01 8.665048e-01 -1.598526e+00 -6.375316e-02 -2.551603e-01
0.000000e+00 3.889649e-01 3.196234e-02 8.665048e-01 -5.522104e-01 4.047139e-01 1.989184e-01
0.000000e+00 -1.542149e+00 -1.005963e+00 -3.128947e-01 -5.522104e-01 -1.521206e+00 -1.544703e+00
0.000000e+00 2.742182e-03 1.531188e+00 2.768051e-01 1.453332e-01 1.549856e+00 1.422561e+00
0.000000e+00 3.889649e-01 -1.063626e+00 -3.128947e-01 -2.034386e-01 -7.924797e-01 -8.462101e-01
0.000000e+00 1.161410e+00 2.626125e-01 2.768051e-01 -2.034386e-01 6.649733e-01 6.925503e-01
0.000000e+00 -1.542149e+00 -7.176505e-01 8.665048e-01 1.191649e+00 -1.208895e+00 -1.179429e+00
0.000000e+00 2.742182e-03 -5.446629e-01 2.768051e-01 -1.598526e+00 -5.842721e-01 -5.340679e-01
0.000000e+00 -7.697033e-01 8.392377e-01 1.456205e+00 8.428768e-01 7.690771e-01 5.608638e-01
0.000000e+00 -1.155926e+00 9.545628e-01 2.768051e-01 8.428768e-01 5.608696e-01 4.688956e-01
0.000000e+00 1.161410e+00 6.662501e-01 -9.025945e-01 8.428768e-01 1.081388e+00 1.044104e+00
0.000000e+00 7.751877e-01 -1.697914e+00 2.768051e-01 -9.009822e-01 -1.365050e+00 -1.275847e+00
0.000000e+00 7.751877e-01 4.356000e-01 -9.025945e-01 1.540420e+00 7.690771e-01 7.045309e-01
0.000000e+00 2.742182e-03 6.085876e-01 -3.128947e-01 8.428768e-01 4.567658e-01 5.712320e-01
0.000000e+00 1.547633e+00 6.662501e-01 -9.025945e-01 -1.249754e+00 1.081388e+00 1.131131e+00
0.000000e+00 2.742182e-03 9.545628e-01 -3.128947e-01 8.428768e-01 8.731809e-01 8.888344e-01
0.000000e+00 -1.155926e+00 -1.236613e+00 2.768051e-01 8.428768e-01 -1.625310e+00 -1.542586e+00
0.000000e+00 -7.697033e-01 -4.293379e-01 -3.128947e-01 -9.009822e-01 -7.924797e-01 -7.290794e-01
0.000000e+00 -3.834806e-01 -9.483006e-01 8.665048e-01 -5.522104e-01 -9.486353e-01 -9.974443e-01
0.000000e+00 2.742182e-03 -1.121288e+00 1.456205e+00 1.191649e+00 -6.883759e-01 -9.321903e-01
0.000000e+00 -7.697033e-01 -1.351938e+00 2.768051e-01 1.191649e+00 -1.417102e+00 -1.490005e+00
0.000000e+00 7.751877e-01 3.196234e-02 -9.025945e-01 1.540420e+00 3.006101e-01 3.339948e-01
0.000000e+00 2.742182e-03 -3.716754e-01 1.456205e+00 1.191649e+00 -1.158051e-01 -2.440519e-01
0.000000e+00 2.742182e-03 -2.563503e-01 -1.492294e+00 1.540420e+00 -2.719607e-01 -2.519586e-01
0.000000e+00 3.889649e-01 -2.570019e-02 1.456205e+00 1.453332e-01 -1.170127e-02 1.911861e-01
0.000000e+00 7.751877e-01 2.049499e-01 2.768051e-01 -1.598526e+00 6.129215e-01 4.505599e-01
0.000000e+00 1.161410e+00 8.969003e-01 1.456205e+00 8.428768e-01 1.237544e+00 1.355021e+00
0.000000e+00 1.547633e+00 4.356000e-01 1.456205e+00 1.191649e+00 1.133440e+00 1.089999e+00
0.000000e+00 -3.834806e-01 -1.467263e+00 8.665048e-01 8.428768e-01 -1.521206e+00 -1.433036e+00
0.000000e+00 2.742182e-03 -1.467263e+00 -3.128947e-01 -1.598526e+00 -1.521206e+00 -1.405803e+00
0.000000e+00 2.742182e-03 -6.599880e-01 1.456205e+00 1.453332e-01 -5.842721e-01 -5.393295e-01
0.000000e+00 1.161410e+00 1.185213e+00 -9.025945e-01 1.191649e+00 1.289596e+00 1.530711e+00
0.000000e+00 1.547633e+00 4.356000e-01 -9.025945e-01 1.191649e+00 9.252328e-01 9.908173e-01
0.000000e+00 7.751877e-01 -1.410252e-01 8.665048e-01 4.941050e-01 3.006101e-01 2.189710e-01
0.000000e+00 2.742182e-03 -2.563503e-01 1.456205e+00 4.941050e-01 -1.158051e-01 -1.585905e-01
0.000000e+00 -7.697033e-01 6.662501e-01 1.456205e+00 -5.522104e-01 1.965063e-01 3.612506e-01
0.000000e+00 -1.542149e+00 -4.293379e-01 8.665048e-01 4.941050e-01 -7.924797e-01 -9.351659e-01
0.000000e+00 1.547633e+00 8.969003e-01 2.768051e-01 1.540420e+00 1.706011e+00 1.474081e+00
0.000000e+00 2.742182e-03 1.069888e+00 -1.492294e+00 -2.034386e-01 1.081388e+00 9.145020e-01
0.000000e+00 1.547633e+00 -2.570019e-02 -1.492294e+00 1.540420e+00 5.088177e-01 5.527551e-01
0.000000e+00 -3.834806e-01 -1.582588e+00 -3.128947e-01 -2.034386e-01 -1.677362e+00 -1.619103e+00
0.000000e+00 2.742182e-03 -1.410252e-01 -9.025945e-01 -1.598526e+00 -2.719607e-01 -2.131227e-01
0.000000e+00 -3.834806e-01 1.472874e-01 2.768051e-01 -1.249754e+00 1.965063e-01 -3.690500e-02
0.000000e+00 -1.155926e+00 6.662501e-01 -9.025945e-01 1.191649e+00 9.240252e-02 1.648392e-01
0.000000e+00 -1.542149e+00 -1.582588e+00 2.768051e-01 -1.249754e+00 -2.145829e+00 -2.069651e+00
0.000000e+00 1.161410e+00 -1.467263e+00 8.665048e-01 1.540420e+00 -7.404278e-01 -8.196509e-01
0.000000e+00 -3.834806e-01 1.531188e+00 -3.128947e-01 -1.249754e+00 1.341648e+00 1.208709e+00
0.000000e+00 2.742182e-03 -6.599880e-01 8.665048e-01 1.191649e+00 -4.281164e-01 -5.335160e-01
0.000000e+00 3.889649e-01 6.662501e-01 -9.025945e-01 -9.009822e-01 6.129215e-01 6.966001e-01
0.000000e+00 1.161410e+00 1.588851e+00 -3.128947e-01 -1.249754e+00 1.914219e+00 1.854621e+00
0.000000e+00 1.161410e+00 1.531188e+00 1.456205e+00 4.941050e-01 2.070374e+00 1.927089e+00
0.000000e+00 7.751877e-01 1.012225e+00 2.768051e-01 1.191649e+00 1.237544e+00 1.273256e+00
0.000000e+00 -3.834806e-01 -1.697914e+00 2.768051e-01 1.453332e-01 -1.625310e+00 -1.689972e+00
0.000000e+00 3.889649e-01 4.356000e-01 -3.128947e-01 4.941050e-01 6.129215e-01 5.504726e-01
0.000000e+00 -3.834806e-01 -1.236613e+00 8.665048e-01 -9.009822e-01 -1.312999e+00 -1.272316e+00
0.000000e+00 7.751877e-01 1.704176e+00 -3.128947e-01 -9.009822e-01 1.862167e+00 1.822447e+00
0.000000e+00 -1.542149e+00 -1.467263e+00 8.665048e-01 8.428768e-01 -1.781466e+00 -1.877770e+00
0.000000e+00 2.742182e-03 1.646513e+00 -3.128947e-01 4.941050e-01 1.653959e+00 1.513836e+00
0.000000e+00 -3.834806e-01 8.969003e-01 8.665048e-01 -2.034386e-01 7.170252e-01 7.066378e-01
0.000000e+00 7.751877e-01 6.662501e-01 -1.492294e+00 1.453332e-01 8.731809e-01 8.506583e-01
0.000000e+00 1.547633e+00 2.049499e-01 -3.128947e-01 1.191649e+00 7.690771e-01 8.038779e-01
0.000000e+00 2.742182e-03 3.779375e-01 8.665048e-01 -9.009822e-01 5.608696e-01 3.580730e-01
0.000000e+00 -3.834806e-01 1.472874e-01 1.456205e+00 -9.009822e-01 -1.170127e-02 2.288884e-02
0.000000e+00 1.547633e+00 -3.140128e-01 -9.025945e-01 1.453332e-01 2.485582e-01 2.720700e-01
0.000000e+00 2.742182e-03 6.662501e-01 -9.025945e-01 8.428768e-01 6.129215e-01 5.993703e-01
0.000000e+00 1.547633e+00 -8.336272e-02 -3.128947e-01 -2.034386e-01 5.088177e-01 4.983973e-01
0.000000e+00 1.161410e+00 1.588851e+00 -3.128947e-01 -1.598526e+00 1.653959e+00 1.844418e+00
0.000000e+00 -3.834806e-01 -3.140128e-01 2.768051e-01 -9.009822e-01 -3.760645e-01 -4.501718e-01
0.000000e+00 7.751877e-01 1.358200e+00 8.665048e-01 8.428768e-01 1.653959e+00 1.605451e+00
0.000000e+00 2.742182e-03 1.646513e+00 -3.128947e-01 -5.522104e-01 1.497804e+00 1.483227e+00
0.000000e+00 -3.834806e-01 -1.236613e+00 -9.025945e-01 1.191649e+00 -1.208895e+00 -1.285484e+00
0.000000e+00 2.742182e-03 -1.582588e+00 -9.025945e-01 1.453332e-01 -1.469154e+00 -1.485451e+00
0.000000e+00 2.742182e-03 -8.906381e-01 -9.025945e-01 1.540420e+00 -9.486353e-01 -8.094341e-01
0.000000e+00 1.547633e+00 -1.524926e+00 8.665048e-01 -5.522104e-01 -6.363240e-01 -7.855579e-01
0.000000e+00 1.547633e+00 8.392377e-01 -1.492294e+00 -5.522104e-01 1.133440e+00 1.285543e+00
0.000000e+00 3.889649e-01 4.356000e-01 -3.128947e-01 1.540420e+00 5.088177e-01 5.810816e-01
0.000000e+00 -3.834806e-01 -6.023255e-01 -1.492294e+00 -2.034386e-01 -6.363240e-01 -7.688206e-01
0.000000e+00 -1.155926e+00 1.069888e+00 8.665048e-01 4.941050e-01 4.567658e-01 5.893555e-01
0.000000e+00 -7.697033e-01 -4.293379e-01 1.456205e+00 4.941050e-01 -6.363240e-01 -6.138811e-01
0.000000e+00 -1.155926e+00 3.779375e-01 -3.128947e-01 1.540420e+00 9.240252e-02 -6.483100e-02
0.000000e+00 2.742182e-03 9.545628e-01 2.768051e-01 4.941050e-01 9.252328e-01 9.034268e-01
0.000000e+00 3.889649e-01 -1.294276e+00 -3.128947e-01 -2.034386e-01 -1.208895e+00 -1.057945e+00
0.000000e+00 2.742182e-03 1.531188e+00 -3.128947e-01 1.191649e+00 1.549856e+00 1.428375e+00
0.000000e+00 -1.155926e+00 3.779375e-01 -3.128947e-01 -1.249754e+00 -6.375316e-02 -1.464550e-01
0.000000e+00 2.742182e-03 1.473526e+00 -3.128947e-01 8.428768e-01 1.341648e+00 1.365238e+00
0.000000e+00 1.547633e+00 8.392377e-01 1.456205e+00 1.540420e+00 1.237544e+00 1.470738e+00
0.000000e+00 -3.834806e-01 1.472874e-01 -3.128947e-01 8.428768e-01 1.444544e-01 -4.824467e-04
0.000000e+00 -1.155926e+00 1.472874e-01 8.665048e-01 -9.009822e-01 -1.158051e-01 -2.983960e-01
0.000000e+00 -7.697033e-01 -1.351938e+00 -3.128947e-01 -2.034386e-01 -1.573258e+00 -1.555613e+00
0.000000e+00 -7.697033e-01 -4.870004e-01 1.456205e+00 8.428768e-01 -7.404278e-01 -6.566118e-01
0.000000e+00 1.547633e+00 -1.467263e+00 8.665048e-01 1.540420e+00 -5.842721e-01 -6.714062e-01
0.000000e+00 -3.834806e-01 8.969003e-01 -3.128947e-01 1.191649e+00 7.690771e-01 6.978589e-01
0.000000e+00 -1.542149e+00 -8.906381e-01 -3.128947e-01 4.941050e-01 -1.365050e+00 -1.408227e+00
0.000000e+00 -1.542149e+00 -5.446629e-01 8.665048e-01 -5.522104e-01 -1.104791e+00 -1.071642e+00
0.000000e+00 7.751877e-01 -3.140128e-01 -3.128947e-01 -5.522104e-01 4.035063e-02 -2.003005e-02
0.000000e+00 7.751877e-01 -7.753131e-01 1.456205e+00 -9.009822e-01 -3.240126e-01 -3.793165e-01
0.000000e+00 -1.155926e+00 1.473526e+00 -9.025945e-01 8.428768e-01 1.185492e+00 8.957083e-01
0.000000e+00 1.547633e+00 1.127550e+00 -3.128947e-01 1.453332e-01 1.706011e+00 1.620208e+00
0.000000e+00 1.547633e+00 -1.351938e+00 2.768051e-01 1.540420e+00 -5.322202e-01 -5.903342e-01
0.000000e+00 2.742182e-03 1.358200e+00 8.665048e-01 1.453332e-01 1.133440e+00 1.288555e+00
0.000000e+00 -7.697033e-01 1.588851e+00 1.456205e+00 1.540420e+00 1.081388e+00 1.269408e+00
0.000000e+00 -7.697033e-01 1.127550e+00 -3.128947e-01 1.540420e+00 7.690771e-01 7.715521e-01
0.000000e+00 -7.697033e-01 1.704176e+00 -3.128947e-01 1.191649e+00 1.289596e+00 1.290686e+00
0.000000e+00 3.889649e-01 -6.599880e-01 8.665048e-01 -9.009822e-01 -5.322202e-01 -4.464892e-01
0.000000e+00 -3.834806e-01 1.242875e+00 -1.492294e+00 -5.522104e-01 8.211290e-01 9.148554e-01
0.000000e+00 1.161410e+00 -1.351938e+00 1.456205e+00 -9.009822e-01 -6.883759e-01 -7.604090e-01
0.000000e+00 2.742182e-03 5.509251e-01 1.456205e+00 -9.009822e-01 5.088177e-01 5.416696e-01
0.000000e+00 -1.542149e+00 8.392377e-01 -9.025945e-01 -1.598526e+00 4.035063e-02 9.377164e-02
0.000000e+00 1.547633e+00 1.646513e+00 -9.025945e-01 1.540420e+00 1.966271e+00 2.112628e+00
0.000000e+00 -1.542149e+00 1.127550e+00 -3.128947e-01 1.453332e-01 3.526620e-01 4.342507e-01
0.000000e+00 3.889649e-01 -3.716754e-01 8.665048e-01 1.191649e+00 -1.678569e-01 -1.206026e-01
0.000000e+00 -1.542149e+00 -1.121288e+00 2.768051e-01 -2.034386e-01 -1.625310e+00 -1.615572e+00
0.000000e+00 -7.697033e-01 6.085876e-01 -3.128947e-01 1.540420e+00 3.006101e-01 2.951486e-01
0.000000e+00 2.742182e-03 1.415863e+00 -9.025945e-01 -1.249754e+00 1.185492e+00 1.226291e+00
0.000000e+00 7.751877e-01 -1.697914e+00 -3.128947e-01 1.540420e+00 -1.417102e+00 -1.229221e+00
0.000000e+00 1.161410e+00 1.358200e+00 8.665048e-01 -5.522104e-01 1.601907e+00 1.712883e+00
0.000000e+00 1.547633e+00 8.962487e-02 1.456205e+00 1.453332e-01 7.170252e-01 7.417877e-01
0.000000e+00 3.889649e-01 5.509251e-01 1.456205e+00 4.941050e-01 8.211290e-01 7.307263e-01
0.000000e+00 1.547633e+00 1.300538e+00 1.456205e+00 4.941050e-01 1.862167e+00 1.863599e+00
0.000000e+00 1.161410e+00 7.815752e-01 1.456205e+00 -5.522104e-01 1.237544e+00 1.208342e+00
0.000000e+00 1.547633e+00 -1.640251e+00 2.768051e-01 1.540420e+00 -7.404278e-01 -8.550028e-01
0.000000e+00 -3.834806e-01 -8.906381e-01 -1.492294e+00 1.540420e+00 -1.000687e+00 -9.824743e-01
0.000000e+00 1.547633e+00 -5.446629e-01 2.768051e-01 -2.034386e-01 9.240252e-02 9.972293e-02
0.000000e+00 7.751877e-01 -3.716754e-01 -3.128947e-01 -5.522104e-01 -6.375316e-02 -7.296377e-02
0.000000e+00 2.742182e-03 1.127550e+00 -9.025945e-01 1.540420e+00 1.029337e+00 1.043246e+00
0.000000e+00 2.742182e-03 -7.753131e-01 8.665048e-01 1.453332e-01 -7.924797e-01 -6.699924e-01
0.000000e+00 -1.542149e+00 9.545628e-01 -3.128947e-01 4.941050e-01 3.006101e-01 2.856525e-01
0.000000e+00 -1.155926e+00 1.242875e+00 -1.492294e+00 -1.249754e+00 6.129215e-01 5.979600e-01
0.000000e+00 -7.697033e-01 1.242875e+00 8.665048e-01 1.540420e+00 8.731809e-01 9.270104e-01
0.000000e+00 1.161410e+00 -1.236613e+00 8.665048e-01 -9.009822e-01 -6.883759e-01 -6.793370e-01
0.000000e+00 3.889649e-01 2.626125e-01 8.665048e-01 8.428768e-01 2.485582e-01 4.514653e-01
0.000000e+00 2.742182e-03 -6.023255e-01 -3.128947e-01 4.941050e-01 -7.404278e-01 -5.505791e-01
0.000000e+00 -1.542149e+00 -6.599880e-01 -1.492294e+00 -1.598526e+00 -1.208895e+00 -1.307301e+00
0.000000e+00 1.547633e+00 -7.176505e-01 -3.128947e-01 -5.522104e-01 -1.158051e-01 -9.407666e-02
0.000000e+00 -7.697033e-01 -6.023255e-01 8.665048e-01 -2.034386e-01 -6.883759e-01 -8.178837e-01
0.000000e+00 -7.697033e-01 -2.570019e-02 8.665048e-01 -9.009822e-01 -3.240126e-01 -3.089525e-01
0.000000e+00 -1.155926e+00 5.509251e-01 -9.025945e-01 -5.522104e-01 4.035063e-02 7.956748e-03
0.000000e+00 -3.834806e-01 -1.697914e+00 2.768051e-01 1.540420e+00 -1.625310e+00 -1.649160e+00
0.000000e+00 -1.155926e+00 -3.716754e-01 -3.128947e-01 1.540420e+00 -8.445316e-01 -7.529694e-01
0.000000e+00 1.547633e+00 -3.716754e-01 -1.492294e+00 1.540420e+00 3.006101e-01 2.351528e-01
0.000000e+00 7.751877e-01 9.545628e-01 8.665048e-01 4.941050e-01 1.185492e+00 1.224712e+00
0.000000e+00 1.161410e+00 -6.599880e-01 -3.128947e-01 8.428768e-01 -1.158051e-01 -1.485757e-01
0.000000e+00 -7.697033e-01 -2.570019e-02 2.768051e-01 1.191649e+00 -3.760645e-01 -2.725299e-01
0.000000e+00 3.889649e-01 -2.563503e-01 -3.128947e-01 -1.249754e+00 -6.375316e-02 -1.357470e-01
0.000000e+00 3.889649e-01 6.662501e-01 2.768051e-01 -5.522104e-01 7.690771e-01 7.563939e-01
0.000000e+00 -1.542149e+00 7.815752e-01 -3.128947e-01 -1.598526e+00 1.965063e-01 6.563335e-02
0.000000e+00 3.889649e-01 1.704176e+00 -9.025945e-01 -9.009822e-01 1.758063e+00 1.649407e+00
0.000000e+00 -7.697033e-01 4.356000e-01 -3.128947e-01 8.428768e-01 1.444544e-01 1.159414e-01
0.000000e+00 -7.697033e-01 -8.336272e-02 1.456205e+00 4.941050e-01 -1.678569e-01 -2.962788e-01
0.000000e+00 -7.697033e-01 -1.005963e+00 -9.025945e-01 8.428768e-01 -1.208895e+00 -1.232197e+00
0.000000e+00 1.161410e+00 -1.524926e+00 2.768051e-01 1.453332e-01 -1.208895e+00 -9.381920e-01
0.000000e+00 2.742182e-03 8.392377e-01 8.665048e-01 -2.034386e-01 7.170252e-01 8.019488e-01
0.000000e+00 -3.834806e-01 -7.753131e-01 8.665048e-01 1.540420e+00 -7.924797e-01 -7.774251e-01
0.000000e+00 1.547633e+00 1.472874e-01 -3.128947e-01 1.191649e+00 9.252328e-01 7.509441e-01
0.000000e+00 1.547633e+00 -1.467263e+00 -1.492294e+00 -2.034386e-01 -8.445316e-01 -8.216029e-01
0.000000e+00 -1.542149e+00 -1.410252e-01 -3.128947e-01 1.191649e+00 -7.924797e-01 -6.996822e-01
0.000000e+00 -1.155926e+00 -3.716754e-01 -9.025945e-01 -5.522104e-01 -1.052739e+00 -8.389828e-01
0.000000e+00 1.161410e+00 -7.753131e-01 -9.025945e-01 -2.034386e-01 -1.678569e-01 -3.098475e-01
0.000000e+00 2.742182e-03 1.127550e+00 2.768051e-01 -1.598526e+00 1.133440e+00 1.001010e+00
0.000000e+00 7.751877e-01 4.932626e-01 -3.128947e-01 1.453332e-01 6.129215e-01 7.414480e-01
0.000000e+00 -1.542149e+00 1.012225e+00 2.768051e-01 -9.009822e-01 1.444544e-01 3.225696e-01
0.000000e+00 2.742182e-03 5.509251e-01 -1.492294e+00 1.540420e+00 5.608696e-01 4.891135e-01
0.000000e+00 -7.697033e-01 7.815752e-01 8.665048e-01 -1.249754e+00 5.608696e-01 4.219166e-01
0.000000e+00 -1.155926e+00 8.969003e-01 8.665048e-01 1.453332e-01 3.526620e-01 4.203513e-01
0.000000e+00 -1.155926e+00 1.185213e+00 -3.128947e-01 -1.598526e+00 5.608696e-01 5.844141e-01
0.000000e+00 1.547633e+00 -1.121288e+00 2.768051e-01 1.191649e+00 -3.240126e-01 -3.888023e-01
0.000000e+00 -3.834806e-01 -1.063626e+00 2.768051e-01 -2.034386e-01 -1.208895e+00 -1.117904e+00
0.000000e+00 -3.834806e-01 -1.005963e+00 -1.492294e+00 4.941050e-01 -1.208895e+00 -1.118951e+00
0.000000e+00 7.751877e-01 -1.294276e+00 2.768051e-01 1.540420e+00 -8.965834e-01 -8.338899e-01
0.000000e+00 -1.155926e+00 -1.697914e+00 1.456205e+00 1.191649e+00 -2.041725e+00 -1.906262e+00
0.000000e+00 -7.697033e-01 -1.236613e+00 1.456205e+00 1.191649e+00 -1.052739e+00 -1.334547e+00
0.000000e+00 -7.697033e-01 -1.410252e-01 -9.025945e-01 4.941050e-01 -3.240126e-01 -4.483942e-01
0.000000e+00 3.889649e-01 -1.640251e+00 1.456205e+00 -5.522104e-01 -1.365050e+00 -1.311364e+00
0.000000e+00 -7.697033e-01 -9.483006e-01 1.456205e+00 -5.522104e-01 -1.104791e+00 -1.120894e+00
0.000000e+00 2.742182e-03 -1.005963e+00 -9.025945e-01 4.941050e-01 -1.156843e+00 -9.459106e-01
0.000000e+00 -3.834806e-01 1.012225e+00 1.456205e+00 8.428768e-01 9.252328e-01 8.679096e-01
0.000000e+00 -7.697033e-01 -1.640251e+00 1.456205e+00 4.941050e-01 -1.677362e+00 -1.725489e+00
0.000000e+00 1.161410e+00 -1.524926e+00 -9.025945e-01 1.540420e+00 -1.052739e+00 -9.469709e-01
0.000000e+00 -7.697033e-01 -1.063626e+00 -3.128947e-01 -5.522104e-01 -1.312999e+00 -1.301147e+00
0.000000e+00 3.889649e-01 1.012225e+00 -9.025945e-01 -5.522104e-01 9.252328e-01 1.024405e+00
0.000000e+00 7.751877e-01 -1.178951e+00 -9.025945e-01 8.428768e-01 -6.363240e-01 -7.980193e-01
0.000000e+00 7.751877e-01 -1.582588e+00 1.456205e+00 1.191649e+00 -8.965834e-01 -1.059171e+00
0.000000e+00 -1.155926e+00 -1.524926e+00 8.665048e-01 4.941050e-01 -1.781466e+00 -1.792662e+00
0.000000e+00 -7.697033e-01 -1.409601e+00 1.456205e+00 -9.009822e-01 -1.521206e+00 -1.554566e+00
0.000000e+00 -3.834806e-01 -4.293379e-01 -3.128947e-01 1.540420e+00 -6.363240e-01 -5.094137e-01
0.000000e+00 7.751877e-01 -1.467263e+00 -9.025945e-01 -1.598526e+00 -1.208895e+00 -1.134109e+00
0.000000e+00 -1.155926e+00 1.127550e+00 -1.492294e+00 -2.034386e-01 4.567658e-01 5.227015e-01
0.000000e+00 -7.697033e-01 -1.582588e+00 -9.025945e-01 1.453332e-01 -1.833518e+00 -1.781940e+00
0.000000e+00 7.751877e-01 -1.178951e+00 -3.128947e-01 1.191649e+00 -7.404278e-01 -7.630209e-01
0.000000e+00 7.751877e-01 7.239127e-01 2.768051e-01 -2.034386e-01 7.690771e-01 9.677753e-01
0.000000e+00 -7.697033e-01 -6.599880e-01 1.456205e+00 -1.598526e+00 -1.000687e+00 -8.868340e-01
0.000000e+00 -1.542149e+00 -9.483006e-01 8.665048e-01 -5.522104e-01 -1.521206e+00 -1.442178e+00
0.000000e+00 -7.697033e-01 -5.446629e-01 8.665048e-01 -1.249754e+00 -9.486353e-01 -7.955589e-01
0.000000e+00 2.742182e-03 1.704176e+00 1.456205e+00 -5.522104e-01 1.758063e+00 1.610547e+00
0.000000e+00 7.751877e-01 7.239127e-01 1.456205e+00 4.941050e-01 1.133440e+00 1.037772e+00
0.000000e+00 -3.834806e-01 -1.410252e-01 -3.128947e-01 1.191649e+00 -4.281164e-01 -2.549481e-01
0.000000e+00 -1.542149e+00 -5.446629e-01 -9.025945e-01 -9.009822e-01 -1.156843e+00 -1.156232e+00
0.000000e+00 3.889649e-01 3.202750e-01 -1.492294e+00 -9.009822e-01 3.006101e-01 3.542023e-01
0.000000e+00 -1.155926e+00 -3.716754e-01 -9.025945e-01 -5.522104e-01 -8.445316e-01 -8.389828e-01
0.000000e+00 -7.697033e-01 1.358200e+00 -9.025945e-01 4.941050e-01 9.772847e-01 9.278825e-01
0.000000e+00 -3.834806e-01 4.356000e-01 -1.492294e+00 1.453332e-01 -6.375316e-02 1.941893e-01
0.000000e+00 3.889649e-01 -7.753131e-01 8.665048e-01 -2.034386e-01 -4.281164e-01 -5.319507e-01
0.000000e+00 3.889649e-01 -4.870004e-01 -9.025945e-01 -5.522104e-01 -3.240126e-01 -3.518713e-01
0.000000e+00 7.751877e-01 -6.599880e-01 2.768051e-01 8.428768e-01 -1.158051e-01 -2.720250e-01
0.000000e+00 2.742182e-03 8.392377e-01 2.768051e-01 -5.522104e-01 5.608696e-01 7.669503e-01
0.000000e+00 7.751877e-01 1.358200e+00 -3.128947e-01 -9.009822e-01 1.497804e+00 1.504845e+00
0.000000e+00 -1.155926e+00 -1.178951e+00 -3.128947e-01 4.941050e-01 -1.469154e+00 -1.524650e+00
0.000000e+00 -1.542149e+00 -1.121288e+00 -1.492294e+00 -1.249754e+00 -1.677362e+00 -1.720567e+00
0.000000e+00 1.161410e+00 4.356000e-01 -1.492294e+00 -5.522104e-01 8.731809e-01 7.667622e-01
0.000000e+00 -1.542149e+00 -1.640251e+00 -3.128947e-01 8.428768e-01 -2.041725e+00 -2.086162e+00
0.000000e+00 -1.155926e+00 1.472874e-01 1.456205e+00 -5.522104e-01 -4.281164e-01 -2.633976e-01
0.000000e+00 3.889649e-01 7.239127e-01 -9.025945e-01 1.540420e+00 9.252328e-01 8.209548e-01
0.000000e+00 -1.542149e+00 3.196234e-02 1.456205e+00 4.941050e-01 -5.322202e-01 -4.869008e-01
0.000000e+00 -7.697033e-01 1.012225e+00 8.665048e-01 -1.249754e+00 6.649733e-01 6.336515e-01
0.000000e+00 7.751877e-01 2.626125e-01 2.768051e-01 -2.034386e-01 7.170252e-01 5.443056e-01
0.000000e+00 1.161410e+00 3.779375e-01 -1.492294e+00 -5.522104e-01 7.170252e-01 7.138285e-01
0.000000e+00 -3.834806e-01 9.545628e-01 -3.128947e-01 1.191649e+00 7.170252e-01 7.507926e-01
0.000000e+00 -7.697033e-01 9.545628e-01 2.768051e-01 4.941050e-01 5.088177e-01 6.069373e-01
0.000000e+00 -1.542149e+00 3.202750e-01 1.456205e+00 1.191649e+00 -3.760645e-01 -2.018262e-01
0.000000e+00 1.547633e+00 -4.293379e-01 -1.492294e+00 1.540420e+00 9.240252e-02 1.822191e-01
0.000000e+00 3.889649e-01 3.202750e-01 -1.492294e+00 4.941050e-01 3.526620e-01 3.950143e-01
0.000000e+00 3.889649e-01 5.509251e-01 -9.025945e-01 -1.249754e+00 7.690771e-01 5.805296e-01
0.000000e+00 1.547633e+00 4.932626e-01 -1.492294e+00 -1.249754e+00 9.252328e-01 9.475346e-01
0.000000e+00 -1.542149e+00 -2.563503e-01 8.665048e-01 -1.249754e+00 -8.445316e-01 -8.273798e-01
0.000000e+00 3.889649e-01 -3.140128e-01 -1.492294e+00 -2.034386e-01 -1.158051e-01 -2.076626e-01
0.000000e+00 2.742182e-03 -7.753131e-01 8.665048e-01 -1.598526e+00 -7.924797e-01 -7.210074e-01
0.000000e+00 3.889649e-01 -8.906381e-01 1.456205e+00 4.941050e-01 -4.281164e-01 -5.926167e-01
0.000000e+00 1.161410e+00 3.779375e-01 -9.025945e-01 -1.249754e+00 6.649733e-01 7.182179e-01
0.000000e+00 2.742182e-03 8.392377e-01 8.665048e-01 -5.522104e-01 9.252328e-01 7.917458e-01
0.000000e+00 -1.155926e+00 -1.524926e+00 1.456205e+00 1.191649e+00 -1.677362e+00 -1.747460e+00
0.000000e+00 -1.155926e+00 -4.870004e-01 2.768051e-01 8.428768e-01 -8.445316e-01 -8.544474e-01
0.000000e+00 2.742182e-03 -7.753131e-01 -1.492294e+00 1.540420e+00 -7.924797e-01 -7.283621e-01
0.000000e+00 -7.697033e-01 -4.870004e-01 -3.128947e-01 -1.249754e+00 -6.883759e-01 -7.922161e-01
0.000000e+00 -7.697033e-01 -7.753131e-01 -3.128947e-01 -5.522104e-01 -1.052739e+00 -1.036479e+00
0.000000e+00 1.161410e+00 -9.483006e-01 8.665048e-01 -5.522104e-01 -4.281164e-01 -4.044654e-01
0.000000e+00 7.751877e-01 -9.483006e-01 -9.025945e-01 -1.249754e+00 -4.801683e-01 -6.475024e-01
0.000000e+00 -1.542149e+00 -7.753131e-01 8.665048e-01 -1.249754e+00 -1.521206e+00 -1.303783e+00
0.000000e+00 2.742182e-03 -1.294276e+00 1.456205e+00 -2.034386e-01 -1.000687e+00 -1.131803e+00
0.000000e+00 1.547633e+00 2.049499e-01 1.456205e+00 -5.522104e-01 1.029337e+00 8.272491e-01
0.000000e+00 -3.834806e-01 -2.563503e-01 8.665048e-01 8.428768e-01 -3.760645e-01 -3.214276e-01
0.000000e+00 -1.542149e+00 8.392377e-01 8.665048e-01 -5.522104e-01 9.240252e-02 1.987669e-01
0.000000e+00 1.161410e+00 -2.570019e-02 2.768051e-01 8.428768e-01 3.526620e-01 4.584907e-01
0.000000e+00 2.742182e-03 -4.870004e-01 1.456205e+00 -2.034386e-01 -2.719607e-01 -3.907314e-01
0.000000e+00 -1.155926e+00 -8.329756e-01 2.768051e-01 -1.598526e+00 -1.312999e+00 -1.243471e+00
0.000000e+00 -1.542149e+00 -2.570019e-02 8.665048e-01 1.191649e+00 -5.842721e-01 -5.442239e-01
0.000000e+00 -7.697033e-01 -8.329756e-01 -9.025945e-01 8.428768e-01 -1.000687e+00 -1.073396e+00
0.000000e+00 1.547633e+00 4.356000e-01 -1.492294e+00 -1.598526e+00 7.170252e-01 8.843979e-01
0.000000e+00 -1.542149e+00 1.358200e+00 1.456205e+00 -9.009822e-01 5.608696e-01 6.897628e-01
0.000000e+00 -3.834806e-01 -3.716754e-01 -3.128947e-01 -9.009822e-01 -4.801683e-01 -5.279009e-01
0.000000e+00 1.161410e+00 3.202750e-01 2.768051e-01 -2.034386e-01 6.649733e-01 7.454840e-01
0.000000e+00 1.161410e+00 2.626125e-01 1.456205e+00 4.941050e-01 6.649733e-01 7.625471e-01
0.000000e+00 1.161410e+00 -1.409601e+00 -1.492294e+00 -1.598526e+00 -9.486353e-01 -9.577259e-01
0.000000e+00 1.161410e+00 -1.524926e+00 2.768051e-01 -1.598526e+00 -1.000687e+00 -9.892070e-01
0.000000e+00 -3.834806e-01 -7.176505e-01 1.456205e+00 1.540420e+00 -7.924797e-01 -6.996960e-01
0.000000e+00 1.161410e+00 -1.409601e+00 2.768051e-01 1.453332e-01 -7.924797e-01 -8.323246e-01
0.000000e+00 1.547633e+00 -2.563503e-01 2.768051e-01 -2.034386e-01 2.485582e-01 3.643915e-01
0.000000e+00 7.751877e-01 3.779375e-01 8.665048e-01 -9.009822e-01 7.690771e-01 6.545624e-01
0.000000e+00 -1.155926e+00 -1.986878e-01 8.665048e-01 -9.009822e-01 -6.363240e-01 -6.159983e-01
0.000000e+00 1.547633e+00 6.085876e-01 2.768051e-01 -5.522104e-01 1.341648e+00 1.148194e+00
0.000000e+00 1.161410e+00 -1.121288e+00 2.768051e-01 1.540420e+00 -6.883759e-01 -5.268440e-01
0.000000e+00 2.742182e-03 4.356000e-01 -3.128947e-01 -1.249754e+00 2.485582e-01 3.512129e-01
0.000000e+00 -7.697033e-01 -8.329756e-01 -1.492294e+00 1.191649e+00 -1.000687e+00 -1.087988e+00
0.000000e+00 7.751877e-01 -6.599880e-01 -1.492294e+00 -5.522104e-01 -4.801683e-01 -3.872232e-01
0.000000e+00 -1.155926e+00 7.239127e-01 -9.025945e-01 1.540420e+00 2.485582e-01 2.279759e-01
0.000000e+00 -7.697033e-01 1.300538e+00 -9.025945e-01 -9.009822e-01 6.129215e-01 8.341368e-01
0.000000e+00 1.547633e+00 -8.906381e-01 -9.025945e-01 1.540420e+00 -3.240126e-01 -2.164553e-01
0.000000e+00 -3.834806e-01 -2.563503e-01 8.665048e-01 4.941050e-01 -4.281164e-01 -3.316306e-01
0.000000e+00 -3.834806e-01 1.473526e+00 8.665048e-01 1.191649e+00 1.237544e+00 1.276787e+00
0.000000e+00 -7.697033e-01 6.085876e-01 -3.128947e-01 -1.249754e+00 3.006101e-01 2.135246e-01
0.000000e+00 2.742182e-03 1.473526e+00 8.665048e-01 1.453332e-01 1.393700e+00 1.394423e+00
0.000000e+00 -7.697033e-01 3.196234e-02 -9.025945e-01 -2.034386e-01 -3.760645e-01 -3.099990e-01
0.000000e+00 1.547633e+00 -6.599880e-01 1.456205e+00 -1.598526e+00 -6.375316e-02 2.634348e-03
0.000000e+00 -7.697033e-01 1.531188e+00 2.768051e-01 4.941050e-01 1.029337e+00 1.136275e+00
0.000000e+00 -1.155926e+00 1.185213e+00 -9.025945e-01 -1.598526e+00 6.649733e-01 5.596187e-01
0.000000e+00 2.742182e-03 -3.716754e-01 -3.128947e-01 1.540420e+00 -2.719607e-01 -3.082352e-01
0.000000e+00 3.889649e-01 1.588851e+00 2.768051e-01 1.191649e+00 1.653959e+00 1.654348e+00
0.000000e+00 -1.542149e+00 -1.236613e+00 8.665048e-01 -5.522104e-01 -1.573258e+00 -1.706847e+00
0.000000e+00 3.889649e-01 -4.293379e-01 2.768051e-01 8.428768e-01 -5.322202e-01 -2.085348e-01
0.000000e+00 -7.697033e-01 -1.524926e+00 1.456205e+00 -1.598526e+00 -1.573258e+00 -1.680840e+00
0.000000e+00 -3.834806e-01 -1.178951e+00 -3.128947e-01 -2.034386e-01 -1.417102e+00 -1.248567e+00
0.000000e+00 3.889649e-01 -1.236613e+00 8.665048e-01 -9.009822e-01 -1.000687e+00 -9.758264e-01
0.000000e+00 1.161410e+00 -6.599880e-01 -1.492294e+00 -5.522104e-01 -1.158051e-01 -2.389785e-01
0.000000e+00 1.547633e+00 -8.906381e-01 -9.025945e-01 -5.522104e-01 -4.281164e-01 -2.776732e-01
0.000000e+00 3.889649e-01 1.185213e+00 1.456205e+00 8.428768e-01 1.497804e+00 1.323200e+00
0.000000e+00 7.751877e-01 2.049499e-01 1.456205e+00 1.540420e+00 5.608696e-01 5.919777e-01
0.000000e+00 2.742182e-03 6.662501e-01 -9.025945e-01 1.540420e+00 5.608696e-01 6.197763e-01
0.000000e+00 1.547633e+00 -6.599880e-01 -3.128947e-01 -9.009822e-01 -1.170127e-02 -5.134593e-02
0.000000e+00 -3.834806e-01 1.069888e+00 -3.128947e-01 -1.598526e+00 8.211290e-01 7.750361e-01
0.000000e+00 3.889649e-01 1.242875e+00 1.456205e+00 -2.034386e-01 1.601907e+00 1.345525e+00
0.000000e+00 2.742182e-03 1.473526e+00 -9.025945e-01 -1.249754e+00 1.289596e+00 1.279224e+00
0.000000e+00 -1.542149e+00 -5.446629e-01 2.768051e-01 1.453332e-01 -1.000687e+00 -1.076032e+00
0.000000e+00 2.742182e-03 2.049499e-01 -1.492294e+00 -5.522104e-01 9.240252e-02 1.102932e-01
0.000000e+00 2.742182e-03 1.185213e+00 -1.492294e+00 1.191649e+00 1.133440e+00 1.061181e+00
0.000000e+00 1.547633e+00 -7.753131e-01 -3.128947e-01 4.941050e-01 -1.678569e-01 -1.164014e-01
0.000000e+00 -1.542149e+00 -7.176505e-01 -3.128947e-01 -1.249754e+00 -1.365050e+00 -1.300440e+00
0.000000e+00 2.742182e-03 -7.753131e-01 2.768051e-01 4.941050e-01 -6.363240e-01 -6.845848e-01
0.000000e+00 7.751877e-01 -1.640251e+00 -3.128947e-01 1.540420e+00 -1.312999e+00 -1.176288e+00
0.000000e+00 3.889649e-01 1.185213e+00 -1.492294e+00 8.428768e-01 9.772847e-01 1.199223e+00
0.000000e+00 3.889649e-01 -1.697914e+00 -9.025945e-01 -9.009822e-01 -1.469154e+00 -1.473682e+00
0.000000e+00 7.751877e-01 7.239127e-01 1.456205e+00 -9.009822e-01 8.731809e-01 9.969602e-01
0.000000e+00 3.889649e-01 1.531188e+00 -1.492294e+00 -1.249754e+00 1.393700e+00 1.455607e+00
0.000000e+00 2.742182e-03 -1.178951e+00 2.768051e-01 -1.598526e+00 -1.260947e+00 -1.116339e+00
0.000000e+00 2.742182e-03 3.779375e-01 -9.025945e-01 -9.009822e-01 3.526620e-01 2.836867e-01
0.000000e+00 1.547633e+00 1.012225e+00 -9.025945e-01 1.540420e+00 1.237544e+00 1.530358e+00
0.000000e+00 1.161410e+00 1.473526e+00 1.456205e+00 4.941050e-01 1.914219e+00 1.874155e+00
0.000000e+00 -3.834806e-01 -1.467263e+00 -1.492294e+00 1.191649e+00 -1.469154e+00 -1.522014e+00
0.000000e+00 -3.834806e-01 1.473526e+00 -9.025945e-01 1.191649e+00 1.237544e+00 1.202401e+00
0.000000e+00 2.742182e-03 1.415863e+00 -9.025945e-01 1.453332e-01 1.393700e+00 1.267103e+00
0.000000e+00 -7.697033e-01 -1.063626e+00 -3.128947e-01 1.453332e-01 -1.417102e+00 -1.280741e+00
0.000000e+00 1.161410e+00 3.202750e-01 -9.025945e-01 -2.034386e-01 9.252328e-01 6.958932e-01
0.000000e+00 7.751877e-01 3.196234e-02 2.768051e-01 -1.249754e+00 1.965063e-01 3.019617e-01
0.000000e+00 2.742182e-03 1.415863e+00 -9.025945e-01 4.941050e-01 1.341648e+00 1.277306e+00
0.000000e+00 -7.697033e-01 4.356000e-01 -3.128947e-01 -1.598526e+00 1.965063e-01 4.452046e-02
0.000000e+00 2.742182e-03 1.185213e+00 8.665048e-01 1.453332e-01 1.133440e+00 1.129754e+00
0.000000e+00 -7.697033e-01 -1.236613e+00 8.665048e-01 -5.522104e-01 -1.521206e+00 -1.410358e+00
0.000000e+00 2.742182e-03 7.815752e-01 2.768051e-01 -9.009822e-01 7.690771e-01 7.038136e-01
0.000000e+00 -1.542149e+00 -2.563503e-01 1.456205e+00 -1.598526e+00 -8.965834e-01 -8.127873e-01
0.000000e+00 3.889649e-01 -8.906381e-01 1.456205e+00 1.453332e-01 -6.883759e-01 -6.028197e-01
0.000000e+00 -3.834806e-01 -8.329756e-01 2.768051e-01 4.941050e-01 -7.924797e-01 -8.857633e-01
0.000000e+00 -3.834806e-01 -1.005963e+00 -9.025945e-01 -1.598526e+00 -1.052739e+00 -1.155373e+00
0.000000e+00 1.161410e+00 -3.140128e-01 -9.025945e-01 -1.598526e+00 4.035063e-02 7.281025e-02
0.000000e+00 -1.155926e+00 -2.570019e-02 8.665048e-01 4.941050e-01 -3.760645e-01 -4.163852e-01
0.000000e+00 -3.834806e-01 1.300538e+00 8.665048e-01 1.453332e-01 1.081388e+00 1.087377e+00
0.000000e+00 -1.155926e+00 1.473526e+00 -1.492294e+00 4.941050e-01 8.211290e-01 8.607098e-01
0.000000e+00 -1.542149e+00 -1.351938e+00 8.665048e-01 8.428768e-01 -1.833518e+00 -1.771902e+00
0.000000e+00 -7.697033e-01 1.531188e+00 8.665048e-01 8.428768e-01 1.029337e+00 1.171273e+00
0.000000e+00 1.161410e+00 1.415863e+00 2.768051e-01 1.191649e+00 1.758063e+00 1.792037e+00
0.000000e+00 3.889649e-01 1.242875e+00 -1.492294e+00 1.191649e+00 1.237544e+00 1.262360e+00
0.000000e+00 7.751877e-01 -1.524926e+00 1.456205e+00 4.941050e-01 -7.924797e-01 -1.026643e+00
0.000000e+00 -1.155926e+00 7.239127e-01 -1.492294e+00 1.191649e+00 9.240252e-02 1.929775e-01
0.000000e+00 3.889649e-01 5.509251e-01 -9.025945e-01 1.453332e-01 5.608696e-01 6.213416e-01
0.000000e+00 1.161410e+00 4.356000e-01 -9.025945e-01 1.191649e+00 7.170252e-01 8.425726e-01
0.000000e+00 1.161410e+00 1.531188e+00 -1.492294e+00 -1.249754e+00 1.549856e+00 1.752097e+00
0.000000e+00 -3.834806e-01 -2.570019e-02 -1.492294e+00 -1.249754e+00 -1.158051e-01 -2.700924e-01
0.000000e+00 3.889649e-01 -1.178951e+00 -9.025945e-01 1.453332e-01 -9.486353e-01 -9.666700e-01
0.000000e+00 2.742182e-03 -2.570019e-02 2.768051e-01 -9.009822e-01 1.444544e-01 -3.725845e-02
0.000000e+00 1.547633e+00 4.932626e-01 2.768051e-01 -1.249754e+00 8.211290e-01 1.021921e+00
0.000000e+00 1.161410e+00 -1.351938e+00 2.768051e-01 8.428768e-01 -6.883759e-01 -7.589849e-01
0.000000e+00 -1.155926e+00 3.202750e-01 2.768051e-01 4.941050e-01 1.444544e-01 -1.235783e-01
0.000000e+00 7.751877e-01 2.626125e-01 -9.025945e-01 8.428768e-01 6.649733e-01 5.253237e-01
0.000000e+00 7.751877e-01 -3.716754e-01 -3.128947e-01 1.453332e-01 4.035063e-02 -5.255777e-02
0.000000e+00 -1.542149e+00 4.932626e-01 8.665048e-01 1.191649e+00 -1.678569e-01 -6.782043e-02
0.000000e+00 -1.542149e+00 3.202750e-01 8.665048e-01 1.191649e+00 -6.375316e-02 -2.266216e-01
0.000000e+00 -3.834806e-01 8.392377e-01 8.665048e-01 -1.249754e+00 5.608696e-01 6.230951e-01
0.000000e+00 2.742182e-03 -6.023255e-01 8.665048e-01 1.540420e+00 -3.760645e-01 -4.703792e-01
0.000000e+00 -3.834806e-01 1.069888e+00 -9.025945e-01 -2.034386e-01 7.170252e-01 7.910527e-01
0.000000e+00 7.751877e-01 8.962487e-02 -3.128947e-01 1.191649e+00 3.526620e-01 4.015210e-01
0.000000e+00 -7.697033e-01 1.646513e+00 -9.025945e-01 -9.009822e-01 1.289596e+00 1.151739e+00
0.000000e+00 7.751877e-01 4.932626e-01 -3.128947e-01 -2.034386e-01 8.211290e-01 7.312450e-01
0.000000e+00 1.161410e+00 1.069888e+00 -9.025945e-01 8.428768e-01 1.393700e+00 1.414641e+00
0.000000e+00 3.889649e-01 -2.563503e-01 -1.492294e+00 -1.249754e+00 4.035063e-02 -1.853379e-01
0.000000e+00 3.889649e-01 -2.563503e-01 -3.128947e-01 1.453332e-01 -1.158051e-01 -9.493505e-02
0.000000e+00 1.161410e+00 3.202750e-01 8.665048e-01 -5.522104e-01 8.731809e-01 7.600764e-01
0.000000e+00 1.161410e+00 7.239127e-01 -3.128947e-01 1.453332e-01 1.081388e+00 1.101428e+00
0.000000e+00 7.751877e-01 2.626125e-01 1.456205e+00 -9.009822e-01 4.047139e-01 5.734904e-01
0.000000e+00 3.889649e-01 7.239127e-01 2.768051e-01 1.453332e-01 7.690771e-01 8.297336e-01
0.000000e+00 3.889649e-01 2.626125e-01 -3.128947e-01 4.941050e-01 1.965063e-01 3.916714e-01
0.000000e+00 3.889649e-01 -1.063626e+00 1.456205e+00 1.540420e+00 -6.883759e-01 -7.208089e-01
0.000000e+00 1.161410e+00 1.472874e-01 2.768051e-01 -9.009822e-01 6.129215e-01 5.662769e-01
0.000000e+00 -1.542149e+00 3.202750e-01 1.456205e+00 -2.034386e-01 -1.678569e-01 -2.426382e-01
0.000000e+00 2.742182e-03 -9.483006e-01 2.768051e-01 8.428768e-01 -7.924797e-01 -8.331830e-01
0.000000e+00 -7.697033e-01 1.472874e-01 -1.492294e+00 -1.249754e+00 -2.719607e-01 -2.595360e-01
0.000000e+00 1.161410e+00 8.969003e-01 -3.128947e-01 4.941050e-01 1.237544e+00 1.270432e+00
0.000000e+00 3.889649e-01 8.392377e-01 1.456205e+00 -1.598526e+00 1.029337e+00 9.341769e-01
0.000000e+00 -1.155926e+00 8.392377e-01 -1.492294e+00 4.941050e-01 4.047139e-01 2.784389e-01
0.000000e+00 7.751877e-01 -3.716754e-01 8.665048e-01 -1.598526e+00 4.035063e-02 -5.398191e-02
0.000000e+00 7.751877e-01 -8.906381e-01 -3.128947e-01 -5.522104e-01 -7.924797e-01 -5.493672e-01
0.000000e+00 2.742182e-03 3.196234e-02 -9.025945e-01 -5.522104e-01 9.240252e-02 -2.371258e-02
0.000000e+00 1.161410e+00 -7.753131e-01 -9.025945e-01 -2.034386e-01 -2.719607e-01 -3.098475e-01
0.000000e+00 2.742182e-03 -1.063626e+00 -9.025945e-01 -1.249754e+00 -8.445316e-01 -1.049859e+00
0.000000e+00 -1.542149e+00 -4.870004e-01 1.456205e+00 1.453332e-01 -1.000687e+00 -9.735072e-01
0.000000e+00 1.547633e+00 -4.293379e-01 1.456205e+00 1.453332e-01 1.965063e-01 2.653842e-01
0.000000e+00 -3.834806e-01 -2.563503e-01 2.768051e-01 8.428768e-01 -3.240126e-01 -3.462231e-01
0.000000e+00 -1.155926e+00 -9.483006e-01 -9.025945e-01 1.540420e+00 -1.521206e+00 -1.307102e+00
0.000000e+00 -3.834806e-01 -1.063626e+00 8.665048e-01 -1.598526e+00 -1.417102e+00 -1.133921e+00
0.000000e+00 1.547633e+00 1.127550e+00 1.456205e+00 -5.522104e-01 1.706011e+00 1.674189e+00
0.000000e+00 -1.155926e+00 -1.524926e+00 -3.128947e-01 -1.249754e+00 -1.989673e+00 -1.893268e+00
0.000000e+00 -3.834806e-01 1.646513e+00 1.456205e+00 8.428768e-01 1.341648e+00 1.450181e+00
0.000000e+00 -1.155926e+00 8.969003e-01 -3.128947e-01 -5.522104e-01 4.047139e-01 3.503545e-01
0.000000e+00 2.742182e-03 1.185213e+00 1.456205e+00 8.428768e-01 9.772847e-01 1.174956e+00
0.000000e+00 -7.697033e-01 -1.005963e+00 2.768051e-01 -1.249754e+00 -1.208895e+00 -1.243824e+00
0.000000e+00 -1.155926e+00 1.531188e+00 2.768051e-01 -5.522104e-01 8.731809e-01 9.574208e-01
0.000000e+00 1.547633e+00 1.415863e+00 2.768051e-01 1.191649e+00 1.862167e+00 1.940281e+00
0.000000e+00 2.742182e-03 -7.176505e-01 8.665048e-01 -2.034386e-01 -5.842721e-01 -6.272617e-01
0.000000e+00 2.742182e-03 7.239127e-01 1.456205e+00 1.453332e-01 5.608696e-01 7.310798e-01
0.000000e+00 -1.542149e+00 -1.410252e-01 -3.128947e-01 1.540420e+00 -5.322202e-01 -6.894792e-01
0.000000e+00 3.889649e-01 4.356000e-01 1.456205e+00 1.191649e+00 6.649733e-01 6.452649e-01
0.000000e+00 7.751877e-01 6.085876e-01 -1.492294e+00 1.191649e+00 8.211290e-01 8.283336e-01
0.000000e+00 -1.542149e+00 7.815752e-01 2.768051e-01 4.941050e-01 1.965063e-01 1.516468e-01
0.000000e+00 1.547633e+00 -6.599880e-01 -9.025945e-01 -1.249754e+00 4.035063e-02 -8.634435e-02
0.000000e+00 1.161410e+00 8.969003e-01 -1.492294e+00 4.941050e-01 1.185492e+00 1.220841e+00
0.000000e+00 1.161410e+00 9.545628e-01 -1.492294e+00 1.191649e+00 1.341648e+00 1.294181e+00
0.000000e+00 7.751877e-01 7.239127e-01 2.768051e-01 -1.249754e+00 9.772847e-01 9.371663e-01
0.000000e+00 2.742182e-03 4.356000e-01 -9.025945e-01 4.941050e-01 5.088177e-01 3.774324e-01
0.000000e+00 -7.697033e-01 8.969003e-01 2.768051e-01 4.941050e-01 5.088177e-01 5.540036e-01
0.000000e+00 1.547633e+00 -1.582588e+00 2.768051e-01 -9.009822e-01 -7.924797e-01 -8.734900e-01
0.000000e+00 7.751877e-01 -6.599880e-01 -9.025945e-01 1.453332e-01 -3.240126e-01 -3.420218e-01
0.000000e+00 1.161410e+00 -6.023255e-01 -1.492294e+00 8.428768e-01 -6.375316e-02 -1.452328e-01
0.000000e+00 3.889649e-01 -3.140128e-01 -1.492294e+00 1.540420e+00 -3.760645e-01 -1.566476e-01
0.000000e+00 2.742182e-03 -1.121288e+00 1.456205e+00 8.428768e-01 -7.924797e-01 -9.423933e-01
0.000000e+00 1.161410e+00 1.473526e+00 -9.025945e-01 -9.009822e-01 1.810115e+00 1.734162e+00
0.000000e+00 -7.697033e-01 -7.753131e-01 -1.492294e+00 1.453332e-01 -1.000687e+00 -1.065664e+00
0.000000e+00 7.751877e-01 1.704176e+00 8.665048e-01 -1.249754e+00 1.758063e+00 1.861835e+00
0.000000e+00 -1.155926e+00 1.646513e+00 2.768051e-01 -1.249754e+00 1.185492e+00 1.042882e+00
0.000000e+00 -7.697033e-01 1.069888e+00 8.665048e-01 8.428768e-01 7.170252e-01 7.478032e-01
0.000000e+00 -1.155926e+00 1.415863e+00 8.665048e-01 1.540420e+00 1.029337e+00 9.375668e-01
0.000000e+00 2.742182e-03 2.626125e-01 1.456205e+00 -2.034386e-01 1.444544e-01 2.974070e-01
0.000000e+00 7.751877e-01 -9.483006e-01 1.456205e+00 -2.034386e-01 -5.842721e-01 -5.177117e-01
0.000000e+00 -1.542149e+00 1.646513e+00 1.456205e+00 -5.522104e-01 9.772847e-01 9.646344e-01
0.000000e+00 1.547633e+00 4.932626e-01 8.665048e-01 1.540420e+00 1.029337e+00 1.128340e+00
0.000000e+00 -1.542149e+00 1.531188e+00 -3.128947e-01 -5.522104e-01 7.170252e-01 7.843807e-01
0.000000e+00 -1.542149e+00 -6.599880e-01 -3.128947e-01 8.428768e-01 -1.104791e+00 -1.186289e+00
0.000000e+00 1.161410e+00 -1.582588e+00 8.665048e-01 -9.009822e-01 -8.965834e-01 -9.969393e-01
0.000000e+00 3.889649e-01 2.049499e-01 2.768051e-01 -9.009822e-01 1.444544e-01 3.227211e-01
0.000000e+00 3.889649e-01 1.588851e+00 8.665048e-01 8.428768e-01 1.914219e+00 1.668941e+00
0.000000e+00 1.547633e+00 1.069888e+00 8.665048e-01 -9.009822e-01 1.497804e+00 1.586257e+00
0.000000e+00 -3.834806e-01 6.085876e-01 1.456205e+00 -1.249754e+00 3.526620e-01 4.361556e-01
0.000000e+00 1.161410e+00 -4.870004e-01 1.456205e+00 -2.034386e-01 1.965063e-01 5.400278e-02
0.000000e+00 -3.834806e-01 4.356000e-01 1.456205e+00 -9.009822e-01 3.526620e-01 2.875574e-01
0.000000e+00 -1.155926e+00 1.473526e+00 -3.128947e-01 1.453332e-01 1.029337e+00 9.000977e-01
0.000000e+00 1.161410e+00 -1.986878e-01 8.665048e-01 4.941050e-01 1.965063e-01 3.142820e-01
0.000000e+00 7.751877e-01 -5.446629e-01 2.768051e-01 -9.009822e-01 -1.678569e-01 -2.171725e-01
0.000000e+00 -3.834806e-01 6.085876e-01 2.768051e-01 1.191649e+00 7.170252e-01 4.579857e-01
0.000000e+00 1.547633e+00 3.196234e-02 1.456205e+00 1.540420e+00 6.129215e-01 7.296660e-01
0.000000e+00 1.547633e+00 -1.986878e-01 1.456205e+00 -1.598526e+00 5.088177e-01 4.261041e-01
0.000000e+00 1.161410e+00 3.779375e-01 8.665048e-01 4.941050e-01 7.690771e-01 8.436192e-01
0.000000e+00 -1.542149e+00 -1.640251e+00 2.768051e-01 -5.522104e-01 -2.249933e+00 -2.102178e+00
0.000000e+00 7.751877e-01 1.358200e+00 8.665048e-01 4.941050e-01 1.601907e+00 1.595248e+00
0.000000e+00 2.742182e-03 9.545628e-01 -3.128947e-01 1.191649e+00 9.252328e-01 8.990373e-01
0.000000e+00 7.751877e-01 -1.236613e+00 8.665048e-01 1.191649e+00 -7.404278e-01 -7.663637e-01
0.000000e+00 1.547633e+00 -6.599880e-01 1.456205e+00 -1.598526e+00 -1.170127e-02 2.634348e-03
0.000000e+00 -1.155926e+00 6.662501e-01 -1.492294e+00 1.540420e+00 3.526620e-01 1.502467e-01
0.000000e+00 -3.834806e-01 3.202750e-01 -3.128947e-01 -5.522104e-01 3.006101e-01 1.175067e-01
0.000000e+00 -3.834806e-01 -1.178951e+00 2.768051e-01 4.941050e-01 -1.156843e+00 -1.203366e+00
0.000000e+00 -1.155926e+00 1.646513e+00 2.768051e-01 1.540420e+00 1.133440e+00 1.124506e+00
0.000000e+00 -7.697033e-01 5.509251e-01 1.456205e+00 1.453332e-01 4.047139e-01 2.757892e-01
0.000000e+00 1.161410e+00 1.358200e+00 1.456205e+00 1.191649e+00 1.862167e+00 1.788694e+00
0.000000e+00 1.547633e+00 8.392377e-01 -3.128947e-01 4.941050e-01 1.393700e+00 1.365743e+00
0.000000e+00 3.889649e-01 4.932626e-01 1.456205e+00 -9.009822e-01 8.731809e-01 6.369806e-01
0.000000e+00 -1.155926e+00 -1.351938e+00 -1.492294e+00 4.941050e-01 -1.833518e+00 -1.733042e+00
0.000000e+00 -1.155926e+00 -1.524926e+00 -3.128947e-01 1.540420e+00 -1.833518e+00 -1.811644e+00
0.000000e+00 7.751877e-01 -8.906381e-01 1.456205e+00 -2.034386e-01 -4.801683e-01 -4.647780e-01
0.000000e+00 1.161410e+00 -1.063626e+00 -9.025945e-01 -1.249754e+00 -5.842721e-01 -6.051251e-01
0.000000e+00 1.161410e+00 1.012225e+00 -1.492294e+00 1.540420e+00 1.237544e+00 1.357317e+00
0.000000e+00 3.889649e-01 -1.409601e+00 -3.128947e-01 -9.009822e-01 -1.104791e+00 -1.184218e+00
0.000000e+00 1.161410e+00 1.704176e+00 -9.025945e-01 1.453332e-01 1.914219e+00 1.976505e+00
0.000000e+00 -1.542149e+00 -1.236613e+00 8.665048e-01 1.453332e-01 -1.573258e+00 -1.686441e+00
0.000000e+00 1.547633e+00 2.626125e-01 -1.492294e+00 4.941050e-01 7.170252e-01 7.868147e-01
0.000000e+00 -1.542149e+00 -1.294276e+00 8.665048e-01 1.453332e-01 -1.833518e+00 -1.739375e+00
0.000000e+00 -7.697033e-01 -1.351938e+00 -9.025945e-01 1.191649e+00 -1.469154e+00 -1.539596e+00
0.000000e+00 1.547633e+00 -1.524926e+00 2.768051e-01 -2.034386e-01 -7.924797e-01 -8.001503e-01
0.000000e+00 2.742182e-03 1.588851e+00 2.768051e-01 -2.034386e-01 1.445752e+00 1.465292e+00
0.000000e+00 1.547633e+00 -1.005963e+00 1.456205e+00 8.428768e-01 -2.719607e-01 -2.435470e-01
0.000000e+00 1.547633e+00 -6.599880e-01 2.768051e-01 8.428768e-01 -1.170127e-02 2.446448e-02
0.000000e+00 3.889649e-01 -1.351938e+00 8.665048e-01 -1.598526e+00 -8.445316e-01 -1.102100e+00
0.000000e+00 -1.542149e+00 -1.178951e+00 -1.492294e+00 -9.009822e-01 -1.677362e+00 -1.763298e+00
0.000000e+00 7.751877e-01 -3.140128e-01 8.665048e-01 1.453332e-01 1.444544e-01 4.996680e-02
0.000000e+00 3.889649e-01 7.815752e-01 8.665048e-01 1.453332e-01 9.772847e-01 9.074628e-01
0.000000e+00 1.547633e+00 1.588851e+00 2.768051e-01 -1.598526e+00 2.070374e+00 2.017459e+00
0.000000e+00 7.751877e-01 2.626125e-01 8.665048e-01 -1.249754e+00 4.567658e-01 5.384920e-01
