1.000000e+00 7.000000e+00 9.900000e+01 9.000000e+00 1.000000e+00 9.100000e+01 9.146998e+01
1.000000e+00 4.000000e+00 8.200000e+01 4.000000e+00 2.000000e+00 6.500000e+01 6.345215e+01
1.000000e+00 8.000000e+00 5.100000e+01 7.000000e+00 2.000000e+00 4.500000e+01 4.474812e+01
1.000000e+00 5.000000e+00 5.200000e+01 5.000000e+00 2.000000e+00 3.600000e+01 3.626828e+01
1.000000e+00 7.000000e+00 7.500000e+01 8.000000e+00 5.000000e+00 6.600000e+01 6.737110e+01
1.000000e+00 3.000000e+00 7.800000e+01 9.000000e+00 6.000000e+00 6.100000e+01 5.970222e+01
1.000000e+00 7.000000e+00 7.300000e+01 5.000000e+00 6.000000e+00 6.300000e+01 6.410415e+01
1.000000e+00 8.000000e+00 4.500000e+01 4.000000e+00 6.000000e+00 4.200000e+01 3.800145e+01
1.000000e+00 5.000000e+00 7.700000e+01 8.000000e+00 2.000000e+00 6.100000e+01 6.312090e+01
1.000000e+00 4.000000e+00 8.900000e+01 4.000000e+00 0.000000e+00 6.900000e+01 7.017870e+01
1.000000e+00 8.000000e+00 9.100000e+01 4.000000e+00 5.000000e+00 8.400000e+01 8.458474e+01
1.000000e+00 8.000000e+00 7.900000e+01 6.000000e+00 2.000000e+00 7.300000e+01 7.274611e+01
1.000000e+00 3.000000e+00 4.700000e+01 9.000000e+00 2.000000e+00 2.700000e+01 2.739298e+01
1.000000e+00 6.000000e+00 4.700000e+01 4.000000e+00 2.000000e+00 3.300000e+01 3.355524e+01
1.000000e+00 5.000000e+00 7.900000e+01 7.000000e+00 8.000000e+00 6.800000e+01 6.585451e+01
1.000000e+00 2.000000e+00 7.200000e+01 4.000000e+00 3.000000e+00 4.300000e+01 4.778271e+01
1.000000e+00 8.000000e+00 7.300000e+01 8.000000e+00 4.000000e+00 6.700000e+01 6.798922e+01
1.000000e+00 6.000000e+00 8.300000e+01 7.000000e+00 2.000000e+00 7.000000e+01 7.159420e+01
1.000000e+00 2.000000e+00 5.400000e+01 4.000000e+00 9.000000e+00 3.000000e+01 3.065386e+01
1.000000e+00 5.000000e+00 7.500000e+01 7.000000e+00 0.000000e+00 6.300000e+01 6.021862e+01
1.000000e+00 1.000000e+00 9.900000e+01 4.000000e+00 3.000000e+00 7.100000e+01 7.239211e+01
1.000000e+00 6.000000e+00 9.600000e+01 9.000000e+00 0.000000e+00 8.500000e+01 8.537513e+01
1.000000e+00 9.000000e+00 7.400000e+01 7.000000e+00 6.000000e+00 7.300000e+01 7.176985e+01
1.000000e+00 1.000000e+00 8.500000e+01 5.000000e+00 6.000000e+00 5.700000e+01 5.921934e+01
1.000000e+00 3.000000e+00 6.100000e+01 6.000000e+00 3.000000e+00 3.500000e+01 4.039710e+01
1.000000e+00 7.000000e+00 6.200000e+01 7.000000e+00 4.000000e+00 4.900000e+01 5.347848e+01
1.000000e+00 4.000000e+00 7.900000e+01 8.000000e+00 9.000000e+00 6.600000e+01 6.367887e+01
1.000000e+00 9.000000e+00 8.400000e+01 6.000000e+00 6.000000e+00 8.300000e+01 8.146290e+01
1.000000e+00 3.000000e+00 9.400000e+01 6.000000e+00 5.000000e+00 7.400000e+01 7.434819e+01
1.000000e+00 5.000000e+00 9.000000e+01 4.000000e+00 3.000000e+00 7.400000e+01 7.463171e+01
1.000000e+00 3.000000e+00 6.100000e+01 7.000000e+00 3.000000e+00 3.900000e+01 4.087346e+01
1.000000e+00 7.000000e+00 4.400000e+01 9.000000e+00 1.000000e+00 3.600000e+01 3.553821e+01
1.000000e+00 5.000000e+00 7.000000e+01 6.000000e+00 9.000000e+00 5.800000e+01 5.642170e+01
1.000000e+00 9.000000e+00 5.200000e+01 8.000000e+00 1.000000e+00 4.700000e+01 4.889342e+01
1.000000e+00 7.000000e+00 6.700000e+01 9.000000e+00 3.000000e+00 6.000000e+01 5.931989e+01
1.000000e+00 2.000000e+00 9.700000e+01 9.000000e+00 4.000000e+00 7.400000e+01 7.578406e+01
1.000000e+00 4.000000e+00 5.900000e+01 8.000000e+00 3.000000e+00 4.200000e+01 4.216395e+01
1.000000e+00 9.000000e+00 7.200000e+01 8.000000e+00 2.000000e+00 6.800000e+01 6.942826e+01
1.000000e+00 2.000000e+00 5.500000e+01 4.000000e+00 1.000000e+00 3.200000e+01 3.010268e+01
1.000000e+00 9.000000e+00 6.800000e+01 5.000000e+00 3.000000e+00 6.400000e+01 6.412743e+01
1.000000e+00 5.000000e+00 6.200000e+01 7.000000e+00 4.000000e+00 4.500000e+01 4.778245e+01
1.000000e+00 2.000000e+00 6.300000e+01 6.000000e+00 0.000000e+00 3.900000e+01 3.899491e+01
1.000000e+00 4.000000e+00 7.300000e+01 7.000000e+00 0.000000e+00 5.800000e+01 5.533672e+01
1.000000e+00 7.000000e+00 4.600000e+01 9.000000e+00 5.000000e+00 3.600000e+01 3.835616e+01
1.000000e+00 8.000000e+00 7.700000e+01 6.000000e+00 4.000000e+00 7.100000e+01 7.110426e+01
1.000000e+00 3.000000e+00 7.600000e+01 4.000000e+00 3.000000e+00 5.400000e+01 5.469850e+01
1.000000e+00 1.000000e+00 4.300000e+01 7.000000e+00 0.000000e+00 1.700000e+01 1.628443e+01
1.000000e+00 4.000000e+00 7.300000e+01 4.000000e+00 6.000000e+00 5.400000e+01 5.508374e+01
1.000000e+00 2.000000e+00 8.100000e+01 4.000000e+00 3.000000e+00 5.800000e+01 5.693518e+01
1.000000e+00 8.000000e+00 6.100000e+01 7.000000e+00 2.000000e+00 5.300000e+01 5.491753e+01
1.000000e+00 4.000000e+00 4.400000e+01 7.000000e+00 6.000000e+00 2.700000e+01 2.702152e+01
1.000000e+00 2.000000e+00 8.900000e+01 6.000000e+00 1.000000e+00 6.500000e+01 6.563140e+01
1.000000e+00 6.000000e+00 8.100000e+01 9.000000e+00 9.000000e+00 7.500000e+01 7.188515e+01
1.000000e+00 6.000000e+00 6.200000e+01 9.000000e+00 0.000000e+00 5.200000e+01 5.079912e+01
1.000000e+00 4.000000e+00 9.300000e+01 8.000000e+00 3.000000e+00 7.800000e+01 7.673995e+01
1.000000e+00 6.000000e+00 9.900000e+01 4.000000e+00 7.000000e+00 9.100000e+01 8.741626e+01
1.000000e+00 2.000000e+00 5.400000e+01 9.000000e+00 5.000000e+00 3.300000e+01 3.225160e+01
1.000000e+00 2.000000e+00 7.000000e+01 5.000000e+00 8.000000e+00 4.700000e+01 4.720527e+01
1.000000e+00 4.000000e+00 9.800000e+01 6.000000e+00 0.000000e+00 7.800000e+01 8.028389e+01
1.000000e+00 8.000000e+00 4.800000e+01 6.000000e+00 0.000000e+00 3.800000e+01 4.082890e+01
1.000000e+00 7.000000e+00 8.200000e+01 8.000000e+00 4.000000e+00 7.000000e+01 7.429367e+01
1.000000e+00 9.000000e+00 9.700000e+01 8.000000e+00 5.000000e+00 9.800000e+01 9.543984e+01
1.000000e+00 8.000000e+00 9.200000e+01 4.000000e+00 7.000000e+00 8.700000e+01 8.599371e+01
1.000000e+00 5.000000e+00 6.400000e+01 6.000000e+00 2.000000e+00 4.900000e+01 4.894794e+01
1.000000e+00 2.000000e+00 6.400000e+01 6.000000e+00 5.000000e+00 4.100000e+01 4.099193e+01
1.000000e+00 5.000000e+00 8.800000e+01 5.000000e+00 2.000000e+00 7.100000e+01 7.287817e+01
1.000000e+00 8.000000e+00 6.000000e+01 4.000000e+00 7.000000e+00 5.400000e+01 5.345159e+01
1.000000e+00 9.000000e+00 4.800000e+01 4.000000e+00 3.000000e+00 4.200000e+01 4.331225e+01
1.000000e+00 9.000000e+00 9.400000e+01 9.000000e+00 1.000000e+00 9.100000e+01 9.208131e+01
1.000000e+00 1.000000e+00 8.700000e+01 8.000000e+00 8.000000e+00 6.100000e+01 6.307433e+01
1.000000e+00 9.000000e+00 7.700000e+01 9.000000e+00 9.000000e+00 7.400000e+01 7.636144e+01
1.000000e+00 7.000000e+00 6.100000e+01 4.000000e+00 7.000000e+00 5.400000e+01 5.162051e+01
1.000000e+00 9.000000e+00 8.200000e+01 5.000000e+00 5.000000e+00 8.100000e+01 7.875664e+01
1.000000e+00 8.000000e+00 6.200000e+01 4.000000e+00 2.000000e+00 5.200000e+01 5.450539e+01
1.000000e+00 1.000000e+00 8.800000e+01 9.000000e+00 1.000000e+00 6.500000e+01 6.319552e+01
1.000000e+00 8.000000e+00 4.300000e+01 7.000000e+00 3.000000e+00 3.600000e+01 3.680860e+01
1.000000e+00 8.000000e+00 6.800000e+01 7.000000e+00 3.000000e+00 6.100000e+01 6.223213e+01
1.000000e+00 3.000000e+00 5.400000e+01 5.000000e+00 0.000000e+00 3.500000e+01 3.221410e+01
1.000000e+00 1.000000e+00 4.000000e+01 8.000000e+00 8.000000e+00 1.500000e+01 1.527809e+01
1.000000e+00 8.000000e+00 9.300000e+01 6.000000e+00 9.000000e+00 8.800000e+01 8.835540e+01
1.000000e+00 3.000000e+00 6.900000e+01 4.000000e+00 7.000000e+00 4.500000e+01 4.836397e+01
1.000000e+00 3.000000e+00 6.800000e+01 9.000000e+00 6.000000e+00 4.900000e+01 4.953281e+01
1.000000e+00 1.000000e+00 5.900000e+01 8.000000e+00 5.000000e+00 3.300000e+01 3.401193e+01
1.000000e+00 5.000000e+00 7.200000e+01 9.000000e+00 2.000000e+00 6.000000e+01 5.851255e+01
1.000000e+00 7.000000e+00 8.000000e+01 8.000000e+00 3.000000e+00 7.100000e+01 7.206377e+01
1.000000e+00 9.000000e+00 8.300000e+01 4.000000e+00 1.000000e+00 8.100000e+01 7.851316e+01
1.000000e+00 7.000000e+00 7.500000e+01 6.000000e+00 6.000000e+00 6.700000e+01 6.661439e+01
1.000000e+00 9.000000e+00 9.900000e+01 4.000000e+00 1.000000e+00 9.500000e+01 9.478422e+01
1.000000e+00 8.000000e+00 6.100000e+01 6.000000e+00 9.000000e+00 5.800000e+01 5.581328e+01
1.000000e+00 2.000000e+00 5.200000e+01 9.000000e+00 0.000000e+00 2.900000e+01 2.923764e+01
1.000000e+00 1.000000e+00 4.600000e+01 5.000000e+00 5.000000e+00 2.100000e+01 1.936261e+01
1.000000e+00 7.000000e+00 4.700000e+01 6.000000e+00 3.000000e+00 3.800000e+01 3.755199e+01
1.000000e+00 7.000000e+00 6.700000e+01 8.000000e+00 7.000000e+00 6.000000e+01 5.962760e+01
1.000000e+00 8.000000e+00 8.400000e+01 5.000000e+00 0.000000e+00 7.600000e+01 7.696243e+01
1.000000e+00 5.000000e+00 8.200000e+01 9.000000e+00 8.000000e+00 6.900000e+01 6.985806e+01
1.000000e+00 3.000000e+00 4.800000e+01 7.000000e+00 5.000000e+00 3.000000e+01 2.804525e+01
1.000000e+00 8.000000e+00 6.400000e+01 5.000000e+00 1.000000e+00 5.700000e+01 5.681962e+01
1.000000e+00 6.000000e+00 9.500000e+01 6.000000e+00 7.000000e+00 8.100000e+01 8.430122e+01
1.000000e+00 3.000000e+00 5.500000e+01 5.000000e+00 4.000000e+00 3.600000e+01 3.401510e+01
1.000000e+00 1.000000e+00 4.900000e+01 9.000000e+00 4.000000e+00 2.500000e+01 2.412286e+01
1.000000e+00 3.000000e+00 5.000000e+01 5.000000e+00 4.000000e+00 2.700000e+01 2.893040e+01
1.000000e+00 5.000000e+00 7.000000e+01 9.000000e+00 6.000000e+00 6.100000e+01 5.726273e+01
1.000000e+00 3.000000e+00 5.100000e+01 7.000000e+00 6.000000e+00 3.400000e+01 3.129209e+01
1.000000e+00 1.000000e+00 9.900000e+01 6.000000e+00 9.000000e+00 7.600000e+01 7.452093e+01
1.000000e+00 5.000000e+00 7.000000e+01 8.000000e+00 6.000000e+00 5.700000e+01 5.678637e+01
1.000000e+00 7.000000e+00 5.300000e+01 5.000000e+00 9.000000e+00 4.500000e+01 4.435337e+01
1.000000e+00 7.000000e+00 9.000000e+01 4.000000e+00 1.000000e+00 7.600000e+01 7.993571e+01
1.000000e+00 9.000000e+00 8.300000e+01 8.000000e+00 7.000000e+00 8.300000e+01 8.159469e+01
1.000000e+00 3.000000e+00 7.100000e+01 5.000000e+00 0.000000e+00 5.000000e+01 4.950210e+01
1.000000e+00 7.000000e+00 8.900000e+01 8.000000e+00 1.000000e+00 8.100000e+01 8.082421e+01
1.000000e+00 1.000000e+00 9.200000e+01 4.000000e+00 6.000000e+00 6.600000e+01 6.586157e+01
1.000000e+00 4.000000e+00 5.600000e+01 8.000000e+00 3.000000e+00 3.800000e+01 3.911313e+01
1.000000e+00 4.000000e+00 7.400000e+01 8.000000e+00 9.000000e+00 5.600000e+01 5.859417e+01
1.000000e+00 5.000000e+00 4.000000e+01 4.000000e+00 9.000000e+00 2.500000e+01 2.496074e+01
1.000000e+00 7.000000e+00 6.800000e+01 4.000000e+00 8.000000e+00 5.600000e+01 5.893512e+01
1.000000e+00 7.000000e+00 9.000000e+01 4.000000e+00 8.000000e+00 8.200000e+01 8.130782e+01
1.000000e+00 4.000000e+00 4.300000e+01 7.000000e+00 2.000000e+00 2.300000e+01 2.522051e+01
1.000000e+00 7.000000e+00 6.200000e+01 9.000000e+00 2.000000e+00 5.600000e+01 5.403917e+01
1.000000e+00 3.000000e+00 6.700000e+01 9.000000e+00 8.000000e+00 4.600000e+01 4.890790e+01
1.000000e+00 6.000000e+00 5.500000e+01 4.000000e+00 9.000000e+00 4.300000e+01 4.306288e+01
1.000000e+00 2.000000e+00 5.100000e+01 9.000000e+00 7.000000e+00 3.000000e+01 2.959281e+01
1.000000e+00 9.000000e+00 9.200000e+01 8.000000e+00 0.000000e+00 9.200000e+01 8.937505e+01
1.000000e+00 5.000000e+00 6.000000e+01 4.000000e+00 5.000000e+00 4.500000e+01 4.451550e+01
1.000000e+00 6.000000e+00 8.400000e+01 5.000000e+00 6.000000e+00 7.000000e+01 7.244249e+01
1.000000e+00 4.000000e+00 5.600000e+01 4.000000e+00 7.000000e+00 3.600000e+01 3.799175e+01
1.000000e+00 7.000000e+00 7.900000e+01 4.000000e+00 1.000000e+00 7.100000e+01 6.874936e+01
1.000000e+00 9.000000e+00 5.200000e+01 9.000000e+00 0.000000e+00 4.900000e+01 4.917376e+01
1.000000e+00 7.000000e+00 9.100000e+01 6.000000e+00 3.000000e+00 8.200000e+01 8.229741e+01
1.000000e+00 1.000000e+00 9.700000e+01 8.000000e+00 0.000000e+00 7.100000e+01 7.167562e+01
1.000000e+00 1.000000e+00 7.100000e+01 9.000000e+00 1.000000e+00 4.300000e+01 4.590752e+01
1.000000e+00 9.000000e+00 7.600000e+01 8.000000e+00 2.000000e+00 7.700000e+01 7.349603e+01
1.000000e+00 9.000000e+00 8.900000e+01 5.000000e+00 3.000000e+00 8.600000e+01 8.548320e+01
1.000000e+00 4.000000e+00 5.400000e+01 7.000000e+00 5.000000e+00 3.400000e+01 3.699492e+01
1.000000e+00 9.000000e+00 5.100000e+01 6.000000e+00 7.000000e+00 4.900000e+01 4.809985e+01
1.000000e+00 3.000000e+00 8.800000e+01 5.000000e+00 8.000000e+00 6.900000e+01 6.835823e+01
1.000000e+00 7.000000e+00 9.600000e+01 5.000000e+00 3.000000e+00 8.400000e+01 8.690575e+01
1.000000e+00 6.000000e+00 5.400000e+01 8.000000e+00 0.000000e+00 4.100000e+01 4.218723e+01
1.000000e+00 8.000000e+00 7.300000e+01 6.000000e+00 4.000000e+00 6.800000e+01 6.703650e+01
1.000000e+00 9.000000e+00 4.500000e+01 8.000000e+00 4.000000e+00 4.400000e+01 4.236288e+01
1.000000e+00 5.000000e+00 5.600000e+01 7.000000e+00 8.000000e+00 4.100000e+01 4.246486e+01
1.000000e+00 1.000000e+00 8.700000e+01 8.000000e+00 5.000000e+00 5.800000e+01 6.248629e+01
1.000000e+00 3.000000e+00 8.800000e+01 4.000000e+00 4.000000e+00 6.800000e+01 6.709781e+01
1.000000e+00 8.000000e+00 9.600000e+01 8.000000e+00 9.000000e+00 9.400000e+01 9.235895e+01
1.000000e+00 6.000000e+00 5.900000e+01 4.000000e+00 9.000000e+00 4.700000e+01 4.713064e+01
1.000000e+00 8.000000e+00 4.800000e+01 5.000000e+00 4.000000e+00 4.000000e+01 4.113660e+01
1.000000e+00 9.000000e+00 9.800000e+01 7.000000e+00 7.000000e+00 1.000000e+02 9.637245e+01
1.000000e+00 4.000000e+00 4.400000e+01 9.000000e+00 0.000000e+00 2.300000e+01 2.679814e+01
1.000000e+00 1.000000e+00 6.200000e+01 4.000000e+00 4.000000e+00 3.600000e+01 3.496130e+01
1.000000e+00 1.000000e+00 7.200000e+01 7.000000e+00 0.000000e+00 4.700000e+01 4.577573e+01
1.000000e+00 4.000000e+00 7.700000e+01 8.000000e+00 6.000000e+00 6.000000e+01 6.105694e+01
1.000000e+00 7.000000e+00 9.500000e+01 9.000000e+00 6.000000e+00 8.300000e+01 8.838230e+01
1.000000e+00 2.000000e+00 5.300000e+01 8.000000e+00 9.000000e+00 3.300000e+01 3.154236e+01
1.000000e+00 3.000000e+00 5.600000e+01 5.000000e+00 7.000000e+00 3.600000e+01 3.562009e+01
1.000000e+00 1.000000e+00 9.600000e+01 8.000000e+00 6.000000e+00 7.400000e+01 7.183477e+01
1.000000e+00 5.000000e+00 5.800000e+01 4.000000e+00 8.000000e+00 4.200000e+01 4.306967e+01
1.000000e+00 1.000000e+00 7.200000e+01 5.000000e+00 7.000000e+00 4.700000e+01 4.619512e+01
1.000000e+00 8.000000e+00 4.000000e+01 7.000000e+00 7.000000e+00 3.100000e+01 3.454184e+01
1.000000e+00 1.000000e+00 5.200000e+01 5.000000e+00 2.000000e+00 2.600000e+01 2.487621e+01
1.000000e+00 1.000000e+00 8.500000e+01 7.000000e+00 9.000000e+00 5.800000e+01 6.076011e+01
1.000000e+00 2.000000e+00 6.600000e+01 6.000000e+00 3.000000e+00 4.200000e+01 4.263378e+01
1.000000e+00 2.000000e+00 4.500000e+01 4.000000e+00 3.000000e+00 1.800000e+01 2.032530e+01
1.000000e+00 6.000000e+00 9.800000e+01 4.000000e+00 0.000000e+00 8.500000e+01 8.502721e+01
1.000000e+00 7.000000e+00 4.500000e+01 7.000000e+00 5.000000e+00 3.600000e+01 3.638650e+01
1.000000e+00 5.000000e+00 7.200000e+01 8.000000e+00 1.000000e+00 5.800000e+01 5.784017e+01
1.000000e+00 1.000000e+00 6.900000e+01 9.000000e+00 8.000000e+00 4.500000e+01 4.524575e+01
1.000000e+00 1.000000e+00 8.500000e+01 8.000000e+00 0.000000e+00 6.000000e+01 5.947232e+01
1.000000e+00 3.000000e+00 7.400000e+01 6.000000e+00 0.000000e+00 5.600000e+01 5.302929e+01
1.000000e+00 2.000000e+00 6.200000e+01 7.000000e+00 9.000000e+00 4.200000e+01 4.021847e+01
1.000000e+00 5.000000e+00 4.900000e+01 6.000000e+00 5.000000e+00 3.300000e+01 3.428187e+01
1.000000e+00 6.000000e+00 9.000000e+01 7.000000e+00 0.000000e+00 7.700000e+01 7.832076e+01
1.000000e+00 7.000000e+00 5.800000e+01 6.000000e+00 2.000000e+00 5.100000e+01 4.854233e+01
1.000000e+00 4.000000e+00 9.000000e+01 7.000000e+00 9.000000e+00 7.200000e+01 7.438887e+01
1.000000e+00 7.000000e+00 6.700000e+01 4.000000e+00 1.000000e+00 5.700000e+01 5.654606e+01
1.000000e+00 8.000000e+00 6.200000e+01 6.000000e+00 8.000000e+00 5.300000e+01 5.663421e+01
1.000000e+00 1.000000e+00 4.300000e+01 6.000000e+00 4.000000e+00 1.600000e+01 1.659213e+01
1.000000e+00 6.000000e+00 5.900000e+01 7.000000e+00 5.000000e+00 4.500000e+01 4.777566e+01
1.000000e+00 8.000000e+00 5.800000e+01 5.000000e+00 1.000000e+00 4.900000e+01 5.071797e+01
1.000000e+00 5.000000e+00 8.100000e+01 5.000000e+00 7.000000e+00 6.700000e+01 6.673966e+01
1.000000e+00 4.000000e+00 6.600000e+01 4.000000e+00 5.000000e+00 4.900000e+01 4.776913e+01
1.000000e+00 2.000000e+00 9.600000e+01 8.000000e+00 7.000000e+00 7.300000e+01 7.487881e+01
1.000000e+00 6.000000e+00 7.300000e+01 8.000000e+00 7.000000e+00 6.500000e+01 6.288123e+01
1.000000e+00 6.000000e+00 4.300000e+01 4.000000e+00 0.000000e+00 2.700000e+01 2.909544e+01
1.000000e+00 1.000000e+00 9.500000e+01 8.000000e+00 6.000000e+00 7.200000e+01 7.081783e+01
1.000000e+00 9.000000e+00 7.700000e+01 9.000000e+00 1.000000e+00 7.400000e+01 7.479331e+01
1.000000e+00 6.000000e+00 4.600000e+01 9.000000e+00 7.000000e+00 3.800000e+01 3.590017e+01
1.000000e+00 3.000000e+00 8.700000e+01 9.000000e+00 1.000000e+00 6.700000e+01 6.787462e+01
1.000000e+00 4.000000e+00 4.600000e+01 9.000000e+00 3.000000e+00 2.800000e+01 2.942007e+01
1.000000e+00 4.000000e+00 8.900000e+01 7.000000e+00 1.000000e+00 7.300000e+01 7.180380e+01
1.000000e+00 3.000000e+00 9.100000e+01 5.000000e+00 6.000000e+00 7.200000e+01 7.101702e+01
1.000000e+00 3.000000e+00 6.500000e+01 4.000000e+00 4.000000e+00 4.200000e+01 4.370816e+01
1.000000e+00 3.000000e+00 6.500000e+01 7.000000e+00 8.000000e+00 4.700000e+01 4.592130e+01
1.000000e+00 4.000000e+00 9.300000e+01 9.000000e+00 4.000000e+00 7.700000e+01 7.741233e+01
1.000000e+00 7.000000e+00 5.800000e+01 4.000000e+00 7.000000e+00 4.900000e+01 4.856969e+01
1.000000e+00 4.000000e+00 4.800000e+01 5.000000e+00 1.000000e+00 3.000000e+01 2.915649e+01
1.000000e+00 9.000000e+00 5.900000e+01 8.000000e+00 2.000000e+00 5.400000e+01 5.620802e+01
1.000000e+00 1.000000e+00 8.100000e+01 7.000000e+00 5.000000e+00 5.600000e+01 5.590828e+01
1.000000e+00 8.000000e+00 8.400000e+01 5.000000e+00 6.000000e+00 7.500000e+01 7.813852e+01
1.000000e+00 7.000000e+00 8.900000e+01 4.000000e+00 9.000000e+00 7.800000e+01 8.048690e+01
1.000000e+00 2.000000e+00 5.500000e+01 6.000000e+00 7.000000e+00 3.200000e+01 3.223149e+01
1.000000e+00 8.000000e+00 9.300000e+01 7.000000e+00 2.000000e+00 8.900000e+01 8.745965e+01
1.000000e+00 1.000000e+00 5.600000e+01 4.000000e+00 6.000000e+00 2.900000e+01 2.925168e+01
1.000000e+00 9.000000e+00 6.100000e+01 4.000000e+00 7.000000e+00 5.700000e+01 5.731655e+01
1.000000e+00 9.000000e+00 5.200000e+01 5.000000e+00 9.000000e+00 4.800000e+01 4.903247e+01
1.000000e+00 2.000000e+00 5.100000e+01 4.000000e+00 5.000000e+00 2.700000e+01 2.681898e+01
1.000000e+00 7.000000e+00 4.900000e+01 7.000000e+00 3.000000e+00 3.800000e+01 4.006223e+01
1.000000e+00 3.000000e+00 4.000000e+01 9.000000e+00 5.000000e+00 1.800000e+01 2.086244e+01
1.000000e+00 7.000000e+00 7.100000e+01 7.000000e+00 8.000000e+00 6.600000e+01 6.341502e+01
1.000000e+00 9.000000e+00 6.900000e+01 4.000000e+00 2.000000e+00 6.500000e+01 6.447200e+01
1.000000e+00 4.000000e+00 4.700000e+01 5.000000e+00 1.000000e+00 2.700000e+01 2.813954e+01
1.000000e+00 1.000000e+00 6.000000e+01 7.000000e+00 4.000000e+00 3.300000e+01 3.435649e+01
1.000000e+00 2.000000e+00 6.100000e+01 6.000000e+00 6.000000e+00 3.700000e+01 3.813713e+01
1.000000e+00 1.000000e+00 5.700000e+01 9.000000e+00 2.000000e+00 2.900000e+01 3.186636e+01
1.000000e+00 5.000000e+00 4.100000e+01 8.000000e+00 4.000000e+00 2.600000e+01 2.690304e+01
1.000000e+00 5.000000e+00 8.700000e+01 5.000000e+00 3.000000e+00 7.200000e+01 7.205725e+01
1.000000e+00 7.000000e+00 8.300000e+01 5.000000e+00 6.000000e+00 7.700000e+01 7.427356e+01
1.000000e+00 9.000000e+00 4.800000e+01 8.000000e+00 1.000000e+00 4.500000e+01 4.482565e+01
1.000000e+00 9.000000e+00 4.200000e+01 8.000000e+00 6.000000e+00 4.100000e+01 3.970408e+01
1.000000e+00 3.000000e+00 9.300000e+01 7.000000e+00 1.000000e+00 7.300000e+01 7.302355e+01
1.000000e+00 3.000000e+00 6.500000e+01 4.000000e+00 2.000000e+00 4.300000e+01 4.331613e+01
1.000000e+00 3.000000e+00 6.000000e+01 4.000000e+00 4.000000e+00 3.900000e+01 3.862345e+01
1.000000e+00 4.000000e+00 6.900000e+01 6.000000e+00 6.000000e+00 5.400000e+01 5.196869e+01
1.000000e+00 8.000000e+00 6.700000e+01 9.000000e+00 5.000000e+00 6.200000e+01 6.255994e+01
1.000000e+00 6.000000e+00 7.500000e+01 4.000000e+00 6.000000e+00 6.300000e+01 6.281366e+01
1.000000e+00 8.000000e+00 6.500000e+01 6.000000e+00 5.000000e+00 5.900000e+01 5.909698e+01
1.000000e+00 1.000000e+00 7.300000e+01 6.000000e+00 0.000000e+00 4.600000e+01 4.631631e+01
1.000000e+00 8.000000e+00 4.700000e+01 5.000000e+00 4.000000e+00 4.200000e+01 4.011966e+01
1.000000e+00 4.000000e+00 4.900000e+01 5.000000e+00 0.000000e+00 3.000000e+01 2.997741e+01
1.000000e+00 1.000000e+00 8.700000e+01 9.000000e+00 6.000000e+00 6.300000e+01 6.315866e+01
1.000000e+00 8.000000e+00 9.400000e+01 7.000000e+00 3.000000e+00 8.900000e+01 8.867261e+01
1.000000e+00 4.000000e+00 8.200000e+01 8.000000e+00 4.000000e+00 6.200000e+01 6.574962e+01
1.000000e+00 6.000000e+00 8.900000e+01 8.000000e+00 0.000000e+00 7.700000e+01 7.778018e+01
1.000000e+00 8.000000e+00 9.300000e+01 9.000000e+00 7.000000e+00 8.800000e+01 8.939245e+01
1.000000e+00 4.000000e+00 5.300000e+01 6.000000e+00 3.000000e+00 3.500000e+01 3.510958e+01
1.000000e+00 3.000000e+00 7.900000e+01 9.000000e+00 2.000000e+00 6.000000e+01 5.993510e+01
1.000000e+00 9.000000e+00 9.400000e+01 8.000000e+00 0.000000e+00 9.200000e+01 9.140894e+01
1.000000e+00 3.000000e+00 5.400000e+01 6.000000e+00 3.000000e+00 3.800000e+01 3.327851e+01
1.000000e+00 9.000000e+00 5.600000e+01 8.000000e+00 2.000000e+00 5.600000e+01 5.315720e+01
1.000000e+00 2.000000e+00 9.200000e+01 7.000000e+00 7.000000e+00 7.000000e+01 7.033468e+01
1.000000e+00 2.000000e+00 5.700000e+01 5.000000e+00 8.000000e+00 3.500000e+01 3.398503e+01
1.000000e+00 2.000000e+00 7.100000e+01 5.000000e+00 4.000000e+00 4.700000e+01 4.743815e+01
1.000000e+00 6.000000e+00 7.700000e+01 6.000000e+00 8.000000e+00 6.600000e+01 6.619229e+01
1.000000e+00 3.000000e+00 6.200000e+01 9.000000e+00 0.000000e+00 4.300000e+01 4.225507e+01
1.000000e+00 9.000000e+00 8.500000e+01 8.000000e+00 6.000000e+00 8.100000e+01 8.343256e+01
1.000000e+00 4.000000e+00 6.200000e+01 4.000000e+00 6.000000e+00 4.300000e+01 4.389738e+01
1.000000e+00 1.000000e+00 7.400000e+01 7.000000e+00 5.000000e+00 4.600000e+01 4.878969e+01
1.000000e+00 4.000000e+00 7.800000e+01 8.000000e+00 3.000000e+00 6.100000e+01 6.148584e+01
1.000000e+00 1.000000e+00 5.400000e+01 4.000000e+00 8.000000e+00 2.700000e+01 2.760983e+01
1.000000e+00 5.000000e+00 9.200000e+01 7.000000e+00 2.000000e+00 7.700000e+01 7.789866e+01
1.000000e+00 4.000000e+00 6.300000e+01 7.000000e+00 0.000000e+00 4.300000e+01 4.516731e+01
1.000000e+00 8.000000e+00 6.700000e+01 5.000000e+00 1.000000e+00 6.000000e+01 5.987044e+01
1.000000e+00 8.000000e+00 5.500000e+01 6.000000e+00 2.000000e+00 4.800000e+01 4.833952e+01
1.000000e+00 7.000000e+00 5.500000e+01 8.000000e+00 1.000000e+00 4.700000e+01 4.624821e+01
1.000000e+00 3.000000e+00 7.900000e+01 7.000000e+00 5.000000e+00 6.000000e+01 5.957043e+01
1.000000e+00 1.000000e+00 7.800000e+01 8.000000e+00 6.000000e+00 5.300000e+01 5.352983e+01
1.000000e+00 1.000000e+00 4.500000e+01 7.000000e+00 4.000000e+00 1.900000e+01 1.910237e+01
1.000000e+00 3.000000e+00 4.100000e+01 9.000000e+00 4.000000e+00 2.300000e+01 2.168336e+01
1.000000e+00 6.000000e+00 9.300000e+01 5.000000e+00 6.000000e+00 8.100000e+01 8.159496e+01
1.000000e+00 7.000000e+00 5.200000e+01 6.000000e+00 5.000000e+00 4.100000e+01 4.302873e+01
1.000000e+00 6.000000e+00 8.300000e+01 4.000000e+00 7.000000e+00 7.100000e+01 7.114520e+01
1.000000e+00 6.000000e+00 8.600000e+01 4.000000e+00 8.000000e+00 7.500000e+01 7.439204e+01
1.000000e+00 6.000000e+00 9.800000e+01 9.000000e+00 1.000000e+00 8.900000e+01 8.760502e+01
1.000000e+00 3.000000e+00 4.800000e+01 5.000000e+00 1.000000e+00 2.800000e+01 2.630847e+01
1.000000e+00 6.000000e+00 7.300000e+01 7.000000e+00 0.000000e+00 6.000000e+01 6.103276e+01
1.000000e+00 8.000000e+00 5.600000e+01 5.000000e+00 6.000000e+00 5.400000e+01 4.966417e+01
1.000000e+00 2.000000e+00 6.600000e+01 6.000000e+00 3.000000e+00 4.100000e+01 4.263378e+01
1.000000e+00 5.000000e+00 6.800000e+01 4.000000e+00 8.000000e+00 5.200000e+01 5.323908e+01
1.000000e+00 1.000000e+00 7.600000e+01 8.000000e+00 5.000000e+00 5.300000e+01 5.129993e+01
1.000000e+00 1.000000e+00 8.200000e+01 4.000000e+00 6.000000e+00 5.200000e+01 5.569216e+01
1.000000e+00 5.000000e+00 6.100000e+01 6.000000e+00 6.000000e+00 4.700000e+01 4.668118e+01
1.000000e+00 3.000000e+00 9.000000e+01 7.000000e+00 7.000000e+00 7.100000e+01 7.114882e+01
1.000000e+00 4.000000e+00 6.300000e+01 5.000000e+00 3.000000e+00 4.200000e+01 4.480264e+01
1.000000e+00 3.000000e+00 4.600000e+01 4.000000e+00 2.000000e+00 2.100000e+01 2.399424e+01
1.000000e+00 1.000000e+00 7.300000e+01 4.000000e+00 2.000000e+00 4.800000e+01 4.575562e+01
1.000000e+00 1.000000e+00 8.700000e+01 8.000000e+00 9.000000e+00 6.400000e+01 6.327035e+01
1.000000e+00 5.000000e+00 5.100000e+01 5.000000e+00 7.000000e+00 3.800000e+01 3.623142e+01
1.000000e+00 6.000000e+00 6.200000e+01 8.000000e+00 2.000000e+00 4.900000e+01 5.071479e+01
1.000000e+00 3.000000e+00 5.400000e+01 8.000000e+00 7.000000e+00 3.500000e+01 3.501529e+01
1.000000e+00 9.000000e+00 7.200000e+01 7.000000e+00 1.000000e+00 7.300000e+01 6.875588e+01
1.000000e+00 5.000000e+00 9.600000e+01 4.000000e+00 4.000000e+00 8.100000e+01 8.092937e+01
1.000000e+00 8.000000e+00 5.200000e+01 9.000000e+00 4.000000e+00 4.700000e+01 4.710981e+01
1.000000e+00 1.000000e+00 6.200000e+01 5.000000e+00 6.000000e+00 3.600000e+01 3.582969e+01
1.000000e+00 5.000000e+00 7.700000e+01 7.000000e+00 4.000000e+00 6.300000e+01 6.303657e+01
1.000000e+00 3.000000e+00 7.100000e+01 9.000000e+00 8.000000e+00 5.200000e+01 5.297567e+01
1.000000e+00 1.000000e+00 8.400000e+01 7.000000e+00 2.000000e+00 5.800000e+01 5.837105e+01
1.000000e+00 4.000000e+00 8.900000e+01 7.000000e+00 8.000000e+00 7.700000e+01 7.317591e+01
1.000000e+00 5.000000e+00 7.400000e+01 6.000000e+00 0.000000e+00 5.800000e+01 5.872532e+01
1.000000e+00 7.000000e+00 4.000000e+01 6.000000e+00 2.000000e+00 3.300000e+01 3.023738e+01
1.000000e+00 1.000000e+00 8.600000e+01 7.000000e+00 3.000000e+00 6.700000e+01 6.060095e+01
1.000000e+00 3.000000e+00 9.700000e+01 6.000000e+00 5.000000e+00 7.600000e+01 7.739901e+01
1.000000e+00 2.000000e+00 8.400000e+01 5.000000e+00 9.000000e+00 6.200000e+01 6.163846e+01
1.000000e+00 9.000000e+00 4.400000e+01 4.000000e+00 7.000000e+00 3.700000e+01 4.002854e+01
1.000000e+00 6.000000e+00 9.600000e+01 9.000000e+00 6.000000e+00 8.600000e+01 8.655122e+01
1.000000e+00 3.000000e+00 5.200000e+01 5.000000e+00 7.000000e+00 3.700000e+01 3.155233e+01
1.000000e+00 8.000000e+00 9.300000e+01 4.000000e+00 5.000000e+00 8.800000e+01 8.661862e+01
1.000000e+00 8.000000e+00 4.400000e+01 6.000000e+00 5.000000e+00 3.800000e+01 3.774121e+01
1.000000e+00 2.000000e+00 9.900000e+01 9.000000e+00 5.000000e+00 7.600000e+01 7.801396e+01
1.000000e+00 6.000000e+00 7.100000e+01 5.000000e+00 2.000000e+00 5.700000e+01 5.843819e+01
1.000000e+00 7.000000e+00 9.000000e+01 8.000000e+00 9.000000e+00 8.200000e+01 8.340928e+01
1.000000e+00 2.000000e+00 6.000000e+01 7.000000e+00 3.000000e+00 3.500000e+01 3.700850e+01
1.000000e+00 2.000000e+00 6.300000e+01 4.000000e+00 5.000000e+00 4.100000e+01 3.902227e+01
1.000000e+00 1.000000e+00 9.900000e+01 4.000000e+00 6.000000e+00 7.500000e+01 7.298016e+01
1.000000e+00 8.000000e+00 5.700000e+01 8.000000e+00 2.000000e+00 5.100000e+01 5.132612e+01
1.000000e+00 1.000000e+00 6.000000e+01 8.000000e+00 3.000000e+00 3.400000e+01 3.463684e+01
1.000000e+00 9.000000e+00 9.300000e+01 7.000000e+00 5.000000e+00 9.200000e+01 9.089572e+01
1.000000e+00 6.000000e+00 4.900000e+01 6.000000e+00 0.000000e+00 3.900000e+01 3.614981e+01
1.000000e+00 7.000000e+00 6.300000e+01 5.000000e+00 6.000000e+00 5.600000e+01 5.393474e+01
1.000000e+00 7.000000e+00 7.900000e+01 5.000000e+00 0.000000e+00 6.900000e+01 6.902970e+01
1.000000e+00 3.000000e+00 8.600000e+01 5.000000e+00 9.000000e+00 6.900000e+01 6.652036e+01
1.000000e+00 2.000000e+00 6.000000e+01 6.000000e+00 8.000000e+00 4.000000e+01 3.751222e+01
1.000000e+00 9.000000e+00 6.400000e+01 7.000000e+00 9.000000e+00 6.300000e+01 6.218848e+01
1.000000e+00 8.000000e+00 9.100000e+01 5.000000e+00 8.000000e+00 8.600000e+01 8.564914e+01
1.000000e+00 7.000000e+00 9.900000e+01 4.000000e+00 8.000000e+00 8.900000e+01 9.046030e+01
1.000000e+00 9.000000e+00 9.600000e+01 4.000000e+00 3.000000e+00 9.400000e+01 9.212543e+01
1.000000e+00 4.000000e+00 9.800000e+01 4.000000e+00 1.000000e+00 7.900000e+01 7.952719e+01
1.000000e+00 4.000000e+00 6.200000e+01 8.000000e+00 6.000000e+00 4.400000e+01 4.580282e+01
1.000000e+00 1.000000e+00 6.100000e+01 8.000000e+00 3.000000e+00 3.300000e+01 3.565378e+01
1.000000e+00 8.000000e+00 4.300000e+01 6.000000e+00 4.000000e+00 3.600000e+01 3.652826e+01
1.000000e+00 3.000000e+00 7.300000e+01 5.000000e+00 0.000000e+00 5.000000e+01 5.153598e+01
1.000000e+00 7.000000e+00 9.500000e+01 8.000000e+00 9.000000e+00 9.400000e+01 8.849399e+01
1.000000e+00 2.000000e+00 4.500000e+01 4.000000e+00 5.000000e+00 2.200000e+01 2.071733e+01
1.000000e+00 2.000000e+00 6.700000e+01 8.000000e+00 6.000000e+00 4.400000e+01 4.519149e+01
1.000000e+00 7.000000e+00 7.000000e+01 4.000000e+00 2.000000e+00 6.000000e+01 5.979290e+01
1.000000e+00 6.000000e+00 7.400000e+01 5.000000e+00 9.000000e+00 6.400000e+01 6.286112e+01
1.000000e+00 3.000000e+00 7.800000e+01 6.000000e+00 1.000000e+00 5.800000e+01 5.729307e+01
1.000000e+00 9.000000e+00 8.100000e+01 7.000000e+00 9.000000e+00 7.800000e+01 7.947648e+01
1.000000e+00 6.000000e+00 6.200000e+01 7.000000e+00 6.000000e+00 5.100000e+01 5.102250e+01
1.000000e+00 6.000000e+00 4.500000e+01 4.000000e+00 0.000000e+00 3.000000e+01 3.112932e+01
1.000000e+00 1.000000e+00 5.500000e+01 8.000000e+00 1.000000e+00 2.900000e+01 2.916010e+01
1.000000e+00 4.000000e+00 4.100000e+01 8.000000e+00 2.000000e+00 2.200000e+01 2.366299e+01
1.000000e+00 6.000000e+00 6.300000e+01 4.000000e+00 3.000000e+00 5.100000e+01 5.002231e+01
1.000000e+00 6.000000e+00 5.600000e+01 5.000000e+00 4.000000e+00 4.500000e+01 4.357610e+01
1.000000e+00 5.000000e+00 8.400000e+01 4.000000e+00 3.000000e+00 7.000000e+01 6.853006e+01
1.000000e+00 1.000000e+00 4.000000e+01 5.000000e+00 9.000000e+00 1.000000e+01 1.404503e+01
1.000000e+00 8.000000e+00 4.500000e+01 6.000000e+00 2.000000e+00 3.800000e+01 3.817011e+01
1.000000e+00 5.000000e+00 4.400000e+01 6.000000e+00 0.000000e+00 3.000000e+01 2.821708e+01
1.000000e+00 5.000000e+00 9.600000e+01 4.000000e+00 6.000000e+00 8.200000e+01 8.132141e+01
1.000000e+00 7.000000e+00 8.400000e+01 6.000000e+00 9.000000e+00 7.400000e+01 7.635491e+01
1.000000e+00 4.000000e+00 9.900000e+01 8.000000e+00 5.000000e+00 8.700000e+01 8.323363e+01
1.000000e+00 6.000000e+00 9.400000e+01 5.000000e+00 1.000000e+00 7.700000e+01 8.163182e+01
1.000000e+00 4.000000e+00 8.900000e+01 7.000000e+00 1.000000e+00 7.200000e+01 7.180380e+01
1.000000e+00 3.000000e+00 6.800000e+01 7.000000e+00 2.000000e+00 5.100000e+01 4.779603e+01
1.000000e+00 7.000000e+00 5.100000e+01 6.000000e+00 7.000000e+00 4.000000e+01 4.240382e+01
1.000000e+00 8.000000e+00 7.800000e+01 5.000000e+00 7.000000e+00 7.200000e+01 7.223289e+01
1.000000e+00 4.000000e+00 8.600000e+01 8.000000e+00 9.000000e+00 6.800000e+01 7.079746e+01
1.000000e+00 2.000000e+00 4.200000e+01 7.000000e+00 9.000000e+00 2.200000e+01 1.987965e+01
1.000000e+00 3.000000e+00 8.700000e+01 8.000000e+00 9.000000e+00 6.700000e+01 6.896638e+01
1.000000e+00 1.000000e+00 4.000000e+01 8.000000e+00 9.000000e+00 1.800000e+01 1.547411e+01
1.000000e+00 8.000000e+00 6.600000e+01 7.000000e+00 7.000000e+00 6.400000e+01 6.098231e+01
1.000000e+00 3.000000e+00 8.700000e+01 7.000000e+00 6.000000e+00 6.600000e+01 6.790198e+01
1.000000e+00 7.000000e+00 6.300000e+01 6.000000e+00 1.000000e+00 5.000000e+01 5.343102e+01
1.000000e+00 5.000000e+00 8.300000e+01 5.000000e+00 0.000000e+00 6.800000e+01 6.740143e+01
1.000000e+00 5.000000e+00 5.800000e+01 4.000000e+00 5.000000e+00 4.400000e+01 4.248162e+01
1.000000e+00 7.000000e+00 9.800000e+01 5.000000e+00 7.000000e+00 9.000000e+01 8.972370e+01
1.000000e+00 9.000000e+00 4.700000e+01 4.000000e+00 0.000000e+00 4.100000e+01 4.170726e+01
1.000000e+00 5.000000e+00 9.400000e+01 7.000000e+00 2.000000e+00 8.300000e+01 7.993254e+01
1.000000e+00 1.000000e+00 8.300000e+01 8.000000e+00 0.000000e+00 5.700000e+01 5.743844e+01
1.000000e+00 1.000000e+00 8.600000e+01 5.000000e+00 9.000000e+00 6.400000e+01 6.082433e+01
1.000000e+00 2.000000e+00 4.100000e+01 8.000000e+00 8.000000e+00 1.800000e+01 1.914305e+01
1.000000e+00 6.000000e+00 6.900000e+01 5.000000e+00 6.000000e+00 6.200000e+01 5.718837e+01
1.000000e+00 9.000000e+00 6.900000e+01 9.000000e+00 7.000000e+00 6.600000e+01 6.783388e+01
1.000000e+00 8.000000e+00 8.800000e+01 5.000000e+00 8.000000e+00 8.500000e+01 8.259832e+01
1.000000e+00 5.000000e+00 7.800000e+01 8.000000e+00 2.000000e+00 6.200000e+01 6.413784e+01
1.000000e+00 1.000000e+00 8.400000e+01 9.000000e+00 9.000000e+00 6.200000e+01 6.069588e+01
1.000000e+00 7.000000e+00 7.100000e+01 6.000000e+00 1.000000e+00 6.200000e+01 6.156655e+01
1.000000e+00 5.000000e+00 4.000000e+01 7.000000e+00 5.000000e+00 2.600000e+01 2.560576e+01
1.000000e+00 6.000000e+00 7.700000e+01 6.000000e+00 4.000000e+00 6.600000e+01 6.540823e+01
1.000000e+00 7.000000e+00 5.200000e+01 6.000000e+00 3.000000e+00 4.300000e+01 4.263670e+01
1.000000e+00 3.000000e+00 5.000000e+01 5.000000e+00 5.000000e+00 3.000000e+01 2.912641e+01
1.000000e+00 3.000000e+00 4.900000e+01 7.000000e+00 5.000000e+00 2.500000e+01 2.906219e+01
1.000000e+00 5.000000e+00 8.700000e+01 9.000000e+00 2.000000e+00 7.700000e+01 7.376667e+01
1.000000e+00 6.000000e+00 9.800000e+01 5.000000e+00 1.000000e+00 8.800000e+01 8.569959e+01
1.000000e+00 9.000000e+00 6.500000e+01 4.000000e+00 8.000000e+00 6.200000e+01 6.158033e+01
1.000000e+00 5.000000e+00 9.500000e+01 5.000000e+00 7.000000e+00 8.200000e+01 8.097684e+01
1.000000e+00 1.000000e+00 9.400000e+01 9.000000e+00 3.000000e+00 7.300000e+01 6.968920e+01
1.000000e+00 4.000000e+00 5.900000e+01 8.000000e+00 5.000000e+00 4.400000e+01 4.255598e+01
1.000000e+00 5.000000e+00 5.600000e+01 5.000000e+00 2.000000e+00 4.000000e+01 4.033605e+01
1.000000e+00 5.000000e+00 5.600000e+01 4.000000e+00 7.000000e+00 3.900000e+01 4.083977e+01
1.000000e+00 7.000000e+00 4.300000e+01 5.000000e+00 2.000000e+00 3.400000e+01 3.281185e+01
1.000000e+00 4.000000e+00 4.400000e+01 9.000000e+00 1.000000e+00 2.700000e+01 2.699416e+01
1.000000e+00 1.000000e+00 9.900000e+01 4.000000e+00 6.000000e+00 7.300000e+01 7.298016e+01
1.000000e+00 5.000000e+00 6.200000e+01 7.000000e+00 2.000000e+00 4.600000e+01 4.739042e+01
1.000000e+00 7.000000e+00 8.500000e+01 9.000000e+00 8.000000e+00 7.800000e+01 7.860492e+01
1.000000e+00 6.000000e+00 9.100000e+01 5.000000e+00 2.000000e+00 8.000000e+01 7.877701e+01
1.000000e+00 5.000000e+00 4.900000e+01 4.000000e+00 7.000000e+00 3.300000e+01 3.372118e+01
1.000000e+00 4.000000e+00 8.500000e+01 9.000000e+00 1.000000e+00 6.800000e+01 6.868875e+01
1.000000e+00 2.000000e+00 6.700000e+01 7.000000e+00 8.000000e+00 4.500000e+01 4.510716e+01
1.000000e+00 4.000000e+00 7.200000e+01 8.000000e+00 0.000000e+00 5.600000e+01 5.479614e+01
1.000000e+00 3.000000e+00 8.200000e+01 6.000000e+00 2.000000e+00 5.800000e+01 6.155685e+01
1.000000e+00 1.000000e+00 6.500000e+01 4.000000e+00 1.000000e+00 3.700000e+01 3.742407e+01
1.000000e+00 8.000000e+00 9.400000e+01 8.000000e+00 6.000000e+00 8.800000e+01 8.973701e+01
1.000000e+00 5.000000e+00 8.900000e+01 7.000000e+00 4.000000e+00 7.500000e+01 7.523986e+01
1.000000e+00 4.000000e+00 8.700000e+01 8.000000e+00 7.000000e+00 7.000000e+01 7.142237e+01
1.000000e+00 8.000000e+00 6.800000e+01 5.000000e+00 1.000000e+00 6.200000e+01 6.088738e+01
1.000000e+00 7.000000e+00 6.600000e+01 6.000000e+00 7.000000e+00 5.700000e+01 5.765794e+01
1.000000e+00 2.000000e+00 5.700000e+01 4.000000e+00 6.000000e+00 3.200000e+01 3.311664e+01
1.000000e+00 1.000000e+00 7.900000e+01 9.000000e+00 4.000000e+00 5.300000e+01 5.463110e+01
1.000000e+00 4.000000e+00 9.900000e+01 7.000000e+00 1.000000e+00 8.200000e+01 8.197321e+01
1.000000e+00 8.000000e+00 4.900000e+01 6.000000e+00 9.000000e+00 4.100000e+01 4.360998e+01
1.000000e+00 2.000000e+00 9.700000e+01 7.000000e+00 6.000000e+00 7.500000e+01 7.522337e+01
1.000000e+00 3.000000e+00 8.100000e+01 8.000000e+00 9.000000e+00 6.300000e+01 6.286474e+01
1.000000e+00 1.000000e+00 4.400000e+01 7.000000e+00 3.000000e+00 1.700000e+01 1.788942e+01
1.000000e+00 1.000000e+00 4.900000e+01 7.000000e+00 3.000000e+00 2.400000e+01 2.297412e+01
1.000000e+00 3.000000e+00 8.900000e+01 8.000000e+00 7.000000e+00 6.900000e+01 7.060824e+01
1.000000e+00 5.000000e+00 6.000000e+01 8.000000e+00 5.000000e+00 4.700000e+01 4.642094e+01
1.000000e+00 3.000000e+00 6.300000e+01 6.000000e+00 8.000000e+00 4.300000e+01 4.341106e+01
1.000000e+00 1.000000e+00 7.700000e+01 4.000000e+00 1.000000e+00 4.800000e+01 4.962737e+01
1.000000e+00 1.000000e+00 4.200000e+01 8.000000e+00 4.000000e+00 1.700000e+01 1.652791e+01
1.000000e+00 8.000000e+00 7.900000e+01 6.000000e+00 5.000000e+00 7.500000e+01 7.333416e+01
1.000000e+00 2.000000e+00 7.000000e+01 7.000000e+00 7.000000e+00 5.400000e+01 4.796197e+01
1.000000e+00 3.000000e+00 8.000000e+01 7.000000e+00 3.000000e+00 5.900000e+01 6.019534e+01
1.000000e+00 2.000000e+00 7.600000e+01 9.000000e+00 6.000000e+00 5.600000e+01 5.482032e+01
1.000000e+00 3.000000e+00 4.100000e+01 5.000000e+00 6.000000e+00 2.000000e+01 2.016996e+01
1.000000e+00 7.000000e+00 4.100000e+01 8.000000e+00 3.000000e+00 3.400000e+01 3.240306e+01
1.000000e+00 1.000000e+00 7.800000e+01 6.000000e+00 0.000000e+00 5.400000e+01 5.140101e+01
1.000000e+00 8.000000e+00 8.800000e+01 9.000000e+00 2.000000e+00 8.300000e+01 8.332766e+01
1.000000e+00 2.000000e+00 8.100000e+01 6.000000e+00 1.000000e+00 5.900000e+01 5.749587e+01
1.000000e+00 3.000000e+00 8.300000e+01 4.000000e+00 2.000000e+00 6.300000e+01 6.162107e+01
1.000000e+00 9.000000e+00 7.300000e+01 9.000000e+00 4.000000e+00 7.200000e+01 7.131359e+01
1.000000e+00 7.000000e+00 8.100000e+01 6.000000e+00 0.000000e+00 7.000000e+01 7.153995e+01
1.000000e+00 4.000000e+00 5.900000e+01 8.000000e+00 4.000000e+00 4.100000e+01 4.235997e+01
1.000000e+00 5.000000e+00 7.200000e+01 6.000000e+00 1.000000e+00 5.400000e+01 5.688745e+01
1.000000e+00 2.000000e+00 4.300000e+01 5.000000e+00 3.000000e+00 2.100000e+01 1.876777e+01
1.000000e+00 8.000000e+00 8.400000e+01 7.000000e+00 5.000000e+00 8.300000e+01 7.889523e+01
1.000000e+00 4.000000e+00 8.300000e+01 7.000000e+00 8.000000e+00 6.400000e+01 6.707426e+01
1.000000e+00 9.000000e+00 5.000000e+01 9.000000e+00 9.000000e+00 5.100000e+01 4.890402e+01
1.000000e+00 5.000000e+00 8.100000e+01 6.000000e+00 5.000000e+00 6.600000e+01 6.682399e+01
1.000000e+00 9.000000e+00 8.600000e+01 6.000000e+00 9.000000e+00 8.300000e+01 8.408483e+01
1.000000e+00 4.000000e+00 4.400000e+01 6.000000e+00 1.000000e+00 2.600000e+01 2.556508e+01
1.000000e+00 5.000000e+00 6.400000e+01 6.000000e+00 7.000000e+00 4.900000e+01 4.992802e+01
1.000000e+00 9.000000e+00 8.800000e+01 5.000000e+00 4.000000e+00 8.500000e+01 8.466227e+01
1.000000e+00 8.000000e+00 9.900000e+01 8.000000e+00 8.000000e+00 9.500000e+01 9.521375e+01
1.000000e+00 3.000000e+00 7.600000e+01 5.000000e+00 9.000000e+00 5.600000e+01 5.635095e+01
1.000000e+00 1.000000e+00 7.300000e+01 5.000000e+00 8.000000e+00 5.000000e+01 4.740808e+01
1.000000e+00 3.000000e+00 4.800000e+01 5.000000e+00 3.000000e+00 2.300000e+01 2.670050e+01
1.000000e+00 4.000000e+00 4.500000e+01 7.000000e+00 0.000000e+00 2.600000e+01 2.686236e+01
1.000000e+00 2.000000e+00 5.700000e+01 5.000000e+00 8.000000e+00 3.000000e+01 3.398503e+01
1.000000e+00 1.000000e+00 5.300000e+01 6.000000e+00 8.000000e+00 2.800000e+01 2.754561e+01
1.000000e+00 7.000000e+00 5.800000e+01 5.000000e+00 7.000000e+00 4.800000e+01 4.904605e+01
1.000000e+00 8.000000e+00 5.300000e+01 6.000000e+00 4.000000e+00 4.600000e+01 4.669767e+01
1.000000e+00 7.000000e+00 7.900000e+01 9.000000e+00 4.000000e+00 7.300000e+01 7.171921e+01
1.000000e+00 5.000000e+00 5.600000e+01 8.000000e+00 9.000000e+00 4.500000e+01 4.313724e+01
1.000000e+00 1.000000e+00 9.900000e+01 7.000000e+00 5.000000e+00 7.600000e+01 7.421322e+01
1.000000e+00 7.000000e+00 7.400000e+01 8.000000e+00 0.000000e+00 7.100000e+01 6.537408e+01
1.000000e+00 7.000000e+00 6.800000e+01 9.000000e+00 8.000000e+00 6.000000e+01 6.131691e+01
1.000000e+00 9.000000e+00 8.100000e+01 8.000000e+00 4.000000e+00 7.700000e+01 7.897276e+01
1.000000e+00 3.000000e+00 5.600000e+01 7.000000e+00 6.000000e+00 3.600000e+01 3.637680e+01
1.000000e+00 9.000000e+00 9.800000e+01 6.000000e+00 7.000000e+00 9.600000e+01 9.589609e+01
1.000000e+00 1.000000e+00 8.200000e+01 9.000000e+00 4.000000e+00 6.200000e+01 5.768192e+01
1.000000e+00 1.000000e+00 4.700000e+01 9.000000e+00 2.000000e+00 2.200000e+01 2.169695e+01
1.000000e+00 4.000000e+00 4.000000e+01 6.000000e+00 5.000000e+00 2.100000e+01 2.228138e+01
1.000000e+00 9.000000e+00 8.400000e+01 6.000000e+00 6.000000e+00 7.900000e+01 8.146290e+01
1.000000e+00 6.000000e+00 9.200000e+01 7.000000e+00 3.000000e+00 8.200000e+01 8.094269e+01
1.000000e+00 3.000000e+00 7.500000e+01 5.000000e+00 8.000000e+00 5.500000e+01 5.513799e+01
1.000000e+00 1.000000e+00 4.600000e+01 4.000000e+00 3.000000e+00 2.200000e+01 1.849422e+01
1.000000e+00 4.000000e+00 8.500000e+01 5.000000e+00 9.000000e+00 7.000000e+01 6.835144e+01
1.000000e+00 9.000000e+00 4.400000e+01 5.000000e+00 1.000000e+00 3.700000e+01 3.932881e+01
1.000000e+00 3.000000e+00 6.300000e+01 8.000000e+00 8.000000e+00 4.200000e+01 4.436378e+01
1.000000e+00 9.000000e+00 6.700000e+01 4.000000e+00 3.000000e+00 6.400000e+01 6.263413e+01
1.000000e+00 7.000000e+00 8.200000e+01 6.000000e+00 3.000000e+00 7.200000e+01 7.314493e+01
1.000000e+00 4.000000e+00 5.600000e+01 5.000000e+00 9.000000e+00 4.200000e+01 3.886014e+01
1.000000e+00 3.000000e+00 7.600000e+01 7.000000e+00 0.000000e+00 5.600000e+01 5.553953e+01
1.000000e+00 5.000000e+00 5.900000e+01 5.000000e+00 1.000000e+00 4.300000e+01 4.319086e+01
1.000000e+00 5.000000e+00 4.200000e+01 6.000000e+00 2.000000e+00 2.400000e+01 2.657523e+01
1.000000e+00 3.000000e+00 7.600000e+01 5.000000e+00 6.000000e+00 5.500000e+01 5.576290e+01
1.000000e+00 9.000000e+00 6.500000e+01 9.000000e+00 8.000000e+00 6.400000e+01 6.396213e+01
1.000000e+00 4.000000e+00 5.400000e+01 8.000000e+00 4.000000e+00 3.400000e+01 3.727526e+01
1.000000e+00 5.000000e+00 9.000000e+01 8.000000e+00 3.000000e+00 7.800000e+01 7.653715e+01
1.000000e+00 4.000000e+00 8.700000e+01 5.000000e+00 1.000000e+00 7.100000e+01 6.881720e+01
1.000000e+00 5.000000e+00 4.700000e+01 8.000000e+00 6.000000e+00 3.300000e+01 3.339672e+01
1.000000e+00 7.000000e+00 5.200000e+01 7.000000e+00 5.000000e+00 4.600000e+01 4.350509e+01
1.000000e+00 9.000000e+00 8.700000e+01 4.000000e+00 6.000000e+00 8.600000e+01 8.356100e+01
1.000000e+00 7.000000e+00 4.200000e+01 5.000000e+00 7.000000e+00 3.400000e+01 3.277499e+01
1.000000e+00 5.000000e+00 4.000000e+01 7.000000e+00 8.000000e+00 2.600000e+01 2.619380e+01
1.000000e+00 7.000000e+00 4.800000e+01 9.000000e+00 9.000000e+00 4.400000e+01 4.117410e+01
1.000000e+00 5.000000e+00 7.000000e+01 7.000000e+00 4.000000e+00 5.300000e+01 5.591798e+01
1.000000e+00 3.000000e+00 8.000000e+01 7.000000e+00 4.000000e+00 6.100000e+01 6.039136e+01
1.000000e+00 7.000000e+00 9.300000e+01 9.000000e+00 3.000000e+00 8.400000e+01 8.576037e+01
1.000000e+00 2.000000e+00 6.500000e+01 6.000000e+00 2.000000e+00 4.000000e+01 4.142083e+01
1.000000e+00 9.000000e+00 5.600000e+01 5.000000e+00 6.000000e+00 5.300000e+01 5.251218e+01
1.000000e+00 1.000000e+00 9.500000e+01 5.000000e+00 4.000000e+00 6.700000e+01 6.899672e+01
1.000000e+00 6.000000e+00 7.300000e+01 5.000000e+00 6.000000e+00 5.800000e+01 6.125613e+01
1.000000e+00 7.000000e+00 4.800000e+01 4.000000e+00 1.000000e+00 4.100000e+01 3.722418e+01
1.000000e+00 8.000000e+00 9.500000e+01 7.000000e+00 8.000000e+00 8.900000e+01 9.066963e+01
1.000000e+00 9.000000e+00 9.000000e+01 5.000000e+00 8.000000e+00 8.500000e+01 8.748022e+01
1.000000e+00 2.000000e+00 5.200000e+01 8.000000e+00 8.000000e+00 3.300000e+01 3.032941e+01
1.000000e+00 2.000000e+00 4.400000e+01 6.000000e+00 4.000000e+00 2.000000e+01 2.045709e+01
1.000000e+00 5.000000e+00 8.000000e+01 9.000000e+00 9.000000e+00 6.600000e+01 6.802019e+01
1.000000e+00 5.000000e+00 5.200000e+01 9.000000e+00 8.000000e+00 3.800000e+01 3.934982e+01
1.000000e+00 6.000000e+00 4.000000e+01 4.000000e+00 0.000000e+00 2.500000e+01 2.604461e+01
1.000000e+00 3.000000e+00 6.400000e+01 9.000000e+00 1.000000e+00 4.300000e+01 4.448497e+01
1.000000e+00 8.000000e+00 8.600000e+01 6.000000e+00 9.000000e+00 7.900000e+01 8.123681e+01
1.000000e+00 1.000000e+00 4.300000e+01 7.000000e+00 4.000000e+00 1.600000e+01 1.706849e+01
1.000000e+00 6.000000e+00 7.500000e+01 9.000000e+00 4.000000e+00 6.700000e+01 6.480342e+01
1.000000e+00 4.000000e+00 9.100000e+01 9.000000e+00 5.000000e+00 8.000000e+01 7.557446e+01
1.000000e+00 1.000000e+00 4.900000e+01 8.000000e+00 7.000000e+00 2.600000e+01 2.423455e+01
1.000000e+00 7.000000e+00 6.700000e+01 7.000000e+00 0.000000e+00 5.700000e+01 5.777913e+01
1.000000e+00 9.000000e+00 9.600000e+01 5.000000e+00 9.000000e+00 9.100000e+01 9.377788e+01
1.000000e+00 4.000000e+00 4.500000e+01 6.000000e+00 8.000000e+00 2.900000e+01 2.795413e+01
1.000000e+00 4.000000e+00 6.600000e+01 9.000000e+00 3.000000e+00 4.800000e+01 4.975890e+01
1.000000e+00 6.000000e+00 9.500000e+01 8.000000e+00 7.000000e+00 8.400000e+01 8.525394e+01
1.000000e+00 3.000000e+00 5.100000e+01 6.000000e+00 4.000000e+00 3.300000e+01 3.042370e+01
1.000000e+00 6.000000e+00 9.100000e+01 4.000000e+00 0.000000e+00 8.200000e+01 7.790862e+01
1.000000e+00 7.000000e+00 8.700000e+01 8.000000e+00 8.000000e+00 8.100000e+01 8.016244e+01
1.000000e+00 3.000000e+00 4.200000e+01 4.000000e+00 7.000000e+00 2.400000e+01 2.090656e+01
1.000000e+00 7.000000e+00 8.500000e+01 9.000000e+00 4.000000e+00 8.100000e+01 7.782085e+01
1.000000e+00 3.000000e+00 7.200000e+01 8.000000e+00 3.000000e+00 5.400000e+01 5.253617e+01
1.000000e+00 2.000000e+00 4.900000e+01 5.000000e+00 7.000000e+00 2.500000e+01 2.565349e+01
1.000000e+00 4.000000e+00 7.000000e+01 6.000000e+00 8.000000e+00 5.300000e+01 5.337766e+01
1.000000e+00 8.000000e+00 5.400000e+01 6.000000e+00 6.000000e+00 4.800000e+01 4.810664e+01
1.000000e+00 9.000000e+00 4.600000e+01 7.000000e+00 3.000000e+00 4.000000e+01 4.270744e+01
1.000000e+00 7.000000e+00 7.500000e+01 8.000000e+00 6.000000e+00 6.600000e+01 6.756711e+01
1.000000e+00 1.000000e+00 5.300000e+01 8.000000e+00 5.000000e+00 2.900000e+01 2.791028e+01
1.000000e+00 3.000000e+00 9.500000e+01 4.000000e+00 2.000000e+00 7.300000e+01 7.382436e+01
1.000000e+00 9.000000e+00 8.700000e+01 8.000000e+00 9.000000e+00 8.900000e+01 8.605449e+01
1.000000e+00 1.000000e+00 5.300000e+01 6.000000e+00 2.000000e+00 2.700000e+01 2.636951e+01
1.000000e+00 9.000000e+00 4.200000e+01 8.000000e+00 0.000000e+00 4.000000e+01 3.852799e+01
1.000000e+00 8.000000e+00 8.800000e+01 7.000000e+00 4.000000e+00 8.300000e+01 8.276698e+01
1.000000e+00 1.000000e+00 9.200000e+01 7.000000e+00 7.000000e+00 6.900000e+01 6.748666e+01
1.000000e+00 6.000000e+00 8.500000e+01 6.000000e+00 5.000000e+00 7.200000e+01 7.373977e+01
1.000000e+00 5.000000e+00 8.900000e+01 6.000000e+00 7.000000e+00 7.700000e+01 7.535155e+01
1.000000e+00 6.000000e+00 4.200000e+01 6.000000e+00 6.000000e+00 3.200000e+01 3.020731e+01
1.000000e+00 5.000000e+00 6.100000e+01 8.000000e+00 1.000000e+00 4.900000e+01 4.665382e+01
1.000000e+00 6.000000e+00 5.800000e+01 8.000000e+00 7.000000e+00 4.400000e+01 4.762711e+01
1.000000e+00 5.000000e+00 7.400000e+01 5.000000e+00 3.000000e+00 5.700000e+01 5.883701e+01
1.000000e+00 5.000000e+00 5.100000e+01 9.000000e+00 4.000000e+00 3.400000e+01 3.754881e+01
1.000000e+00 4.000000e+00 9.300000e+01 9.000000e+00 7.000000e+00 7.600000e+01 7.800038e+01
1.000000e+00 3.000000e+00 4.400000e+01 4.000000e+00 4.000000e+00 2.200000e+01 2.235239e+01
1.000000e+00 3.000000e+00 4.900000e+01 8.000000e+00 4.000000e+00 3.000000e+01 2.934254e+01
1.000000e+00 4.000000e+00 8.000000e+01 5.000000e+00 5.000000e+00 6.700000e+01 6.248267e+01
1.000000e+00 9.000000e+00 7.200000e+01 5.000000e+00 6.000000e+00 7.100000e+01 6.878324e+01
1.000000e+00 2.000000e+00 5.200000e+01 7.000000e+00 8.000000e+00 2.900000e+01 2.985305e+01
1.000000e+00 9.000000e+00 7.400000e+01 8.000000e+00 6.000000e+00 7.400000e+01 7.224621e+01
1.000000e+00 1.000000e+00 9.000000e+01 5.000000e+00 5.000000e+00 6.700000e+01 6.410803e+01
1.000000e+00 1.000000e+00 7.100000e+01 7.000000e+00 9.000000e+00 4.600000e+01 4.652293e+01
1.000000e+00 5.000000e+00 5.000000e+01 4.000000e+00 3.000000e+00 3.400000e+01 3.395406e+01
1.000000e+00 6.000000e+00 8.700000e+01 7.000000e+00 9.000000e+00 7.600000e+01 7.703408e+01
1.000000e+00 6.000000e+00 7.700000e+01 4.000000e+00 1.000000e+00 6.400000e+01 6.386746e+01
1.000000e+00 3.000000e+00 6.300000e+01 9.000000e+00 8.000000e+00 4.600000e+01 4.484014e+01
1.000000e+00 7.000000e+00 7.400000e+01 9.000000e+00 9.000000e+00 6.800000e+01 6.761458e+01
1.000000e+00 9.000000e+00 5.800000e+01 6.000000e+00 4.000000e+00 5.800000e+01 5.463039e+01
1.000000e+00 8.000000e+00 4.500000e+01 6.000000e+00 4.000000e+00 4.100000e+01 3.856214e+01
1.000000e+00 6.000000e+00 7.900000e+01 7.000000e+00 2.000000e+00 6.400000e+01 6.752644e+01
1.000000e+00 8.000000e+00 9.300000e+01 6.000000e+00 2.000000e+00 8.400000e+01 8.698329e+01
1.000000e+00 5.000000e+00 8.400000e+01 8.000000e+00 0.000000e+00 7.000000e+01 6.984745e+01
1.000000e+00 8.000000e+00 8.300000e+01 7.000000e+00 4.000000e+00 7.700000e+01 7.768227e+01
1.000000e+00 4.000000e+00 8.100000e+01 5.000000e+00 2.000000e+00 6.000000e+01 6.291156e+01
1.000000e+00 8.000000e+00 7.400000e+01 8.000000e+00 1.000000e+00 6.500000e+01 6.841811e+01
1.000000e+00 2.000000e+00 4.300000e+01 7.000000e+00 8.000000e+00 2.100000e+01 2.070057e+01
1.000000e+00 5.000000e+00 7.200000e+01 9.000000e+00 9.000000e+00 6.000000e+01 5.988466e+01
1.000000e+00 9.000000e+00 5.200000e+01 4.000000e+00 5.000000e+00 4.800000e+01 4.777204e+01
1.000000e+00 4.000000e+00 9.500000e+01 6.000000e+00 2.000000e+00 7.700000e+01 7.762510e+01
1.000000e+00 6.000000e+00 7.500000e+01 6.000000e+00 6.000000e+00 6.300000e+01 6.376638e+01
1.000000e+00 1.000000e+00 9.300000e+01 6.000000e+00 8.000000e+00 6.800000e+01 6.822326e+01
1.000000e+00 9.000000e+00 8.200000e+01 7.000000e+00 8.000000e+00 8.100000e+01 8.029741e+01
1.000000e+00 1.000000e+00 5.800000e+01 8.000000e+00 0.000000e+00 2.900000e+01 3.201491e+01
1.000000e+00 5.000000e+00 8.200000e+01 4.000000e+00 1.000000e+00 6.600000e+01 6.610415e+01
1.000000e+00 4.000000e+00 5.100000e+01 6.000000e+00 7.000000e+00 3.600000e+01 3.385976e+01
1.000000e+00 3.000000e+00 5.000000e+01 8.000000e+00 0.000000e+00 2.900000e+01 2.957541e+01
1.000000e+00 6.000000e+00 4.500000e+01 5.000000e+00 2.000000e+00 3.200000e+01 3.199771e+01
1.000000e+00 2.000000e+00 5.100000e+01 9.000000e+00 6.000000e+00 3.100000e+01 2.939679e+01
1.000000e+00 3.000000e+00 6.600000e+01 5.000000e+00 7.000000e+00 4.500000e+01 4.578951e+01
1.000000e+00 5.000000e+00 8.000000e+01 4.000000e+00 4.000000e+00 6.500000e+01 6.465831e+01
1.000000e+00 9.000000e+00 6.400000e+01 6.000000e+00 1.000000e+00 5.700000e+01 6.014399e+01
1.000000e+00 2.000000e+00 8.100000e+01 5.000000e+00 2.000000e+00 5.800000e+01 5.721553e+01
1.000000e+00 8.000000e+00 4.200000e+01 9.000000e+00 8.000000e+00 3.800000e+01 3.772446e+01
1.000000e+00 2.000000e+00 4.200000e+01 8.000000e+00 9.000000e+00 2.200000e+01 2.035601e+01
1.000000e+00 5.000000e+00 5.900000e+01 8.000000e+00 6.000000e+00 4.800000e+01 4.560002e+01
1.000000e+00 7.000000e+00 6.700000e+01 5.000000e+00 0.000000e+00 5.900000e+01 5.682641e+01
1.000000e+00 8.000000e+00 6.200000e+01 6.000000e+00 2.000000e+00 5.800000e+01 5.545811e+01
1.000000e+00 1.000000e+00 8.700000e+01 9.000000e+00 8.000000e+00 6.200000e+01 6.355069e+01
1.000000e+00 6.000000e+00 4.200000e+01 4.000000e+00 6.000000e+00 3.000000e+01 2.925459e+01
1.000000e+00 1.000000e+00 8.100000e+01 6.000000e+00 1.000000e+00 5.600000e+01 5.464785e+01
1.000000e+00 2.000000e+00 6.300000e+01 7.000000e+00 5.000000e+00 4.000000e+01 4.045135e+01
1.000000e+00 1.000000e+00 8.200000e+01 5.000000e+00 8.000000e+00 5.900000e+01 5.656055e+01
1.000000e+00 5.000000e+00 7.900000e+01 7.000000e+00 3.000000e+00 6.500000e+01 6.487443e+01
1.000000e+00 9.000000e+00 4.500000e+01 5.000000e+00 9.000000e+00 4.300000e+01 4.191388e+01
1.000000e+00 6.000000e+00 5.900000e+01 4.000000e+00 1.000000e+00 4.800000e+01 4.556252e+01
1.000000e+00 1.000000e+00 5.000000e+01 6.000000e+00 2.000000e+00 2.400000e+01 2.331869e+01
1.000000e+00 1.000000e+00 7.100000e+01 9.000000e+00 6.000000e+00 5.100000e+01 4.688760e+01
1.000000e+00 2.000000e+00 9.900000e+01 6.000000e+00 3.000000e+00 8.100000e+01 7.619285e+01
1.000000e+00 9.000000e+00 6.600000e+01 5.000000e+00 6.000000e+00 6.200000e+01 6.268160e+01
1.000000e+00 3.000000e+00 6.000000e+01 8.000000e+00 4.000000e+00 4.300000e+01 4.052889e+01
1.000000e+00 1.000000e+00 8.300000e+01 7.000000e+00 7.000000e+00 6.300000e+01 5.833419e+01
1.000000e+00 5.000000e+00 8.700000e+01 9.000000e+00 7.000000e+00 7.300000e+01 7.474675e+01
1.000000e+00 7.000000e+00 8.900000e+01 9.000000e+00 4.000000e+00 7.600000e+01 8.188862e+01
1.000000e+00 6.000000e+00 5.200000e+01 6.000000e+00 6.000000e+00 4.300000e+01 4.037672e+01
1.000000e+00 1.000000e+00 6.100000e+01 6.000000e+00 5.000000e+00 3.400000e+01 3.509309e+01
1.000000e+00 5.000000e+00 7.400000e+01 5.000000e+00 7.000000e+00 5.700000e+01 5.962107e+01
1.000000e+00 5.000000e+00 8.600000e+01 8.000000e+00 8.000000e+00 7.200000e+01 7.344946e+01
1.000000e+00 6.000000e+00 6.100000e+01 7.000000e+00 4.000000e+00 4.700000e+01 4.961352e+01
1.000000e+00 3.000000e+00 6.700000e+01 8.000000e+00 6.000000e+00 5.200000e+01 4.803951e+01
1.000000e+00 5.000000e+00 6.000000e+01 9.000000e+00 0.000000e+00 4.900000e+01 4.591722e+01
1.000000e+00 7.000000e+00 8.500000e+01 8.000000e+00 7.000000e+00 7.700000e+01 7.793254e+01
1.000000e+00 5.000000e+00 5.700000e+01 5.000000e+00 2.000000e+00 4.100000e+01 4.135299e+01
1.000000e+00 5.000000e+00 7.000000e+01 8.000000e+00 0.000000e+00 5.600000e+01 5.561027e+01
1.000000e+00 5.000000e+00 9.900000e+01 7.000000e+00 5.000000e+00 8.900000e+01 8.560529e+01
1.000000e+00 3.000000e+00 8.500000e+01 9.000000e+00 7.000000e+00 6.500000e+01 6.701683e+01
1.000000e+00 1.000000e+00 7.600000e+01 4.000000e+00 2.000000e+00 4.900000e+01 4.880644e+01
1.000000e+00 5.000000e+00 6.000000e+01 9.000000e+00 0.000000e+00 4.800000e+01 4.591722e+01
1.000000e+00 9.000000e+00 5.300000e+01 4.000000e+00 2.000000e+00 4.700000e+01 4.820094e+01
1.000000e+00 1.000000e+00 6.400000e+01 7.000000e+00 4.000000e+00 3.700000e+01 3.842426e+01
1.000000e+00 3.000000e+00 6.600000e+01 9.000000e+00 7.000000e+00 4.800000e+01 4.769494e+01
1.000000e+00 4.000000e+00 7.900000e+01 9.000000e+00 8.000000e+00 6.100000e+01 6.395922e+01
1.000000e+00 1.000000e+00 9.900000e+01 9.000000e+00 8.000000e+00 7.700000e+01 7.575399e+01
1.000000e+00 1.000000e+00 9.900000e+01 9.000000e+00 3.000000e+00 7.500000e+01 7.477391e+01
1.000000e+00 8.000000e+00 6.200000e+01 5.000000e+00 7.000000e+00 5.700000e+01 5.596183e+01
1.000000e+00 2.000000e+00 7.000000e+01 6.000000e+00 4.000000e+00 4.500000e+01 4.689757e+01
1.000000e+00 8.000000e+00 8.600000e+01 9.000000e+00 2.000000e+00 8.200000e+01 8.129378e+01
1.000000e+00 7.000000e+00 9.900000e+01 5.000000e+00 4.000000e+00 9.000000e+01 9.015259e+01
1.000000e+00 2.000000e+00 6.800000e+01 7.000000e+00 1.000000e+00 4.200000e+01 4.475200e+01
1.000000e+00 6.000000e+00 8.600000e+01 9.000000e+00 5.000000e+00 7.400000e+01 7.618579e+01
1.000000e+00 6.000000e+00 6.900000e+01 8.000000e+00 0.000000e+00 6.000000e+01 5.744135e+01
1.000000e+00 3.000000e+00 9.000000e+01 9.000000e+00 5.000000e+00 7.300000e+01 7.170950e+01
1.000000e+00 2.000000e+00 6.500000e+01 9.000000e+00 4.000000e+00 4.000000e+01 4.324194e+01
1.000000e+00 1.000000e+00 5.900000e+01 4.000000e+00 8.000000e+00 3.200000e+01 3.269454e+01
1.000000e+00 6.000000e+00 7.700000e+01 8.000000e+00 6.000000e+00 6.700000e+01 6.675298e+01
1.000000e+00 5.000000e+00 5.800000e+01 9.000000e+00 5.000000e+00 4.600000e+01 4.486342e+01
1.000000e+00 9.000000e+00 6.600000e+01 9.000000e+00 6.000000e+00 6.500000e+01 6.458704e+01
1.000000e+00 1.000000e+00 6.400000e+01 9.000000e+00 9.000000e+00 4.200000e+01 4.035706e+01
1.000000e+00 7.000000e+00 7.900000e+01 5.000000e+00 4.000000e+00 6.900000e+01 6.981377e+01
1.000000e+00 5.000000e+00 7.700000e+01 7.000000e+00 0.000000e+00 6.200000e+01 6.225250e+01
1.000000e+00 5.000000e+00 9.100000e+01 4.000000e+00 8.000000e+00 7.500000e+01 7.662873e+01
1.000000e+00 2.000000e+00 6.200000e+01 9.000000e+00 4.000000e+00 4.000000e+01 4.019111e+01
1.000000e+00 3.000000e+00 6.800000e+01 7.000000e+00 3.000000e+00 4.300000e+01 4.799204e+01
1.000000e+00 7.000000e+00 5.400000e+01 4.000000e+00 5.000000e+00 4.200000e+01 4.410989e+01
1.000000e+00 6.000000e+00 9.800000e+01 4.000000e+00 4.000000e+00 8.400000e+01 8.581127e+01
1.000000e+00 2.000000e+00 4.200000e+01 4.000000e+00 0.000000e+00 1.500000e+01 1.668643e+01
1.000000e+00 6.000000e+00 4.900000e+01 9.000000e+00 1.000000e+00 3.900000e+01 3.777490e+01
1.000000e+00 2.000000e+00 5.400000e+01 5.000000e+00 3.000000e+00 2.600000e+01 2.995413e+01
1.000000e+00 2.000000e+00 9.500000e+01 9.000000e+00 7.000000e+00 7.300000e+01 7.433823e+01
1.000000e+00 2.000000e+00 5.500000e+01 9.000000e+00 4.000000e+00 3.400000e+01 3.307253e+01
1.000000e+00 3.000000e+00 5.600000e+01 7.000000e+00 6.000000e+00 3.400000e+01 3.637680e+01
1.000000e+00 2.000000e+00 5.800000e+01 6.000000e+00 1.000000e+00 3.700000e+01 3.410622e+01
1.000000e+00 4.000000e+00 5.000000e+01 6.000000e+00 7.000000e+00 3.400000e+01 3.284282e+01
1.000000e+00 9.000000e+00 8.700000e+01 6.000000e+00 4.000000e+00 8.500000e+01 8.412169e+01
1.000000e+00 6.000000e+00 4.400000e+01 7.000000e+00 3.000000e+00 3.100000e+01 3.212951e+01
1.000000e+00 1.000000e+00 4.400000e+01 8.000000e+00 8.000000e+00 1.800000e+01 1.934586e+01
1.000000e+00 8.000000e+00 9.700000e+01 7.000000e+00 5.000000e+00 9.200000e+01 9.211546e+01
1.000000e+00 7.000000e+00 5.300000e+01 4.000000e+00 3.000000e+00 4.400000e+01 4.270092e+01
1.000000e+00 3.000000e+00 8.900000e+01 9.000000e+00 7.000000e+00 7.200000e+01 7.108460e+01
1.000000e+00 1.000000e+00 6.500000e+01 8.000000e+00 2.000000e+00 4.000000e+01 3.952553e+01
1.000000e+00 5.000000e+00 4.700000e+01 4.000000e+00 9.000000e+00 3.100000e+01 3.207933e+01
1.000000e+00 4.000000e+00 4.400000e+01 9.000000e+00 1.000000e+00 2.500000e+01 2.699416e+01
1.000000e+00 8.000000e+00 4.600000e+01 9.000000e+00 6.000000e+00 4.400000e+01 4.140019e+01
1.000000e+00 1.000000e+00 5.500000e+01 4.000000e+00 3.000000e+00 2.700000e+01 2.764669e+01
1.000000e+00 1.000000e+00 9.400000e+01 7.000000e+00 3.000000e+00 6.600000e+01 6.873648e+01
1.000000e+00 4.000000e+00 5.300000e+01 6.000000e+00 9.000000e+00 3.400000e+01 3.628568e+01
1.000000e+00 8.000000e+00 7.600000e+01 8.000000e+00 8.000000e+00 7.000000e+01 7.182410e+01
1.000000e+00 5.000000e+00 9.500000e+01 9.000000e+00 1.000000e+00 8.100000e+01 8.170618e+01
1.000000e+00 2.000000e+00 8.000000e+01 5.000000e+00 0.000000e+00 5.600000e+01 5.580656e+01
1.000000e+00 6.000000e+00 4.300000e+01 9.000000e+00 6.000000e+00 3.000000e+01 3.265333e+01
1.000000e+00 5.000000e+00 7.500000e+01 6.000000e+00 7.000000e+00 6.000000e+01 6.111437e+01
1.000000e+00 2.000000e+00 8.700000e+01 9.000000e+00 2.000000e+00 6.400000e+01 6.522262e+01
1.000000e+00 3.000000e+00 9.500000e+01 5.000000e+00 1.000000e+00 7.400000e+01 7.410471e+01
1.000000e+00 9.000000e+00 5.600000e+01 7.000000e+00 3.000000e+00 5.200000e+01 5.287686e+01
1.000000e+00 7.000000e+00 8.600000e+01 9.000000e+00 1.000000e+00 8.400000e+01 7.824975e+01
1.000000e+00 7.000000e+00 7.500000e+01 8.000000e+00 1.000000e+00 6.600000e+01 6.658703e+01
1.000000e+00 6.000000e+00 4.500000e+01 7.000000e+00 4.000000e+00 3.200000e+01 3.334246e+01
1.000000e+00 8.000000e+00 5.500000e+01 5.000000e+00 9.000000e+00 4.700000e+01 4.923527e+01
1.000000e+00 4.000000e+00 6.800000e+01 4.000000e+00 4.000000e+00 5.100000e+01 4.960700e+01
1.000000e+00 8.000000e+00 7.500000e+01 9.000000e+00 7.000000e+00 6.700000e+01 7.108751e+01
1.000000e+00 4.000000e+00 7.700000e+01 7.000000e+00 8.000000e+00 5.700000e+01 6.097261e+01
1.000000e+00 8.000000e+00 7.600000e+01 9.000000e+00 1.000000e+00 7.100000e+01 7.092835e+01
1.000000e+00 9.000000e+00 8.700000e+01 8.000000e+00 0.000000e+00 8.600000e+01 8.429035e+01
1.000000e+00 3.000000e+00 9.600000e+01 9.000000e+00 2.000000e+00 7.700000e+01 7.722310e+01
1.000000e+00 3.000000e+00 8.700000e+01 7.000000e+00 5.000000e+00 7.200000e+01 6.770596e+01
1.000000e+00 2.000000e+00 4.900000e+01 6.000000e+00 4.000000e+00 2.400000e+01 2.554180e+01
1.000000e+00 3.000000e+00 8.000000e+01 7.000000e+00 7.000000e+00 6.000000e+01 6.097940e+01
1.000000e+00 3.000000e+00 7.500000e+01 5.000000e+00 7.000000e+00 5.500000e+01 5.494198e+01
1.000000e+00 5.000000e+00 6.800000e+01 7.000000e+00 1.000000e+00 5.400000e+01 5.329605e+01
1.000000e+00 5.000000e+00 5.300000e+01 8.000000e+00 8.000000e+00 3.900000e+01 3.989040e+01
1.000000e+00 2.000000e+00 4.300000e+01 7.000000e+00 3.000000e+00 1.900000e+01 1.972049e+01
1.000000e+00 6.000000e+00 8.300000e+01 7.000000e+00 0.000000e+00 6.800000e+01 7.120217e+01
1.000000e+00 5.000000e+00 9.500000e+01 8.000000e+00 1.000000e+00 8.300000e+01 8.122982e+01
1.000000e+00 6.000000e+00 8.100000e+01 7.000000e+00 5.000000e+00 7.200000e+01 7.014837e+01
1.000000e+00 1.000000e+00 7.500000e+01 8.000000e+00 4.000000e+00 4.900000e+01 5.008697e+01
1.000000e+00 5.000000e+00 8.900000e+01 5.000000e+00 6.000000e+00 7.400000e+01 7.467918e+01
1.000000e+00 9.000000e+00 8.400000e+01 8.000000e+00 8.000000e+00 8.600000e+01 8.280765e+01
1.000000e+00 2.000000e+00 5.200000e+01 5.000000e+00 5.000000e+00 2.600000e+01 2.831228e+01
1.000000e+00 1.000000e+00 8.500000e+01 5.000000e+00 5.000000e+00 6.000000e+01 5.902332e+01
1.000000e+00 9.000000e+00 5.700000e+01 8.000000e+00 1.000000e+00 5.400000e+01 5.397812e+01
1.000000e+00 9.000000e+00 7.200000e+01 7.000000e+00 6.000000e+00 7.300000e+01 6.973596e+01
1.000000e+00 9.000000e+00 6.000000e+01 9.000000e+00 1.000000e+00 6.100000e+01 5.750531e+01
1.000000e+00 6.000000e+00 5.500000e+01 6.000000e+00 6.000000e+00 4.500000e+01 4.342755e+01
1.000000e+00 8.000000e+00 5.400000e+01 9.000000e+00 7.000000e+00 5.700000e+01 4.973174e+01
1.000000e+00 1.000000e+00 9.300000e+01 8.000000e+00 0.000000e+00 6.800000e+01 6.760785e+01
1.000000e+00 4.000000e+00 9.600000e+01 7.000000e+00 8.000000e+00 7.200000e+01 8.029450e+01
1.000000e+00 1.000000e+00 4.400000e+01 5.000000e+00 7.000000e+00 1.700000e+01 1.772076e+01
1.000000e+00 8.000000e+00 4.500000e+01 4.000000e+00 8.000000e+00 3.700000e+01 3.839348e+01
1.000000e+00 1.000000e+00 7.700000e+01 6.000000e+00 4.000000e+00 5.400000e+01 5.116814e+01
1.000000e+00 3.000000e+00 4.200000e+01 9.000000e+00 3.000000e+00 2.200000e+01 2.250429e+01
1.000000e+00 4.000000e+00 8.700000e+01 7.000000e+00 0.000000e+00 7.300000e+01 6.957390e+01
1.000000e+00 8.000000e+00 5.100000e+01 6.000000e+00 8.000000e+00 4.700000e+01 4.544785e+01
1.000000e+00 6.000000e+00 7.500000e+01 4.000000e+00 3.000000e+00 6.300000e+01 6.222561e+01
1.000000e+00 7.000000e+00 7.200000e+01 4.000000e+00 3.000000e+00 6.300000e+01 6.202280e+01
1.000000e+00 8.000000e+00 7.500000e+01 4.000000e+00 3.000000e+00 6.800000e+01 6.792164e+01
1.000000e+00 2.000000e+00 7.200000e+01 9.000000e+00 1.000000e+00 5.200000e+01 4.977248e+01
1.000000e+00 8.000000e+00 7.000000e+01 8.000000e+00 3.000000e+00 6.400000e+01 6.474238e+01
1.000000e+00 3.000000e+00 6.000000e+01 6.000000e+00 1.000000e+00 3.800000e+01 3.898812e+01
1.000000e+00 7.000000e+00 6.600000e+01 8.000000e+00 7.000000e+00 6.000000e+01 5.861066e+01
1.000000e+00 3.000000e+00 6.600000e+01 4.000000e+00 6.000000e+00 4.500000e+01 4.511713e+01
1.000000e+00 7.000000e+00 4.700000e+01 7.000000e+00 9.000000e+00 3.900000e+01 3.920444e+01
1.000000e+00 2.000000e+00 9.500000e+01 4.000000e+00 1.000000e+00 7.500000e+01 7.078033e+01
1.000000e+00 6.000000e+00 7.600000e+01 8.000000e+00 1.000000e+00 6.700000e+01 6.475596e+01
1.000000e+00 3.000000e+00 7.100000e+01 4.000000e+00 1.000000e+00 4.800000e+01 4.922176e+01
1.000000e+00 3.000000e+00 6.500000e+01 4.000000e+00 0.000000e+00 4.400000e+01 4.292409e+01
1.000000e+00 9.000000e+00 4.100000e+01 8.000000e+00 5.000000e+00 3.700000e+01 3.849113e+01
1.000000e+00 7.000000e+00 5.100000e+01 8.000000e+00 5.000000e+00 4.100000e+01 4.296450e+01
1.000000e+00 5.000000e+00 6.100000e+01 7.000000e+00 0.000000e+00 4.700000e+01 4.598144e+01
1.000000e+00 7.000000e+00 5.600000e+01 8.000000e+00 0.000000e+00 4.500000e+01 4.706913e+01
1.000000e+00 9.000000e+00 4.600000e+01 7.000000e+00 5.000000e+00 4.300000e+01 4.309947e+01
1.000000e+00 1.000000e+00 8.200000e+01 5.000000e+00 5.000000e+00 5.400000e+01 5.597250e+01
1.000000e+00 7.000000e+00 4.300000e+01 5.000000e+00 3.000000e+00 3.200000e+01 3.300786e+01
1.000000e+00 6.000000e+00 7.600000e+01 8.000000e+00 2.000000e+00 6.400000e+01 6.495197e+01
1.000000e+00 9.000000e+00 7.700000e+01 4.000000e+00 8.000000e+00 7.400000e+01 7.378362e+01
1.000000e+00 1.000000e+00 7.100000e+01 6.000000e+00 5.000000e+00 5.000000e+01 4.526251e+01
1.000000e+00 4.000000e+00 5.000000e+01 4.000000e+00 0.000000e+00 3.300000e+01 3.051799e+01
1.000000e+00 9.000000e+00 4.000000e+01 8.000000e+00 2.000000e+00 3.600000e+01 3.688614e+01
1.000000e+00 4.000000e+00 6.400000e+01 7.000000e+00 0.000000e+00 4.500000e+01 4.618425e+01
1.000000e+00 3.000000e+00 8.100000e+01 4.000000e+00 2.000000e+00 5.800000e+01 5.958719e+01
1.000000e+00 9.000000e+00 9.100000e+01 5.000000e+00 1.000000e+00 8.500000e+01 8.712505e+01
1.000000e+00 2.000000e+00 6.300000e+01 9.000000e+00 4.000000e+00 4.100000e+01 4.120806e+01
1.000000e+00 4.000000e+00 9.200000e+01 8.000000e+00 2.000000e+00 7.800000e+01 7.552700e+01
1.000000e+00 6.000000e+00 8.200000e+01 4.000000e+00 6.000000e+00 6.300000e+01 6.993224e+01
1.000000e+00 2.000000e+00 9.500000e+01 9.000000e+00 7.000000e+00 7.600000e+01 7.433823e+01
1.000000e+00 8.000000e+00 5.600000e+01 4.000000e+00 6.000000e+00 5.100000e+01 4.918781e+01
1.000000e+00 8.000000e+00 4.700000e+01 7.000000e+00 1.000000e+00 3.600000e+01 4.048433e+01
1.000000e+00 1.000000e+00 9.800000e+01 7.000000e+00 9.000000e+00 7.400000e+01 7.398034e+01
1.000000e+00 3.000000e+00 8.400000e+01 7.000000e+00 9.000000e+00 6.500000e+01 6.543920e+01
1.000000e+00 9.000000e+00 6.600000e+01 9.000000e+00 6.000000e+00 6.500000e+01 6.458704e+01
1.000000e+00 5.000000e+00 9.100000e+01 6.000000e+00 9.000000e+00 7.900000e+01 7.777747e+01
1.000000e+00 6.000000e+00 5.700000e+01 9.000000e+00 2.000000e+00 4.600000e+01 4.610645e+01
1.000000e+00 4.000000e+00 6.600000e+01 8.000000e+00 6.000000e+00 4.700000e+01 4.987059e+01
1.000000e+00 2.000000e+00 6.100000e+01 8.000000e+00 0.000000e+00 4.200000e+01 3.791375e+01
1.000000e+00 8.000000e+00 5.500000e+01 5.000000e+00 1.000000e+00 4.600000e+01 4.766715e+01
1.000000e+00 6.000000e+00 4.100000e+01 5.000000e+00 9.000000e+00 3.400000e+01 2.930206e+01
1.000000e+00 5.000000e+00 4.400000e+01 8.000000e+00 0.000000e+00 2.700000e+01 2.916980e+01
1.000000e+00 9.000000e+00 5.700000e+01 4.000000e+00 8.000000e+00 5.200000e+01 5.344480e+01
1.000000e+00 1.000000e+00 4.200000e+01 8.000000e+00 1.000000e+00 1.700000e+01 1.593986e+01
1.000000e+00 5.000000e+00 6.600000e+01 6.000000e+00 1.000000e+00 5.300000e+01 5.078581e+01
1.000000e+00 6.000000e+00 9.300000e+01 5.000000e+00 5.000000e+00 8.400000e+01 8.139894e+01
1.000000e+00 5.000000e+00 5.600000e+01 5.000000e+00 6.000000e+00 3.900000e+01 4.112011e+01
1.000000e+00 6.000000e+00 5.500000e+01 9.000000e+00 1.000000e+00 4.400000e+01 4.387655e+01
1.000000e+00 6.000000e+00 4.500000e+01 5.000000e+00 3.000000e+00 3.600000e+01 3.219373e+01
1.000000e+00 7.000000e+00 9.000000e+01 8.000000e+00 2.000000e+00 8.100000e+01 8.203717e+01
1.000000e+00 4.000000e+00 4.600000e+01 5.000000e+00 4.000000e+00 3.000000e+01 2.771065e+01
1.000000e+00 8.000000e+00 8.900000e+01 5.000000e+00 8.000000e+00 8.000000e+01 8.361526e+01
1.000000e+00 7.000000e+00 5.300000e+01 9.000000e+00 1.000000e+00 4.100000e+01 4.469068e+01
1.000000e+00 9.000000e+00 7.700000e+01 8.000000e+00 4.000000e+00 7.700000e+01 7.490500e+01
1.000000e+00 7.000000e+00 7.900000e+01 4.000000e+00 7.000000e+00 6.900000e+01 6.992545e+01
1.000000e+00 3.000000e+00 5.400000e+01 5.000000e+00 5.000000e+00 3.400000e+01 3.319418e+01
1.000000e+00 3.000000e+00 8.600000e+01 5.000000e+00 3.000000e+00 6.400000e+01 6.534427e+01
1.000000e+00 8.000000e+00 8.600000e+01 5.000000e+00 9.000000e+00 7.800000e+01 8.076045e+01
1.000000e+00 5.000000e+00 8.700000e+01 6.000000e+00 7.000000e+00 7.400000e+01 7.331767e+01
1.000000e+00 4.000000e+00 7.200000e+01 8.000000e+00 2.000000e+00 5.200000e+01 5.518817e+01
1.000000e+00 8.000000e+00 8.200000e+01 5.000000e+00 3.000000e+00 7.600000e+01 7.551659e+01
1.000000e+00 6.000000e+00 6.600000e+01 6.000000e+00 8.000000e+00 5.300000e+01 5.500593e+01
1.000000e+00 2.000000e+00 6.800000e+01 4.000000e+00 4.000000e+00 4.600000e+01 4.391096e+01
1.000000e+00 4.000000e+00 9.600000e+01 4.000000e+00 5.000000e+00 7.700000e+01 7.827737e+01
1.000000e+00 4.000000e+00 7.600000e+01 9.000000e+00 1.000000e+00 5.900000e+01 5.953628e+01
1.000000e+00 6.000000e+00 4.400000e+01 9.000000e+00 8.000000e+00 3.500000e+01 3.406231e+01
1.000000e+00 6.000000e+00 6.800000e+01 9.000000e+00 7.000000e+00 6.100000e+01 5.827288e+01
1.000000e+00 1.000000e+00 7.100000e+01 6.000000e+00 6.000000e+00 4.600000e+01 4.545852e+01
1.000000e+00 8.000000e+00 9.900000e+01 4.000000e+00 8.000000e+00 9.700000e+01 9.330831e+01
1.000000e+00 6.000000e+00 9.200000e+01 9.000000e+00 4.000000e+00 8.600000e+01 8.209142e+01
1.000000e+00 3.000000e+00 4.500000e+01 7.000000e+00 4.000000e+00 2.400000e+01 2.479841e+01
1.000000e+00 9.000000e+00 4.100000e+01 9.000000e+00 8.000000e+00 3.700000e+01 3.955553e+01
1.000000e+00 2.000000e+00 4.500000e+01 4.000000e+00 4.000000e+00 1.800000e+01 2.052131e+01
1.000000e+00 8.000000e+00 8.500000e+01 7.000000e+00 8.000000e+00 8.400000e+01 8.050022e+01
1.000000e+00 3.000000e+00 8.200000e+01 6.000000e+00 0.000000e+00 5.900000e+01 6.116482e+01
1.000000e+00 5.000000e+00 4.300000e+01 7.000000e+00 9.000000e+00 2.900000e+01 2.944064e+01
1.000000e+00 6.000000e+00 9.500000e+01 4.000000e+00 9.000000e+00 8.400000e+01 8.374053e+01
1.000000e+00 6.000000e+00 6.800000e+01 5.000000e+00 7.000000e+00 6.000000e+01 5.636744e+01
1.000000e+00 4.000000e+00 9.800000e+01 7.000000e+00 2.000000e+00 7.800000e+01 8.115229e+01
1.000000e+00 3.000000e+00 6.400000e+01 4.000000e+00 7.000000e+00 4.600000e+01 4.327926e+01
1.000000e+00 4.000000e+00 4.800000e+01 9.000000e+00 4.000000e+00 3.100000e+01 3.164997e+01
1.000000e+00 1.000000e+00 9.500000e+01 5.000000e+00 1.000000e+00 6.800000e+01 6.840867e+01
1.000000e+00 4.000000e+00 4.200000e+01 6.000000e+00 8.000000e+00 2.500000e+01 2.490331e+01
1.000000e+00 1.000000e+00 6.500000e+01 6.000000e+00 3.000000e+00 3.700000e+01 3.876883e+01
1.000000e+00 1.000000e+00 8.700000e+01 8.000000e+00 6.000000e+00 6.200000e+01 6.268230e+01
1.000000e+00 6.000000e+00 8.200000e+01 6.000000e+00 7.000000e+00 6.900000e+01 7.108098e+01
1.000000e+00 5.000000e+00 6.600000e+01 8.000000e+00 6.000000e+00 5.000000e+01 5.271860e+01
1.000000e+00 4.000000e+00 7.500000e+01 6.000000e+00 5.000000e+00 5.500000e+01 5.787432e+01
1.000000e+00 3.000000e+00 7.100000e+01 6.000000e+00 6.000000e+00 5.400000e+01 5.115456e+01
1.000000e+00 1.000000e+00 4.000000e+01 6.000000e+00 3.000000e+00 1.200000e+01 1.334529e+01
1.000000e+00 6.000000e+00 9.600000e+01 8.000000e+00 9.000000e+00 8.800000e+01 8.666291e+01
1.000000e+00 2.000000e+00 9.200000e+01 9.000000e+00 0.000000e+00 6.900000e+01 6.991529e+01
1.000000e+00 8.000000e+00 9.300000e+01 8.000000e+00 4.000000e+00 8.800000e+01 8.832804e+01
1.000000e+00 5.000000e+00 5.500000e+01 7.000000e+00 7.000000e+00 4.100000e+01 4.125191e+01
1.000000e+00 7.000000e+00 9.000000e+01 4.000000e+00 9.000000e+00 8.300000e+01 8.150384e+01
1.000000e+00 2.000000e+00 8.700000e+01 4.000000e+00 5.000000e+00 6.200000e+01 6.342886e+01
1.000000e+00 8.000000e+00 5.000000e+01 9.000000e+00 4.000000e+00 4.500000e+01 4.507593e+01
1.000000e+00 2.000000e+00 6.500000e+01 4.000000e+00 1.000000e+00 4.200000e+01 4.027209e+01
1.000000e+00 4.000000e+00 7.900000e+01 6.000000e+00 9.000000e+00 6.500000e+01 6.272615e+01
1.000000e+00 1.000000e+00 9.400000e+01 9.000000e+00 4.000000e+00 7.300000e+01 6.988522e+01
1.000000e+00 5.000000e+00 4.000000e+01 4.000000e+00 9.000000e+00 2.300000e+01 2.496074e+01
1.000000e+00 9.000000e+00 6.500000e+01 8.000000e+00 2.000000e+00 6.100000e+01 6.230967e+01
1.000000e+00 1.000000e+00 6.700000e+01 7.000000e+00 1.000000e+00 4.100000e+01 4.088704e+01
1.000000e+00 9.000000e+00 9.200000e+01 5.000000e+00 2.000000e+00 8.500000e+01 8.833801e+01
1.000000e+00 8.000000e+00 9.700000e+01 7.000000e+00 3.000000e+00 9.300000e+01 9.172343e+01
1.000000e+00 6.000000e+00 4.800000e+01 4.000000e+00 1.000000e+00 3.500000e+01 3.437616e+01
1.000000e+00 7.000000e+00 9.900000e+01 9.000000e+00 3.000000e+00 9.200000e+01 9.186202e+01
1.000000e+00 3.000000e+00 9.800000e+01 4.000000e+00 3.000000e+00 7.900000e+01 7.707120e+01
1.000000e+00 1.000000e+00 8.300000e+01 8.000000e+00 5.000000e+00 5.700000e+01 5.841852e+01
1.000000e+00 5.000000e+00 6.100000e+01 7.000000e+00 4.000000e+00 4.900000e+01 4.676551e+01
1.000000e+00 2.000000e+00 4.700000e+01 8.000000e+00 6.000000e+00 2.800000e+01 2.485267e+01
1.000000e+00 5.000000e+00 9.700000e+01 8.000000e+00 6.000000e+00 8.500000e+01 8.424379e+01
1.000000e+00 8.000000e+00 8.800000e+01 5.000000e+00 2.000000e+00 8.200000e+01 8.142222e+01
1.000000e+00 9.000000e+00 8.100000e+01 8.000000e+00 8.000000e+00 8.000000e+01 7.975683e+01
1.000000e+00 2.000000e+00 6.600000e+01 8.000000e+00 6.000000e+00 4.100000e+01 4.417455e+01
1.000000e+00 3.000000e+00 7.800000e+01 5.000000e+00 6.000000e+00 5.700000e+01 5.779679e+01
1.000000e+00 3.000000e+00 5.800000e+01 6.000000e+00 1.000000e+00 4.100000e+01 3.695424e+01
1.000000e+00 1.000000e+00 6.400000e+01 6.000000e+00 9.000000e+00 4.300000e+01 3.892798e+01
1.000000e+00 8.000000e+00 7.700000e+01 9.000000e+00 2.000000e+00 7.300000e+01 7.214131e+01
1.000000e+00 6.000000e+00 6.000000e+01 5.000000e+00 2.000000e+00 4.600000e+01 4.725183e+01
1.000000e+00 8.000000e+00 6.300000e+01 9.000000e+00 5.000000e+00 6.100000e+01 5.849218e+01
1.000000e+00 9.000000e+00 6.300000e+01 9.000000e+00 3.000000e+00 6.100000e+01 6.094816e+01
1.000000e+00 5.000000e+00 9.900000e+01 8.000000e+00 3.000000e+00 8.700000e+01 8.568962e+01
1.000000e+00 3.000000e+00 9.900000e+01 9.000000e+00 0.000000e+00 7.800000e+01 7.988190e+01
1.000000e+00 5.000000e+00 5.800000e+01 4.000000e+00 5.000000e+00 4.300000e+01 4.248162e+01
1.000000e+00 5.000000e+00 8.900000e+01 7.000000e+00 7.000000e+00 7.500000e+01 7.582791e+01
1.000000e+00 5.000000e+00 8.600000e+01 4.000000e+00 7.000000e+00 7.200000e+01 7.134801e+01
1.000000e+00 3.000000e+00 4.100000e+01 4.000000e+00 7.000000e+00 1.800000e+01 1.988961e+01
1.000000e+00 4.000000e+00 5.300000e+01 8.000000e+00 4.000000e+00 3.600000e+01 3.625832e+01
1.000000e+00 9.000000e+00 9.200000e+01 7.000000e+00 9.000000e+00 9.200000e+01 9.066284e+01
1.000000e+00 9.000000e+00 7.100000e+01 9.000000e+00 5.000000e+00 7.100000e+01 6.947573e+01
1.000000e+00 2.000000e+00 8.100000e+01 7.000000e+00 4.000000e+00 5.800000e+01 5.856028e+01
1.000000e+00 8.000000e+00 7.100000e+01 9.000000e+00 3.000000e+00 6.900000e+01 6.623568e+01
1.000000e+00 8.000000e+00 6.700000e+01 6.000000e+00 3.000000e+00 5.800000e+01 6.073883e+01
1.000000e+00 7.000000e+00 8.700000e+01 5.000000e+00 3.000000e+00 7.400000e+01 7.775328e+01
1.000000e+00 8.000000e+00 7.800000e+01 8.000000e+00 3.000000e+00 7.200000e+01 7.287791e+01
1.000000e+00 3.000000e+00 7.900000e+01 9.000000e+00 5.000000e+00 6.100000e+01 6.052315e+01
1.000000e+00 6.000000e+00 8.100000e+01 9.000000e+00 5.000000e+00 7.400000e+01 7.110109e+01
1.000000e+00 1.000000e+00 8.600000e+01 7.000000e+00 4.000000e+00 6.000000e+01 6.079697e+01
1.000000e+00 7.000000e+00 7.900000e+01 8.000000e+00 8.000000e+00 7.000000e+01 7.202691e+01
1.000000e+00 1.000000e+00 5.200000e+01 9.000000e+00 7.000000e+00 2.700000e+01 2.776173e+01
1.000000e+00 9.000000e+00 5.100000e+01 6.000000e+00 9.000000e+00 4.900000e+01 4.849188e+01
1.000000e+00 1.000000e+00 4.700000e+01 4.000000e+00 5.000000e+00 1.700000e+01 1.990319e+01
1.000000e+00 1.000000e+00 5.400000e+01 9.000000e+00 8.000000e+00 3.400000e+01 2.999163e+01
1.000000e+00 7.000000e+00 6.500000e+01 7.000000e+00 4.000000e+00 5.100000e+01 5.652931e+01
1.000000e+00 2.000000e+00 5.100000e+01 6.000000e+00 9.000000e+00 2.700000e+01 2.855576e+01
1.000000e+00 5.000000e+00 8.200000e+01 8.000000e+00 3.000000e+00 6.700000e+01 6.840162e+01
1.000000e+00 8.000000e+00 9.000000e+01 9.000000e+00 5.000000e+00 8.400000e+01 8.594959e+01
1.000000e+00 8.000000e+00 8.500000e+01 6.000000e+00 3.000000e+00 8.100000e+01 7.904378e+01
1.000000e+00 3.000000e+00 6.600000e+01 6.000000e+00 7.000000e+00 4.500000e+01 4.626587e+01
1.000000e+00 7.000000e+00 5.700000e+01 6.000000e+00 6.000000e+00 5.000000e+01 4.830945e+01
1.000000e+00 3.000000e+00 8.400000e+01 6.000000e+00 4.000000e+00 6.700000e+01 6.398276e+01
1.000000e+00 6.000000e+00 7.500000e+01 6.000000e+00 9.000000e+00 6.700000e+01 6.435442e+01
1.000000e+00 6.000000e+00 8.800000e+01 6.000000e+00 5.000000e+00 7.700000e+01 7.679060e+01
1.000000e+00 3.000000e+00 9.000000e+01 5.000000e+00 6.000000e+00 7.000000e+01 7.000008e+01
1.000000e+00 7.000000e+00 6.600000e+01 8.000000e+00 1.000000e+00 5.900000e+01 5.743456e+01
1.000000e+00 3.000000e+00 4.800000e+01 4.000000e+00 8.000000e+00 2.700000e+01 2.720422e+01
1.000000e+00 8.000000e+00 9.400000e+01 8.000000e+00 6.000000e+00 8.800000e+01 8.973701e+01
1.000000e+00 4.000000e+00 7.800000e+01 7.000000e+00 7.000000e+00 6.000000e+01 6.179354e+01
1.000000e+00 1.000000e+00 4.000000e+01 7.000000e+00 4.000000e+00 1.400000e+01 1.401767e+01
1.000000e+00 4.000000e+00 4.600000e+01 8.000000e+00 2.000000e+00 2.700000e+01 2.874770e+01
1.000000e+00 7.000000e+00 6.500000e+01 6.000000e+00 1.000000e+00 5.400000e+01 5.546490e+01
1.000000e+00 4.000000e+00 4.600000e+01 5.000000e+00 1.000000e+00 3.200000e+01 2.712260e+01
1.000000e+00 6.000000e+00 9.100000e+01 4.000000e+00 2.000000e+00 7.900000e+01 7.830065e+01
1.000000e+00 9.000000e+00 4.600000e+01 9.000000e+00 0.000000e+00 4.400000e+01 4.307211e+01
1.000000e+00 1.000000e+00 4.700000e+01 9.000000e+00 0.000000e+00 2.000000e+01 2.130491e+01
1.000000e+00 5.000000e+00 5.500000e+01 6.000000e+00 6.000000e+00 4.200000e+01 4.057953e+01
1.000000e+00 7.000000e+00 4.200000e+01 8.000000e+00 9.000000e+00 3.300000e+01 3.459610e+01
1.000000e+00 1.000000e+00 8.400000e+01 9.000000e+00 7.000000e+00 5.800000e+01 6.030385e+01
1.000000e+00 4.000000e+00 4.900000e+01 8.000000e+00 5.000000e+00 3.100000e+01 3.238657e+01
1.000000e+00 6.000000e+00 8.900000e+01 5.000000e+00 6.000000e+00 7.500000e+01 7.752719e+01
1.000000e+00 2.000000e+00 4.600000e+01 5.000000e+00 0.000000e+00 2.200000e+01 2.123055e+01
1.000000e+00 5.000000e+00 6.000000e+01 8.000000e+00 0.000000e+00 4.600000e+01 4.544086e+01
1.000000e+00 1.000000e+00 9.200000e+01 6.000000e+00 8.000000e+00 6.800000e+01 6.720632e+01
1.000000e+00 6.000000e+00 7.600000e+01 6.000000e+00 4.000000e+00 6.600000e+01 6.439128e+01
1.000000e+00 6.000000e+00 7.000000e+01 6.000000e+00 6.000000e+00 6.000000e+01 5.868167e+01
1.000000e+00 4.000000e+00 6.200000e+01 9.000000e+00 5.000000e+00 4.400000e+01 4.608317e+01
1.000000e+00 8.000000e+00 9.600000e+01 4.000000e+00 3.000000e+00 9.000000e+01 8.927741e+01
1.000000e+00 4.000000e+00 6.600000e+01 4.000000e+00 0.000000e+00 4.700000e+01 4.678905e+01
1.000000e+00 8.000000e+00 9.500000e+01 6.000000e+00 3.000000e+00 8.800000e+01 8.921319e+01
1.000000e+00 8.000000e+00 6.100000e+01 8.000000e+00 9.000000e+00 5.600000e+01 5.676600e+01
1.000000e+00 5.000000e+00 7.800000e+01 5.000000e+00 9.000000e+00 6.600000e+01 6.408087e+01
1.000000e+00 4.000000e+00 9.600000e+01 7.000000e+00 7.000000e+00 7.800000e+01 8.009848e+01
1.000000e+00 2.000000e+00 6.600000e+01 5.000000e+00 0.000000e+00 4.300000e+01 4.156938e+01
1.000000e+00 3.000000e+00 9.300000e+01 5.000000e+00 1.000000e+00 7.200000e+01 7.207083e+01
1.000000e+00 3.000000e+00 8.800000e+01 7.000000e+00 7.000000e+00 6.900000e+01 6.911493e+01
1.000000e+00 4.000000e+00 4.300000e+01 6.000000e+00 1.000000e+00 2.400000e+01 2.454814e+01
1.000000e+00 4.000000e+00 6.300000e+01 5.000000e+00 9.000000e+00 4.700000e+01 4.597873e+01
1.000000e+00 5.000000e+00 6.200000e+01 7.000000e+00 8.000000e+00 4.500000e+01 4.856651e+01
1.000000e+00 4.000000e+00 8.700000e+01 9.000000e+00 2.000000e+00 7.200000e+01 7.091865e+01
1.000000e+00 8.000000e+00 5.800000e+01 8.000000e+00 2.000000e+00 5.100000e+01 5.234306e+01
1.000000e+00 6.000000e+00 8.100000e+01 8.000000e+00 5.000000e+00 7.300000e+01 7.062473e+01
1.000000e+00 6.000000e+00 4.200000e+01 8.000000e+00 2.000000e+00 2.800000e+01 3.037597e+01
1.000000e+00 8.000000e+00 6.600000e+01 6.000000e+00 8.000000e+00 5.600000e+01 6.070197e+01
1.000000e+00 7.000000e+00 4.200000e+01 5.000000e+00 7.000000e+00 2.900000e+01 3.277499e+01
1.000000e+00 8.000000e+00 6.700000e+01 5.000000e+00 3.000000e+00 6.000000e+01 6.026247e+01
1.000000e+00 2.000000e+00 5.600000e+01 4.000000e+00 5.000000e+00 2.800000e+01 3.190368e+01
1.000000e+00 9.000000e+00 7.000000e+01 8.000000e+00 7.000000e+00 6.600000e+01 6.837446e+01
1.000000e+00 1.000000e+00 4.900000e+01 6.000000e+00 3.000000e+00 2.100000e+01 2.249776e+01
1.000000e+00 8.000000e+00 8.800000e+01 7.000000e+00 4.000000e+00 8.400000e+01 8.276698e+01
1.000000e+00 4.000000e+00 6.100000e+01 6.000000e+00 6.000000e+00 4.200000e+01 4.383316e+01
1.000000e+00 4.000000e+00 6.900000e+01 5.000000e+00 7.000000e+00 5.100000e+01 5.168835e+01
1.000000e+00 5.000000e+00 8.800000e+01 8.000000e+00 6.000000e+00 7.400000e+01 7.509131e+01
1.000000e+00 8.000000e+00 6.000000e+01 4.000000e+00 7.000000e+00 5.000000e+01 5.345159e+01
1.000000e+00 5.000000e+00 7.500000e+01 9.000000e+00 3.000000e+00 6.200000e+01 6.175939e+01
1.000000e+00 8.000000e+00 9.200000e+01 6.000000e+00 0.000000e+00 9.000000e+01 8.557432e+01
1.000000e+00 1.000000e+00 6.200000e+01 4.000000e+00 5.000000e+00 3.200000e+01 3.515731e+01
1.000000e+00 9.000000e+00 7.700000e+01 5.000000e+00 4.000000e+00 7.100000e+01 7.347592e+01
1.000000e+00 6.000000e+00 5.100000e+01 7.000000e+00 3.000000e+00 3.700000e+01 3.924810e+01
1.000000e+00 3.000000e+00 6.400000e+01 6.000000e+00 1.000000e+00 4.200000e+01 4.305589e+01
1.000000e+00 8.000000e+00 9.300000e+01 9.000000e+00 0.000000e+00 8.500000e+01 8.802034e+01
1.000000e+00 9.000000e+00 9.600000e+01 5.000000e+00 8.000000e+00 9.600000e+01 9.358187e+01
1.000000e+00 6.000000e+00 5.900000e+01 8.000000e+00 1.000000e+00 5.100000e+01 4.746795e+01
1.000000e+00 7.000000e+00 8.800000e+01 6.000000e+00 8.000000e+00 8.200000e+01 8.022666e+01
1.000000e+00 1.000000e+00 8.800000e+01 4.000000e+00 5.000000e+00 6.400000e+01 6.159779e+01
1.000000e+00 5.000000e+00 8.100000e+01 6.000000e+00 5.000000e+00 6.700000e+01 6.682399e+01
1.000000e+00 5.000000e+00 4.600000e+01 5.000000e+00 1.000000e+00 3.200000e+01 2.997062e+01
1.000000e+00 4.000000e+00 6.800000e+01 5.000000e+00 5.000000e+00 5.000000e+01 5.027937e+01
1.000000e+00 6.000000e+00 8.700000e+01 4.000000e+00 2.000000e+00 7.300000e+01 7.423289e+01
1.000000e+00 7.000000e+00 6.800000e+01 9.000000e+00 6.000000e+00 6.200000e+01 6.092488e+01
1.000000e+00 9.000000e+00 5.200000e+01 5.000000e+00 9.000000e+00 4.800000e+01 4.903247e+01
1.000000e+00 1.000000e+00 4.200000e+01 6.000000e+00 3.000000e+00 2.000000e+01 1.537918e+01
1.000000e+00 6.000000e+00 4.100000e+01 9.000000e+00 8.000000e+00 3.300000e+01 3.101148e+01
1.000000e+00 7.000000e+00 5.500000e+01 4.000000e+00 4.000000e+00 4.300000e+01 4.493082e+01
1.000000e+00 3.000000e+00 6.900000e+01 5.000000e+00 9.000000e+00 4.900000e+01 4.923236e+01
1.000000e+00 8.000000e+00 7.700000e+01 5.000000e+00 2.000000e+00 7.000000e+01 7.023587e+01
1.000000e+00 5.000000e+00 4.500000e+01 6.000000e+00 0.000000e+00 2.800000e+01 2.923402e+01
1.000000e+00 9.000000e+00 8.400000e+01 5.000000e+00 0.000000e+00 8.200000e+01 7.981045e+01
1.000000e+00 5.000000e+00 4.600000e+01 6.000000e+00 3.000000e+00 2.900000e+01 3.083901e+01
1.000000e+00 9.000000e+00 4.400000e+01 8.000000e+00 9.000000e+00 4.200000e+01 4.232601e+01
1.000000e+00 4.000000e+00 9.500000e+01 9.000000e+00 9.000000e+00 7.900000e+01 8.042629e+01
1.000000e+00 9.000000e+00 4.600000e+01 6.000000e+00 3.000000e+00 4.100000e+01 4.223108e+01
1.000000e+00 5.000000e+00 7.300000e+01 7.000000e+00 8.000000e+00 6.100000e+01 5.975287e+01
1.000000e+00 9.000000e+00 7.100000e+01 5.000000e+00 7.000000e+00 6.900000e+01 6.796232e+01
1.000000e+00 3.000000e+00 8.800000e+01 8.000000e+00 3.000000e+00 6.800000e+01 6.880723e+01
1.000000e+00 4.000000e+00 5.200000e+01 9.000000e+00 5.000000e+00 3.800000e+01 3.591375e+01
1.000000e+00 9.000000e+00 6.900000e+01 4.000000e+00 6.000000e+00 6.700000e+01 6.525606e+01
1.000000e+00 6.000000e+00 6.400000e+01 7.000000e+00 9.000000e+00 5.400000e+01 5.364443e+01
1.000000e+00 2.000000e+00 6.000000e+01 4.000000e+00 7.000000e+00 3.900000e+01 3.636348e+01
1.000000e+00 7.000000e+00 9.900000e+01 7.000000e+00 3.000000e+00 9.300000e+01 9.090930e+01
1.000000e+00 2.000000e+00 9.800000e+01 8.000000e+00 0.000000e+00 7.600000e+01 7.554058e+01
1.000000e+00 2.000000e+00 6.000000e+01 9.000000e+00 4.000000e+00 3.900000e+01 3.815723e+01
1.000000e+00 1.000000e+00 6.700000e+01 8.000000e+00 0.000000e+00 3.800000e+01 4.116738e+01
1.000000e+00 3.000000e+00 8.700000e+01 8.000000e+00 3.000000e+00 6.900000e+01 6.779029e+01
1.000000e+00 6.000000e+00 9.700000e+01 7.000000e+00 6.000000e+00 8.800000e+01 8.661544e+01
1.000000e+00 8.000000e+00 5.900000e+01 6.000000e+00 6.000000e+00 5.400000e+01 5.319135e+01
1.000000e+00 9.000000e+00 7.300000e+01 9.000000e+00 0.000000e+00 6.800000e+01 7.052953e+01
1.000000e+00 7.000000e+00 4.400000e+01 4.000000e+00 8.000000e+00 3.300000e+01 3.452852e+01
1.000000e+00 4.000000e+00 5.700000e+01 6.000000e+00 1.000000e+00 4.000000e+01 3.878532e+01
1.000000e+00 6.000000e+00 9.900000e+01 6.000000e+00 4.000000e+00 8.700000e+01 8.778093e+01
1.000000e+00 5.000000e+00 7.800000e+01 5.000000e+00 5.000000e+00 6.400000e+01 6.329681e+01
1.000000e+00 8.000000e+00 8.200000e+01 4.000000e+00 0.000000e+00 7.000000e+01 7.445219e+01
1.000000e+00 1.000000e+00 9.600000e+01 7.000000e+00 1.000000e+00 7.000000e+01 7.037833e+01
1.000000e+00 1.000000e+00 9.600000e+01 5.000000e+00 6.000000e+00 7.200000e+01 7.040569e+01
1.000000e+00 6.000000e+00 5.000000e+01 5.000000e+00 5.000000e+00 3.800000e+01 3.767047e+01
1.000000e+00 2.000000e+00 9.300000e+01 8.000000e+00 5.000000e+00 7.100000e+01 7.143595e+01
1.000000e+00 5.000000e+00 5.600000e+01 7.000000e+00 5.000000e+00 4.000000e+01 4.187682e+01
1.000000e+00 1.000000e+00 8.700000e+01 6.000000e+00 6.000000e+00 5.800000e+01 6.172958e+01
1.000000e+00 7.000000e+00 8.400000e+01 9.000000e+00 9.000000e+00 7.700000e+01 7.778399e+01
1.000000e+00 1.000000e+00 6.100000e+01 6.000000e+00 8.000000e+00 3.800000e+01 3.568114e+01
1.000000e+00 4.000000e+00 7.600000e+01 6.000000e+00 8.000000e+00 6.000000e+01 5.947931e+01
1.000000e+00 9.000000e+00 5.900000e+01 8.000000e+00 1.000000e+00 5.700000e+01 5.601201e+01
1.000000e+00 1.000000e+00 8.700000e+01 6.000000e+00 1.000000e+00 6.300000e+01 6.074950e+01
1.000000e+00 4.000000e+00 9.900000e+01 4.000000e+00 4.000000e+00 8.200000e+01 8.113218e+01
1.000000e+00 6.000000e+00 9.300000e+01 6.000000e+00 9.000000e+00 8.400000e+01 8.265937e+01
1.000000e+00 6.000000e+00 9.300000e+01 6.000000e+00 6.000000e+00 8.400000e+01 8.207132e+01
1.000000e+00 8.000000e+00 8.700000e+01 4.000000e+00 2.000000e+00 7.700000e+01 7.992892e+01
1.000000e+00 1.000000e+00 8.700000e+01 8.000000e+00 2.000000e+00 6.100000e+01 6.189824e+01
1.000000e+00 7.000000e+00 8.500000e+01 5.000000e+00 3.000000e+00 7.300000e+01 7.571940e+01
1.000000e+00 1.000000e+00 4.500000e+01 7.000000e+00 2.000000e+00 1.500000e+01 1.871034e+01
1.000000e+00 7.000000e+00 7.300000e+01 8.000000e+00 2.000000e+00 6.400000e+01 6.474917e+01
1.000000e+00 3.000000e+00 5.300000e+01 6.000000e+00 7.000000e+00 3.300000e+01 3.304563e+01
1.000000e+00 8.000000e+00 8.700000e+01 5.000000e+00 6.000000e+00 7.800000e+01 8.118935e+01
1.000000e+00 3.000000e+00 6.200000e+01 7.000000e+00 6.000000e+00 4.300000e+01 4.247844e+01
1.000000e+00 1.000000e+00 5.900000e+01 7.000000e+00 9.000000e+00 3.400000e+01 3.431963e+01
1.000000e+00 8.000000e+00 5.200000e+01 7.000000e+00 1.000000e+00 4.800000e+01 4.556904e+01
1.000000e+00 3.000000e+00 8.600000e+01 4.000000e+00 8.000000e+00 6.600000e+01 6.584799e+01
1.000000e+00 2.000000e+00 8.300000e+01 4.000000e+00 5.000000e+00 6.000000e+01 5.936110e+01
1.000000e+00 1.000000e+00 8.000000e+01 5.000000e+00 2.000000e+00 5.300000e+01 5.335057e+01
1.000000e+00 3.000000e+00 7.100000e+01 6.000000e+00 8.000000e+00 5.100000e+01 5.154659e+01
1.000000e+00 2.000000e+00 6.500000e+01 5.000000e+00 8.000000e+00 4.300000e+01 4.212056e+01
1.000000e+00 2.000000e+00 8.900000e+01 6.000000e+00 5.000000e+00 6.800000e+01 6.641547e+01
1.000000e+00 6.000000e+00 9.200000e+01 8.000000e+00 9.000000e+00 8.000000e+01 8.259514e+01
1.000000e+00 1.000000e+00 5.300000e+01 7.000000e+00 5.000000e+00 2.600000e+01 2.743392e+01
1.000000e+00 2.000000e+00 9.100000e+01 7.000000e+00 7.000000e+00 7.000000e+01 6.931774e+01
1.000000e+00 6.000000e+00 9.600000e+01 4.000000e+00 7.000000e+00 8.500000e+01 8.436544e+01
1.000000e+00 3.000000e+00 7.500000e+01 8.000000e+00 5.000000e+00 5.700000e+01 5.597903e+01
1.000000e+00 4.000000e+00 4.700000e+01 9.000000e+00 6.000000e+00 3.000000e+01 3.102506e+01
1.000000e+00 1.000000e+00 7.900000e+01 8.000000e+00 3.000000e+00 5.600000e+01 5.395872e+01
1.000000e+00 8.000000e+00 6.100000e+01 6.000000e+00 0.000000e+00 5.300000e+01 5.404914e+01
1.000000e+00 7.000000e+00 6.100000e+01 8.000000e+00 3.000000e+00 5.200000e+01 5.274189e+01
1.000000e+00 7.000000e+00 5.500000e+01 4.000000e+00 7.000000e+00 4.700000e+01 4.551886e+01
1.000000e+00 3.000000e+00 6.600000e+01 6.000000e+00 7.000000e+00 4.800000e+01 4.626587e+01
1.000000e+00 3.000000e+00 9.500000e+01 5.000000e+00 1.000000e+00 7.800000e+01 7.410471e+01
1.000000e+00 2.000000e+00 9.900000e+01 6.000000e+00 6.000000e+00 7.900000e+01 7.678090e+01
1.000000e+00 1.000000e+00 9.900000e+01 5.000000e+00 0.000000e+00 7.500000e+01 7.228042e+01
1.000000e+00 7.000000e+00 4.900000e+01 9.000000e+00 1.000000e+00 4.000000e+01 4.062292e+01
1.000000e+00 7.000000e+00 6.400000e+01 6.000000e+00 7.000000e+00 5.900000e+01 5.562405e+01
1.000000e+00 2.000000e+00 7.000000e+01 7.000000e+00 9.000000e+00 4.900000e+01 4.835400e+01
1.000000e+00 7.000000e+00 6.000000e+01 9.000000e+00 3.000000e+00 4.800000e+01 5.220130e+01
1.000000e+00 8.000000e+00 6.600000e+01 5.000000e+00 2.000000e+00 6.000000e+01 5.904952e+01
1.000000e+00 1.000000e+00 5.600000e+01 4.000000e+00 1.000000e+00 2.900000e+01 2.827160e+01
1.000000e+00 9.000000e+00 7.200000e+01 9.000000e+00 5.000000e+00 6.800000e+01 7.049267e+01
1.000000e+00 7.000000e+00 7.000000e+01 9.000000e+00 3.000000e+00 6.300000e+01 6.237072e+01
1.000000e+00 3.000000e+00 8.900000e+01 9.000000e+00 2.000000e+00 7.100000e+01 7.010452e+01
1.000000e+00 8.000000e+00 8.100000e+01 5.000000e+00 2.000000e+00 7.600000e+01 7.430364e+01
1.000000e+00 7.000000e+00 6.500000e+01 5.000000e+00 9.000000e+00 5.700000e+01 5.655667e+01
1.000000e+00 8.000000e+00 6.000000e+01 6.000000e+00 2.000000e+00 5.400000e+01 5.342423e+01
1.000000e+00 6.000000e+00 7.500000e+01 7.000000e+00 7.000000e+00 6.100000e+01 6.443875e+01
1.000000e+00 9.000000e+00 4.000000e+01 9.000000e+00 8.000000e+00 3.400000e+01 3.853859e+01
1.000000e+00 5.000000e+00 4.300000e+01 6.000000e+00 8.000000e+00 3.200000e+01 2.876827e+01
1.000000e+00 3.000000e+00 4.300000e+01 6.000000e+00 4.000000e+00 2.300000e+01 2.228817e+01
1.000000e+00 3.000000e+00 6.500000e+01 7.000000e+00 0.000000e+00 4.400000e+01 4.435317e+01
1.000000e+00 1.000000e+00 4.300000e+01 6.000000e+00 9.000000e+00 1.800000e+01 1.757221e+01
1.000000e+00 8.000000e+00 8.800000e+01 7.000000e+00 4.000000e+00 8.200000e+01 8.276698e+01
1.000000e+00 2.000000e+00 4.800000e+01 4.000000e+00 0.000000e+00 1.800000e+01 2.278807e+01
1.000000e+00 3.000000e+00 6.900000e+01 7.000000e+00 8.000000e+00 5.200000e+01 4.998907e+01
1.000000e+00 8.000000e+00 9.000000e+01 8.000000e+00 9.000000e+00 8.800000e+01 8.625730e+01
1.000000e+00 8.000000e+00 8.400000e+01 7.000000e+00 7.000000e+00 7.800000e+01 7.928726e+01
1.000000e+00 4.000000e+00 4.300000e+01 7.000000e+00 6.000000e+00 2.600000e+01 2.600458e+01
1.000000e+00 4.000000e+00 4.400000e+01 8.000000e+00 1.000000e+00 2.600000e+01 2.651780e+01
1.000000e+00 5.000000e+00 8.400000e+01 7.000000e+00 1.000000e+00 7.400000e+01 6.956711e+01
1.000000e+00 6.000000e+00 6.200000e+01 5.000000e+00 3.000000e+00 5.200000e+01 4.948173e+01
1.000000e+00 5.000000e+00 5.500000e+01 6.000000e+00 8.000000e+00 4.000000e+01 4.097156e+01
1.000000e+00 7.000000e+00 6.100000e+01 6.000000e+00 8.000000e+00 5.400000e+01 5.276925e+01
1.000000e+00 2.000000e+00 7.600000e+01 4.000000e+00 7.000000e+00 5.100000e+01 5.263454e+01
1.000000e+00 7.000000e+00 4.700000e+01 4.000000e+00 4.000000e+00 3.500000e+01 3.679529e+01
1.000000e+00 7.000000e+00 8.700000e+01 8.000000e+00 6.000000e+00 7.900000e+01 7.977041e+01
1.000000e+00 1.000000e+00 7.200000e+01 5.000000e+00 8.000000e+00 4.500000e+01 4.639113e+01
1.000000e+00 7.000000e+00 9.400000e+01 4.000000e+00 2.000000e+00 8.100000e+01 8.419949e+01
1.000000e+00 5.000000e+00 9.900000e+01 6.000000e+00 3.000000e+00 8.700000e+01 8.473690e+01
1.000000e+00 3.000000e+00 7.700000e+01 4.000000e+00 1.000000e+00 5.600000e+01 5.532341e+01
1.000000e+00 3.000000e+00 8.200000e+01 4.000000e+00 8.000000e+00 6.500000e+01 6.178022e+01
1.000000e+00 4.000000e+00 5.500000e+01 7.000000e+00 6.000000e+00 3.800000e+01 3.820787e+01
1.000000e+00 2.000000e+00 4.400000e+01 4.000000e+00 5.000000e+00 1.700000e+01 1.970039e+01
1.000000e+00 2.000000e+00 5.500000e+01 8.000000e+00 4.000000e+00 3.500000e+01 3.259617e+01
1.000000e+00 1.000000e+00 4.600000e+01 6.000000e+00 6.000000e+00 2.000000e+01 2.003499e+01
1.000000e+00 5.000000e+00 9.000000e+01 8.000000e+00 2.000000e+00 7.500000e+01 7.634113e+01
1.000000e+00 4.000000e+00 4.000000e+01 8.000000e+00 4.000000e+00 2.600000e+01 2.303808e+01
1.000000e+00 2.000000e+00 4.800000e+01 9.000000e+00 1.000000e+00 2.300000e+01 2.536589e+01
1.000000e+00 3.000000e+00 5.700000e+01 5.000000e+00 4.000000e+00 3.800000e+01 3.604899e+01
1.000000e+00 7.000000e+00 8.400000e+01 9.000000e+00 6.000000e+00 7.800000e+01 7.719594e+01
1.000000e+00 7.000000e+00 9.700000e+01 9.000000e+00 9.000000e+00 9.100000e+01 9.100423e+01
1.000000e+00 4.000000e+00 8.600000e+01 7.000000e+00 6.000000e+00 6.700000e+01 6.973305e+01
1.000000e+00 5.000000e+00 4.200000e+01 8.000000e+00 8.000000e+00 3.100000e+01 2.870405e+01
1.000000e+00 5.000000e+00 6.300000e+01 5.000000e+00 2.000000e+00 4.900000e+01 4.745464e+01
1.000000e+00 6.000000e+00 6.700000e+01 6.000000e+00 7.000000e+00 5.700000e+01 5.582686e+01
1.000000e+00 9.000000e+00 4.900000e+01 6.000000e+00 4.000000e+00 4.500000e+01 4.547792e+01
1.000000e+00 2.000000e+00 4.800000e+01 5.000000e+00 6.000000e+00 2.200000e+01 2.444053e+01
1.000000e+00 5.000000e+00 5.200000e+01 8.000000e+00 0.000000e+00 3.500000e+01 3.730533e+01
1.000000e+00 3.000000e+00 8.700000e+01 8.000000e+00 0.000000e+00 6.500000e+01 6.720224e+01
1.000000e+00 4.000000e+00 7.400000e+01 7.000000e+00 3.000000e+00 5.300000e+01 5.694171e+01
1.000000e+00 6.000000e+00 9.300000e+01 7.000000e+00 4.000000e+00 7.900000e+01 8.215565e+01
1.000000e+00 8.000000e+00 6.200000e+01 9.000000e+00 9.000000e+00 5.700000e+01 5.825930e+01
1.000000e+00 1.000000e+00 8.600000e+01 6.000000e+00 2.000000e+00 5.800000e+01 5.992858e+01
1.000000e+00 8.000000e+00 5.600000e+01 7.000000e+00 5.000000e+00 5.000000e+01 5.042087e+01
1.000000e+00 7.000000e+00 8.500000e+01 5.000000e+00 2.000000e+00 7.500000e+01 7.552338e+01
1.000000e+00 1.000000e+00 4.600000e+01 6.000000e+00 4.000000e+00 1.700000e+01 1.964296e+01
1.000000e+00 2.000000e+00 9.100000e+01 8.000000e+00 0.000000e+00 7.000000e+01 6.842199e+01
1.000000e+00 3.000000e+00 5.500000e+01 6.000000e+00 2.000000e+00 3.600000e+01 3.409943e+01
1.000000e+00 1.000000e+00 9.200000e+01 4.000000e+00 6.000000e+00 6.100000e+01 6.586157e+01
1.000000e+00 9.000000e+00 7.900000e+01 6.000000e+00 2.000000e+00 7.800000e+01 7.559413e+01
1.000000e+00 8.000000e+00 7.500000e+01 7.000000e+00 4.000000e+00 7.100000e+01 6.954674e+01
1.000000e+00 2.000000e+00 5.900000e+01 5.000000e+00 6.000000e+00 3.600000e+01 3.562688e+01
1.000000e+00 9.000000e+00 6.300000e+01 8.000000e+00 1.000000e+00 6.300000e+01 6.007977e+01
1.000000e+00 7.000000e+00 8.600000e+01 8.000000e+00 2.000000e+00 7.800000e+01 7.796940e+01
1.000000e+00 9.000000e+00 4.400000e+01 7.000000e+00 3.000000e+00 3.900000e+01 4.067356e+01
1.000000e+00 6.000000e+00 8.400000e+01 7.000000e+00 4.000000e+00 7.000000e+01 7.300317e+01
1.000000e+00 6.000000e+00 4.500000e+01 7.000000e+00 8.000000e+00 3.400000e+01 3.412653e+01
1.000000e+00 4.000000e+00 6.700000e+01 4.000000e+00 8.000000e+00 4.900000e+01 4.937412e+01
1.000000e+00 2.000000e+00 9.800000e+01 5.000000e+00 3.000000e+00 7.100000e+01 7.469955e+01
1.000000e+00 7.000000e+00 4.400000e+01 4.000000e+00 8.000000e+00 3.400000e+01 3.452852e+01
1.000000e+00 5.000000e+00 8.800000e+01 7.000000e+00 3.000000e+00 7.700000e+01 7.402691e+01
1.000000e+00 6.000000e+00 7.800000e+01 5.000000e+00 1.000000e+00 6.700000e+01 6.536076e+01
1.000000e+00 2.000000e+00 7.700000e+01 7.000000e+00 9.000000e+00 5.200000e+01 5.547259e+01
1.000000e+00 5.000000e+00 4.100000e+01 5.000000e+00 0.000000e+00 2.500000e+01 2.468990e+01
1.000000e+00 4.000000e+00 8.200000e+01 8.000000e+00 6.000000e+00 6.800000e+01 6.614165e+01
1.000000e+00 9.000000e+00 7.800000e+01 4.000000e+00 3.000000e+00 7.600000e+01 7.382049e+01
1.000000e+00 6.000000e+00 9.300000e+01 9.000000e+00 7.000000e+00 8.500000e+01 8.369641e+01
1.000000e+00 2.000000e+00 6.000000e+01 7.000000e+00 7.000000e+00 4.000000e+01 3.779256e+01
1.000000e+00 1.000000e+00 7.900000e+01 7.000000e+00 7.000000e+00 5.600000e+01 5.426643e+01
1.000000e+00 5.000000e+00 7.600000e+01 6.000000e+00 5.000000e+00 6.200000e+01 6.173928e+01
1.000000e+00 9.000000e+00 9.800000e+01 9.000000e+00 8.000000e+00 9.900000e+01 9.752119e+01
1.000000e+00 6.000000e+00 5.700000e+01 8.000000e+00 3.000000e+00 4.600000e+01 4.582610e+01
1.000000e+00 7.000000e+00 9.300000e+01 7.000000e+00 4.000000e+00 8.600000e+01 8.500366e+01
1.000000e+00 5.000000e+00 8.700000e+01 4.000000e+00 3.000000e+00 7.300000e+01 7.158089e+01
1.000000e+00 6.000000e+00 8.500000e+01 8.000000e+00 4.000000e+00 7.400000e+01 7.449648e+01
1.000000e+00 5.000000e+00 5.100000e+01 7.000000e+00 1.000000e+00 3.700000e+01 3.600805e+01
1.000000e+00 9.000000e+00 5.600000e+01 4.000000e+00 4.000000e+00 5.000000e+01 5.164379e+01
1.000000e+00 6.000000e+00 7.600000e+01 6.000000e+00 9.000000e+00 6.500000e+01 6.537136e+01
1.000000e+00 8.000000e+00 8.500000e+01 6.000000e+00 7.000000e+00 7.900000e+01 7.982784e+01
1.000000e+00 2.000000e+00 7.700000e+01 4.000000e+00 8.000000e+00 5.300000e+01 5.384750e+01
1.000000e+00 9.000000e+00 5.400000e+01 8.000000e+00 6.000000e+00 5.500000e+01 5.190738e+01
1.000000e+00 5.000000e+00 4.600000e+01 4.000000e+00 6.000000e+00 3.100000e+01 3.047434e+01
1.000000e+00 7.000000e+00 5.300000e+01 9.000000e+00 5.000000e+00 4.700000e+01 4.547475e+01
1.000000e+00 1.000000e+00 8.900000e+01 4.000000e+00 1.000000e+00 6.300000e+01 6.183067e+01
1.000000e+00 5.000000e+00 4.000000e+01 6.000000e+00 9.000000e+00 2.700000e+01 2.591346e+01
1.000000e+00 2.000000e+00 7.700000e+01 6.000000e+00 9.000000e+00 5.300000e+01 5.499623e+01
1.000000e+00 6.000000e+00 4.200000e+01 6.000000e+00 8.000000e+00 3.300000e+01 3.059934e+01
1.000000e+00 1.000000e+00 7.600000e+01 9.000000e+00 4.000000e+00 5.600000e+01 5.158027e+01
1.000000e+00 3.000000e+00 8.300000e+01 7.000000e+00 5.000000e+00 6.500000e+01 6.363820e+01
1.000000e+00 5.000000e+00 7.000000e+01 9.000000e+00 0.000000e+00 5.500000e+01 5.608663e+01
1.000000e+00 4.000000e+00 8.200000e+01 7.000000e+00 4.000000e+00 6.700000e+01 6.527326e+01
1.000000e+00 3.000000e+00 5.200000e+01 9.000000e+00 5.000000e+00 3.200000e+01 3.306573e+01
1.000000e+00 5.000000e+00 8.700000e+01 5.000000e+00 9.000000e+00 7.300000e+01 7.323334e+01
1.000000e+00 8.000000e+00 5.700000e+01 7.000000e+00 1.000000e+00 4.500000e+01 5.065375e+01
1.000000e+00 4.000000e+00 5.600000e+01 8.000000e+00 6.000000e+00 4.300000e+01 3.970117e+01
1.000000e+00 1.000000e+00 5.600000e+01 8.000000e+00 3.000000e+00 3.200000e+01 3.056907e+01
1.000000e+00 7.000000e+00 5.000000e+01 6.000000e+00 4.000000e+00 4.200000e+01 4.079883e+01
1.000000e+00 8.000000e+00 5.900000e+01 9.000000e+00 2.000000e+00 5.500000e+01 5.383637e+01
1.000000e+00 3.000000e+00 4.900000e+01 4.000000e+00 4.000000e+00 2.800000e+01 2.743710e+01
1.000000e+00 6.000000e+00 6.800000e+01 6.000000e+00 3.000000e+00 5.800000e+01 5.605974e+01
1.000000e+00 2.000000e+00 8.700000e+01 4.000000e+00 9.000000e+00 6.700000e+01 6.421293e+01
1.000000e+00 7.000000e+00 7.300000e+01 9.000000e+00 5.000000e+00 6.600000e+01 6.581357e+01
1.000000e+00 8.000000e+00 5.600000e+01 6.000000e+00 1.000000e+00 4.600000e+01 4.916045e+01
1.000000e+00 6.000000e+00 9.300000e+01 6.000000e+00 2.000000e+00 7.900000e+01 8.128726e+01
1.000000e+00 6.000000e+00 9.100000e+01 8.000000e+00 9.000000e+00 8.300000e+01 8.157820e+01
1.000000e+00 5.000000e+00 8.100000e+01 4.000000e+00 0.000000e+00 6.300000e+01 6.489119e+01
1.000000e+00 8.000000e+00 5.200000e+01 5.000000e+00 6.000000e+00 4.500000e+01 4.559640e+01
1.000000e+00 1.000000e+00 8.300000e+01 5.000000e+00 8.000000e+00 6.300000e+01 5.757749e+01
1.000000e+00 4.000000e+00 8.600000e+01 6.000000e+00 1.000000e+00 7.000000e+01 6.827661e+01
1.000000e+00 4.000000e+00 7.800000e+01 9.000000e+00 6.000000e+00 5.800000e+01 6.255024e+01
1.000000e+00 3.000000e+00 6.600000e+01 6.000000e+00 2.000000e+00 5.000000e+01 4.528579e+01
1.000000e+00 3.000000e+00 9.300000e+01 8.000000e+00 4.000000e+00 7.700000e+01 7.408795e+01
1.000000e+00 4.000000e+00 9.200000e+01 4.000000e+00 5.000000e+00 7.500000e+01 7.420961e+01
1.000000e+00 1.000000e+00 6.500000e+01 6.000000e+00 7.000000e+00 4.000000e+01 3.955289e+01
1.000000e+00 2.000000e+00 6.700000e+01 9.000000e+00 3.000000e+00 4.300000e+01 4.507981e+01
1.000000e+00 9.000000e+00 5.200000e+01 5.000000e+00 1.000000e+00 4.700000e+01 4.746434e+01
1.000000e+00 2.000000e+00 5.100000e+01 4.000000e+00 2.000000e+00 2.200000e+01 2.623093e+01
1.000000e+00 5.000000e+00 8.300000e+01 6.000000e+00 7.000000e+00 7.100000e+01 6.924990e+01
1.000000e+00 9.000000e+00 6.700000e+01 4.000000e+00 6.000000e+00 6.300000e+01 6.322218e+01
1.000000e+00 9.000000e+00 4.100000e+01 8.000000e+00 5.000000e+00 3.700000e+01 3.849113e+01
1.000000e+00 8.000000e+00 7.600000e+01 5.000000e+00 4.000000e+00 7.200000e+01 6.961096e+01
1.000000e+00 1.000000e+00 9.600000e+01 9.000000e+00 4.000000e+00 7.300000e+01 7.191910e+01
1.000000e+00 1.000000e+00 9.600000e+01 4.000000e+00 0.000000e+00 7.200000e+01 6.875324e+01
1.000000e+00 9.000000e+00 7.300000e+01 5.000000e+00 5.000000e+00 6.800000e+01 6.960417e+01
1.000000e+00 8.000000e+00 6.200000e+01 6.000000e+00 8.000000e+00 5.900000e+01 5.663421e+01
1.000000e+00 9.000000e+00 9.700000e+01 9.000000e+00 7.000000e+00 9.700000e+01 9.630823e+01
1.000000e+00 7.000000e+00 9.100000e+01 9.000000e+00 9.000000e+00 8.300000e+01 8.490258e+01
1.000000e+00 3.000000e+00 8.400000e+01 7.000000e+00 0.000000e+00 6.500000e+01 6.367506e+01
1.000000e+00 3.000000e+00 6.800000e+01 4.000000e+00 5.000000e+00 4.700000e+01 4.695500e+01
1.000000e+00 2.000000e+00 7.400000e+01 5.000000e+00 2.000000e+00 5.100000e+01 5.009694e+01
1.000000e+00 5.000000e+00 5.000000e+01 4.000000e+00 5.000000e+00 3.200000e+01 3.434609e+01
1.000000e+00 3.000000e+00 8.700000e+01 6.000000e+00 8.000000e+00 6.300000e+01 6.781765e+01
1.000000e+00 6.000000e+00 7.200000e+01 6.000000e+00 5.000000e+00 6.000000e+01 6.051954e+01
1.000000e+00 2.000000e+00 9.000000e+01 9.000000e+00 7.000000e+00 7.000000e+01 6.925352e+01
1.000000e+00 3.000000e+00 5.000000e+01 9.000000e+00 5.000000e+00 3.200000e+01 3.103185e+01
1.000000e+00 5.000000e+00 4.800000e+01 5.000000e+00 5.000000e+00 3.200000e+01 3.278857e+01
1.000000e+00 1.000000e+00 5.300000e+01 8.000000e+00 6.000000e+00 2.900000e+01 2.810630e+01
1.000000e+00 1.000000e+00 4.800000e+01 4.000000e+00 9.000000e+00 2.100000e+01 2.170420e+01
1.000000e+00 9.000000e+00 7.800000e+01 4.000000e+00 3.000000e+00 7.400000e+01 7.382049e+01
1.000000e+00 7.000000e+00 8.700000e+01 6.000000e+00 7.000000e+00 8.100000e+01 7.901370e+01
1.000000e+00 1.000000e+00 4.200000e+01 4.000000e+00 3.000000e+00 1.100000e+01 1.442646e+01
1.000000e+00 8.000000e+00 6.800000e+01 5.000000e+00 6.000000e+00 6.500000e+01 6.186746e+01
1.000000e+00 3.000000e+00 5.800000e+01 7.000000e+00 0.000000e+00 3.700000e+01 3.723458e+01
1.000000e+00 8.000000e+00 7.500000e+01 9.000000e+00 8.000000e+00 7.500000e+01 7.128352e+01
1.000000e+00 5.000000e+00 7.100000e+01 6.000000e+00 9.000000e+00 6.100000e+01 5.743864e+01
1.000000e+00 1.000000e+00 4.600000e+01 9.000000e+00 8.000000e+00 1.700000e+01 2.185610e+01
1.000000e+00 7.000000e+00 9.400000e+01 9.000000e+00 6.000000e+00 8.700000e+01 8.736536e+01
1.000000e+00 5.000000e+00 6.700000e+01 9.000000e+00 7.000000e+00 5.200000e+01 5.440792e+01
1.000000e+00 6.000000e+00 8.300000e+01 7.000000e+00 1.000000e+00 7.100000e+01 7.139819e+01
1.000000e+00 6.000000e+00 5.700000e+01 4.000000e+00 9.000000e+00 4.600000e+01 4.509676e+01
1.000000e+00 8.000000e+00 9.900000e+01 8.000000e+00 9.000000e+00 9.900000e+01 9.540977e+01
1.000000e+00 9.000000e+00 4.400000e+01 9.000000e+00 6.000000e+00 4.000000e+01 4.221433e+01
1.000000e+00 2.000000e+00 6.200000e+01 5.000000e+00 0.000000e+00 4.200000e+01 3.750161e+01
1.000000e+00 9.000000e+00 9.400000e+01 9.000000e+00 2.000000e+00 9.100000e+01 9.227733e+01
1.000000e+00 9.000000e+00 6.100000e+01 9.000000e+00 5.000000e+00 5.700000e+01 5.930631e+01
1.000000e+00 7.000000e+00 6.500000e+01 4.000000e+00 4.000000e+00 5.800000e+01 5.510023e+01
1.000000e+00 1.000000e+00 8.100000e+01 5.000000e+00 4.000000e+00 5.500000e+01 5.475954e+01
1.000000e+00 7.000000e+00 5.100000e+01 4.000000e+00 8.000000e+00 4.600000e+01 4.164711e+01
1.000000e+00 5.000000e+00 7.900000e+01 9.000000e+00 5.000000e+00 6.400000e+01 6.621919e+01
1.000000e+00 6.000000e+00 5.800000e+01 4.000000e+00 2.000000e+00 4.500000e+01 4.474159e+01
1.000000e+00 7.000000e+00 8.600000e+01 4.000000e+00 1.000000e+00 7.800000e+01 7.586795e+01
1.000000e+00 5.000000e+00 4.000000e+01 6.000000e+00 8.000000e+00 2.400000e+01 2.571744e+01
1.000000e+00 7.000000e+00 4.200000e+01 7.000000e+00 9.000000e+00 3.600000e+01 3.411974e+01
1.000000e+00 9.000000e+00 6.600000e+01 8.000000e+00 3.000000e+00 6.500000e+01 6.352263e+01
1.000000e+00 3.000000e+00 5.700000e+01 7.000000e+00 4.000000e+00 3.500000e+01 3.700171e+01
1.000000e+00 8.000000e+00 8.900000e+01 7.000000e+00 8.000000e+00 8.700000e+01 8.456798e+01
1.000000e+00 2.000000e+00 6.900000e+01 5.000000e+00 4.000000e+00 4.500000e+01 4.540426e+01
1.000000e+00 7.000000e+00 4.100000e+01 6.000000e+00 6.000000e+00 3.500000e+01 3.203839e+01
1.000000e+00 2.000000e+00 4.400000e+01 6.000000e+00 1.000000e+00 1.800000e+01 1.986904e+01
1.000000e+00 4.000000e+00 6.800000e+01 4.000000e+00 1.000000e+00 4.600000e+01 4.901895e+01
1.000000e+00 7.000000e+00 7.200000e+01 7.000000e+00 3.000000e+00 6.300000e+01 6.345188e+01
1.000000e+00 3.000000e+00 8.100000e+01 8.000000e+00 7.000000e+00 6.200000e+01 6.247270e+01
1.000000e+00 2.000000e+00 5.900000e+01 5.000000e+00 1.000000e+00 3.500000e+01 3.464680e+01
1.000000e+00 7.000000e+00 6.900000e+01 6.000000e+00 9.000000e+00 6.300000e+01 6.110079e+01
1.000000e+00 1.000000e+00 8.100000e+01 4.000000e+00 6.000000e+00 5.800000e+01 5.467521e+01
1.000000e+00 8.000000e+00 4.400000e+01 8.000000e+00 0.000000e+00 3.700000e+01 3.771385e+01
1.000000e+00 3.000000e+00 8.900000e+01 7.000000e+00 8.000000e+00 7.400000e+01 7.032789e+01
1.000000e+00 2.000000e+00 6.000000e+01 8.000000e+00 9.000000e+00 4.000000e+01 3.866095e+01
1.000000e+00 3.000000e+00 9.700000e+01 6.000000e+00 5.000000e+00 7.800000e+01 7.739901e+01
1.000000e+00 5.000000e+00 5.400000e+01 5.000000e+00 0.000000e+00 3.800000e+01 3.791013e+01
1.000000e+00 8.000000e+00 5.900000e+01 7.000000e+00 9.000000e+00 5.500000e+01 5.425576e+01
1.000000e+00 7.000000e+00 4.700000e+01 5.000000e+00 5.000000e+00 3.900000e+01 3.746766e+01
1.000000e+00 7.000000e+00 8.800000e+01 9.000000e+00 4.000000e+00 8.400000e+01 8.087168e+01
1.000000e+00 7.000000e+00 7.000000e+01 8.000000e+00 4.000000e+00 6.000000e+01 6.209037e+01
1.000000e+00 8.000000e+00 5.100000e+01 8.000000e+00 4.000000e+00 4.700000e+01 4.561651e+01
1.000000e+00 1.000000e+00 6.000000e+01 4.000000e+00 3.000000e+00 3.400000e+01 3.273140e+01
1.000000e+00 4.000000e+00 6.900000e+01 7.000000e+00 6.000000e+00 5.400000e+01 5.244505e+01
1.000000e+00 6.000000e+00 6.600000e+01 8.000000e+00 8.000000e+00 5.600000e+01 5.595865e+01
1.000000e+00 9.000000e+00 8.300000e+01 6.000000e+00 3.000000e+00 8.200000e+01 7.985791e+01
1.000000e+00 2.000000e+00 6.500000e+01 9.000000e+00 1.000000e+00 4.500000e+01 4.265389e+01
1.000000e+00 1.000000e+00 7.200000e+01 6.000000e+00 1.000000e+00 4.500000e+01 4.549538e+01
1.000000e+00 2.000000e+00 6.500000e+01 5.000000e+00 1.000000e+00 4.300000e+01 4.074845e+01
1.000000e+00 7.000000e+00 6.500000e+01 9.000000e+00 6.000000e+00 5.700000e+01 5.787406e+01
1.000000e+00 3.000000e+00 7.500000e+01 9.000000e+00 3.000000e+00 5.600000e+01 5.606335e+01
1.000000e+00 2.000000e+00 7.900000e+01 6.000000e+00 3.000000e+00 5.600000e+01 5.585402e+01
1.000000e+00 7.000000e+00 4.000000e+01 8.000000e+00 0.000000e+00 3.000000e+01 3.079807e+01
1.000000e+00 2.000000e+00 9.800000e+01 6.000000e+00 3.000000e+00 7.500000e+01 7.517591e+01
1.000000e+00 3.000000e+00 5.400000e+01 7.000000e+00 5.000000e+00 3.300000e+01 3.414690e+01
1.000000e+00 7.000000e+00 8.900000e+01 5.000000e+00 1.000000e+00 8.000000e+01 7.939513e+01
1.000000e+00 4.000000e+00 4.000000e+01 9.000000e+00 3.000000e+00 2.700000e+01 2.331843e+01
1.000000e+00 1.000000e+00 5.000000e+01 7.000000e+00 6.000000e+00 2.600000e+01 2.457911e+01
1.000000e+00 5.000000e+00 9.400000e+01 8.000000e+00 8.000000e+00 8.100000e+01 8.158499e+01
1.000000e+00 9.000000e+00 4.100000e+01 8.000000e+00 1.000000e+00 4.100000e+01 3.770706e+01
1.000000e+00 8.000000e+00 4.000000e+01 6.000000e+00 7.000000e+00 3.400000e+01 3.406548e+01
1.000000e+00 9.000000e+00 7.000000e+01 4.000000e+00 5.000000e+00 6.800000e+01 6.607699e+01
1.000000e+00 9.000000e+00 8.300000e+01 9.000000e+00 7.000000e+00 8.300000e+01 8.207105e+01
1.000000e+00 7.000000e+00 5.500000e+01 9.000000e+00 1.000000e+00 4.400000e+01 4.672457e+01
1.000000e+00 4.000000e+00 9.300000e+01 4.000000e+00 0.000000e+00 7.500000e+01 7.424647e+01
1.000000e+00 5.000000e+00 6.100000e+01 8.000000e+00 6.000000e+00 5.200000e+01 4.763390e+01
1.000000e+00 1.000000e+00 8.100000e+01 8.000000e+00 8.000000e+00 5.600000e+01 5.697269e+01
1.000000e+00 1.000000e+00 5.700000e+01 9.000000e+00 8.000000e+00 3.700000e+01 3.304245e+01
1.000000e+00 3.000000e+00 8.600000e+01 5.000000e+00 1.000000e+00 6.700000e+01 6.495224e+01
1.000000e+00 8.000000e+00 5.600000e+01 9.000000e+00 3.000000e+00 5.000000e+01 5.098156e+01
1.000000e+00 2.000000e+00 6.900000e+01 8.000000e+00 0.000000e+00 4.600000e+01 4.604928e+01
1.000000e+00 4.000000e+00 4.900000e+01 8.000000e+00 6.000000e+00 3.100000e+01 3.258258e+01
1.000000e+00 2.000000e+00 7.400000e+01 5.000000e+00 1.000000e+00 5.100000e+01 4.990092e+01
1.000000e+00 5.000000e+00 9.700000e+01 7.000000e+00 3.000000e+00 8.200000e+01 8.317938e+01
1.000000e+00 9.000000e+00 6.000000e+01 7.000000e+00 1.000000e+00 5.800000e+01 5.655259e+01
1.000000e+00 1.000000e+00 5.500000e+01 5.000000e+00 0.000000e+00 3.100000e+01 2.753501e+01
1.000000e+00 5.000000e+00 4.500000e+01 5.000000e+00 6.000000e+00 2.900000e+01 2.993376e+01
1.000000e+00 9.000000e+00 4.200000e+01 7.000000e+00 5.000000e+00 4.000000e+01 3.903171e+01
1.000000e+00 1.000000e+00 8.000000e+01 7.000000e+00 1.000000e+00 5.100000e+01 5.410727e+01
1.000000e+00 9.000000e+00 8.200000e+01 7.000000e+00 3.000000e+00 7.900000e+01 7.931733e+01
1.000000e+00 8.000000e+00 6.000000e+01 7.000000e+00 2.000000e+00 5.200000e+01 5.390059e+01
1.000000e+00 4.000000e+00 5.200000e+01 9.000000e+00 2.000000e+00 3.600000e+01 3.532571e+01
1.000000e+00 5.000000e+00 5.700000e+01 9.000000e+00 2.000000e+00 4.300000e+01 4.325843e+01
1.000000e+00 5.000000e+00 9.700000e+01 6.000000e+00 3.000000e+00 8.100000e+01 8.270302e+01
1.000000e+00 6.000000e+00 9.300000e+01 5.000000e+00 0.000000e+00 8.100000e+01 8.041886e+01
1.000000e+00 7.000000e+00 9.900000e+01 4.000000e+00 0.000000e+00 8.400000e+01 8.889217e+01
1.000000e+00 8.000000e+00 6.300000e+01 6.000000e+00 6.000000e+00 5.500000e+01 5.725911e+01
1.000000e+00 8.000000e+00 6.600000e+01 4.000000e+00 4.000000e+00 6.400000e+01 5.896519e+01
1.000000e+00 2.000000e+00 9.300000e+01 4.000000e+00 2.000000e+00 6.800000e+01 6.894246e+01
1.000000e+00 9.000000e+00 4.300000e+01 8.000000e+00 8.000000e+00 4.100000e+01 4.111306e+01
1.000000e+00 7.000000e+00 6.100000e+01 5.000000e+00 4.000000e+00 5.300000e+01 5.150882e+01
1.000000e+00 4.000000e+00 6.300000e+01 9.000000e+00 9.000000e+00 5.000000e+01 4.788417e+01
1.000000e+00 4.000000e+00 7.900000e+01 6.000000e+00 2.000000e+00 6.500000e+01 6.135404e+01
1.000000e+00 8.000000e+00 8.400000e+01 5.000000e+00 8.000000e+00 7.800000e+01 7.853055e+01
1.000000e+00 4.000000e+00 4.900000e+01 7.000000e+00 0.000000e+00 3.100000e+01 3.093013e+01
1.000000e+00 6.000000e+00 4.100000e+01 5.000000e+00 8.000000e+00 3.000000e+01 2.910604e+01
1.000000e+00 5.000000e+00 7.900000e+01 4.000000e+00 4.000000e+00 6.400000e+01 6.364137e+01
1.000000e+00 3.000000e+00 4.500000e+01 9.000000e+00 5.000000e+00 2.600000e+01 2.594715e+01
1.000000e+00 2.000000e+00 8.700000e+01 7.000000e+00 1.000000e+00 6.600000e+01 6.407388e+01
1.000000e+00 9.000000e+00 5.700000e+01 5.000000e+00 7.000000e+00 5.500000e+01 5.372514e+01
1.000000e+00 9.000000e+00 5.600000e+01 5.000000e+00 2.000000e+00 5.200000e+01 5.172812e+01
1.000000e+00 1.000000e+00 7.700000e+01 9.000000e+00 0.000000e+00 5.700000e+01 5.181315e+01
1.000000e+00 3.000000e+00 8.400000e+01 4.000000e+00 6.000000e+00 6.800000e+01 6.342207e+01
1.000000e+00 8.000000e+00 6.200000e+01 7.000000e+00 2.000000e+00 5.700000e+01 5.593447e+01
1.000000e+00 6.000000e+00 8.500000e+01 4.000000e+00 3.000000e+00 7.500000e+01 7.239502e+01
1.000000e+00 5.000000e+00 6.900000e+01 9.000000e+00 4.000000e+00 5.400000e+01 5.585376e+01
1.000000e+00 5.000000e+00 9.700000e+01 5.000000e+00 0.000000e+00 8.200000e+01 8.163861e+01
1.000000e+00 6.000000e+00 6.000000e+01 6.000000e+00 8.000000e+00 5.100000e+01 4.890429e+01
1.000000e+00 7.000000e+00 4.900000e+01 6.000000e+00 6.000000e+00 4.300000e+01 4.017392e+01
1.000000e+00 1.000000e+00 9.500000e+01 8.000000e+00 1.000000e+00 6.800000e+01 6.983775e+01
1.000000e+00 9.000000e+00 8.200000e+01 6.000000e+00 0.000000e+00 7.700000e+01 7.825292e+01
1.000000e+00 3.000000e+00 5.200000e+01 9.000000e+00 1.000000e+00 3.300000e+01 3.228167e+01
1.000000e+00 4.000000e+00 5.100000e+01 9.000000e+00 2.000000e+00 3.700000e+01 3.430876e+01
1.000000e+00 1.000000e+00 4.800000e+01 9.000000e+00 2.000000e+00 2.300000e+01 2.271389e+01
1.000000e+00 3.000000e+00 4.300000e+01 7.000000e+00 7.000000e+00 2.600000e+01 2.335258e+01
1.000000e+00 2.000000e+00 7.800000e+01 8.000000e+00 4.000000e+00 5.600000e+01 5.598582e+01
1.000000e+00 2.000000e+00 6.300000e+01 7.000000e+00 8.000000e+00 4.200000e+01 4.103940e+01
1.000000e+00 1.000000e+00 9.300000e+01 6.000000e+00 2.000000e+00 6.500000e+01 6.704717e+01
1.000000e+00 8.000000e+00 7.300000e+01 6.000000e+00 5.000000e+00 6.600000e+01 6.723251e+01
1.000000e+00 3.000000e+00 7.800000e+01 5.000000e+00 3.000000e+00 5.700000e+01 5.720874e+01
1.000000e+00 3.000000e+00 8.000000e+01 7.000000e+00 7.000000e+00 5.900000e+01 6.097940e+01
1.000000e+00 6.000000e+00 4.400000e+01 4.000000e+00 0.000000e+00 2.800000e+01 3.011238e+01
1.000000e+00 8.000000e+00 5.400000e+01 5.000000e+00 3.000000e+00 4.600000e+01 4.704224e+01
1.000000e+00 9.000000e+00 8.900000e+01 7.000000e+00 6.000000e+00 8.400000e+01 8.702397e+01
1.000000e+00 9.000000e+00 4.300000e+01 9.000000e+00 8.000000e+00 4.200000e+01 4.158942e+01
1.000000e+00 4.000000e+00 9.000000e+01 8.000000e+00 0.000000e+00 7.300000e+01 7.310108e+01
1.000000e+00 5.000000e+00 9.100000e+01 7.000000e+00 7.000000e+00 7.700000e+01 7.786179e+01
1.000000e+00 2.000000e+00 9.700000e+01 8.000000e+00 1.000000e+00 7.400000e+01 7.471965e+01
1.000000e+00 9.000000e+00 7.800000e+01 8.000000e+00 3.000000e+00 7.500000e+01 7.572592e+01
1.000000e+00 8.000000e+00 9.700000e+01 6.000000e+00 3.000000e+00 9.400000e+01 9.124707e+01
1.000000e+00 3.000000e+00 4.700000e+01 4.000000e+00 7.000000e+00 2.700000e+01 2.599126e+01
1.000000e+00 9.000000e+00 8.800000e+01 7.000000e+00 1.000000e+00 8.900000e+01 8.502695e+01
1.000000e+00 3.000000e+00 8.400000e+01 4.000000e+00 6.000000e+00 6.200000e+01 6.342207e+01
1.000000e+00 9.000000e+00 6.300000e+01 8.000000e+00 2.000000e+00 5.900000e+01 6.027579e+01
1.000000e+00 2.000000e+00 9.200000e+01 6.000000e+00 8.000000e+00 7.300000e+01 7.005434e+01
1.000000e+00 9.000000e+00 6.700000e+01 4.000000e+00 4.000000e+00 5.700000e+01 6.283015e+01
1.000000e+00 8.000000e+00 9.400000e+01 5.000000e+00 7.000000e+00 9.000000e+01 8.850395e+01
1.000000e+00 9.000000e+00 8.200000e+01 8.000000e+00 4.000000e+00 8.000000e+01 7.998971e+01
1.000000e+00 5.000000e+00 6.600000e+01 5.000000e+00 0.000000e+00 5.000000e+01 5.011343e+01
1.000000e+00 2.000000e+00 4.000000e+01 9.000000e+00 8.000000e+00 1.800000e+01 1.860247e+01
1.000000e+00 8.000000e+00 7.300000e+01 4.000000e+00 9.000000e+00 6.800000e+01 6.706386e+01
1.000000e+00 6.000000e+00 5.600000e+01 4.000000e+00 6.000000e+00 3.900000e+01 4.349177e+01
1.000000e+00 8.000000e+00 7.600000e+01 4.000000e+00 3.000000e+00 6.700000e+01 6.893858e+01
1.000000e+00 5.000000e+00 7.700000e+01 9.000000e+00 6.000000e+00 6.900000e+01 6.438132e+01
1.000000e+00 2.000000e+00 6.500000e+01 7.000000e+00 4.000000e+00 4.300000e+01 4.228922e+01
1.000000e+00 6.000000e+00 9.600000e+01 8.000000e+00 9.000000e+00 8.400000e+01 8.666291e+01
1.000000e+00 5.000000e+00 6.300000e+01 8.000000e+00 8.000000e+00 5.000000e+01 5.005981e+01
1.000000e+00 5.000000e+00 7.800000e+01 8.000000e+00 1.000000e+00 6.500000e+01 6.394182e+01
1.000000e+00 1.000000e+00 9.900000e+01 7.000000e+00 3.000000e+00 7.400000e+01 7.382119e+01
1.000000e+00 2.000000e+00 6.000000e+01 4.000000e+00 5.000000e+00 3.500000e+01 3.597145e+01
1.000000e+00 8.000000e+00 6.900000e+01 4.000000e+00 4.000000e+00 6.100000e+01 6.201601e+01
1.000000e+00 3.000000e+00 8.600000e+01 9.000000e+00 0.000000e+00 6.400000e+01 6.666166e+01
1.000000e+00 3.000000e+00 9.000000e+01 5.000000e+00 8.000000e+00 6.600000e+01 7.039211e+01
1.000000e+00 8.000000e+00 8.700000e+01 7.000000e+00 8.000000e+00 8.100000e+01 8.253410e+01
1.000000e+00 8.000000e+00 9.600000e+01 6.000000e+00 2.000000e+00 9.300000e+01 9.003411e+01
1.000000e+00 2.000000e+00 5.200000e+01 7.000000e+00 3.000000e+00 2.800000e+01 2.887297e+01
1.000000e+00 8.000000e+00 7.600000e+01 9.000000e+00 3.000000e+00 7.100000e+01 7.132038e+01
1.000000e+00 1.000000e+00 4.200000e+01 5.000000e+00 9.000000e+00 1.300000e+01 1.607891e+01
1.000000e+00 6.000000e+00 7.100000e+01 5.000000e+00 7.000000e+00 5.900000e+01 5.941827e+01
1.000000e+00 8.000000e+00 7.400000e+01 5.000000e+00 5.000000e+00 6.700000e+01 6.777309e+01
1.000000e+00 3.000000e+00 5.800000e+01 4.000000e+00 1.000000e+00 3.500000e+01 3.600152e+01
1.000000e+00 8.000000e+00 5.300000e+01 6.000000e+00 3.000000e+00 4.600000e+01 4.650165e+01
1.000000e+00 1.000000e+00 8.700000e+01 5.000000e+00 0.000000e+00 5.900000e+01 6.007713e+01
1.000000e+00 9.000000e+00 6.100000e+01 8.000000e+00 2.000000e+00 5.700000e+01 5.824191e+01
1.000000e+00 9.000000e+00 5.600000e+01 4.000000e+00 3.000000e+00 5.100000e+01 5.144778e+01
1.000000e+00 5.000000e+00 9.800000e+01 6.000000e+00 7.000000e+00 8.000000e+01 8.450402e+01
1.000000e+00 4.000000e+00 4.300000e+01 8.000000e+00 2.000000e+00 2.200000e+01 2.569687e+01
1.000000e+00 6.000000e+00 8.400000e+01 6.000000e+00 4.000000e+00 7.100000e+01 7.252682e+01
1.000000e+00 7.000000e+00 7.900000e+01 9.000000e+00 0.000000e+00 7.300000e+01 7.093514e+01
1.000000e+00 5.000000e+00 5.800000e+01 6.000000e+00 3.000000e+00 4.000000e+01 4.304231e+01
1.000000e+00 9.000000e+00 7.600000e+01 8.000000e+00 1.000000e+00 7.500000e+01 7.330001e+01
1.000000e+00 3.000000e+00 4.100000e+01 7.000000e+00 3.000000e+00 2.400000e+01 2.053463e+01
1.000000e+00 7.000000e+00 5.400000e+01 6.000000e+00 4.000000e+00 4.500000e+01 4.486659e+01
1.000000e+00 5.000000e+00 4.100000e+01 7.000000e+00 2.000000e+00 2.500000e+01 2.603465e+01
1.000000e+00 7.000000e+00 5.000000e+01 6.000000e+00 5.000000e+00 4.200000e+01 4.099484e+01
1.000000e+00 2.000000e+00 8.400000e+01 9.000000e+00 1.000000e+00 6.300000e+01 6.197578e+01
1.000000e+00 4.000000e+00 6.200000e+01 8.000000e+00 4.000000e+00 4.400000e+01 4.541079e+01
1.000000e+00 2.000000e+00 4.900000e+01 6.000000e+00 3.000000e+00 2.600000e+01 2.534578e+01
1.000000e+00 7.000000e+00 4.200000e+01 5.000000e+00 4.000000e+00 3.100000e+01 3.218694e+01
1.000000e+00 2.000000e+00 4.400000e+01 9.000000e+00 8.000000e+00 2.600000e+01 2.267023e+01
1.000000e+00 1.000000e+00 4.200000e+01 5.000000e+00 5.000000e+00 1.500000e+01 1.529485e+01
1.000000e+00 9.000000e+00 7.700000e+01 9.000000e+00 6.000000e+00 7.700000e+01 7.577339e+01
1.000000e+00 1.000000e+00 5.200000e+01 9.000000e+00 7.000000e+00 3.100000e+01 2.776173e+01
1.000000e+00 8.000000e+00 8.100000e+01 6.000000e+00 8.000000e+00 7.500000e+01 7.595609e+01
1.000000e+00 2.000000e+00 5.800000e+01 8.000000e+00 4.000000e+00 3.400000e+01 3.564699e+01
1.000000e+00 8.000000e+00 7.900000e+01 8.000000e+00 7.000000e+00 7.400000e+01 7.467891e+01
1.000000e+00 3.000000e+00 8.900000e+01 4.000000e+00 1.000000e+00 6.800000e+01 6.752670e+01
1.000000e+00 6.000000e+00 7.400000e+01 8.000000e+00 9.000000e+00 6.400000e+01 6.429020e+01
1.000000e+00 3.000000e+00 6.300000e+01 7.000000e+00 8.000000e+00 4.300000e+01 4.388742e+01
1.000000e+00 7.000000e+00 6.300000e+01 6.000000e+00 1.000000e+00 5.400000e+01 5.343102e+01
1.000000e+00 9.000000e+00 5.600000e+01 5.000000e+00 4.000000e+00 5.300000e+01 5.212015e+01
1.000000e+00 2.000000e+00 7.900000e+01 8.000000e+00 5.000000e+00 5.600000e+01 5.719877e+01
1.000000e+00 5.000000e+00 4.900000e+01 5.000000e+00 3.000000e+00 3.400000e+01 3.341348e+01
1.000000e+00 6.000000e+00 4.100000e+01 4.000000e+00 7.000000e+00 2.700000e+01 2.843367e+01
1.000000e+00 4.000000e+00 8.300000e+01 6.000000e+00 9.000000e+00 6.600000e+01 6.679392e+01
1.000000e+00 4.000000e+00 6.200000e+01 8.000000e+00 2.000000e+00 4.100000e+01 4.501876e+01
1.000000e+00 4.000000e+00 4.500000e+01 5.000000e+00 4.000000e+00 2.500000e+01 2.669371e+01
1.000000e+00 2.000000e+00 4.100000e+01 9.000000e+00 1.000000e+00 2.000000e+01 1.824730e+01
1.000000e+00 4.000000e+00 6.000000e+01 8.000000e+00 2.000000e+00 4.500000e+01 4.298488e+01
1.000000e+00 1.000000e+00 9.400000e+01 4.000000e+00 7.000000e+00 7.000000e+01 6.809147e+01
1.000000e+00 6.000000e+00 9.500000e+01 9.000000e+00 4.000000e+00 8.600000e+01 8.514225e+01
1.000000e+00 1.000000e+00 7.400000e+01 5.000000e+00 2.000000e+00 4.600000e+01 4.724892e+01
1.000000e+00 6.000000e+00 8.800000e+01 5.000000e+00 4.000000e+00 7.300000e+01 7.611822e+01
1.000000e+00 1.000000e+00 6.800000e+01 6.000000e+00 8.000000e+00 4.200000e+01 4.279973e+01
1.000000e+00 6.000000e+00 4.600000e+01 6.000000e+00 2.000000e+00 2.700000e+01 3.349101e+01
1.000000e+00 8.000000e+00 6.800000e+01 5.000000e+00 9.000000e+00 6.400000e+01 6.245551e+01
1.000000e+00 2.000000e+00 9.200000e+01 9.000000e+00 6.000000e+00 7.100000e+01 7.109139e+01
1.000000e+00 2.000000e+00 7.600000e+01 6.000000e+00 7.000000e+00 5.600000e+01 5.358726e+01
1.000000e+00 4.000000e+00 6.200000e+01 5.000000e+00 4.000000e+00 4.300000e+01 4.398171e+01
1.000000e+00 3.000000e+00 7.200000e+01 9.000000e+00 2.000000e+00 5.000000e+01 5.281651e+01
1.000000e+00 4.000000e+00 4.700000e+01 7.000000e+00 5.000000e+00 3.100000e+01 2.987633e+01
1.000000e+00 7.000000e+00 5.100000e+01 8.000000e+00 2.000000e+00 4.200000e+01 4.237646e+01
1.000000e+00 1.000000e+00 8.500000e+01 7.000000e+00 8.000000e+00 6.000000e+01 6.056409e+01
1.000000e+00 6.000000e+00 8.700000e+01 7.000000e+00 1.000000e+00 7.600000e+01 7.546595e+01
1.000000e+00 3.000000e+00 4.900000e+01 8.000000e+00 2.000000e+00 2.800000e+01 2.895050e+01
1.000000e+00 7.000000e+00 5.400000e+01 5.000000e+00 6.000000e+00 4.500000e+01 4.478227e+01
1.000000e+00 2.000000e+00 9.200000e+01 5.000000e+00 9.000000e+00 7.100000e+01 6.977399e+01
1.000000e+00 2.000000e+00 6.300000e+01 6.000000e+00 7.000000e+00 4.400000e+01 4.036702e+01
1.000000e+00 4.000000e+00 6.500000e+01 4.000000e+00 4.000000e+00 4.800000e+01 4.655618e+01
1.000000e+00 1.000000e+00 8.600000e+01 5.000000e+00 4.000000e+00 5.700000e+01 5.984425e+01
1.000000e+00 3.000000e+00 8.100000e+01 8.000000e+00 4.000000e+00 6.100000e+01 6.188466e+01
1.000000e+00 9.000000e+00 9.200000e+01 4.000000e+00 3.000000e+00 8.600000e+01 8.805766e+01
1.000000e+00 7.000000e+00 9.900000e+01 8.000000e+00 8.000000e+00 9.500000e+01 9.236574e+01
1.000000e+00 7.000000e+00 7.800000e+01 8.000000e+00 5.000000e+00 7.000000e+01 7.042192e+01
1.000000e+00 4.000000e+00 9.700000e+01 8.000000e+00 7.000000e+00 8.100000e+01 8.159178e+01
1.000000e+00 2.000000e+00 4.200000e+01 4.000000e+00 7.000000e+00 1.800000e+01 1.805854e+01
1.000000e+00 4.000000e+00 4.100000e+01 7.000000e+00 4.000000e+00 2.400000e+01 2.357866e+01
1.000000e+00 6.000000e+00 4.500000e+01 9.000000e+00 8.000000e+00 3.200000e+01 3.507925e+01
1.000000e+00 3.000000e+00 6.000000e+01 8.000000e+00 1.000000e+00 4.000000e+01 3.994084e+01
1.000000e+00 1.000000e+00 4.800000e+01 6.000000e+00 7.000000e+00 2.500000e+01 2.226489e+01
1.000000e+00 8.000000e+00 4.900000e+01 5.000000e+00 2.000000e+00 4.100000e+01 4.176151e+01
1.000000e+00 5.000000e+00 7.500000e+01 9.000000e+00 6.000000e+00 6.600000e+01 6.234744e+01
1.000000e+00 5.000000e+00 9.800000e+01 5.000000e+00 8.000000e+00 8.300000e+01 8.422368e+01
1.000000e+00 4.000000e+00 4.200000e+01 5.000000e+00 4.000000e+00 2.200000e+01 2.364288e+01
1.000000e+00 6.000000e+00 8.000000e+01 4.000000e+00 7.000000e+00 7.000000e+01 6.809438e+01
1.000000e+00 3.000000e+00 6.300000e+01 6.000000e+00 3.000000e+00 4.200000e+01 4.243098e+01
1.000000e+00 9.000000e+00 6.100000e+01 6.000000e+00 0.000000e+00 5.600000e+01 5.689715e+01
1.000000e+00 5.000000e+00 8.800000e+01 9.000000e+00 0.000000e+00 7.200000e+01 7.439158e+01
1.000000e+00 3.000000e+00 5.300000e+01 6.000000e+00 5.000000e+00 3.100000e+01 3.265360e+01
1.000000e+00 1.000000e+00 8.100000e+01 6.000000e+00 7.000000e+00 6.000000e+01 5.582395e+01
1.000000e+00 6.000000e+00 8.400000e+01 6.000000e+00 9.000000e+00 7.400000e+01 7.350689e+01
1.000000e+00 2.000000e+00 8.300000e+01 9.000000e+00 1.000000e+00 6.200000e+01 6.095883e+01
1.000000e+00 3.000000e+00 6.600000e+01 7.000000e+00 3.000000e+00 4.400000e+01 4.595816e+01
1.000000e+00 1.000000e+00 7.200000e+01 6.000000e+00 2.000000e+00 4.600000e+01 4.569140e+01
1.000000e+00 9.000000e+00 9.900000e+01 6.000000e+00 8.000000e+00 9.600000e+01 9.710905e+01
1.000000e+00 8.000000e+00 6.100000e+01 4.000000e+00 2.000000e+00 5.100000e+01 5.348845e+01
1.000000e+00 2.000000e+00 6.800000e+01 4.000000e+00 7.000000e+00 4.300000e+01 4.449901e+01
1.000000e+00 8.000000e+00 5.800000e+01 6.000000e+00 6.000000e+00 5.100000e+01 5.217441e+01
1.000000e+00 9.000000e+00 5.800000e+01 7.000000e+00 0.000000e+00 5.800000e+01 5.432269e+01
1.000000e+00 1.000000e+00 4.500000e+01 6.000000e+00 7.000000e+00 2.300000e+01 1.921406e+01
1.000000e+00 5.000000e+00 8.400000e+01 6.000000e+00 8.000000e+00 6.700000e+01 7.046286e+01
1.000000e+00 8.000000e+00 5.800000e+01 6.000000e+00 7.000000e+00 5.000000e+01 5.237042e+01
1.000000e+00 2.000000e+00 5.200000e+01 8.000000e+00 9.000000e+00 3.100000e+01 3.052542e+01
1.000000e+00 4.000000e+00 9.800000e+01 7.000000e+00 9.000000e+00 8.300000e+01 8.252440e+01
1.000000e+00 7.000000e+00 6.500000e+01 5.000000e+00 0.000000e+00 5.500000e+01 5.479252e+01
1.000000e+00 3.000000e+00 6.100000e+01 6.000000e+00 6.000000e+00 4.400000e+01 4.098514e+01
1.000000e+00 5.000000e+00 6.000000e+01 5.000000e+00 8.000000e+00 4.500000e+01 4.557991e+01
1.000000e+00 8.000000e+00 7.500000e+01 7.000000e+00 4.000000e+00 7.300000e+01 6.954674e+01
1.000000e+00 3.000000e+00 9.500000e+01 6.000000e+00 1.000000e+00 7.600000e+01 7.458107e+01
1.000000e+00 4.000000e+00 4.100000e+01 5.000000e+00 7.000000e+00 2.300000e+01 2.321399e+01
1.000000e+00 9.000000e+00 8.600000e+01 9.000000e+00 8.000000e+00 8.400000e+01 8.531789e+01
1.000000e+00 7.000000e+00 8.300000e+01 5.000000e+00 6.000000e+00 7.300000e+01 7.427356e+01
1.000000e+00 1.000000e+00 6.900000e+01 7.000000e+00 4.000000e+00 4.800000e+01 4.350897e+01
1.000000e+00 4.000000e+00 6.600000e+01 6.000000e+00 7.000000e+00 5.000000e+01 4.911388e+01
1.000000e+00 4.000000e+00 4.600000e+01 8.000000e+00 5.000000e+00 3.000000e+01 2.933575e+01
1.000000e+00 9.000000e+00 5.900000e+01 7.000000e+00 3.000000e+00 5.100000e+01 5.592768e+01
1.000000e+00 6.000000e+00 8.900000e+01 8.000000e+00 0.000000e+00 7.600000e+01 7.778018e+01
1.000000e+00 9.000000e+00 7.000000e+01 6.000000e+00 5.000000e+00 6.600000e+01 6.702971e+01
1.000000e+00 6.000000e+00 6.200000e+01 5.000000e+00 7.000000e+00 5.000000e+01 5.026579e+01
1.000000e+00 6.000000e+00 5.200000e+01 9.000000e+00 2.000000e+00 4.000000e+01 4.102174e+01
1.000000e+00 5.000000e+00 5.600000e+01 9.000000e+00 6.000000e+00 4.200000e+01 4.302555e+01
1.000000e+00 5.000000e+00 4.300000e+01 7.000000e+00 6.000000e+00 2.900000e+01 2.885260e+01
1.000000e+00 2.000000e+00 9.600000e+01 7.000000e+00 8.000000e+00 7.700000e+01 7.459846e+01
1.000000e+00 8.000000e+00 5.300000e+01 7.000000e+00 0.000000e+00 4.500000e+01 4.638997e+01
1.000000e+00 8.000000e+00 5.900000e+01 4.000000e+00 4.000000e+00 4.900000e+01 5.184660e+01
1.000000e+00 1.000000e+00 9.900000e+01 9.000000e+00 7.000000e+00 7.400000e+01 7.555797e+01
1.000000e+00 8.000000e+00 5.200000e+01 9.000000e+00 2.000000e+00 4.500000e+01 4.671778e+01
1.000000e+00 5.000000e+00 4.200000e+01 6.000000e+00 4.000000e+00 2.700000e+01 2.696726e+01
1.000000e+00 2.000000e+00 6.500000e+01 4.000000e+00 0.000000e+00 4.400000e+01 4.007608e+01
1.000000e+00 2.000000e+00 6.500000e+01 7.000000e+00 8.000000e+00 4.200000e+01 4.307328e+01
1.000000e+00 6.000000e+00 5.700000e+01 7.000000e+00 3.000000e+00 4.300000e+01 4.534974e+01
1.000000e+00 9.000000e+00 7.100000e+01 8.000000e+00 4.000000e+00 6.800000e+01 6.880335e+01
1.000000e+00 1.000000e+00 5.300000e+01 4.000000e+00 2.000000e+00 2.900000e+01 2.541679e+01
1.000000e+00 6.000000e+00 8.600000e+01 5.000000e+00 1.000000e+00 7.300000e+01 7.349629e+01
1.000000e+00 9.000000e+00 4.200000e+01 9.000000e+00 6.000000e+00 3.900000e+01 4.018044e+01
1.000000e+00 8.000000e+00 4.000000e+01 6.000000e+00 4.000000e+00 3.000000e+01 3.347743e+01
1.000000e+00 6.000000e+00 6.500000e+01 5.000000e+00 9.000000e+00 5.300000e+01 5.370865e+01
1.000000e+00 3.000000e+00 6.300000e+01 5.000000e+00 2.000000e+00 3.800000e+01 4.175860e+01
1.000000e+00 8.000000e+00 8.800000e+01 6.000000e+00 1.000000e+00 8.200000e+01 8.170257e+01
1.000000e+00 9.000000e+00 7.400000e+01 7.000000e+00 9.000000e+00 7.200000e+01 7.235789e+01
1.000000e+00 1.000000e+00 5.300000e+01 9.000000e+00 5.000000e+00 2.400000e+01 2.838664e+01
1.000000e+00 9.000000e+00 4.200000e+01 8.000000e+00 9.000000e+00 4.400000e+01 4.029213e+01
1.000000e+00 6.000000e+00 5.200000e+01 7.000000e+00 5.000000e+00 4.500000e+01 4.065707e+01
1.000000e+00 6.000000e+00 8.600000e+01 7.000000e+00 2.000000e+00 7.500000e+01 7.464503e+01
1.000000e+00 4.000000e+00 8.900000e+01 4.000000e+00 8.000000e+00 7.500000e+01 7.174683e+01
1.000000e+00 1.000000e+00 5.300000e+01 5.000000e+00 0.000000e+00 2.600000e+01 2.550112e+01
1.000000e+00 8.000000e+00 6.000000e+01 5.000000e+00 2.000000e+00 4.900000e+01 5.294787e+01
1.000000e+00 2.000000e+00 6.500000e+01 9.000000e+00 0.000000e+00 4.200000e+01 4.245787e+01
1.000000e+00 1.000000e+00 4.200000e+01 5.000000e+00 6.000000e+00 1.400000e+01 1.549086e+01
1.000000e+00 2.000000e+00 9.000000e+01 8.000000e+00 1.000000e+00 6.400000e+01 6.760106e+01
1.000000e+00 1.000000e+00 7.900000e+01 8.000000e+00 3.000000e+00 5.400000e+01 5.395872e+01
1.000000e+00 1.000000e+00 4.300000e+01 8.000000e+00 3.000000e+00 1.600000e+01 1.734884e+01
1.000000e+00 9.000000e+00 7.500000e+01 6.000000e+00 7.000000e+00 7.300000e+01 7.250644e+01
1.000000e+00 1.000000e+00 9.000000e+01 9.000000e+00 3.000000e+00 6.700000e+01 6.562144e+01
1.000000e+00 4.000000e+00 8.200000e+01 8.000000e+00 2.000000e+00 6.900000e+01 6.535758e+01
1.000000e+00 6.000000e+00 4.000000e+01 4.000000e+00 9.000000e+00 2.800000e+01 2.780876e+01
1.000000e+00 7.000000e+00 7.900000e+01 4.000000e+00 2.000000e+00 6.700000e+01 6.894538e+01
1.000000e+00 2.000000e+00 8.600000e+01 7.000000e+00 4.000000e+00 6.200000e+01 6.364499e+01
1.000000e+00 6.000000e+00 7.200000e+01 7.000000e+00 5.000000e+00 6.000000e+01 6.099589e+01
1.000000e+00 7.000000e+00 4.600000e+01 9.000000e+00 6.000000e+00 4.300000e+01 3.855217e+01
1.000000e+00 2.000000e+00 9.200000e+01 7.000000e+00 4.000000e+00 7.000000e+01 6.974663e+01
1.000000e+00 2.000000e+00 9.100000e+01 7.000000e+00 6.000000e+00 7.000000e+01 6.912172e+01
1.000000e+00 7.000000e+00 9.100000e+01 4.000000e+00 3.000000e+00 8.400000e+01 8.134469e+01
1.000000e+00 1.000000e+00 9.500000e+01 7.000000e+00 4.000000e+00 7.200000e+01 6.994944e+01
1.000000e+00 8.000000e+00 5.000000e+01 4.000000e+00 5.000000e+00 4.400000e+01 4.289014e+01
1.000000e+00 3.000000e+00 6.600000e+01 8.000000e+00 8.000000e+00 4.600000e+01 4.741460e+01
1.000000e+00 6.000000e+00 5.300000e+01 8.000000e+00 5.000000e+00 4.100000e+01 4.215037e+01
1.000000e+00 9.000000e+00 6.100000e+01 9.000000e+00 9.000000e+00 5.800000e+01 6.009038e+01
1.000000e+00 6.000000e+00 5.500000e+01 6.000000e+00 0.000000e+00 4.400000e+01 4.225145e+01
1.000000e+00 9.000000e+00 8.500000e+01 7.000000e+00 6.000000e+00 8.900000e+01 8.295620e+01
1.000000e+00 7.000000e+00 5.100000e+01 8.000000e+00 2.000000e+00 4.500000e+01 4.237646e+01
1.000000e+00 9.000000e+00 8.800000e+01 8.000000e+00 5.000000e+00 8.700000e+01 8.628737e+01
1.000000e+00 2.000000e+00 8.500000e+01 9.000000e+00 1.000000e+00 6.100000e+01 6.299272e+01
1.000000e+00 8.000000e+00 4.900000e+01 5.000000e+00 6.000000e+00 4.100000e+01 4.254558e+01
1.000000e+00 8.000000e+00 6.300000e+01 5.000000e+00 0.000000e+00 5.700000e+01 5.560666e+01
1.000000e+00 2.000000e+00 8.500000e+01 9.000000e+00 1.000000e+00 6.200000e+01 6.299272e+01
1.000000e+00 4.000000e+00 5.700000e+01 4.000000e+00 8.000000e+00 3.900000e+01 3.920471e+01
1.000000e+00 7.000000e+00 6.100000e+01 6.000000e+00 8.000000e+00 5.400000e+01 5.276925e+01
1.000000e+00 4.000000e+00 4.800000e+01 9.000000e+00 6.000000e+00 3.300000e+01 3.204200e+01
1.000000e+00 4.000000e+00 5.600000e+01 5.000000e+00 1.000000e+00 4.200000e+01 3.729202e+01
1.000000e+00 6.000000e+00 7.700000e+01 6.000000e+00 4.000000e+00 7.000000e+01 6.540823e+01
1.000000e+00 6.000000e+00 7.900000e+01 8.000000e+00 3.000000e+00 6.700000e+01 6.819881e+01
1.000000e+00 3.000000e+00 9.700000e+01 9.000000e+00 1.000000e+00 8.000000e+01 7.804403e+01
1.000000e+00 9.000000e+00 5.200000e+01 4.000000e+00 1.000000e+00 4.400000e+01 4.698798e+01
1.000000e+00 2.000000e+00 8.900000e+01 6.000000e+00 9.000000e+00 6.900000e+01 6.719953e+01
1.000000e+00 6.000000e+00 7.600000e+01 5.000000e+00 7.000000e+00 6.600000e+01 6.450297e+01
1.000000e+00 7.000000e+00 4.500000e+01 8.000000e+00 4.000000e+00 3.500000e+01 3.666684e+01
1.000000e+00 9.000000e+00 6.000000e+01 9.000000e+00 7.000000e+00 6.100000e+01 5.868140e+01
1.000000e+00 3.000000e+00 9.000000e+01 7.000000e+00 1.000000e+00 6.800000e+01 6.997272e+01
1.000000e+00 3.000000e+00 7.500000e+01 8.000000e+00 1.000000e+00 5.500000e+01 5.519496e+01
1.000000e+00 7.000000e+00 4.600000e+01 5.000000e+00 2.000000e+00 3.600000e+01 3.586267e+01
1.000000e+00 4.000000e+00 7.500000e+01 9.000000e+00 9.000000e+00 5.600000e+01 6.008747e+01
1.000000e+00 8.000000e+00 6.400000e+01 5.000000e+00 7.000000e+00 5.800000e+01 5.799571e+01
1.000000e+00 7.000000e+00 5.000000e+01 7.000000e+00 7.000000e+00 4.000000e+01 4.186324e+01
1.000000e+00 5.000000e+00 8.300000e+01 8.000000e+00 2.000000e+00 6.800000e+01 6.922254e+01
1.000000e+00 7.000000e+00 5.300000e+01 6.000000e+00 0.000000e+00 4.300000e+01 4.306559e+01
1.000000e+00 3.000000e+00 8.400000e+01 6.000000e+00 6.000000e+00 6.100000e+01 6.437479e+01
1.000000e+00 2.000000e+00 6.800000e+01 8.000000e+00 3.000000e+00 4.500000e+01 4.562039e+01
1.000000e+00 6.000000e+00 4.900000e+01 6.000000e+00 2.000000e+00 3.600000e+01 3.654184e+01
1.000000e+00 2.000000e+00 8.900000e+01 9.000000e+00 4.000000e+00 6.700000e+01 6.764853e+01
1.000000e+00 3.000000e+00 8.700000e+01 8.000000e+00 5.000000e+00 6.700000e+01 6.818232e+01
1.000000e+00 6.000000e+00 4.400000e+01 8.000000e+00 0.000000e+00 2.900000e+01 3.201782e+01
1.000000e+00 5.000000e+00 4.700000e+01 5.000000e+00 8.000000e+00 3.100000e+01 3.235967e+01
1.000000e+00 8.000000e+00 8.500000e+01 4.000000e+00 5.000000e+00 7.400000e+01 7.848309e+01
1.000000e+00 9.000000e+00 4.400000e+01 5.000000e+00 2.000000e+00 3.700000e+01 3.952482e+01
1.000000e+00 3.000000e+00 9.700000e+01 6.000000e+00 0.000000e+00 7.900000e+01 7.641894e+01
1.000000e+00 3.000000e+00 9.900000e+01 4.000000e+00 8.000000e+00 7.600000e+01 7.906823e+01
1.000000e+00 3.000000e+00 6.300000e+01 8.000000e+00 1.000000e+00 4.500000e+01 4.299167e+01
1.000000e+00 6.000000e+00 7.900000e+01 6.000000e+00 9.000000e+00 6.500000e+01 6.842219e+01
1.000000e+00 1.000000e+00 9.600000e+01 7.000000e+00 5.000000e+00 7.200000e+01 7.116240e+01
1.000000e+00 7.000000e+00 6.500000e+01 6.000000e+00 5.000000e+00 6.200000e+01 5.624896e+01
1.000000e+00 1.000000e+00 4.500000e+01 4.000000e+00 2.000000e+00 1.900000e+01 1.728126e+01
1.000000e+00 5.000000e+00 5.500000e+01 4.000000e+00 5.000000e+00 3.900000e+01 3.943080e+01
1.000000e+00 8.000000e+00 9.900000e+01 8.000000e+00 1.000000e+00 9.300000e+01 9.384164e+01
1.000000e+00 4.000000e+00 7.500000e+01 9.000000e+00 7.000000e+00 6.200000e+01 5.969543e+01
1.000000e+00 5.000000e+00 5.100000e+01 7.000000e+00 0.000000e+00 3.700000e+01 3.581203e+01
1.000000e+00 4.000000e+00 5.000000e+01 8.000000e+00 5.000000e+00 3.400000e+01 3.340351e+01
1.000000e+00 4.000000e+00 4.200000e+01 7.000000e+00 0.000000e+00 2.300000e+01 2.381154e+01
1.000000e+00 8.000000e+00 8.300000e+01 7.000000e+00 8.000000e+00 7.900000e+01 7.846633e+01
1.000000e+00 2.000000e+00 7.600000e+01 8.000000e+00 8.000000e+00 5.100000e+01 5.473600e+01
1.000000e+00 1.000000e+00 4.500000e+01 6.000000e+00 5.000000e+00 1.800000e+01 1.882203e+01
1.000000e+00 3.000000e+00 5.800000e+01 5.000000e+00 5.000000e+00 4.100000e+01 3.726194e+01
1.000000e+00 9.000000e+00 5.700000e+01 7.000000e+00 8.000000e+00 5.700000e+01 5.487388e+01
1.000000e+00 4.000000e+00 5.500000e+01 4.000000e+00 4.000000e+00 3.600000e+01 3.638676e+01
1.000000e+00 5.000000e+00 6.200000e+01 8.000000e+00 8.000000e+00 4.700000e+01 4.904287e+01
1.000000e+00 2.000000e+00 8.200000e+01 9.000000e+00 4.000000e+00 6.500000e+01 6.052994e+01
1.000000e+00 4.000000e+00 7.600000e+01 6.000000e+00 3.000000e+00 5.700000e+01 5.849923e+01
1.000000e+00 2.000000e+00 4.800000e+01 7.000000e+00 1.000000e+00 2.200000e+01 2.441317e+01
1.000000e+00 2.000000e+00 4.200000e+01 9.000000e+00 1.000000e+00 2.000000e+01 1.926424e+01
1.000000e+00 4.000000e+00 4.700000e+01 6.000000e+00 0.000000e+00 2.700000e+01 2.841989e+01
1.000000e+00 6.000000e+00 7.700000e+01 8.000000e+00 9.000000e+00 6.400000e+01 6.734102e+01
1.000000e+00 7.000000e+00 4.300000e+01 9.000000e+00 2.000000e+00 3.200000e+01 3.471729e+01
1.000000e+00 3.000000e+00 5.100000e+01 4.000000e+00 0.000000e+00 2.900000e+01 2.868692e+01
1.000000e+00 3.000000e+00 8.300000e+01 7.000000e+00 5.000000e+00 6.200000e+01 6.363820e+01
1.000000e+00 6.000000e+00 7.000000e+01 7.000000e+00 6.000000e+00 5.600000e+01 5.915803e+01
1.000000e+00 3.000000e+00 6.400000e+01 9.000000e+00 8.000000e+00 4.300000e+01 4.585708e+01
1.000000e+00 2.000000e+00 9.200000e+01 6.000000e+00 6.000000e+00 7.000000e+01 6.966231e+01
1.000000e+00 8.000000e+00 5.500000e+01 8.000000e+00 3.000000e+00 4.900000e+01 4.948826e+01
1.000000e+00 5.000000e+00 8.100000e+01 5.000000e+00 3.000000e+00 6.800000e+01 6.595560e+01
1.000000e+00 1.000000e+00 9.300000e+01 7.000000e+00 7.000000e+00 6.600000e+01 6.850361e+01
1.000000e+00 3.000000e+00 5.300000e+01 4.000000e+00 3.000000e+00 3.100000e+01 3.130885e+01
1.000000e+00 8.000000e+00 5.200000e+01 7.000000e+00 0.000000e+00 4.400000e+01 4.537302e+01
1.000000e+00 4.000000e+00 8.000000e+01 7.000000e+00 8.000000e+00 6.500000e+01 6.402344e+01
1.000000e+00 7.000000e+00 4.600000e+01 5.000000e+00 2.000000e+00 3.600000e+01 3.586267e+01
1.000000e+00 2.000000e+00 5.100000e+01 5.000000e+00 0.000000e+00 2.700000e+01 2.631526e+01
1.000000e+00 7.000000e+00 7.600000e+01 8.000000e+00 8.000000e+00 7.100000e+01 6.897609e+01
1.000000e+00 5.000000e+00 8.900000e+01 7.000000e+00 9.000000e+00 7.600000e+01 7.621994e+01
1.000000e+00 5.000000e+00 4.300000e+01 7.000000e+00 9.000000e+00 3.100000e+01 2.944064e+01
1.000000e+00 6.000000e+00 4.100000e+01 6.000000e+00 4.000000e+00 2.600000e+01 2.879834e+01
1.000000e+00 9.000000e+00 7.400000e+01 6.000000e+00 8.000000e+00 6.900000e+01 7.168552e+01
1.000000e+00 6.000000e+00 9.700000e+01 9.000000e+00 2.000000e+00 9.000000e+01 8.678410e+01
1.000000e+00 8.000000e+00 8.300000e+01 9.000000e+00 5.000000e+00 7.900000e+01 7.883100e+01
1.000000e+00 7.000000e+00 4.200000e+01 4.000000e+00 6.000000e+00 3.300000e+01 3.210261e+01
1.000000e+00 9.000000e+00 4.300000e+01 4.000000e+00 4.000000e+00 4.000000e+01 3.842356e+01
1.000000e+00 4.000000e+00 7.700000e+01 6.000000e+00 7.000000e+00 5.800000e+01 6.030024e+01
1.000000e+00 2.000000e+00 5.100000e+01 9.000000e+00 9.000000e+00 2.800000e+01 2.998484e+01
1.000000e+00 7.000000e+00 5.800000e+01 4.000000e+00 5.000000e+00 5.000000e+01 4.817766e+01
1.000000e+00 6.000000e+00 4.900000e+01 7.000000e+00 5.000000e+00 3.700000e+01 3.760624e+01
1.000000e+00 1.000000e+00 4.000000e+01 9.000000e+00 6.000000e+00 1.500000e+01 1.536242e+01
1.000000e+00 9.000000e+00 5.600000e+01 5.000000e+00 7.000000e+00 5.000000e+01 5.270820e+01
1.000000e+00 9.000000e+00 5.500000e+01 9.000000e+00 1.000000e+00 5.500000e+01 5.242060e+01
1.000000e+00 2.000000e+00 4.800000e+01 7.000000e+00 6.000000e+00 2.500000e+01 2.539325e+01
1.000000e+00 3.000000e+00 9.600000e+01 6.000000e+00 8.000000e+00 7.900000e+01 7.697012e+01
1.000000e+00 5.000000e+00 9.200000e+01 8.000000e+00 0.000000e+00 7.900000e+01 7.798298e+01
1.000000e+00 5.000000e+00 4.800000e+01 8.000000e+00 0.000000e+00 3.600000e+01 3.323757e+01
1.000000e+00 1.000000e+00 9.800000e+01 6.000000e+00 6.000000e+00 6.900000e+01 7.291594e+01
1.000000e+00 8.000000e+00 9.400000e+01 7.000000e+00 4.000000e+00 8.300000e+01 8.886862e+01
1.000000e+00 8.000000e+00 4.800000e+01 4.000000e+00 0.000000e+00 4.400000e+01 3.987618e+01
1.000000e+00 4.000000e+00 5.100000e+01 9.000000e+00 0.000000e+00 3.600000e+01 3.391673e+01
1.000000e+00 7.000000e+00 9.400000e+01 9.000000e+00 1.000000e+00 8.400000e+01 8.638528e+01
1.000000e+00 3.000000e+00 8.000000e+01 4.000000e+00 9.000000e+00 5.800000e+01 5.994236e+01
1.000000e+00 6.000000e+00 5.400000e+01 8.000000e+00 8.000000e+00 4.400000e+01 4.375536e+01
1.000000e+00 9.000000e+00 4.100000e+01 6.000000e+00 2.000000e+00 3.600000e+01 3.695036e+01
1.000000e+00 1.000000e+00 5.000000e+01 6.000000e+00 8.000000e+00 2.300000e+01 2.449479e+01
1.000000e+00 5.000000e+00 5.000000e+01 5.000000e+00 5.000000e+00 3.300000e+01 3.482245e+01
1.000000e+00 4.000000e+00 4.700000e+01 8.000000e+00 9.000000e+00 3.100000e+01 3.113675e+01
1.000000e+00 8.000000e+00 9.400000e+01 6.000000e+00 5.000000e+00 9.000000e+01 8.858828e+01
1.000000e+00 1.000000e+00 7.100000e+01 5.000000e+00 6.000000e+00 4.500000e+01 4.498216e+01
1.000000e+00 9.000000e+00 4.500000e+01 4.000000e+00 9.000000e+00 4.000000e+01 4.143752e+01
1.000000e+00 6.000000e+00 9.200000e+01 8.000000e+00 7.000000e+00 8.100000e+01 8.220311e+01
1.000000e+00 4.000000e+00 5.900000e+01 8.000000e+00 2.000000e+00 4.700000e+01 4.196793e+01
1.000000e+00 9.000000e+00 7.800000e+01 6.000000e+00 7.000000e+00 7.500000e+01 7.555727e+01
1.000000e+00 5.000000e+00 7.400000e+01 6.000000e+00 5.000000e+00 6.100000e+01 5.970540e+01
1.000000e+00 5.000000e+00 4.700000e+01 7.000000e+00 5.000000e+00 3.700000e+01 3.272434e+01
1.000000e+00 5.000000e+00 8.900000e+01 4.000000e+00 2.000000e+00 7.500000e+01 7.341875e+01
1.000000e+00 1.000000e+00 8.800000e+01 4.000000e+00 5.000000e+00 6.300000e+01 6.159779e+01
1.000000e+00 1.000000e+00 8.200000e+01 9.000000e+00 7.000000e+00 6.100000e+01 5.826997e+01
1.000000e+00 8.000000e+00 7.300000e+01 5.000000e+00 6.000000e+00 7.000000e+01 6.695217e+01
1.000000e+00 8.000000e+00 9.600000e+01 5.000000e+00 9.000000e+00 9.100000e+01 9.092987e+01
1.000000e+00 6.000000e+00 9.200000e+01 7.000000e+00 9.000000e+00 8.000000e+01 8.211878e+01
1.000000e+00 4.000000e+00 9.800000e+01 9.000000e+00 6.000000e+00 8.300000e+01 8.288907e+01
1.000000e+00 2.000000e+00 9.500000e+01 4.000000e+00 2.000000e+00 7.200000e+01 7.097635e+01
1.000000e+00 2.000000e+00 5.800000e+01 5.000000e+00 9.000000e+00 3.500000e+01 3.519799e+01
1.000000e+00 9.000000e+00 4.600000e+01 4.000000e+00 2.000000e+00 4.100000e+01 4.108235e+01
1.000000e+00 5.000000e+00 7.000000e+01 4.000000e+00 4.000000e+00 5.700000e+01 5.448890e+01
1.000000e+00 4.000000e+00 5.700000e+01 9.000000e+00 4.000000e+00 4.300000e+01 4.080244e+01
1.000000e+00 1.000000e+00 7.900000e+01 5.000000e+00 8.000000e+00 5.500000e+01 5.350972e+01
1.000000e+00 7.000000e+00 5.300000e+01 6.000000e+00 8.000000e+00 4.200000e+01 4.463372e+01
1.000000e+00 3.000000e+00 7.800000e+01 6.000000e+00 9.000000e+00 5.900000e+01 5.886119e+01
1.000000e+00 6.000000e+00 9.900000e+01 9.000000e+00 4.000000e+00 9.000000e+01 8.921001e+01
1.000000e+00 5.000000e+00 9.200000e+01 5.000000e+00 4.000000e+00 7.900000e+01 7.733797e+01
1.000000e+00 5.000000e+00 9.900000e+01 7.000000e+00 5.000000e+00 8.900000e+01 8.560529e+01
1.000000e+00 5.000000e+00 9.800000e+01 8.000000e+00 7.000000e+00 8.700000e+01 8.545674e+01
1.000000e+00 1.000000e+00 7.500000e+01 9.000000e+00 5.000000e+00 5.000000e+01 5.075935e+01
1.000000e+00 1.000000e+00 5.600000e+01 4.000000e+00 5.000000e+00 3.300000e+01 2.905567e+01
1.000000e+00 3.000000e+00 7.600000e+01 9.000000e+00 8.000000e+00 5.800000e+01 5.806037e+01
1.000000e+00 4.000000e+00 8.300000e+01 8.000000e+00 0.000000e+00 6.800000e+01 6.598249e+01
1.000000e+00 5.000000e+00 4.800000e+01 9.000000e+00 3.000000e+00 3.300000e+01 3.430197e+01
1.000000e+00 2.000000e+00 9.700000e+01 5.000000e+00 9.000000e+00 7.300000e+01 7.485870e+01
1.000000e+00 8.000000e+00 5.900000e+01 4.000000e+00 9.000000e+00 5.000000e+01 5.282668e+01
1.000000e+00 2.000000e+00 8.400000e+01 8.000000e+00 1.000000e+00 5.900000e+01 6.149942e+01
1.000000e+00 9.000000e+00 9.600000e+01 6.000000e+00 8.000000e+00 9.300000e+01 9.405823e+01
1.000000e+00 2.000000e+00 6.700000e+01 7.000000e+00 2.000000e+00 4.700000e+01 4.393107e+01
1.000000e+00 9.000000e+00 8.900000e+01 9.000000e+00 9.000000e+00 8.900000e+01 8.856473e+01
1.000000e+00 7.000000e+00 5.900000e+01 9.000000e+00 1.000000e+00 4.700000e+01 5.079233e+01
1.000000e+00 8.000000e+00 8.000000e+01 8.000000e+00 7.000000e+00 7.700000e+01 7.569585e+01
1.000000e+00 2.000000e+00 7.500000e+01 7.000000e+00 3.000000e+00 5.300000e+01 5.226262e+01
1.000000e+00 7.000000e+00 9.200000e+01 9.000000e+00 1.000000e+00 8.700000e+01 8.435139e+01
1.000000e+00 6.000000e+00 6.600000e+01 6.000000e+00 3.000000e+00 5.300000e+01 5.402586e+01
1.000000e+00 4.000000e+00 4.700000e+01 8.000000e+00 6.000000e+00 2.800000e+01 3.054870e+01
1.000000e+00 7.000000e+00 7.100000e+01 5.000000e+00 6.000000e+00 6.600000e+01 6.207027e+01
1.000000e+00 4.000000e+00 4.000000e+01 4.000000e+00 0.000000e+00 2.300000e+01 2.034858e+01
1.000000e+00 2.000000e+00 5.600000e+01 6.000000e+00 0.000000e+00 2.800000e+01 3.187632e+01
1.000000e+00 7.000000e+00 9.600000e+01 7.000000e+00 2.000000e+00 8.900000e+01 8.766246e+01
1.000000e+00 8.000000e+00 4.800000e+01 7.000000e+00 1.000000e+00 3.800000e+01 4.150128e+01
1.000000e+00 2.000000e+00 5.900000e+01 6.000000e+00 2.000000e+00 3.700000e+01 3.531918e+01
1.000000e+00 5.000000e+00 8.400000e+01 5.000000e+00 3.000000e+00 6.600000e+01 6.900642e+01
1.000000e+00 1.000000e+00 7.100000e+01 9.000000e+00 6.000000e+00 4.400000e+01 4.688760e+01
1.000000e+00 7.000000e+00 4.100000e+01 5.000000e+00 1.000000e+00 3.300000e+01 3.058195e+01
1.000000e+00 8.000000e+00 7.100000e+01 9.000000e+00 6.000000e+00 6.700000e+01 6.682372e+01
1.000000e+00 6.000000e+00 8.400000e+01 9.000000e+00 4.000000e+00 7.600000e+01 7.395589e+01
1.000000e+00 5.000000e+00 4.800000e+01 7.000000e+00 7.000000e+00 3.300000e+01 3.413332e+01
1.000000e+00 6.000000e+00 6.900000e+01 9.000000e+00 7.000000e+00 5.900000e+01 5.928982e+01
1.000000e+00 2.000000e+00 5.900000e+01 6.000000e+00 4.000000e+00 3.900000e+01 3.571121e+01
1.000000e+00 1.000000e+00 7.700000e+01 9.000000e+00 9.000000e+00 5.500000e+01 5.357730e+01
1.000000e+00 7.000000e+00 9.900000e+01 6.000000e+00 7.000000e+00 9.600000e+01 9.121700e+01
1.000000e+00 7.000000e+00 4.000000e+01 4.000000e+00 8.000000e+00 3.000000e+01 3.046076e+01
1.000000e+00 2.000000e+00 9.900000e+01 7.000000e+00 6.000000e+00 8.000000e+01 7.725726e+01
1.000000e+00 2.000000e+00 9.600000e+01 5.000000e+00 5.000000e+00 7.500000e+01 7.305770e+01
1.000000e+00 1.000000e+00 4.400000e+01 8.000000e+00 6.000000e+00 1.900000e+01 1.895383e+01
1.000000e+00 8.000000e+00 7.400000e+01 5.000000e+00 6.000000e+00 7.100000e+01 6.796911e+01
1.000000e+00 8.000000e+00 7.500000e+01 5.000000e+00 2.000000e+00 6.700000e+01 6.820199e+01
1.000000e+00 1.000000e+00 4.000000e+01 8.000000e+00 5.000000e+00 1.600000e+01 1.469004e+01
1.000000e+00 8.000000e+00 5.300000e+01 7.000000e+00 5.000000e+00 4.500000e+01 4.737005e+01
1.000000e+00 9.000000e+00 4.800000e+01 9.000000e+00 8.000000e+00 4.400000e+01 4.667412e+01
1.000000e+00 4.000000e+00 6.900000e+01 4.000000e+00 0.000000e+00 5.000000e+01 4.983988e+01
1.000000e+00 1.000000e+00 6.300000e+01 5.000000e+00 6.000000e+00 3.700000e+01 3.684663e+01
1.000000e+00 1.000000e+00 4.300000e+01 9.000000e+00 0.000000e+00 1.500000e+01 1.723715e+01
1.000000e+00 3.000000e+00 8.900000e+01 5.000000e+00 9.000000e+00 7.100000e+01 6.957119e+01
1.000000e+00 5.000000e+00 5.300000e+01 7.000000e+00 3.000000e+00 4.200000e+01 3.843396e+01
1.000000e+00 5.000000e+00 6.400000e+01 7.000000e+00 6.000000e+00 4.900000e+01 5.020836e+01
1.000000e+00 9.000000e+00 4.300000e+01 6.000000e+00 5.000000e+00 4.100000e+01 3.957229e+01
1.000000e+00 2.000000e+00 6.400000e+01 7.000000e+00 5.000000e+00 4.000000e+01 4.146829e+01
1.000000e+00 2.000000e+00 4.900000e+01 7.000000e+00 4.000000e+00 2.500000e+01 2.601816e+01
1.000000e+00 6.000000e+00 7.400000e+01 5.000000e+00 6.000000e+00 6.200000e+01 6.227307e+01
1.000000e+00 9.000000e+00 9.400000e+01 4.000000e+00 8.000000e+00 9.300000e+01 9.107163e+01
1.000000e+00 1.000000e+00 4.600000e+01 5.000000e+00 5.000000e+00 1.900000e+01 1.936261e+01
1.000000e+00 9.000000e+00 8.100000e+01 9.000000e+00 9.000000e+00 7.700000e+01 8.042920e+01
1.000000e+00 9.000000e+00 5.200000e+01 7.000000e+00 6.000000e+00 5.200000e+01 4.939714e+01
1.000000e+00 9.000000e+00 4.300000e+01 6.000000e+00 8.000000e+00 4.100000e+01 4.016034e+01
1.000000e+00 5.000000e+00 8.900000e+01 4.000000e+00 6.000000e+00 6.900000e+01 7.420282e+01
1.000000e+00 9.000000e+00 8.200000e+01 6.000000e+00 5.000000e+00 8.200000e+01 7.923300e+01
1.000000e+00 4.000000e+00 9.600000e+01 8.000000e+00 2.000000e+00 8.200000e+01 7.959476e+01
1.000000e+00 2.000000e+00 7.500000e+01 6.000000e+00 0.000000e+00 4.900000e+01 5.119821e+01
1.000000e+00 6.000000e+00 9.500000e+01 6.000000e+00 9.000000e+00 8.200000e+01 8.469325e+01
1.000000e+00 4.000000e+00 5.300000e+01 9.000000e+00 8.000000e+00 4.000000e+01 3.751874e+01
1.000000e+00 6.000000e+00 5.700000e+01 7.000000e+00 6.000000e+00 4.800000e+01 4.593779e+01
1.000000e+00 3.000000e+00 4.700000e+01 9.000000e+00 2.000000e+00 2.800000e+01 2.739298e+01
1.000000e+00 6.000000e+00 7.100000e+01 7.000000e+00 9.000000e+00 6.000000e+01 6.076302e+01
1.000000e+00 2.000000e+00 6.600000e+01 9.000000e+00 8.000000e+00 4.300000e+01 4.504294e+01
1.000000e+00 2.000000e+00 8.100000e+01 7.000000e+00 2.000000e+00 5.900000e+01 5.816825e+01
1.000000e+00 9.000000e+00 7.600000e+01 7.000000e+00 2.000000e+00 7.100000e+01 7.301967e+01
1.000000e+00 7.000000e+00 6.200000e+01 7.000000e+00 6.000000e+00 5.200000e+01 5.387052e+01
1.000000e+00 3.000000e+00 4.600000e+01 6.000000e+00 1.000000e+00 2.700000e+01 2.475094e+01
1.000000e+00 1.000000e+00 5.100000e+01 8.000000e+00 9.000000e+00 2.800000e+01 2.666046e+01
1.000000e+00 8.000000e+00 6.400000e+01 7.000000e+00 6.000000e+00 6.200000e+01 5.875242e+01
1.000000e+00 6.000000e+00 4.200000e+01 8.000000e+00 6.000000e+00 2.700000e+01 3.116003e+01
1.000000e+00 7.000000e+00 6.500000e+01 8.000000e+00 0.000000e+00 5.500000e+01 5.622160e+01
1.000000e+00 9.000000e+00 4.300000e+01 5.000000e+00 9.000000e+00 3.900000e+01 3.987999e+01
1.000000e+00 5.000000e+00 8.100000e+01 5.000000e+00 1.000000e+00 6.600000e+01 6.556357e+01
1.000000e+00 1.000000e+00 7.500000e+01 4.000000e+00 4.000000e+00 4.600000e+01 4.818153e+01
1.000000e+00 7.000000e+00 5.400000e+01 9.000000e+00 3.000000e+00 4.700000e+01 4.609966e+01
1.000000e+00 5.000000e+00 7.100000e+01 5.000000e+00 2.000000e+00 5.900000e+01 5.559017e+01
1.000000e+00 3.000000e+00 6.800000e+01 7.000000e+00 9.000000e+00 4.600000e+01 4.916814e+01
1.000000e+00 9.000000e+00 4.900000e+01 8.000000e+00 7.000000e+00 4.700000e+01 4.701869e+01
1.000000e+00 1.000000e+00 6.000000e+01 9.000000e+00 6.000000e+00 3.900000e+01 3.570125e+01
1.000000e+00 1.000000e+00 9.300000e+01 4.000000e+00 8.000000e+00 6.700000e+01 6.727054e+01
1.000000e+00 1.000000e+00 5.500000e+01 5.000000e+00 2.000000e+00 2.600000e+01 2.792704e+01
1.000000e+00 3.000000e+00 8.600000e+01 6.000000e+00 9.000000e+00 6.800000e+01 6.699672e+01
1.000000e+00 6.000000e+00 5.800000e+01 9.000000e+00 0.000000e+00 4.900000e+01 4.673136e+01
1.000000e+00 3.000000e+00 6.800000e+01 4.000000e+00 8.000000e+00 4.500000e+01 4.754304e+01
1.000000e+00 8.000000e+00 9.100000e+01 7.000000e+00 8.000000e+00 8.800000e+01 8.660186e+01
1.000000e+00 2.000000e+00 9.000000e+01 9.000000e+00 0.000000e+00 6.700000e+01 6.788141e+01
1.000000e+00 9.000000e+00 5.700000e+01 8.000000e+00 7.000000e+00 5.400000e+01 5.515422e+01
1.000000e+00 3.000000e+00 9.700000e+01 7.000000e+00 9.000000e+00 7.500000e+01 7.865944e+01
1.000000e+00 5.000000e+00 8.300000e+01 7.000000e+00 0.000000e+00 6.700000e+01 6.835415e+01
1.000000e+00 8.000000e+00 9.600000e+01 9.000000e+00 5.000000e+00 9.100000e+01 9.205124e+01
1.000000e+00 2.000000e+00 5.500000e+01 6.000000e+00 8.000000e+00 3.000000e+01 3.242751e+01
1.000000e+00 6.000000e+00 4.000000e+01 6.000000e+00 2.000000e+00 2.900000e+01 2.738937e+01
1.000000e+00 5.000000e+00 8.700000e+01 9.000000e+00 5.000000e+00 7.500000e+01 7.435472e+01
1.000000e+00 9.000000e+00 4.100000e+01 9.000000e+00 2.000000e+00 4.100000e+01 3.837944e+01
1.000000e+00 5.000000e+00 9.500000e+01 9.000000e+00 4.000000e+00 8.400000e+01 8.229423e+01
1.000000e+00 2.000000e+00 5.400000e+01 8.000000e+00 6.000000e+00 3.100000e+01 3.197126e+01
1.000000e+00 5.000000e+00 7.800000e+01 5.000000e+00 9.000000e+00 6.400000e+01 6.408087e+01
1.000000e+00 4.000000e+00 6.700000e+01 7.000000e+00 3.000000e+00 4.800000e+01 4.982312e+01
1.000000e+00 7.000000e+00 4.000000e+01 9.000000e+00 3.000000e+00 2.900000e+01 3.186248e+01
1.000000e+00 6.000000e+00 4.400000e+01 5.000000e+00 6.000000e+00 3.300000e+01 3.176483e+01
1.000000e+00 2.000000e+00 8.100000e+01 8.000000e+00 4.000000e+00 5.900000e+01 5.903664e+01
1.000000e+00 5.000000e+00 6.100000e+01 7.000000e+00 0.000000e+00 4.500000e+01 4.598144e+01
1.000000e+00 7.000000e+00 9.200000e+01 5.000000e+00 9.000000e+00 8.600000e+01 8.401408e+01
1.000000e+00 7.000000e+00 7.500000e+01 7.000000e+00 1.000000e+00 6.500000e+01 6.611067e+01
1.000000e+00 5.000000e+00 8.500000e+01 6.000000e+00 5.000000e+00 7.300000e+01 7.089175e+01
1.000000e+00 9.000000e+00 5.200000e+01 9.000000e+00 8.000000e+00 5.000000e+01 5.074189e+01
1.000000e+00 4.000000e+00 4.000000e+01 6.000000e+00 6.000000e+00 2.000000e+01 2.247739e+01
1.000000e+00 3.000000e+00 5.500000e+01 4.000000e+00 3.000000e+00 3.600000e+01 3.334273e+01
1.000000e+00 4.000000e+00 9.400000e+01 8.000000e+00 1.000000e+00 7.800000e+01 7.736486e+01
1.000000e+00 5.000000e+00 8.000000e+01 9.000000e+00 3.000000e+00 6.500000e+01 6.684410e+01
1.000000e+00 6.000000e+00 6.100000e+01 5.000000e+00 4.000000e+00 4.800000e+01 4.866081e+01
1.000000e+00 3.000000e+00 7.100000e+01 7.000000e+00 1.000000e+00 4.900000e+01 5.065084e+01
1.000000e+00 2.000000e+00 5.500000e+01 4.000000e+00 0.000000e+00 3.200000e+01 2.990666e+01
1.000000e+00 4.000000e+00 9.000000e+01 8.000000e+00 3.000000e+00 6.900000e+01 7.368913e+01
1.000000e+00 5.000000e+00 5.400000e+01 8.000000e+00 5.000000e+00 4.100000e+01 4.031929e+01
1.000000e+00 4.000000e+00 9.700000e+01 8.000000e+00 0.000000e+00 7.700000e+01 8.021967e+01
1.000000e+00 3.000000e+00 8.500000e+01 5.000000e+00 0.000000e+00 6.000000e+01 6.373928e+01
1.000000e+00 8.000000e+00 9.100000e+01 9.000000e+00 8.000000e+00 8.800000e+01 8.755458e+01
1.000000e+00 4.000000e+00 8.100000e+01 6.000000e+00 4.000000e+00 6.100000e+01 6.377996e+01
1.000000e+00 2.000000e+00 9.200000e+01 4.000000e+00 1.000000e+00 6.900000e+01 6.772951e+01
1.000000e+00 2.000000e+00 5.100000e+01 5.000000e+00 1.000000e+00 2.900000e+01 2.651127e+01
1.000000e+00 1.000000e+00 9.900000e+01 7.000000e+00 3.000000e+00 7.300000e+01 7.382119e+01
1.000000e+00 4.000000e+00 4.000000e+01 5.000000e+00 1.000000e+00 2.200000e+01 2.102095e+01
1.000000e+00 9.000000e+00 9.200000e+01 7.000000e+00 3.000000e+00 9.300000e+01 8.948674e+01
1.000000e+00 7.000000e+00 5.600000e+01 7.000000e+00 5.000000e+00 4.600000e+01 4.757285e+01
1.000000e+00 7.000000e+00 8.000000e+01 8.000000e+00 6.000000e+00 7.400000e+01 7.265182e+01
1.000000e+00 7.000000e+00 9.400000e+01 5.000000e+00 5.000000e+00 8.300000e+01 8.526390e+01
1.000000e+00 8.000000e+00 9.000000e+01 6.000000e+00 3.000000e+00 8.400000e+01 8.412848e+01
1.000000e+00 1.000000e+00 9.600000e+01 7.000000e+00 9.000000e+00 7.100000e+01 7.194646e+01
1.000000e+00 8.000000e+00 8.900000e+01 8.000000e+00 2.000000e+00 8.200000e+01 8.386824e+01
1.000000e+00 4.000000e+00 6.700000e+01 6.000000e+00 3.000000e+00 4.900000e+01 4.934676e+01
1.000000e+00 4.000000e+00 4.600000e+01 5.000000e+00 4.000000e+00 2.700000e+01 2.771065e+01
1.000000e+00 4.000000e+00 4.800000e+01 6.000000e+00 3.000000e+00 2.900000e+01 3.002488e+01
1.000000e+00 6.000000e+00 6.100000e+01 5.000000e+00 2.000000e+00 5.000000e+01 4.826877e+01
1.000000e+00 7.000000e+00 6.500000e+01 7.000000e+00 0.000000e+00 5.300000e+01 5.574524e+01
1.000000e+00 6.000000e+00 9.200000e+01 4.000000e+00 2.000000e+00 8.000000e+01 7.931759e+01
1.000000e+00 1.000000e+00 5.100000e+01 4.000000e+00 4.000000e+00 2.100000e+01 2.377494e+01
1.000000e+00 8.000000e+00 4.600000e+01 9.000000e+00 5.000000e+00 3.900000e+01 4.120418e+01
1.000000e+00 7.000000e+00 8.500000e+01 9.000000e+00 3.000000e+00 7.400000e+01 7.762484e+01
1.000000e+00 6.000000e+00 8.600000e+01 7.000000e+00 0.000000e+00 7.600000e+01 7.425299e+01
1.000000e+00 6.000000e+00 5.400000e+01 6.000000e+00 9.000000e+00 4.300000e+01 4.299866e+01
1.000000e+00 5.000000e+00 7.700000e+01 5.000000e+00 6.000000e+00 6.100000e+01 6.247588e+01
1.000000e+00 6.000000e+00 6.000000e+01 4.000000e+00 8.000000e+00 4.800000e+01 4.795157e+01
1.000000e+00 9.000000e+00 5.300000e+01 5.000000e+00 5.000000e+00 4.800000e+01 4.926534e+01
1.000000e+00 9.000000e+00 4.100000e+01 7.000000e+00 5.000000e+00 4.000000e+01 3.801477e+01
1.000000e+00 8.000000e+00 4.700000e+01 6.000000e+00 8.000000e+00 4.000000e+01 4.138009e+01
1.000000e+00 9.000000e+00 8.400000e+01 5.000000e+00 3.000000e+00 8.000000e+01 8.039849e+01
1.000000e+00 8.000000e+00 9.400000e+01 6.000000e+00 4.000000e+00 9.000000e+01 8.839226e+01
1.000000e+00 8.000000e+00 4.500000e+01 4.000000e+00 4.000000e+00 3.600000e+01 3.760942e+01
1.000000e+00 1.000000e+00 7.600000e+01 5.000000e+00 4.000000e+00 4.800000e+01 4.967484e+01
1.000000e+00 5.000000e+00 7.600000e+01 8.000000e+00 7.000000e+00 6.000000e+01 6.308403e+01
1.000000e+00 4.000000e+00 9.600000e+01 4.000000e+00 0.000000e+00 7.600000e+01 7.729729e+01
1.000000e+00 2.000000e+00 7.200000e+01 6.000000e+00 9.000000e+00 4.700000e+01 4.991153e+01
1.000000e+00 8.000000e+00 8.000000e+01 7.000000e+00 9.000000e+00 7.300000e+01 7.561152e+01
1.000000e+00 3.000000e+00 4.500000e+01 8.000000e+00 2.000000e+00 2.200000e+01 2.488274e+01
1.000000e+00 4.000000e+00 9.100000e+01 9.000000e+00 7.000000e+00 7.400000e+01 7.596650e+01
1.000000e+00 7.000000e+00 6.500000e+01 5.000000e+00 8.000000e+00 5.800000e+01 5.636065e+01
1.000000e+00 9.000000e+00 7.800000e+01 9.000000e+00 1.000000e+00 7.600000e+01 7.581025e+01
1.000000e+00 2.000000e+00 8.000000e+01 4.000000e+00 3.000000e+00 5.900000e+01 5.591824e+01
1.000000e+00 3.000000e+00 7.600000e+01 5.000000e+00 7.000000e+00 5.500000e+01 5.595892e+01
1.000000e+00 4.000000e+00 5.300000e+01 5.000000e+00 4.000000e+00 3.300000e+01 3.482924e+01
1.000000e+00 1.000000e+00 7.600000e+01 8.000000e+00 0.000000e+00 5.000000e+01 5.031985e+01
1.000000e+00 7.000000e+00 4.700000e+01 8.000000e+00 5.000000e+00 3.700000e+01 3.889674e+01
1.000000e+00 2.000000e+00 7.800000e+01 8.000000e+00 8.000000e+00 5.800000e+01 5.676988e+01
1.000000e+00 5.000000e+00 5.200000e+01 8.000000e+00 8.000000e+00 3.600000e+01 3.887346e+01
1.000000e+00 1.000000e+00 5.200000e+01 7.000000e+00 0.000000e+00 2.500000e+01 2.543690e+01
1.000000e+00 3.000000e+00 7.900000e+01 6.000000e+00 3.000000e+00 6.200000e+01 5.870204e+01
1.000000e+00 2.000000e+00 8.200000e+01 8.000000e+00 0.000000e+00 5.700000e+01 5.926952e+01
1.000000e+00 1.000000e+00 6.700000e+01 4.000000e+00 6.000000e+00 3.900000e+01 4.043804e+01
1.000000e+00 7.000000e+00 9.700000e+01 5.000000e+00 2.000000e+00 8.400000e+01 8.772668e+01
1.000000e+00 5.000000e+00 5.700000e+01 9.000000e+00 1.000000e+00 4.500000e+01 4.306241e+01
1.000000e+00 1.000000e+00 9.600000e+01 8.000000e+00 7.000000e+00 7.200000e+01 7.203079e+01
1.000000e+00 6.000000e+00 5.800000e+01 4.000000e+00 8.000000e+00 4.500000e+01 4.591769e+01
1.000000e+00 5.000000e+00 7.700000e+01 7.000000e+00 6.000000e+00 6.300000e+01 6.342860e+01
1.000000e+00 3.000000e+00 7.100000e+01 4.000000e+00 5.000000e+00 5.000000e+01 5.000582e+01
1.000000e+00 7.000000e+00 6.100000e+01 9.000000e+00 9.000000e+00 5.300000e+01 5.439434e+01
1.000000e+00 9.000000e+00 4.100000e+01 9.000000e+00 5.000000e+00 3.600000e+01 3.896749e+01
1.000000e+00 9.000000e+00 9.900000e+01 4.000000e+00 8.000000e+00 9.700000e+01 9.615633e+01
1.000000e+00 9.000000e+00 5.200000e+01 7.000000e+00 4.000000e+00 4.900000e+01 4.900511e+01
1.000000e+00 2.000000e+00 6.200000e+01 9.000000e+00 4.000000e+00 4.000000e+01 4.019111e+01
1.000000e+00 3.000000e+00 6.400000e+01 7.000000e+00 1.000000e+00 4.300000e+01 4.353225e+01
1.000000e+00 7.000000e+00 6.700000e+01 5.000000e+00 5.000000e+00 6.000000e+01 5.780649e+01
1.000000e+00 5.000000e+00 9.700000e+01 8.000000e+00 5.000000e+00 8.500000e+01 8.404777e+01
1.000000e+00 2.000000e+00 5.000000e+01 9.000000e+00 5.000000e+00 2.600000e+01 2.818383e+01
1.000000e+00 3.000000e+00 7.200000e+01 4.000000e+00 3.000000e+00 5.300000e+01 5.063073e+01
1.000000e+00 6.000000e+00 6.300000e+01 6.000000e+00 6.000000e+00 5.300000e+01 5.156308e+01
1.000000e+00 7.000000e+00 4.100000e+01 6.000000e+00 8.000000e+00 3.400000e+01 3.243042e+01
1.000000e+00 9.000000e+00 6.900000e+01 5.000000e+00 0.000000e+00 6.300000e+01 6.455633e+01
1.000000e+00 1.000000e+00 5.600000e+01 6.000000e+00 2.000000e+00 3.100000e+01 2.942034e+01
1.000000e+00 7.000000e+00 7.900000e+01 5.000000e+00 9.000000e+00 7.100000e+01 7.079385e+01
1.000000e+00 8.000000e+00 7.300000e+01 8.000000e+00 8.000000e+00 6.700000e+01 6.877328e+01
1.000000e+00 3.000000e+00 7.700000e+01 5.000000e+00 4.000000e+00 5.700000e+01 5.638781e+01
1.000000e+00 4.000000e+00 6.100000e+01 7.000000e+00 5.000000e+00 4.600000e+01 4.411351e+01
1.000000e+00 6.000000e+00 4.400000e+01 7.000000e+00 7.000000e+00 3.400000e+01 3.291357e+01
1.000000e+00 7.000000e+00 8.700000e+01 7.000000e+00 8.000000e+00 7.600000e+01 7.968608e+01
1.000000e+00 4.000000e+00 7.900000e+01 9.000000e+00 7.000000e+00 6.500000e+01 6.376320e+01
1.000000e+00 8.000000e+00 9.000000e+01 7.000000e+00 2.000000e+00 8.400000e+01 8.440883e+01
1.000000e+00 5.000000e+00 5.500000e+01 7.000000e+00 9.000000e+00 3.800000e+01 4.164394e+01
1.000000e+00 1.000000e+00 5.200000e+01 7.000000e+00 0.000000e+00 2.700000e+01 2.543690e+01
1.000000e+00 4.000000e+00 6.500000e+01 7.000000e+00 4.000000e+00 4.900000e+01 4.798525e+01
1.000000e+00 3.000000e+00 7.000000e+01 9.000000e+00 6.000000e+00 5.200000e+01 5.156669e+01
1.000000e+00 9.000000e+00 9.100000e+01 7.000000e+00 1.000000e+00 8.600000e+01 8.807777e+01
1.000000e+00 8.000000e+00 7.800000e+01 7.000000e+00 0.000000e+00 7.400000e+01 7.181350e+01
1.000000e+00 1.000000e+00 8.700000e+01 8.000000e+00 3.000000e+00 6.400000e+01 6.209425e+01
1.000000e+00 6.000000e+00 6.200000e+01 9.000000e+00 2.000000e+00 5.300000e+01 5.119115e+01
1.000000e+00 9.000000e+00 8.700000e+01 7.000000e+00 3.000000e+00 8.700000e+01 8.440204e+01
1.000000e+00 7.000000e+00 5.100000e+01 5.000000e+00 0.000000e+00 4.300000e+01 4.055535e+01
1.000000e+00 4.000000e+00 5.300000e+01 8.000000e+00 1.000000e+00 3.700000e+01 3.567027e+01
1.000000e+00 1.000000e+00 9.500000e+01 9.000000e+00 0.000000e+00 6.800000e+01 7.011810e+01
1.000000e+00 2.000000e+00 5.700000e+01 6.000000e+00 2.000000e+00 3.200000e+01 3.328530e+01
1.000000e+00 5.000000e+00 6.600000e+01 4.000000e+00 3.000000e+00 4.900000e+01 5.022512e+01
1.000000e+00 5.000000e+00 6.700000e+01 9.000000e+00 0.000000e+00 5.600000e+01 5.303581e+01
1.000000e+00 8.000000e+00 5.700000e+01 8.000000e+00 5.000000e+00 5.200000e+01 5.191417e+01
1.000000e+00 6.000000e+00 5.500000e+01 7.000000e+00 1.000000e+00 4.100000e+01 4.292383e+01
1.000000e+00 8.000000e+00 9.100000e+01 8.000000e+00 9.000000e+00 8.700000e+01 8.727424e+01
1.000000e+00 2.000000e+00 5.500000e+01 4.000000e+00 4.000000e+00 3.400000e+01 3.069073e+01
1.000000e+00 3.000000e+00 5.200000e+01 4.000000e+00 7.000000e+00 3.200000e+01 3.107597e+01
1.000000e+00 6.000000e+00 9.700000e+01 9.000000e+00 3.000000e+00 8.900000e+01 8.698012e+01
1.000000e+00 3.000000e+00 6.800000e+01 7.000000e+00 4.000000e+00 4.600000e+01 4.818806e+01
1.000000e+00 6.000000e+00 4.800000e+01 7.000000e+00 8.000000e+00 3.600000e+01 3.717735e+01
1.000000e+00 6.000000e+00 6.500000e+01 5.000000e+00 1.000000e+00 5.100000e+01 5.214052e+01
1.000000e+00 2.000000e+00 6.700000e+01 4.000000e+00 1.000000e+00 4.600000e+01 4.230597e+01
1.000000e+00 7.000000e+00 8.000000e+01 7.000000e+00 5.000000e+00 7.200000e+01 7.197944e+01
1.000000e+00 2.000000e+00 5.200000e+01 4.000000e+00 5.000000e+00 2.700000e+01 2.783592e+01
1.000000e+00 6.000000e+00 7.500000e+01 5.000000e+00 2.000000e+00 5.900000e+01 6.250595e+01
1.000000e+00 1.000000e+00 4.800000e+01 6.000000e+00 8.000000e+00 2.500000e+01 2.246090e+01
1.000000e+00 3.000000e+00 8.600000e+01 4.000000e+00 0.000000e+00 6.700000e+01 6.427986e+01
1.000000e+00 2.000000e+00 5.300000e+01 5.000000e+00 2.000000e+00 2.400000e+01 2.874117e+01
1.000000e+00 7.000000e+00 9.000000e+01 5.000000e+00 7.000000e+00 8.200000e+01 8.158817e+01
1.000000e+00 4.000000e+00 5.100000e+01 5.000000e+00 7.000000e+00 3.500000e+01 3.338340e+01
1.000000e+00 8.000000e+00 9.200000e+01 8.000000e+00 3.000000e+00 8.800000e+01 8.711508e+01
1.000000e+00 6.000000e+00 9.700000e+01 9.000000e+00 7.000000e+00 8.700000e+01 8.776418e+01
1.000000e+00 4.000000e+00 9.600000e+01 7.000000e+00 9.000000e+00 7.900000e+01 8.049051e+01
1.000000e+00 5.000000e+00 7.100000e+01 4.000000e+00 7.000000e+00 5.800000e+01 5.609389e+01
1.000000e+00 9.000000e+00 7.700000e+01 9.000000e+00 0.000000e+00 7.600000e+01 7.459729e+01
1.000000e+00 7.000000e+00 4.200000e+01 8.000000e+00 2.000000e+00 3.400000e+01 3.322399e+01
1.000000e+00 9.000000e+00 9.700000e+01 4.000000e+00 0.000000e+00 9.500000e+01 9.255432e+01
1.000000e+00 7.000000e+00 9.600000e+01 9.000000e+00 1.000000e+00 9.300000e+01 8.841916e+01
1.000000e+00 1.000000e+00 9.300000e+01 8.000000e+00 3.000000e+00 6.700000e+01 6.819590e+01
1.000000e+00 8.000000e+00 9.100000e+01 7.000000e+00 2.000000e+00 8.500000e+01 8.542577e+01
1.000000e+00 4.000000e+00 5.500000e+01 5.000000e+00 5.000000e+00 3.600000e+01 3.705914e+01
1.000000e+00 3.000000e+00 5.900000e+01 9.000000e+00 4.000000e+00 3.800000e+01 3.998831e+01
1.000000e+00 7.000000e+00 7.100000e+01 9.000000e+00 4.000000e+00 6.600000e+01 6.358367e+01
1.000000e+00 3.000000e+00 9.500000e+01 4.000000e+00 9.000000e+00 7.800000e+01 7.519648e+01
1.000000e+00 8.000000e+00 6.200000e+01 5.000000e+00 6.000000e+00 5.800000e+01 5.576581e+01
1.000000e+00 6.000000e+00 5.600000e+01 7.000000e+00 6.000000e+00 4.800000e+01 4.492085e+01
1.000000e+00 5.000000e+00 5.500000e+01 4.000000e+00 8.000000e+00 4.100000e+01 4.001884e+01
1.000000e+00 4.000000e+00 7.700000e+01 6.000000e+00 7.000000e+00 6.100000e+01 6.030024e+01
1.000000e+00 8.000000e+00 4.700000e+01 6.000000e+00 2.000000e+00 4.200000e+01 4.020399e+01
1.000000e+00 8.000000e+00 5.800000e+01 6.000000e+00 1.000000e+00 5.000000e+01 5.119433e+01
1.000000e+00 1.000000e+00 6.900000e+01 7.000000e+00 0.000000e+00 4.000000e+01 4.272490e+01
1.000000e+00 9.000000e+00 9.600000e+01 6.000000e+00 9.000000e+00 9.400000e+01 9.425424e+01
1.000000e+00 5.000000e+00 9.700000e+01 9.000000e+00 5.000000e+00 8.400000e+01 8.452413e+01
1.000000e+00 4.000000e+00 7.300000e+01 4.000000e+00 3.000000e+00 5.900000e+01 5.449569e+01
1.000000e+00 6.000000e+00 5.300000e+01 9.000000e+00 2.000000e+00 3.900000e+01 4.203868e+01
1.000000e+00 6.000000e+00 6.100000e+01 6.000000e+00 1.000000e+00 4.900000e+01 4.854912e+01
1.000000e+00 2.000000e+00 8.300000e+01 4.000000e+00 1.000000e+00 5.900000e+01 5.857704e+01
1.000000e+00 8.000000e+00 5.600000e+01 9.000000e+00 3.000000e+00 4.900000e+01 5.098156e+01
1.000000e+00 7.000000e+00 9.900000e+01 7.000000e+00 0.000000e+00 8.900000e+01 9.032125e+01
1.000000e+00 1.000000e+00 9.800000e+01 5.000000e+00 5.000000e+00 7.300000e+01 7.224356e+01
1.000000e+00 5.000000e+00 5.400000e+01 9.000000e+00 9.000000e+00 4.000000e+01 4.157972e+01
1.000000e+00 6.000000e+00 8.900000e+01 8.000000e+00 4.000000e+00 7.900000e+01 7.856424e+01
1.000000e+00 4.000000e+00 8.700000e+01 6.000000e+00 9.000000e+00 7.400000e+01 7.086168e+01
1.000000e+00 2.000000e+00 7.100000e+01 8.000000e+00 8.000000e+00 4.900000e+01 4.965129e+01
1.000000e+00 4.000000e+00 5.200000e+01 5.000000e+00 1.000000e+00 3.500000e+01 3.322425e+01
1.000000e+00 1.000000e+00 6.000000e+01 7.000000e+00 8.000000e+00 3.900000e+01 3.514056e+01
1.000000e+00 7.000000e+00 8.800000e+01 9.000000e+00 8.000000e+00 8.300000e+01 8.165574e+01
1.000000e+00 2.000000e+00 7.900000e+01 7.000000e+00 9.000000e+00 5.600000e+01 5.750648e+01
1.000000e+00 2.000000e+00 7.200000e+01 5.000000e+00 8.000000e+00 4.600000e+01 4.923915e+01
1.000000e+00 9.000000e+00 9.600000e+01 8.000000e+00 9.000000e+00 9.500000e+01 9.520696e+01
1.000000e+00 5.000000e+00 9.700000e+01 9.000000e+00 9.000000e+00 8.600000e+01 8.530819e+01
1.000000e+00 2.000000e+00 6.600000e+01 6.000000e+00 3.000000e+00 3.900000e+01 4.263378e+01
1.000000e+00 9.000000e+00 7.400000e+01 4.000000e+00 4.000000e+00 7.000000e+01 6.994874e+01
1.000000e+00 9.000000e+00 5.500000e+01 7.000000e+00 7.000000e+00 5.100000e+01 5.264398e+01
1.000000e+00 1.000000e+00 6.700000e+01 5.000000e+00 7.000000e+00 4.100000e+01 4.111041e+01
1.000000e+00 3.000000e+00 7.300000e+01 9.000000e+00 0.000000e+00 5.300000e+01 5.344142e+01
1.000000e+00 4.000000e+00 8.600000e+01 8.000000e+00 9.000000e+00 7.100000e+01 7.079746e+01
1.000000e+00 7.000000e+00 4.000000e+01 6.000000e+00 0.000000e+00 3.100000e+01 2.984535e+01
1.000000e+00 4.000000e+00 8.000000e+01 8.000000e+00 9.000000e+00 6.300000e+01 6.469581e+01
1.000000e+00 2.000000e+00 8.700000e+01 6.000000e+00 5.000000e+00 6.100000e+01 6.438158e+01
1.000000e+00 7.000000e+00 7.000000e+01 9.000000e+00 6.000000e+00 6.500000e+01 6.295877e+01
1.000000e+00 6.000000e+00 7.500000e+01 4.000000e+00 1.000000e+00 6.300000e+01 6.183358e+01
1.000000e+00 3.000000e+00 8.300000e+01 4.000000e+00 1.000000e+00 6.300000e+01 6.142505e+01
1.000000e+00 6.000000e+00 7.200000e+01 5.000000e+00 4.000000e+00 5.800000e+01 5.984716e+01
1.000000e+00 6.000000e+00 7.200000e+01 5.000000e+00 8.000000e+00 6.200000e+01 6.063122e+01
1.000000e+00 5.000000e+00 7.800000e+01 6.000000e+00 4.000000e+00 6.100000e+01 6.357715e+01
1.000000e+00 4.000000e+00 5.700000e+01 6.000000e+00 7.000000e+00 4.000000e+01 3.996141e+01
1.000000e+00 1.000000e+00 6.200000e+01 6.000000e+00 7.000000e+00 3.900000e+01 3.650207e+01
1.000000e+00 6.000000e+00 9.900000e+01 6.000000e+00 4.000000e+00 8.900000e+01 8.778093e+01
1.000000e+00 2.000000e+00 6.200000e+01 9.000000e+00 7.000000e+00 4.000000e+01 4.077916e+01
1.000000e+00 3.000000e+00 5.400000e+01 9.000000e+00 7.000000e+00 3.500000e+01 3.549165e+01
1.000000e+00 8.000000e+00 6.500000e+01 4.000000e+00 4.000000e+00 5.500000e+01 5.794825e+01
1.000000e+00 6.000000e+00 6.900000e+01 5.000000e+00 4.000000e+00 6.000000e+01 5.679634e+01
1.000000e+00 3.000000e+00 6.400000e+01 5.000000e+00 3.000000e+00 4.500000e+01 4.297156e+01
1.000000e+00 7.000000e+00 8.400000e+01 7.000000e+00 0.000000e+00 7.600000e+01 7.506713e+01
1.000000e+00 4.000000e+00 5.500000e+01 5.000000e+00 8.000000e+00 3.800000e+01 3.764719e+01
1.000000e+00 9.000000e+00 7.800000e+01 5.000000e+00 1.000000e+00 7.300000e+01 7.390481e+01
1.000000e+00 5.000000e+00 8.700000e+01 8.000000e+00 0.000000e+00 7.200000e+01 7.289828e+01
1.000000e+00 3.000000e+00 8.400000e+01 8.000000e+00 5.000000e+00 6.800000e+01 6.513150e+01
1.000000e+00 2.000000e+00 5.300000e+01 7.000000e+00 4.000000e+00 2.700000e+01 3.008592e+01
1.000000e+00 2.000000e+00 5.600000e+01 6.000000e+00 0.000000e+00 3.300000e+01 3.187632e+01
1.000000e+00 3.000000e+00 5.100000e+01 7.000000e+00 6.000000e+00 2.800000e+01 3.129209e+01
1.000000e+00 2.000000e+00 6.800000e+01 7.000000e+00 6.000000e+00 4.600000e+01 4.573207e+01
1.000000e+00 4.000000e+00 7.100000e+01 4.000000e+00 2.000000e+00 5.200000e+01 5.226579e+01
1.000000e+00 2.000000e+00 9.500000e+01 9.000000e+00 7.000000e+00 7.200000e+01 7.433823e+01
1.000000e+00 9.000000e+00 6.300000e+01 5.000000e+00 5.000000e+00 5.800000e+01 5.943476e+01
1.000000e+00 2.000000e+00 9.100000e+01 4.000000e+00 3.000000e+00 6.900000e+01 6.710460e+01
1.000000e+00 9.000000e+00 5.200000e+01 9.000000e+00 9.000000e+00 5.400000e+01 5.093791e+01
1.000000e+00 6.000000e+00 9.500000e+01 5.000000e+00 9.000000e+00 8.500000e+01 8.421689e+01
1.000000e+00 1.000000e+00 5.900000e+01 7.000000e+00 9.000000e+00 3.300000e+01 3.431963e+01
1.000000e+00 4.000000e+00 5.400000e+01 5.000000e+00 2.000000e+00 3.300000e+01 3.545415e+01
1.000000e+00 1.000000e+00 9.500000e+01 6.000000e+00 0.000000e+00 6.700000e+01 6.868902e+01
1.000000e+00 6.000000e+00 9.200000e+01 6.000000e+00 1.000000e+00 8.000000e+01 8.007430e+01
1.000000e+00 4.000000e+00 4.300000e+01 7.000000e+00 1.000000e+00 2.500000e+01 2.502450e+01
1.000000e+00 3.000000e+00 9.300000e+01 8.000000e+00 4.000000e+00 7.600000e+01 7.408795e+01
1.000000e+00 3.000000e+00 7.300000e+01 6.000000e+00 3.000000e+00 5.300000e+01 5.260039e+01
1.000000e+00 9.000000e+00 6.700000e+01 7.000000e+00 1.000000e+00 6.300000e+01 6.367118e+01
1.000000e+00 6.000000e+00 8.900000e+01 4.000000e+00 8.000000e+00 7.500000e+01 7.744287e+01
1.000000e+00 9.000000e+00 4.100000e+01 8.000000e+00 6.000000e+00 3.800000e+01 3.868714e+01
1.000000e+00 5.000000e+00 9.600000e+01 6.000000e+00 7.000000e+00 7.900000e+01 8.247014e+01
1.000000e+00 2.000000e+00 8.600000e+01 7.000000e+00 7.000000e+00 6.300000e+01 6.423303e+01
1.000000e+00 8.000000e+00 6.900000e+01 7.000000e+00 1.000000e+00 6.000000e+01 6.285704e+01
1.000000e+00 5.000000e+00 6.500000e+01 4.000000e+00 4.000000e+00 4.900000e+01 4.940419e+01
1.000000e+00 2.000000e+00 9.000000e+01 4.000000e+00 2.000000e+00 6.600000e+01 6.589164e+01
1.000000e+00 4.000000e+00 8.600000e+01 8.000000e+00 9.000000e+00 7.100000e+01 7.079746e+01
1.000000e+00 9.000000e+00 6.500000e+01 9.000000e+00 8.000000e+00 6.600000e+01 6.396213e+01
1.000000e+00 4.000000e+00 5.900000e+01 6.000000e+00 8.000000e+00 4.100000e+01 4.219131e+01
1.000000e+00 4.000000e+00 8.100000e+01 7.000000e+00 5.000000e+00 6.700000e+01 6.445233e+01
1.000000e+00 2.000000e+00 6.700000e+01 8.000000e+00 3.000000e+00 4.600000e+01 4.460345e+01
1.000000e+00 6.000000e+00 9.500000e+01 8.000000e+00 7.000000e+00 8.600000e+01 8.525394e+01
1.000000e+00 2.000000e+00 5.900000e+01 4.000000e+00 4.000000e+00 3.700000e+01 3.475849e+01
1.000000e+00 7.000000e+00 5.000000e+01 7.000000e+00 2.000000e+00 4.200000e+01 4.088316e+01
1.000000e+00 3.000000e+00 9.700000e+01 5.000000e+00 7.000000e+00 7.700000e+01 7.731469e+01
1.000000e+00 3.000000e+00 4.900000e+01 9.000000e+00 5.000000e+00 3.200000e+01 3.001491e+01
1.000000e+00 5.000000e+00 6.200000e+01 9.000000e+00 4.000000e+00 4.700000e+01 4.873517e+01
1.000000e+00 3.000000e+00 7.600000e+01 4.000000e+00 0.000000e+00 5.400000e+01 5.411045e+01
1.000000e+00 2.000000e+00 8.000000e+01 7.000000e+00 2.000000e+00 6.000000e+01 5.715131e+01
1.000000e+00 9.000000e+00 9.100000e+01 8.000000e+00 6.000000e+00 8.900000e+01 8.953421e+01
1.000000e+00 2.000000e+00 5.800000e+01 9.000000e+00 2.000000e+00 3.400000e+01 3.573132e+01
1.000000e+00 2.000000e+00 8.400000e+01 8.000000e+00 0.000000e+00 5.900000e+01 6.130340e+01
1.000000e+00 8.000000e+00 5.700000e+01 6.000000e+00 7.000000e+00 5.200000e+01 5.135348e+01
1.000000e+00 9.000000e+00 8.800000e+01 5.000000e+00 6.000000e+00 8.400000e+01 8.505431e+01
1.000000e+00 7.000000e+00 6.600000e+01 4.000000e+00 4.000000e+00 5.700000e+01 5.611717e+01
1.000000e+00 3.000000e+00 4.500000e+01 9.000000e+00 9.000000e+00 3.000000e+01 2.673121e+01
1.000000e+00 9.000000e+00 4.900000e+01 6.000000e+00 4.000000e+00 4.700000e+01 4.547792e+01
1.000000e+00 3.000000e+00 4.100000e+01 6.000000e+00 5.000000e+00 1.500000e+01 2.045030e+01
1.000000e+00 5.000000e+00 6.300000e+01 5.000000e+00 6.000000e+00 4.900000e+01 4.823870e+01
1.000000e+00 9.000000e+00 7.700000e+01 4.000000e+00 2.000000e+00 7.400000e+01 7.260753e+01
1.000000e+00 3.000000e+00 6.700000e+01 4.000000e+00 3.000000e+00 4.500000e+01 4.554602e+01
1.000000e+00 7.000000e+00 6.700000e+01 8.000000e+00 0.000000e+00 6.100000e+01 5.825549e+01
1.000000e+00 1.000000e+00 9.200000e+01 4.000000e+00 6.000000e+00 6.700000e+01 6.586157e+01
1.000000e+00 4.000000e+00 8.400000e+01 6.000000e+00 9.000000e+00 6.400000e+01 6.781086e+01
1.000000e+00 4.000000e+00 8.900000e+01 8.000000e+00 1.000000e+00 7.300000e+01 7.228016e+01
1.000000e+00 7.000000e+00 7.800000e+01 4.000000e+00 6.000000e+00 6.800000e+01 6.871250e+01
1.000000e+00 8.000000e+00 4.100000e+01 5.000000e+00 5.000000e+00 3.300000e+01 3.421403e+01
1.000000e+00 1.000000e+00 8.500000e+01 6.000000e+00 3.000000e+00 6.000000e+01 5.910765e+01
1.000000e+00 5.000000e+00 4.400000e+01 7.000000e+00 1.000000e+00 3.000000e+01 2.888946e+01
1.000000e+00 7.000000e+00 8.900000e+01 5.000000e+00 6.000000e+00 8.200000e+01 8.037521e+01
1.000000e+00 4.000000e+00 5.000000e+01 5.000000e+00 6.000000e+00 3.300000e+01 3.217045e+01
1.000000e+00 4.000000e+00 4.900000e+01 4.000000e+00 4.000000e+00 2.800000e+01 3.028511e+01
1.000000e+00 4.000000e+00 8.200000e+01 8.000000e+00 8.000000e+00 6.400000e+01 6.653368e+01
1.000000e+00 6.000000e+00 9.800000e+01 8.000000e+00 2.000000e+00 8.800000e+01 8.732468e+01
1.000000e+00 7.000000e+00 4.100000e+01 6.000000e+00 8.000000e+00 3.500000e+01 3.243042e+01
1.000000e+00 2.000000e+00 5.400000e+01 4.000000e+00 4.000000e+00 3.000000e+01 2.967379e+01
1.000000e+00 5.000000e+00 7.800000e+01 8.000000e+00 1.000000e+00 6.000000e+01 6.394182e+01
1.000000e+00 4.000000e+00 8.000000e+01 9.000000e+00 8.000000e+00 6.600000e+01 6.497616e+01
1.000000e+00 3.000000e+00 7.600000e+01 7.000000e+00 0.000000e+00 5.200000e+01 5.553953e+01
1.000000e+00 7.000000e+00 4.600000e+01 9.000000e+00 0.000000e+00 3.900000e+01 3.737608e+01
1.000000e+00 6.000000e+00 5.900000e+01 4.000000e+00 6.000000e+00 4.500000e+01 4.654259e+01
1.000000e+00 7.000000e+00 7.300000e+01 4.000000e+00 2.000000e+00 6.400000e+01 6.284373e+01
1.000000e+00 5.000000e+00 7.400000e+01 8.000000e+00 7.000000e+00 6.600000e+01 6.105015e+01
1.000000e+00 6.000000e+00 7.300000e+01 5.000000e+00 6.000000e+00 6.100000e+01 6.125613e+01
1.000000e+00 5.000000e+00 9.200000e+01 4.000000e+00 6.000000e+00 7.600000e+01 7.725364e+01
1.000000e+00 7.000000e+00 6.100000e+01 5.000000e+00 0.000000e+00 4.900000e+01 5.072476e+01
1.000000e+00 2.000000e+00 7.000000e+01 6.000000e+00 0.000000e+00 4.300000e+01 4.611350e+01
1.000000e+00 5.000000e+00 6.200000e+01 6.000000e+00 1.000000e+00 4.500000e+01 4.671804e+01
1.000000e+00 6.000000e+00 5.800000e+01 8.000000e+00 1.000000e+00 4.900000e+01 4.645101e+01
1.000000e+00 6.000000e+00 4.300000e+01 6.000000e+00 4.000000e+00 2.700000e+01 3.083222e+01
1.000000e+00 5.000000e+00 6.300000e+01 9.000000e+00 8.000000e+00 5.000000e+01 5.053617e+01
1.000000e+00 7.000000e+00 5.900000e+01 9.000000e+00 6.000000e+00 5.200000e+01 5.177241e+01
1.000000e+00 8.000000e+00 7.800000e+01 9.000000e+00 1.000000e+00 7.200000e+01 7.296223e+01
1.000000e+00 7.000000e+00 6.700000e+01 8.000000e+00 4.000000e+00 6.200000e+01 5.903955e+01
1.000000e+00 5.000000e+00 9.300000e+01 8.000000e+00 4.000000e+00 8.000000e+01 7.978399e+01
1.000000e+00 1.000000e+00 7.800000e+01 9.000000e+00 7.000000e+00 5.300000e+01 5.420221e+01
1.000000e+00 5.000000e+00 5.600000e+01 5.000000e+00 8.000000e+00 4.200000e+01 4.151214e+01
1.000000e+00 2.000000e+00 5.800000e+01 9.000000e+00 7.000000e+00 3.700000e+01 3.671140e+01
1.000000e+00 5.000000e+00 9.300000e+01 5.000000e+00 1.000000e+00 7.700000e+01 7.776686e+01
1.000000e+00 5.000000e+00 8.700000e+01 6.000000e+00 3.000000e+00 7.300000e+01 7.253361e+01
1.000000e+00 2.000000e+00 7.400000e+01 5.000000e+00 1.000000e+00 4.600000e+01 4.990092e+01
1.000000e+00 5.000000e+00 7.100000e+01 4.000000e+00 5.000000e+00 5.400000e+01 5.570186e+01
1.000000e+00 4.000000e+00 8.600000e+01 7.000000e+00 3.000000e+00 7.000000e+01 6.914501e+01
1.000000e+00 1.000000e+00 8.500000e+01 4.000000e+00 6.000000e+00 6.000000e+01 5.874298e+01
1.000000e+00 3.000000e+00 8.600000e+01 4.000000e+00 1.000000e+00 6.700000e+01 6.447588e+01
1.000000e+00 1.000000e+00 8.500000e+01 8.000000e+00 8.000000e+00 5.800000e+01 6.104045e+01
1.000000e+00 5.000000e+00 7.800000e+01 7.000000e+00 4.000000e+00 6.300000e+01 6.405351e+01
1.000000e+00 4.000000e+00 9.600000e+01 8.000000e+00 0.000000e+00 8.300000e+01 7.920273e+01
1.000000e+00 7.000000e+00 7.400000e+01 5.000000e+00 2.000000e+00 6.400000e+01 6.433703e+01
1.000000e+00 5.000000e+00 6.900000e+01 9.000000e+00 3.000000e+00 5.700000e+01 5.565774e+01
1.000000e+00 4.000000e+00 5.600000e+01 5.000000e+00 2.000000e+00 4.500000e+01 3.748803e+01
1.000000e+00 2.000000e+00 8.100000e+01 7.000000e+00 5.000000e+00 6.100000e+01 5.875630e+01
1.000000e+00 4.000000e+00 8.600000e+01 6.000000e+00 5.000000e+00 6.800000e+01 6.906068e+01
1.000000e+00 2.000000e+00 6.800000e+01 5.000000e+00 9.000000e+00 4.500000e+01 4.536740e+01
1.000000e+00 8.000000e+00 4.500000e+01 4.000000e+00 6.000000e+00 3.900000e+01 3.800145e+01
1.000000e+00 3.000000e+00 9.900000e+01 7.000000e+00 8.000000e+00 7.700000e+01 8.049730e+01
1.000000e+00 9.000000e+00 5.600000e+01 7.000000e+00 9.000000e+00 5.500000e+01 5.405295e+01
1.000000e+00 4.000000e+00 5.600000e+01 5.000000e+00 8.000000e+00 3.800000e+01 3.866413e+01
1.000000e+00 6.000000e+00 5.300000e+01 5.000000e+00 6.000000e+00 4.000000e+01 4.091731e+01
1.000000e+00 5.000000e+00 6.300000e+01 8.000000e+00 0.000000e+00 4.900000e+01 4.849169e+01
1.000000e+00 1.000000e+00 9.600000e+01 8.000000e+00 2.000000e+00 7.400000e+01 7.105071e+01
1.000000e+00 9.000000e+00 8.900000e+01 4.000000e+00 4.000000e+00 8.600000e+01 8.520286e+01
1.000000e+00 1.000000e+00 9.600000e+01 7.000000e+00 9.000000e+00 7.200000e+01 7.194646e+01
1.000000e+00 8.000000e+00 7.600000e+01 6.000000e+00 5.000000e+00 7.200000e+01 7.028334e+01
1.000000e+00 9.000000e+00 7.900000e+01 6.000000e+00 5.000000e+00 7.700000e+01 7.618218e+01
1.000000e+00 9.000000e+00 7.800000e+01 7.000000e+00 4.000000e+00 7.600000e+01 7.544558e+01
1.000000e+00 1.000000e+00 9.400000e+01 4.000000e+00 5.000000e+00 6.700000e+01 6.769944e+01
1.000000e+00 2.000000e+00 7.100000e+01 8.000000e+00 8.000000e+00 5.200000e+01 4.965129e+01
1.000000e+00 1.000000e+00 7.500000e+01 8.000000e+00 0.000000e+00 5.200000e+01 4.930291e+01
1.000000e+00 2.000000e+00 8.900000e+01 8.000000e+00 0.000000e+00 6.700000e+01 6.638811e+01
1.000000e+00 8.000000e+00 7.600000e+01 6.000000e+00 8.000000e+00 6.600000e+01 7.087138e+01
1.000000e+00 5.000000e+00 8.700000e+01 6.000000e+00 7.000000e+00 7.400000e+01 7.331767e+01
1.000000e+00 7.000000e+00 5.300000e+01 4.000000e+00 8.000000e+00 4.000000e+01 4.368100e+01
1.000000e+00 2.000000e+00 6.600000e+01 6.000000e+00 6.000000e+00 4.400000e+01 4.322183e+01
1.000000e+00 8.000000e+00 9.800000e+01 5.000000e+00 9.000000e+00 9.700000e+01 9.296375e+01
1.000000e+00 6.000000e+00 5.800000e+01 6.000000e+00 5.000000e+00 4.800000e+01 4.628236e+01
1.000000e+00 8.000000e+00 7.000000e+01 8.000000e+00 8.000000e+00 6.500000e+01 6.572246e+01
1.000000e+00 1.000000e+00 8.500000e+01 4.000000e+00 1.000000e+00 5.700000e+01 5.776290e+01
1.000000e+00 1.000000e+00 4.800000e+01 7.000000e+00 3.000000e+00 1.900000e+01 2.195718e+01
1.000000e+00 7.000000e+00 7.700000e+01 7.000000e+00 1.000000e+00 6.800000e+01 6.814456e+01
1.000000e+00 8.000000e+00 5.600000e+01 4.000000e+00 5.000000e+00 4.800000e+01 4.899179e+01
1.000000e+00 3.000000e+00 5.800000e+01 5.000000e+00 0.000000e+00 3.400000e+01 3.628186e+01
1.000000e+00 5.000000e+00 8.300000e+01 7.000000e+00 6.000000e+00 6.700000e+01 6.953025e+01
1.000000e+00 1.000000e+00 4.300000e+01 8.000000e+00 6.000000e+00 1.500000e+01 1.793688e+01
1.000000e+00 7.000000e+00 8.700000e+01 7.000000e+00 6.000000e+00 8.300000e+01 7.929405e+01
1.000000e+00 5.000000e+00 9.600000e+01 7.000000e+00 3.000000e+00 8.300000e+01 8.216244e+01
1.000000e+00 8.000000e+00 5.000000e+01 8.000000e+00 7.000000e+00 4.600000e+01 4.518761e+01
1.000000e+00 8.000000e+00 6.100000e+01 6.000000e+00 4.000000e+00 5.700000e+01 5.483320e+01
1.000000e+00 9.000000e+00 4.300000e+01 5.000000e+00 1.000000e+00 4.200000e+01 3.831187e+01
1.000000e+00 7.000000e+00 5.600000e+01 8.000000e+00 4.000000e+00 5.100000e+01 4.785320e+01
1.000000e+00 1.000000e+00 4.700000e+01 8.000000e+00 9.000000e+00 2.400000e+01 2.259270e+01
1.000000e+00 3.000000e+00 8.500000e+01 9.000000e+00 8.000000e+00 6.400000e+01 6.721285e+01
1.000000e+00 8.000000e+00 9.800000e+01 4.000000e+00 9.000000e+00 9.400000e+01 9.248739e+01
1.000000e+00 3.000000e+00 7.300000e+01 5.000000e+00 0.000000e+00 5.000000e+01 5.153598e+01
1.000000e+00 8.000000e+00 5.000000e+01 6.000000e+00 1.000000e+00 4.100000e+01 4.305880e+01
1.000000e+00 1.000000e+00 7.000000e+01 9.000000e+00 9.000000e+00 4.500000e+01 4.645871e+01
1.000000e+00 5.000000e+00 5.000000e+01 8.000000e+00 7.000000e+00 3.700000e+01 3.664356e+01
1.000000e+00 4.000000e+00 9.500000e+01 9.000000e+00 4.000000e+00 7.500000e+01 7.944621e+01
1.000000e+00 5.000000e+00 9.300000e+01 6.000000e+00 8.000000e+00 8.000000e+01 7.961533e+01
1.000000e+00 8.000000e+00 9.500000e+01 9.000000e+00 5.000000e+00 9.400000e+01 9.103430e+01
1.000000e+00 4.000000e+00 7.700000e+01 9.000000e+00 7.000000e+00 6.200000e+01 6.172932e+01
1.000000e+00 4.000000e+00 9.200000e+01 9.000000e+00 0.000000e+00 7.300000e+01 7.561133e+01
1.000000e+00 3.000000e+00 6.000000e+01 8.000000e+00 8.000000e+00 4.300000e+01 4.131295e+01
1.000000e+00 7.000000e+00 8.500000e+01 8.000000e+00 8.000000e+00 7.800000e+01 7.812856e+01
1.000000e+00 3.000000e+00 6.900000e+01 4.000000e+00 2.000000e+00 5.100000e+01 4.738389e+01
1.000000e+00 3.000000e+00 4.900000e+01 7.000000e+00 0.000000e+00 2.400000e+01 2.808211e+01
1.000000e+00 5.000000e+00 6.500000e+01 5.000000e+00 7.000000e+00 4.600000e+01 5.046860e+01
1.000000e+00 5.000000e+00 6.600000e+01 4.000000e+00 7.000000e+00 5.100000e+01 5.100918e+01
1.000000e+00 6.000000e+00 4.700000e+01 6.000000e+00 8.000000e+00 3.500000e+01 3.568405e+01
1.000000e+00 8.000000e+00 7.800000e+01 9.000000e+00 5.000000e+00 7.500000e+01 7.374630e+01
1.000000e+00 6.000000e+00 4.700000e+01 8.000000e+00 8.000000e+00 3.800000e+01 3.663677e+01
1.000000e+00 1.000000e+00 9.900000e+01 9.000000e+00 9.000000e+00 7.900000e+01 7.595000e+01
1.000000e+00 8.000000e+00 4.700000e+01 8.000000e+00 8.000000e+00 4.200000e+01 4.233281e+01
1.000000e+00 8.000000e+00 9.400000e+01 5.000000e+00 3.000000e+00 8.900000e+01 8.771989e+01
1.000000e+00 9.000000e+00 7.300000e+01 4.000000e+00 4.000000e+00 6.600000e+01 6.893179e+01
1.000000e+00 9.000000e+00 9.800000e+01 4.000000e+00 5.000000e+00 1.000000e+02 9.455134e+01
1.000000e+00 2.000000e+00 5.500000e+01 6.000000e+00 5.000000e+00 3.400000e+01 3.183946e+01
1.000000e+00 2.000000e+00 8.000000e+01 4.000000e+00 9.000000e+00 5.900000e+01 5.709434e+01
1.000000e+00 3.000000e+00 5.200000e+01 4.000000e+00 1.000000e+00 2.800000e+01 2.989987e+01
1.000000e+00 1.000000e+00 6.200000e+01 7.000000e+00 3.000000e+00 3.900000e+01 3.619436e+01
1.000000e+00 4.000000e+00 5.100000e+01 5.000000e+00 8.000000e+00 3.600000e+01 3.357942e+01
1.000000e+00 4.000000e+00 6.600000e+01 9.000000e+00 6.000000e+00 5.200000e+01 5.034695e+01
1.000000e+00 9.000000e+00 6.100000e+01 4.000000e+00 8.000000e+00 5.700000e+01 5.751256e+01
1.000000e+00 9.000000e+00 7.100000e+01 6.000000e+00 5.000000e+00 6.600000e+01 6.804665e+01
1.000000e+00 9.000000e+00 9.600000e+01 9.000000e+00 6.000000e+00 9.500000e+01 9.509527e+01
1.000000e+00 7.000000e+00 8.800000e+01 8.000000e+00 8.000000e+00 7.900000e+01 8.117938e+01
1.000000e+00 2.000000e+00 6.600000e+01 4.000000e+00 3.000000e+00 4.200000e+01 4.168107e+01
1.000000e+00 5.000000e+00 4.100000e+01 4.000000e+00 8.000000e+00 2.300000e+01 2.578167e+01
1.000000e+00 4.000000e+00 8.400000e+01 9.000000e+00 2.000000e+00 6.700000e+01 6.786783e+01
1.000000e+00 8.000000e+00 7.200000e+01 8.000000e+00 7.000000e+00 6.400000e+01 6.756032e+01
1.000000e+00 2.000000e+00 6.500000e+01 7.000000e+00 2.000000e+00 4.300000e+01 4.189719e+01
1.000000e+00 6.000000e+00 6.700000e+01 5.000000e+00 2.000000e+00 5.600000e+01 5.437042e+01
1.000000e+00 5.000000e+00 5.800000e+01 7.000000e+00 2.000000e+00 4.300000e+01 4.332265e+01
1.000000e+00 2.000000e+00 8.200000e+01 6.000000e+00 8.000000e+00 5.500000e+01 5.988492e+01
1.000000e+00 1.000000e+00 4.400000e+01 9.000000e+00 9.000000e+00 1.600000e+01 2.001823e+01
1.000000e+00 8.000000e+00 7.200000e+01 4.000000e+00 2.000000e+00 6.500000e+01 6.467480e+01
1.000000e+00 2.000000e+00 5.900000e+01 7.000000e+00 5.000000e+00 3.800000e+01 3.638359e+01
1.000000e+00 7.000000e+00 6.900000e+01 5.000000e+00 3.000000e+00 5.700000e+01 5.944834e+01
1.000000e+00 9.000000e+00 8.400000e+01 6.000000e+00 1.000000e+00 8.300000e+01 8.048282e+01
1.000000e+00 9.000000e+00 4.700000e+01 7.000000e+00 2.000000e+00 4.700000e+01 4.352837e+01
1.000000e+00 8.000000e+00 7.700000e+01 4.000000e+00 4.000000e+00 7.100000e+01 7.015154e+01
1.000000e+00 9.000000e+00 5.600000e+01 5.000000e+00 9.000000e+00 5.600000e+01 5.310023e+01
1.000000e+00 2.000000e+00 8.300000e+01 4.000000e+00 3.000000e+00 5.700000e+01 5.896907e+01
1.000000e+00 6.000000e+00 4.000000e+01 4.000000e+00 4.000000e+00 2.300000e+01 2.682868e+01
1.000000e+00 4.000000e+00 4.200000e+01 6.000000e+00 0.000000e+00 2.700000e+01 2.333518e+01
1.000000e+00 4.000000e+00 8.500000e+01 5.000000e+00 3.000000e+00 6.500000e+01 6.717535e+01
1.000000e+00 5.000000e+00 6.500000e+01 8.000000e+00 9.000000e+00 5.400000e+01 5.228971e+01
1.000000e+00 3.000000e+00 7.000000e+01 4.000000e+00 2.000000e+00 5.000000e+01 4.840083e+01
1.000000e+00 1.000000e+00 4.700000e+01 5.000000e+00 1.000000e+00 2.300000e+01 1.959549e+01
1.000000e+00 8.000000e+00 8.200000e+01 4.000000e+00 6.000000e+00 7.700000e+01 7.562828e+01
1.000000e+00 5.000000e+00 9.800000e+01 7.000000e+00 9.000000e+00 8.300000e+01 8.537241e+01
1.000000e+00 3.000000e+00 8.500000e+01 7.000000e+00 8.000000e+00 6.600000e+01 6.626013e+01
1.000000e+00 7.000000e+00 4.700000e+01 5.000000e+00 0.000000e+00 3.800000e+01 3.648758e+01
1.000000e+00 7.000000e+00 7.400000e+01 6.000000e+00 6.000000e+00 6.500000e+01 6.559745e+01
1.000000e+00 1.000000e+00 7.800000e+01 8.000000e+00 0.000000e+00 5.400000e+01 5.235373e+01
1.000000e+00 9.000000e+00 6.700000e+01 7.000000e+00 4.000000e+00 6.500000e+01 6.425923e+01
1.000000e+00 2.000000e+00 9.000000e+01 6.000000e+00 0.000000e+00 6.800000e+01 6.645233e+01
1.000000e+00 5.000000e+00 4.300000e+01 8.000000e+00 2.000000e+00 3.100000e+01 2.854489e+01
1.000000e+00 5.000000e+00 9.600000e+01 7.000000e+00 7.000000e+00 8.300000e+01 8.294650e+01
1.000000e+00 8.000000e+00 5.500000e+01 8.000000e+00 3.000000e+00 4.900000e+01 4.948826e+01
1.000000e+00 8.000000e+00 5.200000e+01 9.000000e+00 0.000000e+00 4.500000e+01 4.632574e+01
1.000000e+00 7.000000e+00 5.900000e+01 4.000000e+00 0.000000e+00 4.600000e+01 4.821452e+01
1.000000e+00 7.000000e+00 9.000000e+01 5.000000e+00 7.000000e+00 8.500000e+01 8.158817e+01
1.000000e+00 6.000000e+00 4.400000e+01 7.000000e+00 7.000000e+00 3.300000e+01 3.291357e+01
1.000000e+00 6.000000e+00 9.400000e+01 7.000000e+00 3.000000e+00 8.300000e+01 8.297657e+01
1.000000e+00 9.000000e+00 7.600000e+01 4.000000e+00 3.000000e+00 7.100000e+01 7.178660e+01
1.000000e+00 6.000000e+00 5.900000e+01 7.000000e+00 9.000000e+00 4.900000e+01 4.855972e+01
1.000000e+00 2.000000e+00 6.300000e+01 7.000000e+00 1.000000e+00 3.900000e+01 3.966729e+01
1.000000e+00 2.000000e+00 7.500000e+01 9.000000e+00 1.000000e+00 5.100000e+01 5.282330e+01
1.000000e+00 5.000000e+00 7.300000e+01 7.000000e+00 5.000000e+00 5.700000e+01 5.916482e+01
1.000000e+00 4.000000e+00 9.700000e+01 7.000000e+00 7.000000e+00 8.100000e+01 8.111542e+01
1.000000e+00 2.000000e+00 8.400000e+01 7.000000e+00 6.000000e+00 6.500000e+01 6.200314e+01
1.000000e+00 3.000000e+00 8.700000e+01 6.000000e+00 6.000000e+00 6.600000e+01 6.742562e+01
1.000000e+00 7.000000e+00 9.300000e+01 7.000000e+00 2.000000e+00 8.600000e+01 8.461163e+01
1.000000e+00 8.000000e+00 7.300000e+01 4.000000e+00 1.000000e+00 6.600000e+01 6.549573e+01
1.000000e+00 6.000000e+00 5.800000e+01 9.000000e+00 9.000000e+00 5.000000e+01 4.849550e+01
1.000000e+00 5.000000e+00 5.600000e+01 7.000000e+00 6.000000e+00 4.600000e+01 4.207283e+01
1.000000e+00 1.000000e+00 4.400000e+01 8.000000e+00 3.000000e+00 2.000000e+01 1.836578e+01
1.000000e+00 8.000000e+00 6.400000e+01 9.000000e+00 0.000000e+00 5.800000e+01 5.852904e+01
1.000000e+00 3.000000e+00 5.700000e+01 9.000000e+00 0.000000e+00 3.800000e+01 3.717036e+01
1.000000e+00 6.000000e+00 9.900000e+01 8.000000e+00 3.000000e+00 9.100000e+01 8.853764e+01
1.000000e+00 3.000000e+00 9.400000e+01 4.000000e+00 4.000000e+00 7.700000e+01 7.319946e+01
1.000000e+00 7.000000e+00 9.200000e+01 6.000000e+00 4.000000e+00 8.300000e+01 8.351036e+01
1.000000e+00 7.000000e+00 8.900000e+01 4.000000e+00 0.000000e+00 7.900000e+01 7.872276e+01
1.000000e+00 9.000000e+00 4.700000e+01 6.000000e+00 2.000000e+00 5.000000e+01 4.305201e+01
1.000000e+00 5.000000e+00 6.600000e+01 5.000000e+00 5.000000e+00 5.100000e+01 5.109351e+01
1.000000e+00 8.000000e+00 5.400000e+01 8.000000e+00 9.000000e+00 4.900000e+01 4.964741e+01
1.000000e+00 8.000000e+00 8.400000e+01 9.000000e+00 6.000000e+00 7.900000e+01 8.004396e+01
1.000000e+00 1.000000e+00 5.200000e+01 9.000000e+00 0.000000e+00 2.600000e+01 2.638962e+01
1.000000e+00 5.000000e+00 5.500000e+01 9.000000e+00 7.000000e+00 4.200000e+01 4.220463e+01
1.000000e+00 3.000000e+00 6.100000e+01 8.000000e+00 3.000000e+00 4.200000e+01 4.134982e+01
1.000000e+00 1.000000e+00 5.900000e+01 8.000000e+00 8.000000e+00 3.500000e+01 3.459998e+01
1.000000e+00 4.000000e+00 5.200000e+01 6.000000e+00 5.000000e+00 3.100000e+01 3.448467e+01
1.000000e+00 8.000000e+00 5.900000e+01 9.000000e+00 0.000000e+00 5.000000e+01 5.344433e+01
1.000000e+00 3.000000e+00 4.100000e+01 4.000000e+00 1.000000e+00 1.800000e+01 1.871352e+01
1.000000e+00 2.000000e+00 7.400000e+01 6.000000e+00 2.000000e+00 5.000000e+01 5.057330e+01
1.000000e+00 9.000000e+00 8.600000e+01 9.000000e+00 1.000000e+00 8.200000e+01 8.394578e+01
1.000000e+00 5.000000e+00 9.400000e+01 8.000000e+00 9.000000e+00 7.800000e+01 8.178101e+01
1.000000e+00 7.000000e+00 5.800000e+01 8.000000e+00 6.000000e+00 5.300000e+01 5.027911e+01
1.000000e+00 2.000000e+00 8.400000e+01 8.000000e+00 0.000000e+00 6.500000e+01 6.130340e+01
1.000000e+00 9.000000e+00 7.600000e+01 9.000000e+00 8.000000e+00 7.600000e+01 7.514848e+01
1.000000e+00 9.000000e+00 9.700000e+01 8.000000e+00 1.000000e+00 9.400000e+01 9.465578e+01
1.000000e+00 4.000000e+00 9.300000e+01 5.000000e+00 3.000000e+00 7.900000e+01 7.531088e+01
1.000000e+00 4.000000e+00 4.500000e+01 8.000000e+00 7.000000e+00 2.700000e+01 2.871084e+01
1.000000e+00 6.000000e+00 5.300000e+01 9.000000e+00 2.000000e+00 4.300000e+01 4.203868e+01
1.000000e+00 6.000000e+00 4.300000e+01 6.000000e+00 8.000000e+00 3.000000e+01 3.161628e+01
1.000000e+00 1.000000e+00 6.100000e+01 8.000000e+00 6.000000e+00 3.700000e+01 3.624183e+01
1.000000e+00 9.000000e+00 9.000000e+01 7.000000e+00 9.000000e+00 9.000000e+01 8.862896e+01
1.000000e+00 2.000000e+00 9.400000e+01 5.000000e+00 2.000000e+00 6.800000e+01 7.043577e+01
1.000000e+00 5.000000e+00 7.800000e+01 9.000000e+00 2.000000e+00 6.400000e+01 6.461420e+01
1.000000e+00 9.000000e+00 7.500000e+01 8.000000e+00 4.000000e+00 7.300000e+01 7.287112e+01
1.000000e+00 4.000000e+00 7.300000e+01 7.000000e+00 4.000000e+00 5.300000e+01 5.612078e+01
1.000000e+00 3.000000e+00 6.600000e+01 9.000000e+00 9.000000e+00 4.600000e+01 4.808698e+01
1.000000e+00 7.000000e+00 4.600000e+01 6.000000e+00 4.000000e+00 3.700000e+01 3.673106e+01
1.000000e+00 6.000000e+00 4.200000e+01 5.000000e+00 8.000000e+00 2.900000e+01 3.012298e+01
1.000000e+00 8.000000e+00 8.600000e+01 8.000000e+00 8.000000e+00 8.000000e+01 8.199352e+01
1.000000e+00 3.000000e+00 7.200000e+01 6.000000e+00 5.000000e+00 5.200000e+01 5.197548e+01
1.000000e+00 5.000000e+00 4.100000e+01 9.000000e+00 6.000000e+00 2.900000e+01 2.777143e+01
1.000000e+00 4.000000e+00 8.100000e+01 7.000000e+00 9.000000e+00 7.000000e+01 6.523639e+01
1.000000e+00 4.000000e+00 5.500000e+01 9.000000e+00 7.000000e+00 4.000000e+01 3.935661e+01
1.000000e+00 4.000000e+00 6.400000e+01 9.000000e+00 8.000000e+00 4.900000e+01 4.870510e+01
1.000000e+00 8.000000e+00 9.900000e+01 5.000000e+00 5.000000e+00 9.200000e+01 9.319663e+01
1.000000e+00 6.000000e+00 5.400000e+01 8.000000e+00 7.000000e+00 4.600000e+01 4.355934e+01
1.000000e+00 3.000000e+00 6.300000e+01 6.000000e+00 1.000000e+00 4.200000e+01 4.203895e+01
1.000000e+00 5.000000e+00 5.400000e+01 5.000000e+00 9.000000e+00 4.100000e+01 3.967428e+01
1.000000e+00 6.000000e+00 7.000000e+01 7.000000e+00 7.000000e+00 6.000000e+01 5.935404e+01
1.000000e+00 5.000000e+00 5.300000e+01 8.000000e+00 1.000000e+00 4.100000e+01 3.851829e+01
1.000000e+00 6.000000e+00 9.300000e+01 5.000000e+00 7.000000e+00 8.300000e+01 8.179097e+01
1.000000e+00 8.000000e+00 5.300000e+01 7.000000e+00 1.000000e+00 4.300000e+01 4.658598e+01
1.000000e+00 7.000000e+00 4.500000e+01 7.000000e+00 2.000000e+00 3.600000e+01 3.579845e+01
1.000000e+00 5.000000e+00 5.300000e+01 6.000000e+00 6.000000e+00 3.800000e+01 3.854565e+01
1.000000e+00 6.000000e+00 5.600000e+01 9.000000e+00 8.000000e+00 4.700000e+01 4.626560e+01
1.000000e+00 4.000000e+00 5.700000e+01 7.000000e+00 2.000000e+00 4.000000e+01 3.945769e+01
1.000000e+00 9.000000e+00 5.900000e+01 7.000000e+00 4.000000e+00 5.900000e+01 5.612370e+01
1.000000e+00 4.000000e+00 9.000000e+01 9.000000e+00 8.000000e+00 7.600000e+01 7.514557e+01
1.000000e+00 1.000000e+00 5.600000e+01 4.000000e+00 6.000000e+00 3.100000e+01 2.925168e+01
1.000000e+00 7.000000e+00 5.500000e+01 7.000000e+00 1.000000e+00 4.400000e+01 4.577185e+01
1.000000e+00 7.000000e+00 7.900000e+01 8.000000e+00 4.000000e+00 7.100000e+01 7.124285e+01
1.000000e+00 4.000000e+00 7.800000e+01 5.000000e+00 4.000000e+00 5.900000e+01 6.025277e+01
1.000000e+00 3.000000e+00 9.100000e+01 9.000000e+00 8.000000e+00 6.900000e+01 7.331449e+01
1.000000e+00 8.000000e+00 7.100000e+01 9.000000e+00 1.000000e+00 6.300000e+01 6.584365e+01
1.000000e+00 5.000000e+00 9.900000e+01 9.000000e+00 0.000000e+00 8.700000e+01 8.557793e+01
1.000000e+00 7.000000e+00 8.300000e+01 8.000000e+00 3.000000e+00 7.700000e+01 7.511460e+01
1.000000e+00 4.000000e+00 4.800000e+01 9.000000e+00 3.000000e+00 3.100000e+01 3.145396e+01
1.000000e+00 4.000000e+00 6.600000e+01 8.000000e+00 0.000000e+00 4.700000e+01 4.869449e+01
1.000000e+00 8.000000e+00 8.500000e+01 6.000000e+00 9.000000e+00 7.800000e+01 8.021987e+01
1.000000e+00 8.000000e+00 9.100000e+01 4.000000e+00 6.000000e+00 8.600000e+01 8.478075e+01
1.000000e+00 2.000000e+00 7.200000e+01 9.000000e+00 1.000000e+00 4.800000e+01 4.977248e+01
1.000000e+00 2.000000e+00 4.900000e+01 4.000000e+00 8.000000e+00 2.400000e+01 2.537314e+01
1.000000e+00 3.000000e+00 5.600000e+01 9.000000e+00 6.000000e+00 3.900000e+01 3.732952e+01
1.000000e+00 3.000000e+00 8.800000e+01 8.000000e+00 6.000000e+00 7.100000e+01 6.939528e+01
1.000000e+00 1.000000e+00 8.800000e+01 5.000000e+00 0.000000e+00 6.000000e+01 6.109407e+01
1.000000e+00 3.000000e+00 7.500000e+01 4.000000e+00 8.000000e+00 5.400000e+01 5.466163e+01
1.000000e+00 6.000000e+00 5.600000e+01 4.000000e+00 9.000000e+00 4.500000e+01 4.407982e+01
1.000000e+00 8.000000e+00 5.700000e+01 8.000000e+00 8.000000e+00 5.100000e+01 5.250222e+01
1.000000e+00 6.000000e+00 9.100000e+01 4.000000e+00 1.000000e+00 7.800000e+01 7.810464e+01
1.000000e+00 5.000000e+00 6.200000e+01 6.000000e+00 9.000000e+00 4.800000e+01 4.828617e+01
1.000000e+00 4.000000e+00 7.300000e+01 8.000000e+00 8.000000e+00 5.900000e+01 5.738121e+01
1.000000e+00 3.000000e+00 4.700000e+01 4.000000e+00 1.000000e+00 2.800000e+01 2.481517e+01
1.000000e+00 4.000000e+00 5.200000e+01 4.000000e+00 1.000000e+00 3.500000e+01 3.274789e+01
1.000000e+00 7.000000e+00 6.200000e+01 4.000000e+00 7.000000e+00 5.500000e+01 5.263745e+01
1.000000e+00 1.000000e+00 9.600000e+01 8.000000e+00 2.000000e+00 6.900000e+01 7.105071e+01
1.000000e+00 7.000000e+00 9.300000e+01 5.000000e+00 2.000000e+00 8.700000e+01 8.365891e+01
1.000000e+00 1.000000e+00 5.900000e+01 7.000000e+00 6.000000e+00 3.200000e+01 3.373158e+01
1.000000e+00 2.000000e+00 6.100000e+01 9.000000e+00 9.000000e+00 3.700000e+01 4.015425e+01
1.000000e+00 4.000000e+00 8.600000e+01 4.000000e+00 5.000000e+00 6.600000e+01 6.810796e+01
1.000000e+00 1.000000e+00 9.100000e+01 7.000000e+00 6.000000e+00 6.600000e+01 6.627371e+01
1.000000e+00 9.000000e+00 6.200000e+01 7.000000e+00 5.000000e+00 5.600000e+01 5.937054e+01
1.000000e+00 6.000000e+00 8.000000e+01 4.000000e+00 8.000000e+00 7.000000e+01 6.829039e+01
1.000000e+00 1.000000e+00 7.400000e+01 4.000000e+00 1.000000e+00 4.800000e+01 4.657655e+01
1.000000e+00 1.000000e+00 4.200000e+01 9.000000e+00 7.000000e+00 1.700000e+01 1.759232e+01
1.000000e+00 6.000000e+00 7.300000e+01 7.000000e+00 5.000000e+00 5.900000e+01 6.201284e+01
1.000000e+00 4.000000e+00 7.200000e+01 5.000000e+00 3.000000e+00 5.600000e+01 5.395511e+01
1.000000e+00 4.000000e+00 8.500000e+01 7.000000e+00 5.000000e+00 6.600000e+01 6.852010e+01
1.000000e+00 6.000000e+00 5.600000e+01 5.000000e+00 5.000000e+00 4.100000e+01 4.377211e+01
1.000000e+00 7.000000e+00 8.400000e+01 6.000000e+00 9.000000e+00 7.600000e+01 7.635491e+01
1.000000e+00 9.000000e+00 5.800000e+01 5.000000e+00 2.000000e+00 5.400000e+01 5.376200e+01
1.000000e+00 5.000000e+00 6.900000e+01 9.000000e+00 7.000000e+00 5.700000e+01 5.644180e+01
1.000000e+00 9.000000e+00 6.200000e+01 8.000000e+00 4.000000e+00 6.200000e+01 5.965088e+01
1.000000e+00 4.000000e+00 5.400000e+01 4.000000e+00 9.000000e+00 3.800000e+01 3.634990e+01
1.000000e+00 2.000000e+00 9.800000e+01 6.000000e+00 3.000000e+00 7.300000e+01 7.517591e+01
1.000000e+00 3.000000e+00 9.600000e+01 7.000000e+00 1.000000e+00 7.200000e+01 7.607437e+01
1.000000e+00 1.000000e+00 5.300000e+01 5.000000e+00 9.000000e+00 2.800000e+01 2.726527e+01
1.000000e+00 6.000000e+00 4.100000e+01 6.000000e+00 0.000000e+00 2.800000e+01 2.801428e+01
1.000000e+00 6.000000e+00 7.800000e+01 8.000000e+00 6.000000e+00 6.700000e+01 6.776992e+01
1.000000e+00 1.000000e+00 8.800000e+01 5.000000e+00 9.000000e+00 6.200000e+01 6.285821e+01
1.000000e+00 3.000000e+00 5.700000e+01 9.000000e+00 2.000000e+00 3.600000e+01 3.756239e+01
1.000000e+00 5.000000e+00 4.500000e+01 7.000000e+00 2.000000e+00 3.300000e+01 3.010241e+01
1.000000e+00 3.000000e+00 9.800000e+01 7.000000e+00 2.000000e+00 7.400000e+01 7.830427e+01
1.000000e+00 3.000000e+00 7.100000e+01 5.000000e+00 9.000000e+00 5.200000e+01 5.126624e+01
1.000000e+00 3.000000e+00 6.000000e+01 8.000000e+00 2.000000e+00 3.800000e+01 4.013686e+01
1.000000e+00 5.000000e+00 7.900000e+01 4.000000e+00 1.000000e+00 6.200000e+01 6.305332e+01
1.000000e+00 5.000000e+00 6.700000e+01 4.000000e+00 5.000000e+00 5.000000e+01 5.163409e+01
1.000000e+00 4.000000e+00 6.600000e+01 7.000000e+00 9.000000e+00 4.800000e+01 4.998228e+01
1.000000e+00 1.000000e+00 4.100000e+01 8.000000e+00 2.000000e+00 1.500000e+01 1.511894e+01
1.000000e+00 5.000000e+00 7.200000e+01 7.000000e+00 0.000000e+00 5.100000e+01 5.716780e+01
1.000000e+00 5.000000e+00 5.500000e+01 4.000000e+00 9.000000e+00 3.700000e+01 4.021486e+01
1.000000e+00 4.000000e+00 7.800000e+01 7.000000e+00 8.000000e+00 5.900000e+01 6.198955e+01
1.000000e+00 6.000000e+00 6.100000e+01 5.000000e+00 5.000000e+00 4.600000e+01 4.885682e+01
1.000000e+00 4.000000e+00 9.500000e+01 9.000000e+00 5.000000e+00 7.800000e+01 7.964223e+01
1.000000e+00 7.000000e+00 8.200000e+01 5.000000e+00 9.000000e+00 7.400000e+01 7.384467e+01
1.000000e+00 7.000000e+00 8.600000e+01 9.000000e+00 8.000000e+00 7.800000e+01 7.962186e+01
1.000000e+00 2.000000e+00 5.200000e+01 8.000000e+00 1.000000e+00 2.700000e+01 2.895729e+01
1.000000e+00 3.000000e+00 9.500000e+01 4.000000e+00 9.000000e+00 7.400000e+01 7.519648e+01
1.000000e+00 1.000000e+00 4.100000e+01 8.000000e+00 8.000000e+00 1.500000e+01 1.629503e+01
1.000000e+00 8.000000e+00 5.300000e+01 8.000000e+00 2.000000e+00 4.600000e+01 4.725836e+01
1.000000e+00 9.000000e+00 9.500000e+01 4.000000e+00 2.000000e+00 9.000000e+01 9.091247e+01
1.000000e+00 4.000000e+00 7.700000e+01 6.000000e+00 2.000000e+00 5.800000e+01 5.932016e+01
1.000000e+00 6.000000e+00 8.000000e+01 6.000000e+00 0.000000e+00 6.500000e+01 6.767499e+01
1.000000e+00 9.000000e+00 6.700000e+01 7.000000e+00 9.000000e+00 6.500000e+01 6.523931e+01
1.000000e+00 6.000000e+00 4.600000e+01 6.000000e+00 6.000000e+00 3.600000e+01 3.427508e+01
1.000000e+00 9.000000e+00 5.700000e+01 5.000000e+00 9.000000e+00 5.200000e+01 5.411717e+01
1.000000e+00 4.000000e+00 9.500000e+01 9.000000e+00 6.000000e+00 7.900000e+01 7.983824e+01
1.000000e+00 8.000000e+00 8.000000e+01 8.000000e+00 1.000000e+00 7.400000e+01 7.451976e+01
1.000000e+00 9.000000e+00 9.400000e+01 7.000000e+00 5.000000e+00 9.300000e+01 9.191266e+01
1.000000e+00 4.000000e+00 7.500000e+01 8.000000e+00 3.000000e+00 5.700000e+01 5.843501e+01
1.000000e+00 5.000000e+00 8.000000e+01 4.000000e+00 6.000000e+00 6.500000e+01 6.505034e+01
1.000000e+00 8.000000e+00 7.500000e+01 6.000000e+00 6.000000e+00 6.900000e+01 6.946241e+01
1.000000e+00 6.000000e+00 8.300000e+01 4.000000e+00 3.000000e+00 7.100000e+01 7.036114e+01
1.000000e+00 7.000000e+00 4.300000e+01 7.000000e+00 2.000000e+00 3.100000e+01 3.376457e+01
1.000000e+00 3.000000e+00 9.600000e+01 9.000000e+00 6.000000e+00 7.800000e+01 7.800717e+01
1.000000e+00 7.000000e+00 6.900000e+01 5.000000e+00 8.000000e+00 6.000000e+01 6.042842e+01
1.000000e+00 8.000000e+00 6.300000e+01 6.000000e+00 3.000000e+00 5.800000e+01 5.667107e+01
1.000000e+00 6.000000e+00 5.900000e+01 4.000000e+00 5.000000e+00 4.600000e+01 4.634658e+01
1.000000e+00 9.000000e+00 8.500000e+01 9.000000e+00 6.000000e+00 8.700000e+01 8.390892e+01
1.000000e+00 6.000000e+00 9.500000e+01 6.000000e+00 9.000000e+00 8.100000e+01 8.469325e+01
1.000000e+00 9.000000e+00 7.000000e+01 8.000000e+00 2.000000e+00 6.900000e+01 6.739438e+01
1.000000e+00 4.000000e+00 6.300000e+01 5.000000e+00 4.000000e+00 4.600000e+01 4.499865e+01
1.000000e+00 8.000000e+00 4.600000e+01 9.000000e+00 0.000000e+00 4.100000e+01 4.022410e+01
1.000000e+00 4.000000e+00 6.500000e+01 6.000000e+00 5.000000e+00 5.000000e+01 4.770491e+01
1.000000e+00 2.000000e+00 5.200000e+01 5.000000e+00 4.000000e+00 2.400000e+01 2.811626e+01
1.000000e+00 9.000000e+00 9.300000e+01 9.000000e+00 6.000000e+00 9.700000e+01 9.204445e+01
1.000000e+00 5.000000e+00 4.700000e+01 8.000000e+00 8.000000e+00 3.500000e+01 3.378875e+01
1.000000e+00 4.000000e+00 9.400000e+01 8.000000e+00 3.000000e+00 8.200000e+01 7.775690e+01
1.000000e+00 2.000000e+00 4.400000e+01 4.000000e+00 8.000000e+00 2.400000e+01 2.028844e+01
1.000000e+00 1.000000e+00 8.300000e+01 7.000000e+00 5.000000e+00 5.900000e+01 5.794216e+01
1.000000e+00 7.000000e+00 5.200000e+01 4.000000e+00 4.000000e+00 4.200000e+01 4.187999e+01
1.000000e+00 6.000000e+00 6.800000e+01 5.000000e+00 1.000000e+00 5.600000e+01 5.519135e+01
1.000000e+00 2.000000e+00 5.900000e+01 4.000000e+00 0.000000e+00 3.000000e+01 3.397443e+01
1.000000e+00 8.000000e+00 5.300000e+01 9.000000e+00 7.000000e+00 4.900000e+01 4.871480e+01
1.000000e+00 4.000000e+00 7.100000e+01 6.000000e+00 5.000000e+00 5.600000e+01 5.380656e+01
1.000000e+00 8.000000e+00 9.900000e+01 9.000000e+00 6.000000e+00 9.800000e+01 9.529808e+01
1.000000e+00 7.000000e+00 8.900000e+01 4.000000e+00 5.000000e+00 7.900000e+01 7.970284e+01
1.000000e+00 5.000000e+00 6.600000e+01 7.000000e+00 9.000000e+00 5.400000e+01 5.283029e+01
1.000000e+00 8.000000e+00 9.500000e+01 9.000000e+00 6.000000e+00 9.300000e+01 9.123032e+01
1.000000e+00 9.000000e+00 6.400000e+01 9.000000e+00 8.000000e+00 6.300000e+01 6.294518e+01
1.000000e+00 5.000000e+00 9.100000e+01 9.000000e+00 4.000000e+00 7.600000e+01 7.822647e+01
1.000000e+00 5.000000e+00 4.300000e+01 7.000000e+00 0.000000e+00 2.700000e+01 2.767650e+01
1.000000e+00 2.000000e+00 6.000000e+01 9.000000e+00 0.000000e+00 3.500000e+01 3.737317e+01
1.000000e+00 5.000000e+00 5.700000e+01 5.000000e+00 8.000000e+00 3.900000e+01 4.252909e+01
1.000000e+00 3.000000e+00 7.800000e+01 8.000000e+00 4.000000e+00 5.900000e+01 5.883383e+01
1.000000e+00 7.000000e+00 5.400000e+01 7.000000e+00 1.000000e+00 5.000000e+01 4.475491e+01
1.000000e+00 5.000000e+00 9.200000e+01 5.000000e+00 2.000000e+00 7.700000e+01 7.694594e+01
1.000000e+00 8.000000e+00 7.700000e+01 7.000000e+00 0.000000e+00 7.000000e+01 7.079656e+01
1.000000e+00 1.000000e+00 8.700000e+01 7.000000e+00 5.000000e+00 6.200000e+01 6.200993e+01
1.000000e+00 3.000000e+00 9.100000e+01 8.000000e+00 5.000000e+00 7.100000e+01 7.225009e+01
1.000000e+00 3.000000e+00 6.300000e+01 6.000000e+00 2.000000e+00 3.900000e+01 4.223496e+01
1.000000e+00 9.000000e+00 4.700000e+01 5.000000e+00 2.000000e+00 4.100000e+01 4.257565e+01
1.000000e+00 5.000000e+00 6.700000e+01 7.000000e+00 6.000000e+00 5.100000e+01 5.325919e+01
1.000000e+00 9.000000e+00 6.000000e+01 7.000000e+00 0.000000e+00 5.200000e+01 5.635657e+01
1.000000e+00 9.000000e+00 5.500000e+01 4.000000e+00 4.000000e+00 4.900000e+01 5.062685e+01
1.000000e+00 1.000000e+00 9.900000e+01 9.000000e+00 2.000000e+00 7.600000e+01 7.457789e+01
1.000000e+00 2.000000e+00 9.300000e+01 6.000000e+00 4.000000e+00 7.100000e+01 7.028722e+01
1.000000e+00 5.000000e+00 5.500000e+01 8.000000e+00 3.000000e+00 4.200000e+01 4.094420e+01
1.000000e+00 4.000000e+00 7.400000e+01 5.000000e+00 5.000000e+00 6.000000e+01 5.638102e+01
1.000000e+00 9.000000e+00 5.600000e+01 7.000000e+00 8.000000e+00 5.300000e+01 5.385693e+01
1.000000e+00 7.000000e+00 4.800000e+01 9.000000e+00 1.000000e+00 4.000000e+01 3.960598e+01
1.000000e+00 6.000000e+00 9.600000e+01 5.000000e+00 9.000000e+00 8.500000e+01 8.523383e+01
1.000000e+00 7.000000e+00 7.400000e+01 8.000000e+00 7.000000e+00 7.000000e+01 6.674619e+01
1.000000e+00 1.000000e+00 9.100000e+01 6.000000e+00 1.000000e+00 6.300000e+01 6.481727e+01
1.000000e+00 1.000000e+00 6.800000e+01 4.000000e+00 3.000000e+00 4.200000e+01 4.086693e+01
1.000000e+00 8.000000e+00 7.800000e+01 6.000000e+00 8.000000e+00 7.300000e+01 7.290527e+01
1.000000e+00 2.000000e+00 5.700000e+01 4.000000e+00 3.000000e+00 3.500000e+01 3.252859e+01
1.000000e+00 9.000000e+00 5.100000e+01 5.000000e+00 6.000000e+00 4.800000e+01 4.742748e+01
1.000000e+00 7.000000e+00 5.800000e+01 6.000000e+00 4.000000e+00 4.900000e+01 4.893436e+01
1.000000e+00 6.000000e+00 8.700000e+01 6.000000e+00 1.000000e+00 7.500000e+01 7.498959e+01
1.000000e+00 1.000000e+00 6.100000e+01 6.000000e+00 7.000000e+00 3.500000e+01 3.548512e+01
1.000000e+00 1.000000e+00 9.800000e+01 8.000000e+00 9.000000e+00 7.000000e+01 7.445670e+01
1.000000e+00 2.000000e+00 9.500000e+01 5.000000e+00 9.000000e+00 7.100000e+01 7.282482e+01
1.000000e+00 6.000000e+00 8.800000e+01 4.000000e+00 1.000000e+00 7.400000e+01 7.505381e+01
1.000000e+00 6.000000e+00 9.100000e+01 6.000000e+00 2.000000e+00 7.700000e+01 7.925337e+01
1.000000e+00 2.000000e+00 5.400000e+01 5.000000e+00 9.000000e+00 3.000000e+01 3.113022e+01
1.000000e+00 1.000000e+00 4.000000e+01 9.000000e+00 6.000000e+00 1.300000e+01 1.536242e+01
1.000000e+00 5.000000e+00 4.100000e+01 8.000000e+00 4.000000e+00 2.600000e+01 2.690304e+01
1.000000e+00 5.000000e+00 4.700000e+01 8.000000e+00 9.000000e+00 3.500000e+01 3.398477e+01
1.000000e+00 2.000000e+00 6.100000e+01 9.000000e+00 2.000000e+00 4.000000e+01 3.878214e+01
1.000000e+00 6.000000e+00 6.400000e+01 5.000000e+00 1.000000e+00 5.500000e+01 5.112358e+01
1.000000e+00 9.000000e+00 4.100000e+01 4.000000e+00 5.000000e+00 3.700000e+01 3.658569e+01
1.000000e+00 2.000000e+00 9.000000e+01 5.000000e+00 9.000000e+00 6.400000e+01 6.774011e+01
1.000000e+00 2.000000e+00 4.800000e+01 5.000000e+00 0.000000e+00 2.300000e+01 2.326443e+01
1.000000e+00 3.000000e+00 4.800000e+01 7.000000e+00 7.000000e+00 2.700000e+01 2.843728e+01
1.000000e+00 7.000000e+00 5.200000e+01 8.000000e+00 4.000000e+00 4.200000e+01 4.378543e+01
1.000000e+00 6.000000e+00 4.500000e+01 4.000000e+00 4.000000e+00 3.400000e+01 3.191338e+01
1.000000e+00 8.000000e+00 6.900000e+01 7.000000e+00 1.000000e+00 6.300000e+01 6.285704e+01
1.000000e+00 8.000000e+00 5.400000e+01 9.000000e+00 6.000000e+00 5.000000e+01 4.953572e+01
1.000000e+00 6.000000e+00 9.000000e+01 5.000000e+00 4.000000e+00 7.500000e+01 7.815210e+01
1.000000e+00 3.000000e+00 9.200000e+01 9.000000e+00 7.000000e+00 7.400000e+01 7.413542e+01
1.000000e+00 3.000000e+00 5.400000e+01 8.000000e+00 4.000000e+00 3.900000e+01 3.442724e+01
1.000000e+00 1.000000e+00 8.900000e+01 7.000000e+00 8.000000e+00 6.300000e+01 6.463186e+01
1.000000e+00 7.000000e+00 4.600000e+01 7.000000e+00 4.000000e+00 3.600000e+01 3.720742e+01
1.000000e+00 5.000000e+00 9.700000e+01 4.000000e+00 2.000000e+00 8.400000e+01 8.155428e+01
1.000000e+00 4.000000e+00 5.000000e+01 5.000000e+00 1.000000e+00 3.000000e+01 3.119037e+01
1.000000e+00 4.000000e+00 7.900000e+01 4.000000e+00 4.000000e+00 6.000000e+01 6.079335e+01
1.000000e+00 4.000000e+00 7.700000e+01 7.000000e+00 9.000000e+00 6.100000e+01 6.116863e+01
1.000000e+00 6.000000e+00 7.900000e+01 7.000000e+00 9.000000e+00 7.000000e+01 6.889855e+01
1.000000e+00 8.000000e+00 4.100000e+01 4.000000e+00 4.000000e+00 3.200000e+01 3.354165e+01
1.000000e+00 8.000000e+00 9.000000e+01 7.000000e+00 5.000000e+00 8.700000e+01 8.499687e+01
1.000000e+00 5.000000e+00 8.700000e+01 6.000000e+00 1.000000e+00 7.200000e+01 7.214157e+01
1.000000e+00 6.000000e+00 7.800000e+01 8.000000e+00 4.000000e+00 6.800000e+01 6.737789e+01
1.000000e+00 4.000000e+00 4.900000e+01 5.000000e+00 0.000000e+00 2.900000e+01 2.997741e+01
1.000000e+00 9.000000e+00 8.300000e+01 8.000000e+00 2.000000e+00 7.800000e+01 8.061461e+01
1.000000e+00 8.000000e+00 5.600000e+01 5.000000e+00 2.000000e+00 4.500000e+01 4.888010e+01
1.000000e+00 1.000000e+00 4.600000e+01 7.000000e+00 2.000000e+00 2.000000e+01 1.972728e+01
1.000000e+00 2.000000e+00 9.300000e+01 4.000000e+00 2.000000e+00 6.600000e+01 6.894246e+01
1.000000e+00 9.000000e+00 7.900000e+01 4.000000e+00 7.000000e+00 7.700000e+01 7.562149e+01
1.000000e+00 8.000000e+00 7.800000e+01 7.000000e+00 0.000000e+00 7.200000e+01 7.181350e+01
1.000000e+00 3.000000e+00 4.300000e+01 5.000000e+00 5.000000e+00 2.600000e+01 2.200782e+01
1.000000e+00 8.000000e+00 7.400000e+01 7.000000e+00 5.000000e+00 6.700000e+01 6.872581e+01
1.000000e+00 1.000000e+00 9.000000e+01 5.000000e+00 0.000000e+00 6.700000e+01 6.312795e+01
1.000000e+00 4.000000e+00 8.600000e+01 7.000000e+00 0.000000e+00 6.800000e+01 6.855696e+01
1.000000e+00 3.000000e+00 7.500000e+01 7.000000e+00 2.000000e+00 5.600000e+01 5.491462e+01
1.000000e+00 6.000000e+00 7.000000e+01 7.000000e+00 7.000000e+00 6.100000e+01 5.935404e+01
1.000000e+00 7.000000e+00 6.400000e+01 4.000000e+00 5.000000e+00 5.000000e+01 5.427930e+01
1.000000e+00 4.000000e+00 8.000000e+01 5.000000e+00 3.000000e+00 6.800000e+01 6.209064e+01
1.000000e+00 7.000000e+00 5.200000e+01 9.000000e+00 4.000000e+00 4.700000e+01 4.426179e+01
1.000000e+00 9.000000e+00 5.700000e+01 7.000000e+00 9.000000e+00 5.600000e+01 5.506989e+01
1.000000e+00 2.000000e+00 6.000000e+01 8.000000e+00 2.000000e+00 4.000000e+01 3.728884e+01
1.000000e+00 3.000000e+00 8.700000e+01 8.000000e+00 5.000000e+00 6.800000e+01 6.818232e+01
1.000000e+00 5.000000e+00 4.000000e+01 4.000000e+00 5.000000e+00 2.600000e+01 2.417668e+01
1.000000e+00 3.000000e+00 7.500000e+01 6.000000e+00 5.000000e+00 5.500000e+01 5.502631e+01
1.000000e+00 8.000000e+00 8.900000e+01 9.000000e+00 8.000000e+00 8.400000e+01 8.552070e+01
1.000000e+00 8.000000e+00 4.700000e+01 4.000000e+00 9.000000e+00 4.000000e+01 4.062338e+01
1.000000e+00 8.000000e+00 9.100000e+01 6.000000e+00 7.000000e+00 8.500000e+01 8.592949e+01
1.000000e+00 9.000000e+00 8.700000e+01 4.000000e+00 5.000000e+00 8.500000e+01 8.336499e+01
1.000000e+00 4.000000e+00 6.000000e+01 8.000000e+00 1.000000e+00 4.000000e+01 4.278886e+01
1.000000e+00 5.000000e+00 8.200000e+01 7.000000e+00 3.000000e+00 6.800000e+01 6.792526e+01
1.000000e+00 5.000000e+00 9.100000e+01 5.000000e+00 5.000000e+00 7.400000e+01 7.651704e+01
1.000000e+00 8.000000e+00 9.200000e+01 7.000000e+00 8.000000e+00 9.000000e+01 8.761880e+01
1.000000e+00 7.000000e+00 9.200000e+01 8.000000e+00 1.000000e+00 8.200000e+01 8.387504e+01
1.000000e+00 9.000000e+00 6.000000e+01 5.000000e+00 5.000000e+00 5.700000e+01 5.638393e+01
1.000000e+00 8.000000e+00 6.600000e+01 6.000000e+00 9.000000e+00 6.100000e+01 6.089799e+01
1.000000e+00 2.000000e+00 5.800000e+01 6.000000e+00 9.000000e+00 3.800000e+01 3.567435e+01
1.000000e+00 4.000000e+00 6.200000e+01 8.000000e+00 9.000000e+00 4.600000e+01 4.639087e+01
1.000000e+00 6.000000e+00 9.000000e+01 5.000000e+00 6.000000e+00 8.000000e+01 7.854413e+01
1.000000e+00 2.000000e+00 8.900000e+01 7.000000e+00 7.000000e+00 6.700000e+01 6.728386e+01
1.000000e+00 7.000000e+00 9.000000e+01 8.000000e+00 8.000000e+00 8.400000e+01 8.321326e+01
1.000000e+00 3.000000e+00 8.200000e+01 6.000000e+00 4.000000e+00 5.800000e+01 6.194888e+01
1.000000e+00 3.000000e+00 7.400000e+01 8.000000e+00 8.000000e+00 5.500000e+01 5.555013e+01
1.000000e+00 2.000000e+00 7.900000e+01 7.000000e+00 8.000000e+00 5.700000e+01 5.731046e+01
1.000000e+00 8.000000e+00 9.100000e+01 4.000000e+00 6.000000e+00 8.700000e+01 8.478075e+01
1.000000e+00 6.000000e+00 9.000000e+01 9.000000e+00 1.000000e+00 8.000000e+01 7.946949e+01
1.000000e+00 1.000000e+00 8.100000e+01 9.000000e+00 7.000000e+00 5.400000e+01 5.725303e+01
1.000000e+00 1.000000e+00 8.700000e+01 9.000000e+00 4.000000e+00 6.400000e+01 6.276663e+01
1.000000e+00 7.000000e+00 4.400000e+01 4.000000e+00 7.000000e+00 3.300000e+01 3.433251e+01
1.000000e+00 8.000000e+00 9.100000e+01 7.000000e+00 1.000000e+00 8.300000e+01 8.522975e+01
1.000000e+00 5.000000e+00 8.000000e+01 5.000000e+00 6.000000e+00 6.600000e+01 6.552670e+01
1.000000e+00 5.000000e+00 4.700000e+01 8.000000e+00 4.000000e+00 3.300000e+01 3.300469e+01
1.000000e+00 4.000000e+00 5.000000e+01 7.000000e+00 3.000000e+00 3.100000e+01 3.253512e+01
1.000000e+00 6.000000e+00 5.500000e+01 4.000000e+00 9.000000e+00 4.000000e+01 4.306288e+01
1.000000e+00 6.000000e+00 7.800000e+01 6.000000e+00 5.000000e+00 6.600000e+01 6.662118e+01
1.000000e+00 3.000000e+00 8.600000e+01 9.000000e+00 4.000000e+00 6.700000e+01 6.744572e+01
1.000000e+00 9.000000e+00 6.300000e+01 9.000000e+00 5.000000e+00 6.400000e+01 6.134020e+01
1.000000e+00 7.000000e+00 6.000000e+01 7.000000e+00 8.000000e+00 5.200000e+01 5.222866e+01
1.000000e+00 1.000000e+00 9.100000e+01 9.000000e+00 0.000000e+00 6.800000e+01 6.605033e+01
1.000000e+00 7.000000e+00 6.200000e+01 9.000000e+00 0.000000e+00 5.800000e+01 5.364714e+01
1.000000e+00 5.000000e+00 8.800000e+01 7.000000e+00 5.000000e+00 7.200000e+01 7.441894e+01
1.000000e+00 5.000000e+00 7.700000e+01 7.000000e+00 1.000000e+00 6.500000e+01 6.244852e+01
1.000000e+00 2.000000e+00 8.600000e+01 4.000000e+00 7.000000e+00 6.500000e+01 6.280395e+01
1.000000e+00 4.000000e+00 4.700000e+01 4.000000e+00 6.000000e+00 2.400000e+01 2.864326e+01
1.000000e+00 6.000000e+00 4.600000e+01 9.000000e+00 5.000000e+00 3.500000e+01 3.550814e+01
1.000000e+00 7.000000e+00 4.100000e+01 7.000000e+00 3.000000e+00 3.400000e+01 3.192670e+01
1.000000e+00 5.000000e+00 6.900000e+01 7.000000e+00 8.000000e+00 5.700000e+01 5.568510e+01
1.000000e+00 9.000000e+00 5.200000e+01 9.000000e+00 6.000000e+00 5.400000e+01 5.034986e+01
1.000000e+00 3.000000e+00 6.200000e+01 5.000000e+00 6.000000e+00 4.200000e+01 4.152573e+01
1.000000e+00 1.000000e+00 6.800000e+01 6.000000e+00 4.000000e+00 3.900000e+01 4.201567e+01
1.000000e+00 4.000000e+00 7.700000e+01 8.000000e+00 0.000000e+00 6.200000e+01 5.988085e+01
1.000000e+00 9.000000e+00 7.600000e+01 8.000000e+00 1.000000e+00 7.100000e+01 7.330001e+01
1.000000e+00 4.000000e+00 5.900000e+01 9.000000e+00 7.000000e+00 4.200000e+01 4.342437e+01
1.000000e+00 2.000000e+00 7.200000e+01 8.000000e+00 4.000000e+00 5.200000e+01 4.988417e+01
1.000000e+00 5.000000e+00 6.800000e+01 4.000000e+00 1.000000e+00 5.400000e+01 5.186697e+01
1.000000e+00 3.000000e+00 8.900000e+01 4.000000e+00 4.000000e+00 6.800000e+01 6.811475e+01
1.000000e+00 9.000000e+00 5.400000e+01 5.000000e+00 7.000000e+00 5.000000e+01 5.067432e+01
1.000000e+00 4.000000e+00 6.200000e+01 9.000000e+00 3.000000e+00 4.600000e+01 4.569113e+01
1.000000e+00 6.000000e+00 8.100000e+01 4.000000e+00 2.000000e+00 6.800000e+01 6.813124e+01
1.000000e+00 2.000000e+00 4.200000e+01 9.000000e+00 4.000000e+00 1.900000e+01 1.985229e+01
1.000000e+00 6.000000e+00 7.600000e+01 9.000000e+00 6.000000e+00 6.800000e+01 6.621240e+01
1.000000e+00 3.000000e+00 9.500000e+01 7.000000e+00 1.000000e+00 7.400000e+01 7.505743e+01
1.000000e+00 9.000000e+00 6.800000e+01 6.000000e+00 0.000000e+00 6.300000e+01 6.401574e+01
1.000000e+00 2.000000e+00 8.400000e+01 6.000000e+00 4.000000e+00 6.000000e+01 6.113474e+01
1.000000e+00 9.000000e+00 4.700000e+01 9.000000e+00 6.000000e+00 4.700000e+01 4.526515e+01
1.000000e+00 5.000000e+00 6.100000e+01 6.000000e+00 7.000000e+00 4.700000e+01 4.687719e+01
1.000000e+00 8.000000e+00 9.200000e+01 6.000000e+00 7.000000e+00 8.700000e+01 8.694643e+01
1.000000e+00 2.000000e+00 6.800000e+01 8.000000e+00 9.000000e+00 4.500000e+01 4.679648e+01
1.000000e+00 6.000000e+00 4.100000e+01 8.000000e+00 8.000000e+00 3.100000e+01 3.053512e+01
1.000000e+00 3.000000e+00 8.000000e+01 7.000000e+00 0.000000e+00 6.100000e+01 5.960729e+01
1.000000e+00 5.000000e+00 8.800000e+01 5.000000e+00 6.000000e+00 7.300000e+01 7.366223e+01
1.000000e+00 8.000000e+00 9.800000e+01 4.000000e+00 9.000000e+00 9.200000e+01 9.248739e+01
1.000000e+00 1.000000e+00 8.900000e+01 4.000000e+00 7.000000e+00 6.500000e+01 6.300676e+01
1.000000e+00 5.000000e+00 8.400000e+01 8.000000e+00 5.000000e+00 6.900000e+01 7.082753e+01
1.000000e+00 3.000000e+00 4.000000e+01 9.000000e+00 9.000000e+00 2.000000e+01 2.164650e+01
1.000000e+00 4.000000e+00 8.300000e+01 6.000000e+00 3.000000e+00 6.600000e+01 6.561782e+01
1.000000e+00 2.000000e+00 5.900000e+01 7.000000e+00 6.000000e+00 3.800000e+01 3.657960e+01
1.000000e+00 9.000000e+00 9.100000e+01 5.000000e+00 2.000000e+00 8.100000e+01 8.732107e+01
1.000000e+00 3.000000e+00 6.000000e+01 8.000000e+00 1.000000e+00 3.900000e+01 3.994084e+01
1.000000e+00 2.000000e+00 7.600000e+01 9.000000e+00 5.000000e+00 5.300000e+01 5.462431e+01
1.000000e+00 9.000000e+00 4.700000e+01 7.000000e+00 1.000000e+00 4.400000e+01 4.333235e+01
1.000000e+00 7.000000e+00 6.600000e+01 9.000000e+00 5.000000e+00 5.800000e+01 5.869498e+01
1.000000e+00 6.000000e+00 8.600000e+01 7.000000e+00 9.000000e+00 7.900000e+01 7.601714e+01
1.000000e+00 1.000000e+00 9.800000e+01 8.000000e+00 2.000000e+00 7.500000e+01 7.308459e+01
1.000000e+00 5.000000e+00 7.400000e+01 7.000000e+00 1.000000e+00 5.900000e+01 5.939770e+01
1.000000e+00 3.000000e+00 4.500000e+01 6.000000e+00 7.000000e+00 2.300000e+01 2.491010e+01
1.000000e+00 1.000000e+00 9.900000e+01 7.000000e+00 3.000000e+00 7.400000e+01 7.382119e+01
1.000000e+00 4.000000e+00 8.400000e+01 5.000000e+00 3.000000e+00 6.500000e+01 6.615840e+01
1.000000e+00 2.000000e+00 8.300000e+01 7.000000e+00 6.000000e+00 6.000000e+01 6.098619e+01
1.000000e+00 2.000000e+00 5.800000e+01 4.000000e+00 7.000000e+00 3.200000e+01 3.432960e+01
1.000000e+00 3.000000e+00 5.700000e+01 7.000000e+00 8.000000e+00 3.800000e+01 3.778577e+01
1.000000e+00 8.000000e+00 9.500000e+01 9.000000e+00 9.000000e+00 9.100000e+01 9.181836e+01
1.000000e+00 8.000000e+00 4.000000e+01 8.000000e+00 7.000000e+00 3.400000e+01 3.501820e+01
1.000000e+00 7.000000e+00 6.400000e+01 4.000000e+00 3.000000e+00 4.600000e+01 5.388727e+01
1.000000e+00 6.000000e+00 6.600000e+01 8.000000e+00 1.000000e+00 5.500000e+01 5.458654e+01
1.000000e+00 9.000000e+00 4.600000e+01 9.000000e+00 9.000000e+00 4.300000e+01 4.483626e+01
1.000000e+00 4.000000e+00 8.300000e+01 5.000000e+00 4.000000e+00 6.700000e+01 6.533748e+01
1.000000e+00 1.000000e+00 8.100000e+01 6.000000e+00 6.000000e+00 5.600000e+01 5.562793e+01
1.000000e+00 8.000000e+00 6.800000e+01 5.000000e+00 1.000000e+00 5.800000e+01 6.088738e+01
1.000000e+00 7.000000e+00 7.000000e+01 4.000000e+00 3.000000e+00 6.000000e+01 5.998892e+01
1.000000e+00 7.000000e+00 8.300000e+01 9.000000e+00 5.000000e+00 7.700000e+01 7.598299e+01
1.000000e+00 3.000000e+00 8.200000e+01 9.000000e+00 7.000000e+00 6.900000e+01 6.396601e+01
1.000000e+00 4.000000e+00 7.500000e+01 6.000000e+00 9.000000e+00 6.000000e+01 5.865839e+01
1.000000e+00 9.000000e+00 5.800000e+01 7.000000e+00 5.000000e+00 5.200000e+01 5.530277e+01
1.000000e+00 6.000000e+00 4.500000e+01 4.000000e+00 5.000000e+00 3.600000e+01 3.210940e+01
1.000000e+00 5.000000e+00 6.400000e+01 6.000000e+00 5.000000e+00 4.900000e+01 4.953599e+01
1.000000e+00 3.000000e+00 7.000000e+01 8.000000e+00 3.000000e+00 5.000000e+01 5.050229e+01
1.000000e+00 9.000000e+00 4.800000e+01 6.000000e+00 2.000000e+00 4.800000e+01 4.406895e+01
1.000000e+00 5.000000e+00 5.900000e+01 8.000000e+00 0.000000e+00 4.300000e+01 4.442392e+01
1.000000e+00 5.000000e+00 4.900000e+01 8.000000e+00 1.000000e+00 3.400000e+01 3.445052e+01
1.000000e+00 4.000000e+00 7.600000e+01 9.000000e+00 1.000000e+00 5.700000e+01 5.953628e+01
1.000000e+00 4.000000e+00 6.600000e+01 6.000000e+00 9.000000e+00 5.000000e+01 4.950592e+01
1.000000e+00 1.000000e+00 5.200000e+01 9.000000e+00 6.000000e+00 2.800000e+01 2.756572e+01
1.000000e+00 7.000000e+00 8.000000e+01 9.000000e+00 5.000000e+00 7.200000e+01 7.293216e+01
1.000000e+00 9.000000e+00 4.100000e+01 5.000000e+00 7.000000e+00 3.800000e+01 3.745408e+01
1.000000e+00 3.000000e+00 8.900000e+01 5.000000e+00 8.000000e+00 6.800000e+01 6.937517e+01
1.000000e+00 2.000000e+00 6.000000e+01 9.000000e+00 4.000000e+00 4.100000e+01 3.815723e+01
1.000000e+00 3.000000e+00 7.200000e+01 9.000000e+00 2.000000e+00 5.300000e+01 5.281651e+01
1.000000e+00 1.000000e+00 6.300000e+01 8.000000e+00 3.000000e+00 3.600000e+01 3.768766e+01
1.000000e+00 6.000000e+00 9.200000e+01 9.000000e+00 7.000000e+00 8.000000e+01 8.267947e+01
1.000000e+00 7.000000e+00 8.300000e+01 4.000000e+00 2.000000e+00 7.300000e+01 7.301314e+01
1.000000e+00 2.000000e+00 8.100000e+01 6.000000e+00 1.000000e+00 5.900000e+01 5.749587e+01
1.000000e+00 8.000000e+00 7.300000e+01 4.000000e+00 6.000000e+00 6.700000e+01 6.647581e+01
1.000000e+00 6.000000e+00 9.900000e+01 5.000000e+00 3.000000e+00 9.100000e+01 8.710856e+01
1.000000e+00 4.000000e+00 4.800000e+01 4.000000e+00 7.000000e+00 3.400000e+01 2.985622e+01
1.000000e+00 5.000000e+00 4.100000e+01 7.000000e+00 0.000000e+00 2.300000e+01 2.564262e+01
1.000000e+00 8.000000e+00 9.400000e+01 7.000000e+00 7.000000e+00 8.600000e+01 8.945667e+01
1.000000e+00 3.000000e+00 9.500000e+01 5.000000e+00 4.000000e+00 7.300000e+01 7.469276e+01
1.000000e+00 3.000000e+00 6.900000e+01 4.000000e+00 1.000000e+00 4.900000e+01 4.718788e+01
1.000000e+00 4.000000e+00 6.100000e+01 6.000000e+00 0.000000e+00 4.300000e+01 4.265707e+01
1.000000e+00 1.000000e+00 8.500000e+01 5.000000e+00 5.000000e+00 6.100000e+01 5.902332e+01
1.000000e+00 9.000000e+00 5.000000e+01 7.000000e+00 8.000000e+00 4.500000e+01 4.775529e+01
1.000000e+00 8.000000e+00 9.400000e+01 5.000000e+00 8.000000e+00 8.500000e+01 8.869997e+01
1.000000e+00 8.000000e+00 8.200000e+01 4.000000e+00 8.000000e+00 7.500000e+01 7.602031e+01
1.000000e+00 6.000000e+00 5.600000e+01 4.000000e+00 3.000000e+00 4.400000e+01 4.290372e+01
1.000000e+00 7.000000e+00 7.500000e+01 4.000000e+00 5.000000e+00 6.600000e+01 6.546566e+01
1.000000e+00 6.000000e+00 5.200000e+01 8.000000e+00 9.000000e+00 4.500000e+01 4.191749e+01
1.000000e+00 9.000000e+00 4.600000e+01 4.000000e+00 5.000000e+00 4.000000e+01 4.167040e+01
1.000000e+00 3.000000e+00 5.500000e+01 9.000000e+00 4.000000e+00 3.800000e+01 3.592054e+01
1.000000e+00 3.000000e+00 7.200000e+01 7.000000e+00 1.000000e+00 5.000000e+01 5.166778e+01
1.000000e+00 3.000000e+00 8.400000e+01 7.000000e+00 6.000000e+00 6.700000e+01 6.485115e+01
1.000000e+00 3.000000e+00 4.000000e+01 8.000000e+00 0.000000e+00 2.100000e+01 1.940600e+01
1.000000e+00 9.000000e+00 5.000000e+01 7.000000e+00 5.000000e+00 5.100000e+01 4.716724e+01
1.000000e+00 4.000000e+00 4.500000e+01 7.000000e+00 4.000000e+00 2.500000e+01 2.764643e+01
1.000000e+00 7.000000e+00 5.900000e+01 5.000000e+00 4.000000e+00 5.300000e+01 4.947494e+01
1.000000e+00 9.000000e+00 7.400000e+01 4.000000e+00 7.000000e+00 7.100000e+01 7.053678e+01
1.000000e+00 7.000000e+00 8.300000e+01 9.000000e+00 8.000000e+00 7.700000e+01 7.657103e+01
1.000000e+00 9.000000e+00 7.600000e+01 9.000000e+00 6.000000e+00 7.500000e+01 7.475645e+01
1.000000e+00 3.000000e+00 8.000000e+01 5.000000e+00 9.000000e+00 6.000000e+01 6.041872e+01
1.000000e+00 4.000000e+00 6.500000e+01 9.000000e+00 7.000000e+00 4.900000e+01 4.952602e+01
1.000000e+00 8.000000e+00 9.700000e+01 5.000000e+00 1.000000e+00 8.700000e+01 9.037868e+01
1.000000e+00 6.000000e+00 5.100000e+01 9.000000e+00 1.000000e+00 4.000000e+01 3.980878e+01
1.000000e+00 5.000000e+00 6.900000e+01 7.000000e+00 7.000000e+00 5.600000e+01 5.548908e+01
1.000000e+00 4.000000e+00 6.700000e+01 6.000000e+00 5.000000e+00 4.900000e+01 4.973879e+01
1.000000e+00 8.000000e+00 6.600000e+01 4.000000e+00 7.000000e+00 5.900000e+01 5.955324e+01
1.000000e+00 1.000000e+00 8.100000e+01 6.000000e+00 8.000000e+00 5.900000e+01 5.601997e+01
1.000000e+00 9.000000e+00 5.800000e+01 7.000000e+00 8.000000e+00 5.400000e+01 5.589082e+01
1.000000e+00 1.000000e+00 4.400000e+01 8.000000e+00 5.000000e+00 1.700000e+01 1.875781e+01
1.000000e+00 8.000000e+00 9.700000e+01 5.000000e+00 7.000000e+00 9.000000e+01 9.155478e+01
1.000000e+00 4.000000e+00 4.400000e+01 9.000000e+00 1.000000e+00 2.300000e+01 2.699416e+01
1.000000e+00 9.000000e+00 8.000000e+01 9.000000e+00 7.000000e+00 8.200000e+01 7.902023e+01
1.000000e+00 5.000000e+00 6.600000e+01 7.000000e+00 2.000000e+00 4.900000e+01 5.145818e+01
1.000000e+00 3.000000e+00 6.700000e+01 9.000000e+00 0.000000e+00 5.000000e+01 4.733978e+01
1.000000e+00 9.000000e+00 6.500000e+01 7.000000e+00 6.000000e+00 6.000000e+01 6.261737e+01
1.000000e+00 9.000000e+00 6.600000e+01 6.000000e+00 0.000000e+00 6.000000e+01 6.198186e+01
1.000000e+00 4.000000e+00 9.100000e+01 8.000000e+00 0.000000e+00 7.400000e+01 7.411802e+01
1.000000e+00 4.000000e+00 8.800000e+01 5.000000e+00 0.000000e+00 7.100000e+01 6.963812e+01
1.000000e+00 8.000000e+00 8.100000e+01 9.000000e+00 3.000000e+00 7.700000e+01 7.640509e+01
1.000000e+00 2.000000e+00 6.000000e+01 8.000000e+00 3.000000e+00 3.400000e+01 3.748486e+01
1.000000e+00 9.000000e+00 4.000000e+01 8.000000e+00 9.000000e+00 3.900000e+01 3.825825e+01
1.000000e+00 6.000000e+00 9.300000e+01 8.000000e+00 5.000000e+00 8.500000e+01 8.282802e+01
1.000000e+00 9.000000e+00 6.700000e+01 4.000000e+00 9.000000e+00 6.400000e+01 6.381023e+01
1.000000e+00 8.000000e+00 8.700000e+01 8.000000e+00 2.000000e+00 8.700000e+01 8.183436e+01
1.000000e+00 7.000000e+00 9.700000e+01 7.000000e+00 9.000000e+00 9.100000e+01 9.005151e+01
1.000000e+00 1.000000e+00 9.700000e+01 4.000000e+00 5.000000e+00 7.300000e+01 7.075026e+01
1.000000e+00 3.000000e+00 5.400000e+01 4.000000e+00 6.000000e+00 3.400000e+01 3.291383e+01
1.000000e+00 2.000000e+00 9.400000e+01 8.000000e+00 0.000000e+00 7.000000e+01 7.147281e+01
1.000000e+00 5.000000e+00 5.600000e+01 9.000000e+00 5.000000e+00 4.200000e+01 4.282954e+01
1.000000e+00 5.000000e+00 6.500000e+01 9.000000e+00 9.000000e+00 5.500000e+01 5.276607e+01
1.000000e+00 5.000000e+00 5.900000e+01 9.000000e+00 0.000000e+00 4.500000e+01 4.490028e+01
1.000000e+00 4.000000e+00 6.400000e+01 9.000000e+00 6.000000e+00 4.900000e+01 4.831306e+01
1.000000e+00 5.000000e+00 5.200000e+01 7.000000e+00 9.000000e+00 3.700000e+01 3.859311e+01
1.000000e+00 3.000000e+00 7.200000e+01 9.000000e+00 4.000000e+00 5.500000e+01 5.320855e+01
1.000000e+00 1.000000e+00 6.400000e+01 5.000000e+00 9.000000e+00 3.800000e+01 3.845162e+01
1.000000e+00 5.000000e+00 4.700000e+01 8.000000e+00 3.000000e+00 3.500000e+01 3.280867e+01
1.000000e+00 9.000000e+00 4.400000e+01 4.000000e+00 0.000000e+00 4.100000e+01 3.865643e+01
1.000000e+00 9.000000e+00 4.500000e+01 5.000000e+00 8.000000e+00 4.300000e+01 4.171786e+01
1.000000e+00 4.000000e+00 6.200000e+01 9.000000e+00 6.000000e+00 4.600000e+01 4.627918e+01
1.000000e+00 3.000000e+00 9.100000e+01 5.000000e+00 1.000000e+00 6.900000e+01 7.003694e+01
1.000000e+00 1.000000e+00 6.900000e+01 4.000000e+00 3.000000e+00 3.700000e+01 4.188387e+01
1.000000e+00 2.000000e+00 5.300000e+01 9.000000e+00 3.000000e+00 3.100000e+01 3.084263e+01
1.000000e+00 8.000000e+00 9.300000e+01 5.000000e+00 7.000000e+00 9.000000e+01 8.748701e+01
1.000000e+00 1.000000e+00 6.200000e+01 7.000000e+00 1.000000e+00 3.300000e+01 3.580233e+01
1.000000e+00 8.000000e+00 5.000000e+01 7.000000e+00 4.000000e+00 4.400000e+01 4.412321e+01
1.000000e+00 7.000000e+00 7.000000e+01 8.000000e+00 9.000000e+00 6.200000e+01 6.307045e+01
1.000000e+00 8.000000e+00 4.500000e+01 8.000000e+00 7.000000e+00 4.100000e+01 4.010291e+01
1.000000e+00 6.000000e+00 5.000000e+01 5.000000e+00 5.000000e+00 3.800000e+01 3.767047e+01
1.000000e+00 9.000000e+00 5.200000e+01 4.000000e+00 3.000000e+00 4.500000e+01 4.738001e+01
1.000000e+00 3.000000e+00 5.100000e+01 7.000000e+00 4.000000e+00 3.400000e+01 3.090006e+01
1.000000e+00 4.000000e+00 9.300000e+01 6.000000e+00 1.000000e+00 7.200000e+01 7.539520e+01
1.000000e+00 6.000000e+00 4.100000e+01 8.000000e+00 4.000000e+00 2.900000e+01 2.975106e+01
1.000000e+00 8.000000e+00 9.200000e+01 7.000000e+00 2.000000e+00 8.300000e+01 8.644271e+01
1.000000e+00 5.000000e+00 7.400000e+01 9.000000e+00 2.000000e+00 6.100000e+01 6.054643e+01
1.000000e+00 3.000000e+00 9.400000e+01 5.000000e+00 6.000000e+00 7.500000e+01 7.406785e+01
1.000000e+00 6.000000e+00 7.500000e+01 7.000000e+00 2.000000e+00 6.300000e+01 6.345867e+01
1.000000e+00 4.000000e+00 5.600000e+01 7.000000e+00 3.000000e+00 3.600000e+01 3.863677e+01
1.000000e+00 9.000000e+00 6.700000e+01 5.000000e+00 6.000000e+00 6.200000e+01 6.369854e+01
1.000000e+00 3.000000e+00 6.700000e+01 8.000000e+00 2.000000e+00 4.900000e+01 4.725545e+01
1.000000e+00 4.000000e+00 6.100000e+01 8.000000e+00 9.000000e+00 4.600000e+01 4.537393e+01
1.000000e+00 7.000000e+00 7.700000e+01 6.000000e+00 9.000000e+00 6.900000e+01 6.923632e+01
1.000000e+00 7.000000e+00 4.600000e+01 6.000000e+00 1.000000e+00 3.500000e+01 3.614302e+01
1.000000e+00 4.000000e+00 5.400000e+01 8.000000e+00 9.000000e+00 3.800000e+01 3.825534e+01
1.000000e+00 6.000000e+00 7.100000e+01 8.000000e+00 6.000000e+00 6.200000e+01 6.065133e+01
1.000000e+00 3.000000e+00 5.000000e+01 8.000000e+00 4.000000e+00 3.000000e+01 3.035948e+01
1.000000e+00 6.000000e+00 6.300000e+01 8.000000e+00 0.000000e+00 5.200000e+01 5.133970e+01
1.000000e+00 2.000000e+00 4.200000e+01 7.000000e+00 9.000000e+00 1.600000e+01 1.987965e+01
1.000000e+00 8.000000e+00 6.900000e+01 6.000000e+00 7.000000e+00 6.600000e+01 6.355678e+01
1.000000e+00 2.000000e+00 4.500000e+01 5.000000e+00 2.000000e+00 2.000000e+01 2.060564e+01
1.000000e+00 7.000000e+00 9.700000e+01 4.000000e+00 6.000000e+00 8.600000e+01 8.803438e+01
1.000000e+00 9.000000e+00 4.100000e+01 5.000000e+00 5.000000e+00 3.800000e+01 3.706205e+01
1.000000e+00 1.000000e+00 5.300000e+01 9.000000e+00 9.000000e+00 3.000000e+01 2.917070e+01
1.000000e+00 8.000000e+00 8.000000e+01 4.000000e+00 5.000000e+00 7.100000e+01 7.339838e+01
1.000000e+00 7.000000e+00 5.700000e+01 7.000000e+00 7.000000e+00 4.900000e+01 4.898182e+01
1.000000e+00 6.000000e+00 9.000000e+01 9.000000e+00 3.000000e+00 7.900000e+01 7.986153e+01
1.000000e+00 6.000000e+00 8.300000e+01 6.000000e+00 3.000000e+00 6.900000e+01 7.131386e+01
1.000000e+00 6.000000e+00 7.000000e+01 4.000000e+00 2.000000e+00 5.600000e+01 5.694489e+01
1.000000e+00 9.000000e+00 5.200000e+01 8.000000e+00 0.000000e+00 4.700000e+01 4.869740e+01
1.000000e+00 2.000000e+00 6.500000e+01 9.000000e+00 9.000000e+00 4.100000e+01 4.422202e+01
1.000000e+00 1.000000e+00 8.300000e+01 7.000000e+00 2.000000e+00 5.800000e+01 5.735411e+01
1.000000e+00 6.000000e+00 5.100000e+01 4.000000e+00 0.000000e+00 3.800000e+01 3.723097e+01
1.000000e+00 8.000000e+00 5.700000e+01 8.000000e+00 5.000000e+00 5.200000e+01 5.191417e+01
1.000000e+00 3.000000e+00 4.800000e+01 9.000000e+00 7.000000e+00 2.500000e+01 2.939000e+01
1.000000e+00 1.000000e+00 8.800000e+01 7.000000e+00 2.000000e+00 6.200000e+01 6.243882e+01
1.000000e+00 9.000000e+00 6.000000e+01 9.000000e+00 3.000000e+00 6.000000e+01 5.789734e+01
1.000000e+00 1.000000e+00 8.700000e+01 4.000000e+00 4.000000e+00 6.300000e+01 6.038483e+01
1.000000e+00 3.000000e+00 8.800000e+01 8.000000e+00 6.000000e+00 7.200000e+01 6.939528e+01
1.000000e+00 8.000000e+00 9.200000e+01 6.000000e+00 5.000000e+00 8.400000e+01 8.655440e+01
1.000000e+00 3.000000e+00 9.500000e+01 7.000000e+00 1.000000e+00 7.400000e+01 7.505743e+01
1.000000e+00 4.000000e+00 7.900000e+01 4.000000e+00 6.000000e+00 6.100000e+01 6.118539e+01
1.000000e+00 8.000000e+00 8.200000e+01 8.000000e+00 7.000000e+00 7.700000e+01 7.772974e+01
1.000000e+00 1.000000e+00 6.300000e+01 6.000000e+00 0.000000e+00 3.600000e+01 3.614690e+01
1.000000e+00 6.000000e+00 7.300000e+01 9.000000e+00 5.000000e+00 6.500000e+01 6.296556e+01
1.000000e+00 1.000000e+00 4.700000e+01 8.000000e+00 8.000000e+00 2.300000e+01 2.239668e+01
1.000000e+00 1.000000e+00 8.300000e+01 6.000000e+00 6.000000e+00 6.000000e+01 5.766182e+01
1.000000e+00 8.000000e+00 9.200000e+01 4.000000e+00 4.000000e+00 8.300000e+01 8.540566e+01
1.000000e+00 4.000000e+00 7.200000e+01 8.000000e+00 9.000000e+00 5.600000e+01 5.656028e+01
1.000000e+00 1.000000e+00 6.200000e+01 8.000000e+00 9.000000e+00 3.700000e+01 3.784682e+01
1.000000e+00 7.000000e+00 5.200000e+01 5.000000e+00 8.000000e+00 4.300000e+01 4.314041e+01
1.000000e+00 5.000000e+00 9.300000e+01 7.000000e+00 1.000000e+00 7.600000e+01 7.871958e+01
1.000000e+00 5.000000e+00 9.200000e+01 8.000000e+00 6.000000e+00 8.300000e+01 7.915908e+01
1.000000e+00 1.000000e+00 8.800000e+01 6.000000e+00 8.000000e+00 6.300000e+01 6.313855e+01
1.000000e+00 6.000000e+00 5.300000e+01 7.000000e+00 1.000000e+00 3.900000e+01 4.088995e+01
1.000000e+00 9.000000e+00 5.300000e+01 4.000000e+00 9.000000e+00 4.800000e+01 4.957305e+01
1.000000e+00 9.000000e+00 5.500000e+01 7.000000e+00 5.000000e+00 5.300000e+01 5.225195e+01
1.000000e+00 8.000000e+00 8.800000e+01 5.000000e+00 8.000000e+00 8.400000e+01 8.259832e+01
1.000000e+00 5.000000e+00 7.700000e+01 4.000000e+00 2.000000e+00 6.300000e+01 6.121546e+01
1.000000e+00 1.000000e+00 9.700000e+01 8.000000e+00 7.000000e+00 7.300000e+01 7.304773e+01
1.000000e+00 9.000000e+00 9.900000e+01 9.000000e+00 4.000000e+00 9.900000e+01 9.775407e+01
1.000000e+00 1.000000e+00 7.800000e+01 4.000000e+00 6.000000e+00 5.200000e+01 5.162439e+01
1.000000e+00 8.000000e+00 6.500000e+01 4.000000e+00 2.000000e+00 5.800000e+01 5.755621e+01
1.000000e+00 5.000000e+00 6.500000e+01 5.000000e+00 7.000000e+00 5.000000e+01 5.046860e+01
1.000000e+00 3.000000e+00 4.000000e+01 6.000000e+00 1.000000e+00 1.800000e+01 1.864930e+01
1.000000e+00 7.000000e+00 7.100000e+01 4.000000e+00 7.000000e+00 6.200000e+01 6.178992e+01
1.000000e+00 7.000000e+00 9.600000e+01 6.000000e+00 1.000000e+00 8.700000e+01 8.699008e+01
1.000000e+00 9.000000e+00 5.400000e+01 7.000000e+00 6.000000e+00 5.300000e+01 5.143102e+01
1.000000e+00 7.000000e+00 9.100000e+01 9.000000e+00 1.000000e+00 8.700000e+01 8.333445e+01
1.000000e+00 3.000000e+00 6.000000e+01 5.000000e+00 6.000000e+00 3.700000e+01 3.949184e+01
1.000000e+00 1.000000e+00 5.700000e+01 8.000000e+00 0.000000e+00 3.100000e+01 3.099797e+01
1.000000e+00 8.000000e+00 6.900000e+01 4.000000e+00 5.000000e+00 6.300000e+01 6.221203e+01
1.000000e+00 3.000000e+00 9.900000e+01 9.000000e+00 9.000000e+00 8.100000e+01 8.164604e+01
1.000000e+00 8.000000e+00 9.700000e+01 9.000000e+00 6.000000e+00 9.500000e+01 9.326420e+01
1.000000e+00 8.000000e+00 5.200000e+01 6.000000e+00 3.000000e+00 4.500000e+01 4.548471e+01
1.000000e+00 5.000000e+00 6.300000e+01 4.000000e+00 0.000000e+00 4.800000e+01 4.658625e+01
1.000000e+00 1.000000e+00 6.900000e+01 9.000000e+00 5.000000e+00 4.700000e+01 4.465770e+01
1.000000e+00 7.000000e+00 4.100000e+01 5.000000e+00 3.000000e+00 3.100000e+01 3.097398e+01
1.000000e+00 5.000000e+00 5.800000e+01 8.000000e+00 2.000000e+00 4.300000e+01 4.379901e+01
1.000000e+00 8.000000e+00 8.600000e+01 7.000000e+00 3.000000e+00 8.200000e+01 8.053708e+01
1.000000e+00 9.000000e+00 8.300000e+01 7.000000e+00 5.000000e+00 8.000000e+01 8.072630e+01
1.000000e+00 7.000000e+00 8.600000e+01 6.000000e+00 4.000000e+00 7.600000e+01 7.740872e+01
1.000000e+00 7.000000e+00 6.400000e+01 9.000000e+00 1.000000e+00 5.700000e+01 5.587704e+01
1.000000e+00 1.000000e+00 8.900000e+01 7.000000e+00 1.000000e+00 6.400000e+01 6.325974e+01
1.000000e+00 4.000000e+00 5.300000e+01 6.000000e+00 2.000000e+00 3.500000e+01 3.491357e+01
1.000000e+00 2.000000e+00 4.500000e+01 8.000000e+00 5.000000e+00 2.400000e+01 2.262277e+01
1.000000e+00 2.000000e+00 5.100000e+01 4.000000e+00 0.000000e+00 3.000000e+01 2.583890e+01
1.000000e+00 2.000000e+00 5.900000e+01 5.000000e+00 6.000000e+00 3.800000e+01 3.562688e+01
1.000000e+00 4.000000e+00 6.200000e+01 8.000000e+00 7.000000e+00 4.500000e+01 4.599884e+01
1.000000e+00 1.000000e+00 6.900000e+01 8.000000e+00 6.000000e+00 4.400000e+01 4.437736e+01
1.000000e+00 4.000000e+00 6.900000e+01 7.000000e+00 2.000000e+00 5.300000e+01 5.166099e+01
1.000000e+00 2.000000e+00 7.700000e+01 7.000000e+00 5.000000e+00 5.300000e+01 5.468853e+01
1.000000e+00 5.000000e+00 9.700000e+01 5.000000e+00 3.000000e+00 8.400000e+01 8.222666e+01
1.000000e+00 3.000000e+00 6.900000e+01 4.000000e+00 4.000000e+00 4.700000e+01 4.777592e+01
1.000000e+00 8.000000e+00 8.000000e+01 8.000000e+00 2.000000e+00 7.600000e+01 7.471577e+01
1.000000e+00 4.000000e+00 6.900000e+01 9.000000e+00 4.000000e+00 5.700000e+01 5.300574e+01
1.000000e+00 1.000000e+00 9.600000e+01 7.000000e+00 5.000000e+00 7.100000e+01 7.116240e+01
1.000000e+00 1.000000e+00 9.700000e+01 8.000000e+00 7.000000e+00 7.400000e+01 7.304773e+01
1.000000e+00 3.000000e+00 7.500000e+01 4.000000e+00 5.000000e+00 5.400000e+01 5.407359e+01
1.000000e+00 9.000000e+00 8.800000e+01 6.000000e+00 8.000000e+00 8.400000e+01 8.592270e+01
1.000000e+00 7.000000e+00 7.300000e+01 4.000000e+00 9.000000e+00 6.200000e+01 6.421584e+01
1.000000e+00 2.000000e+00 5.500000e+01 8.000000e+00 9.000000e+00 3.500000e+01 3.357624e+01
1.000000e+00 9.000000e+00 6.300000e+01 8.000000e+00 9.000000e+00 6.200000e+01 6.164790e+01
1.000000e+00 2.000000e+00 5.300000e+01 5.000000e+00 9.000000e+00 3.000000e+01 3.011328e+01
1.000000e+00 3.000000e+00 6.500000e+01 8.000000e+00 3.000000e+00 4.700000e+01 4.541758e+01
1.000000e+00 2.000000e+00 4.700000e+01 7.000000e+00 1.000000e+00 2.500000e+01 2.339623e+01
1.000000e+00 3.000000e+00 5.300000e+01 9.000000e+00 8.000000e+00 4.000000e+01 3.467072e+01
1.000000e+00 6.000000e+00 7.000000e+01 5.000000e+00 2.000000e+00 5.600000e+01 5.742125e+01
1.000000e+00 9.000000e+00 4.100000e+01 8.000000e+00 6.000000e+00 3.800000e+01 3.868714e+01
1.000000e+00 9.000000e+00 8.700000e+01 4.000000e+00 3.000000e+00 8.600000e+01 8.297296e+01
1.000000e+00 7.000000e+00 4.300000e+01 8.000000e+00 0.000000e+00 3.800000e+01 3.384890e+01
1.000000e+00 3.000000e+00 4.000000e+01 4.000000e+00 7.000000e+00 1.700000e+01 1.887267e+01
1.000000e+00 4.000000e+00 9.400000e+01 4.000000e+00 3.000000e+00 7.500000e+01 7.585146e+01
1.000000e+00 6.000000e+00 5.900000e+01 8.000000e+00 5.000000e+00 4.800000e+01 4.825202e+01
1.000000e+00 5.000000e+00 9.800000e+01 4.000000e+00 6.000000e+00 8.700000e+01 8.335529e+01
1.000000e+00 2.000000e+00 5.300000e+01 9.000000e+00 7.000000e+00 3.200000e+01 3.162669e+01
1.000000e+00 6.000000e+00 7.900000e+01 6.000000e+00 9.000000e+00 6.800000e+01 6.842219e+01
1.000000e+00 3.000000e+00 6.400000e+01 5.000000e+00 1.000000e+00 4.200000e+01 4.257953e+01
1.000000e+00 8.000000e+00 9.900000e+01 8.000000e+00 8.000000e+00 9.600000e+01 9.521375e+01
1.000000e+00 2.000000e+00 6.400000e+01 6.000000e+00 9.000000e+00 4.200000e+01 4.177600e+01
1.000000e+00 1.000000e+00 4.200000e+01 4.000000e+00 2.000000e+00 1.800000e+01 1.423044e+01
1.000000e+00 9.000000e+00 4.400000e+01 4.000000e+00 0.000000e+00 4.100000e+01 3.865643e+01
1.000000e+00 3.000000e+00 7.700000e+01 5.000000e+00 1.000000e+00 5.400000e+01 5.579977e+01
1.000000e+00 1.000000e+00 9.300000e+01 6.000000e+00 7.000000e+00 6.700000e+01 6.802725e+01
1.000000e+00 7.000000e+00 6.500000e+01 6.000000e+00 9.000000e+00 5.700000e+01 5.703303e+01
1.000000e+00 5.000000e+00 7.900000e+01 8.000000e+00 5.000000e+00 6.500000e+01 6.574283e+01
1.000000e+00 5.000000e+00 7.700000e+01 4.000000e+00 0.000000e+00 6.200000e+01 6.082343e+01
1.000000e+00 1.000000e+00 7.700000e+01 7.000000e+00 8.000000e+00 5.600000e+01 5.242856e+01
1.000000e+00 9.000000e+00 4.300000e+01 8.000000e+00 6.000000e+00 3.900000e+01 4.072103e+01
1.000000e+00 7.000000e+00 4.600000e+01 8.000000e+00 9.000000e+00 3.800000e+01 3.866386e+01
1.000000e+00 8.000000e+00 6.900000e+01 8.000000e+00 2.000000e+00 6.500000e+01 6.352942e+01
1.000000e+00 9.000000e+00 6.900000e+01 5.000000e+00 6.000000e+00 6.800000e+01 6.573242e+01
1.000000e+00 6.000000e+00 9.500000e+01 5.000000e+00 5.000000e+00 8.200000e+01 8.343283e+01
1.000000e+00 5.000000e+00 5.800000e+01 8.000000e+00 2.000000e+00 4.400000e+01 4.379901e+01
1.000000e+00 6.000000e+00 7.800000e+01 9.000000e+00 7.000000e+00 6.700000e+01 6.844229e+01
1.000000e+00 2.000000e+00 7.400000e+01 7.000000e+00 0.000000e+00 5.300000e+01 5.065763e+01
1.000000e+00 4.000000e+00 7.900000e+01 6.000000e+00 4.000000e+00 6.100000e+01 6.174607e+01
1.000000e+00 3.000000e+00 7.200000e+01 6.000000e+00 7.000000e+00 5.300000e+01 5.236751e+01
1.000000e+00 7.000000e+00 7.200000e+01 4.000000e+00 2.000000e+00 6.100000e+01 6.182679e+01
1.000000e+00 9.000000e+00 5.300000e+01 6.000000e+00 9.000000e+00 4.900000e+01 5.052577e+01
1.000000e+00 5.000000e+00 7.700000e+01 6.000000e+00 5.000000e+00 6.100000e+01 6.275622e+01
1.000000e+00 6.000000e+00 4.900000e+01 7.000000e+00 9.000000e+00 3.800000e+01 3.839031e+01
1.000000e+00 2.000000e+00 9.600000e+01 6.000000e+00 1.000000e+00 7.600000e+01 7.274999e+01
1.000000e+00 3.000000e+00 6.700000e+01 7.000000e+00 8.000000e+00 4.700000e+01 4.795518e+01
1.000000e+00 3.000000e+00 5.300000e+01 5.000000e+00 1.000000e+00 3.200000e+01 3.139317e+01
1.000000e+00 9.000000e+00 7.500000e+01 7.000000e+00 4.000000e+00 7.100000e+01 7.239476e+01
1.000000e+00 7.000000e+00 7.700000e+01 5.000000e+00 2.000000e+00 6.900000e+01 6.738785e+01
1.000000e+00 8.000000e+00 5.500000e+01 7.000000e+00 9.000000e+00 5.300000e+01 5.018799e+01
1.000000e+00 9.000000e+00 9.900000e+01 8.000000e+00 8.000000e+00 1.000000e+02 9.806177e+01
1.000000e+00 6.000000e+00 6.000000e+01 9.000000e+00 8.000000e+00 4.900000e+01 5.033337e+01
1.000000e+00 4.000000e+00 6.700000e+01 5.000000e+00 6.000000e+00 4.800000e+01 4.945845e+01
1.000000e+00 1.000000e+00 7.200000e+01 5.000000e+00 9.000000e+00 4.500000e+01 4.658715e+01
1.000000e+00 8.000000e+00 4.500000e+01 6.000000e+00 4.000000e+00 4.000000e+01 3.856214e+01
1.000000e+00 7.000000e+00 8.000000e+01 5.000000e+00 8.000000e+00 7.100000e+01 7.161477e+01
1.000000e+00 2.000000e+00 5.400000e+01 7.000000e+00 6.000000e+00 3.400000e+01 3.149490e+01
1.000000e+00 8.000000e+00 8.300000e+01 8.000000e+00 1.000000e+00 7.600000e+01 7.757058e+01
1.000000e+00 5.000000e+00 4.200000e+01 8.000000e+00 9.000000e+00 2.900000e+01 2.890006e+01
1.000000e+00 7.000000e+00 8.200000e+01 6.000000e+00 0.000000e+00 7.100000e+01 7.255689e+01
1.000000e+00 4.000000e+00 8.600000e+01 7.000000e+00 9.000000e+00 6.900000e+01 7.032110e+01
1.000000e+00 5.000000e+00 7.400000e+01 7.000000e+00 9.000000e+00 5.800000e+01 6.096582e+01
1.000000e+00 8.000000e+00 5.300000e+01 4.000000e+00 3.000000e+00 4.300000e+01 4.554893e+01
1.000000e+00 1.000000e+00 4.100000e+01 5.000000e+00 9.000000e+00 1.700000e+01 1.506197e+01
1.000000e+00 1.000000e+00 6.800000e+01 6.000000e+00 7.000000e+00 4.100000e+01 4.260371e+01
1.000000e+00 4.000000e+00 4.300000e+01 8.000000e+00 5.000000e+00 2.700000e+01 2.628492e+01
1.000000e+00 3.000000e+00 6.500000e+01 9.000000e+00 1.000000e+00 4.500000e+01 4.550191e+01
1.000000e+00 2.000000e+00 9.000000e+01 4.000000e+00 4.000000e+00 6.500000e+01 6.628367e+01
1.000000e+00 3.000000e+00 5.100000e+01 7.000000e+00 8.000000e+00 3.100000e+01 3.168412e+01
1.000000e+00 1.000000e+00 4.100000e+01 5.000000e+00 5.000000e+00 1.400000e+01 1.427791e+01
1.000000e+00 1.000000e+00 5.600000e+01 8.000000e+00 5.000000e+00 3.300000e+01 3.096110e+01
1.000000e+00 6.000000e+00 7.400000e+01 4.000000e+00 6.000000e+00 6.000000e+01 6.179671e+01
1.000000e+00 5.000000e+00 4.900000e+01 7.000000e+00 4.000000e+00 3.400000e+01 3.456221e+01
1.000000e+00 8.000000e+00 8.700000e+01 8.000000e+00 2.000000e+00 8.200000e+01 8.183436e+01
1.000000e+00 2.000000e+00 6.100000e+01 8.000000e+00 2.000000e+00 4.000000e+01 3.830578e+01
1.000000e+00 4.000000e+00 8.000000e+01 7.000000e+00 4.000000e+00 6.600000e+01 6.323937e+01
1.000000e+00 8.000000e+00 8.200000e+01 7.000000e+00 3.000000e+00 7.600000e+01 7.646931e+01
1.000000e+00 6.000000e+00 6.000000e+01 6.000000e+00 4.000000e+00 4.600000e+01 4.812022e+01
1.000000e+00 1.000000e+00 5.400000e+01 8.000000e+00 8.000000e+00 3.100000e+01 2.951527e+01
1.000000e+00 4.000000e+00 7.400000e+01 7.000000e+00 4.000000e+00 5.700000e+01 5.713773e+01
1.000000e+00 1.000000e+00 8.700000e+01 9.000000e+00 3.000000e+00 6.500000e+01 6.257061e+01
1.000000e+00 2.000000e+00 6.000000e+01 9.000000e+00 3.000000e+00 3.800000e+01 3.796122e+01
1.000000e+00 5.000000e+00 6.000000e+01 4.000000e+00 0.000000e+00 4.600000e+01 4.353542e+01
1.000000e+00 8.000000e+00 6.000000e+01 5.000000e+00 9.000000e+00 5.300000e+01 5.431998e+01
1.000000e+00 8.000000e+00 9.900000e+01 9.000000e+00 3.000000e+00 9.700000e+01 9.471003e+01
1.000000e+00 3.000000e+00 8.300000e+01 6.000000e+00 3.000000e+00 6.300000e+01 6.276980e+01
1.000000e+00 4.000000e+00 7.100000e+01 7.000000e+00 8.000000e+00 5.500000e+01 5.487097e+01
1.000000e+00 6.000000e+00 9.400000e+01 5.000000e+00 3.000000e+00 7.900000e+01 8.202385e+01
1.000000e+00 3.000000e+00 4.400000e+01 6.000000e+00 6.000000e+00 2.600000e+01 2.369714e+01
1.000000e+00 2.000000e+00 7.800000e+01 8.000000e+00 0.000000e+00 5.500000e+01 5.520175e+01
1.000000e+00 6.000000e+00 4.800000e+01 5.000000e+00 6.000000e+00 3.700000e+01 3.583260e+01
1.000000e+00 5.000000e+00 9.200000e+01 9.000000e+00 1.000000e+00 7.800000e+01 7.865536e+01
1.000000e+00 5.000000e+00 5.700000e+01 6.000000e+00 7.000000e+00 4.500000e+01 4.280943e+01
1.000000e+00 5.000000e+00 6.000000e+01 7.000000e+00 0.000000e+00 4.500000e+01 4.496450e+01
1.000000e+00 5.000000e+00 4.700000e+01 7.000000e+00 9.000000e+00 3.400000e+01 3.350841e+01
1.000000e+00 3.000000e+00 8.300000e+01 6.000000e+00 2.000000e+00 6.600000e+01 6.257379e+01
1.000000e+00 7.000000e+00 9.100000e+01 8.000000e+00 7.000000e+00 7.900000e+01 8.403419e+01
1.000000e+00 6.000000e+00 7.300000e+01 9.000000e+00 9.000000e+00 6.300000e+01 6.374962e+01
1.000000e+00 4.000000e+00 4.900000e+01 6.000000e+00 7.000000e+00 3.200000e+01 3.182588e+01
1.000000e+00 2.000000e+00 9.000000e+01 4.000000e+00 4.000000e+00 6.400000e+01 6.628367e+01
1.000000e+00 9.000000e+00 8.000000e+01 6.000000e+00 4.000000e+00 7.800000e+01 7.700310e+01
1.000000e+00 1.000000e+00 9.600000e+01 6.000000e+00 7.000000e+00 6.900000e+01 7.107807e+01
1.000000e+00 4.000000e+00 6.300000e+01 9.000000e+00 9.000000e+00 4.600000e+01 4.788417e+01
1.000000e+00 1.000000e+00 7.900000e+01 7.000000e+00 4.000000e+00 5.400000e+01 5.367838e+01
1.000000e+00 6.000000e+00 6.300000e+01 8.000000e+00 8.000000e+00 5.100000e+01 5.290783e+01
1.000000e+00 4.000000e+00 9.500000e+01 6.000000e+00 0.000000e+00 7.800000e+01 7.723307e+01
1.000000e+00 5.000000e+00 7.100000e+01 5.000000e+00 4.000000e+00 5.400000e+01 5.598220e+01
1.000000e+00 5.000000e+00 9.500000e+01 7.000000e+00 2.000000e+00 8.000000e+01 8.094948e+01
1.000000e+00 9.000000e+00 7.200000e+01 7.000000e+00 2.000000e+00 6.700000e+01 6.895190e+01
1.000000e+00 1.000000e+00 7.700000e+01 6.000000e+00 1.000000e+00 4.800000e+01 5.058009e+01
1.000000e+00 2.000000e+00 8.300000e+01 9.000000e+00 2.000000e+00 6.100000e+01 6.115485e+01
1.000000e+00 6.000000e+00 9.600000e+01 5.000000e+00 6.000000e+00 8.300000e+01 8.464578e+01
1.000000e+00 5.000000e+00 9.500000e+01 6.000000e+00 7.000000e+00 8.200000e+01 8.145320e+01
1.000000e+00 7.000000e+00 9.000000e+01 5.000000e+00 7.000000e+00 7.800000e+01 8.158817e+01
1.000000e+00 3.000000e+00 9.800000e+01 7.000000e+00 7.000000e+00 7.800000e+01 7.928435e+01
1.000000e+00 3.000000e+00 8.800000e+01 5.000000e+00 0.000000e+00 7.000000e+01 6.679010e+01
1.000000e+00 2.000000e+00 7.300000e+01 6.000000e+00 6.000000e+00 4.800000e+01 5.034042e+01
1.000000e+00 3.000000e+00 5.000000e+01 4.000000e+00 1.000000e+00 2.600000e+01 2.786599e+01
1.000000e+00 1.000000e+00 7.000000e+01 4.000000e+00 9.000000e+00 4.600000e+01 4.407691e+01
1.000000e+00 5.000000e+00 5.700000e+01 5.000000e+00 3.000000e+00 4.200000e+01 4.154901e+01
1.000000e+00 5.000000e+00 6.200000e+01 9.000000e+00 4.000000e+00 4.600000e+01 4.873517e+01
1.000000e+00 7.000000e+00 9.900000e+01 6.000000e+00 0.000000e+00 9.100000e+01 8.984489e+01
1.000000e+00 4.000000e+00 6.100000e+01 8.000000e+00 3.000000e+00 4.700000e+01 4.419783e+01
1.000000e+00 3.000000e+00 8.200000e+01 4.000000e+00 3.000000e+00 6.100000e+01 6.080014e+01
1.000000e+00 1.000000e+00 5.700000e+01 7.000000e+00 8.000000e+00 3.100000e+01 3.208973e+01
1.000000e+00 8.000000e+00 7.900000e+01 6.000000e+00 8.000000e+00 7.100000e+01 7.392221e+01
1.000000e+00 3.000000e+00 8.600000e+01 6.000000e+00 9.000000e+00 6.600000e+01 6.699672e+01
1.000000e+00 2.000000e+00 8.000000e+01 4.000000e+00 0.000000e+00 5.200000e+01 5.533020e+01
1.000000e+00 4.000000e+00 8.600000e+01 8.000000e+00 7.000000e+00 7.100000e+01 7.040543e+01
1.000000e+00 3.000000e+00 7.800000e+01 7.000000e+00 3.000000e+00 6.000000e+01 5.816146e+01
1.000000e+00 1.000000e+00 5.900000e+01 8.000000e+00 3.000000e+00 3.200000e+01 3.361990e+01
1.000000e+00 3.000000e+00 5.200000e+01 7.000000e+00 4.000000e+00 3.300000e+01 3.191700e+01
1.000000e+00 2.000000e+00 8.400000e+01 4.000000e+00 1.000000e+00 5.600000e+01 5.959398e+01
1.000000e+00 8.000000e+00 4.000000e+01 6.000000e+00 0.000000e+00 3.200000e+01 3.269337e+01
1.000000e+00 6.000000e+00 9.100000e+01 7.000000e+00 4.000000e+00 7.600000e+01 8.012176e+01
1.000000e+00 9.000000e+00 4.300000e+01 6.000000e+00 6.000000e+00 4.000000e+01 3.976831e+01
1.000000e+00 8.000000e+00 6.300000e+01 5.000000e+00 9.000000e+00 6.000000e+01 5.737080e+01
1.000000e+00 3.000000e+00 7.500000e+01 5.000000e+00 8.000000e+00 5.400000e+01 5.513799e+01
1.000000e+00 5.000000e+00 7.500000e+01 4.000000e+00 1.000000e+00 5.900000e+01 5.898556e+01
1.000000e+00 7.000000e+00 8.400000e+01 4.000000e+00 7.000000e+00 7.400000e+01 7.501016e+01
1.000000e+00 5.000000e+00 4.100000e+01 9.000000e+00 6.000000e+00 2.900000e+01 2.777143e+01
1.000000e+00 8.000000e+00 6.700000e+01 4.000000e+00 1.000000e+00 6.100000e+01 5.939408e+01
1.000000e+00 5.000000e+00 6.500000e+01 5.000000e+00 4.000000e+00 5.000000e+01 4.988055e+01
1.000000e+00 1.000000e+00 6.200000e+01 7.000000e+00 6.000000e+00 3.600000e+01 3.678241e+01
1.000000e+00 5.000000e+00 5.400000e+01 8.000000e+00 2.000000e+00 4.100000e+01 3.973125e+01
1.000000e+00 4.000000e+00 7.500000e+01 4.000000e+00 1.000000e+00 6.000000e+01 5.613754e+01
1.000000e+00 6.000000e+00 6.600000e+01 8.000000e+00 5.000000e+00 5.600000e+01 5.537061e+01
1.000000e+00 3.000000e+00 4.500000e+01 8.000000e+00 9.000000e+00 2.300000e+01 2.625485e+01
1.000000e+00 5.000000e+00 7.400000e+01 5.000000e+00 5.000000e+00 6.300000e+01 5.922904e+01
1.000000e+00 2.000000e+00 7.800000e+01 9.000000e+00 3.000000e+00 5.400000e+01 5.626616e+01
1.000000e+00 6.000000e+00 7.700000e+01 7.000000e+00 0.000000e+00 6.400000e+01 6.510052e+01
1.000000e+00 6.000000e+00 7.400000e+01 5.000000e+00 4.000000e+00 6.400000e+01 6.188104e+01
1.000000e+00 5.000000e+00 7.500000e+01 4.000000e+00 0.000000e+00 5.800000e+01 5.878954e+01
1.000000e+00 6.000000e+00 4.900000e+01 5.000000e+00 7.000000e+00 3.800000e+01 3.704556e+01
1.000000e+00 7.000000e+00 6.900000e+01 5.000000e+00 1.000000e+00 6.000000e+01 5.905631e+01
1.000000e+00 5.000000e+00 9.200000e+01 5.000000e+00 8.000000e+00 7.900000e+01 7.812203e+01
1.000000e+00 1.000000e+00 8.000000e+01 4.000000e+00 8.000000e+00 5.700000e+01 5.405031e+01
1.000000e+00 8.000000e+00 7.700000e+01 4.000000e+00 2.000000e+00 6.900000e+01 6.975951e+01
1.000000e+00 4.000000e+00 6.800000e+01 5.000000e+00 5.000000e+00 5.100000e+01 5.027937e+01
1.000000e+00 9.000000e+00 9.100000e+01 5.000000e+00 8.000000e+00 8.600000e+01 8.849716e+01
1.000000e+00 6.000000e+00 9.800000e+01 8.000000e+00 6.000000e+00 9.000000e+01 8.810874e+01
1.000000e+00 1.000000e+00 8.200000e+01 7.000000e+00 3.000000e+00 5.700000e+01 5.653319e+01
1.000000e+00 3.000000e+00 7.800000e+01 8.000000e+00 2.000000e+00 6.100000e+01 5.844180e+01
1.000000e+00 3.000000e+00 8.900000e+01 9.000000e+00 1.000000e+00 7.100000e+01 6.990850e+01
1.000000e+00 4.000000e+00 4.300000e+01 7.000000e+00 9.000000e+00 3.000000e+01 2.659262e+01
1.000000e+00 6.000000e+00 4.400000e+01 9.000000e+00 9.000000e+00 3.400000e+01 3.425832e+01
1.000000e+00 7.000000e+00 4.300000e+01 7.000000e+00 0.000000e+00 3.400000e+01 3.337254e+01
1.000000e+00 4.000000e+00 7.500000e+01 5.000000e+00 9.000000e+00 5.800000e+01 5.818203e+01
1.000000e+00 6.000000e+00 9.800000e+01 8.000000e+00 0.000000e+00 8.500000e+01 8.693265e+01
1.000000e+00 1.000000e+00 8.400000e+01 7.000000e+00 3.000000e+00 5.500000e+01 5.856707e+01
1.000000e+00 8.000000e+00 5.500000e+01 9.000000e+00 3.000000e+00 5.100000e+01 4.996462e+01
1.000000e+00 7.000000e+00 6.400000e+01 7.000000e+00 8.000000e+00 5.300000e+01 5.629643e+01
1.000000e+00 9.000000e+00 5.300000e+01 4.000000e+00 9.000000e+00 5.100000e+01 4.957305e+01
1.000000e+00 3.000000e+00 5.000000e+01 7.000000e+00 0.000000e+00 3.100000e+01 2.909905e+01
1.000000e+00 2.000000e+00 6.800000e+01 5.000000e+00 3.000000e+00 4.400000e+01 4.419131e+01
1.000000e+00 1.000000e+00 7.300000e+01 6.000000e+00 2.000000e+00 4.800000e+01 4.670834e+01
1.000000e+00 3.000000e+00 6.100000e+01 4.000000e+00 8.000000e+00 4.100000e+01 4.042446e+01
1.000000e+00 5.000000e+00 5.300000e+01 6.000000e+00 4.000000e+00 4.000000e+01 3.815362e+01
1.000000e+00 2.000000e+00 9.500000e+01 5.000000e+00 8.000000e+00 7.200000e+01 7.262880e+01
1.000000e+00 3.000000e+00 6.300000e+01 6.000000e+00 9.000000e+00 4.100000e+01 4.360707e+01
1.000000e+00 4.000000e+00 9.800000e+01 7.000000e+00 5.000000e+00 7.800000e+01 8.174033e+01
1.000000e+00 7.000000e+00 7.800000e+01 6.000000e+00 8.000000e+00 7.000000e+01 7.005725e+01
1.000000e+00 3.000000e+00 6.500000e+01 8.000000e+00 0.000000e+00 4.100000e+01 4.482953e+01
1.000000e+00 9.000000e+00 8.200000e+01 5.000000e+00 3.000000e+00 7.800000e+01 7.836461e+01
1.000000e+00 8.000000e+00 7.500000e+01 8.000000e+00 3.000000e+00 7.000000e+01 6.982708e+01
1.000000e+00 4.000000e+00 7.800000e+01 6.000000e+00 9.000000e+00 6.100000e+01 6.170921e+01
1.000000e+00 1.000000e+00 5.500000e+01 8.000000e+00 9.000000e+00 3.300000e+01 3.072823e+01
1.000000e+00 1.000000e+00 9.700000e+01 4.000000e+00 5.000000e+00 7.100000e+01 7.075026e+01
1.000000e+00 1.000000e+00 7.700000e+01 6.000000e+00 9.000000e+00 5.100000e+01 5.214822e+01
1.000000e+00 1.000000e+00 9.800000e+01 9.000000e+00 0.000000e+00 7.200000e+01 7.316892e+01
1.000000e+00 8.000000e+00 7.100000e+01 8.000000e+00 9.000000e+00 6.900000e+01 6.693541e+01
1.000000e+00 3.000000e+00 4.500000e+01 7.000000e+00 4.000000e+00 2.100000e+01 2.479841e+01
1.000000e+00 6.000000e+00 7.300000e+01 6.000000e+00 2.000000e+00 6.100000e+01 6.094843e+01
1.000000e+00 3.000000e+00 9.500000e+01 9.000000e+00 0.000000e+00 7.600000e+01 7.581413e+01
1.000000e+00 5.000000e+00 4.700000e+01 4.000000e+00 5.000000e+00 3.000000e+01 3.129527e+01
1.000000e+00 7.000000e+00 6.900000e+01 7.000000e+00 2.000000e+00 5.900000e+01 6.020504e+01
1.000000e+00 2.000000e+00 6.600000e+01 6.000000e+00 3.000000e+00 4.500000e+01 4.263378e+01
1.000000e+00 6.000000e+00 4.600000e+01 7.000000e+00 8.000000e+00 3.900000e+01 3.514347e+01
1.000000e+00 6.000000e+00 6.600000e+01 6.000000e+00 1.000000e+00 5.300000e+01 5.363382e+01
1.000000e+00 3.000000e+00 6.400000e+01 6.000000e+00 0.000000e+00 4.300000e+01 4.285987e+01
1.000000e+00 6.000000e+00 9.500000e+01 5.000000e+00 9.000000e+00 8.500000e+01 8.421689e+01
1.000000e+00 5.000000e+00 8.500000e+01 8.000000e+00 5.000000e+00 7.000000e+01 7.184447e+01
1.000000e+00 2.000000e+00 8.000000e+01 6.000000e+00 0.000000e+00 5.600000e+01 5.628292e+01
1.000000e+00 9.000000e+00 5.400000e+01 4.000000e+00 0.000000e+00 5.200000e+01 4.882585e+01
1.000000e+00 8.000000e+00 6.400000e+01 9.000000e+00 6.000000e+00 6.500000e+01 5.970514e+01
1.000000e+00 3.000000e+00 6.100000e+01 8.000000e+00 1.000000e+00 3.900000e+01 4.095778e+01
1.000000e+00 8.000000e+00 5.700000e+01 5.000000e+00 3.000000e+00 4.800000e+01 5.009306e+01
1.000000e+00 9.000000e+00 5.100000e+01 8.000000e+00 3.000000e+00 4.700000e+01 4.826851e+01
1.000000e+00 3.000000e+00 6.200000e+01 8.000000e+00 1.000000e+00 4.100000e+01 4.197472e+01
1.000000e+00 3.000000e+00 9.000000e+01 6.000000e+00 5.000000e+00 7.200000e+01 7.028043e+01
1.000000e+00 2.000000e+00 8.400000e+01 4.000000e+00 9.000000e+00 6.100000e+01 6.116210e+01
1.000000e+00 8.000000e+00 7.800000e+01 6.000000e+00 1.000000e+00 7.400000e+01 7.153316e+01
1.000000e+00 1.000000e+00 6.400000e+01 4.000000e+00 7.000000e+00 3.800000e+01 3.758323e+01
1.000000e+00 8.000000e+00 4.900000e+01 4.000000e+00 3.000000e+00 4.200000e+01 4.148117e+01
1.000000e+00 7.000000e+00 6.900000e+01 7.000000e+00 0.000000e+00 6.000000e+01 5.981301e+01
1.000000e+00 7.000000e+00 4.900000e+01 6.000000e+00 6.000000e+00 3.500000e+01 4.017392e+01
1.000000e+00 3.000000e+00 7.300000e+01 5.000000e+00 5.000000e+00 5.200000e+01 5.251606e+01
1.000000e+00 1.000000e+00 8.500000e+01 9.000000e+00 5.000000e+00 6.100000e+01 6.092876e+01
1.000000e+00 4.000000e+00 5.200000e+01 8.000000e+00 2.000000e+00 3.200000e+01 3.484935e+01
1.000000e+00 9.000000e+00 9.300000e+01 7.000000e+00 9.000000e+00 9.500000e+01 9.167978e+01
1.000000e+00 5.000000e+00 6.800000e+01 5.000000e+00 6.000000e+00 5.300000e+01 5.332341e+01
1.000000e+00 1.000000e+00 7.700000e+01 9.000000e+00 5.000000e+00 5.400000e+01 5.279323e+01
1.000000e+00 5.000000e+00 8.000000e+01 9.000000e+00 9.000000e+00 7.000000e+01 6.802019e+01
1.000000e+00 8.000000e+00 8.400000e+01 6.000000e+00 9.000000e+00 7.800000e+01 7.920293e+01
1.000000e+00 8.000000e+00 4.800000e+01 4.000000e+00 8.000000e+00 4.200000e+01 4.144431e+01
1.000000e+00 5.000000e+00 5.200000e+01 6.000000e+00 2.000000e+00 3.300000e+01 3.674464e+01
1.000000e+00 9.000000e+00 7.600000e+01 9.000000e+00 2.000000e+00 7.500000e+01 7.397239e+01
1.000000e+00 1.000000e+00 5.300000e+01 6.000000e+00 3.000000e+00 2.600000e+01 2.656553e+01
1.000000e+00 4.000000e+00 7.600000e+01 7.000000e+00 2.000000e+00 5.800000e+01 5.877958e+01
1.000000e+00 3.000000e+00 4.800000e+01 5.000000e+00 3.000000e+00 2.900000e+01 2.670050e+01
1.000000e+00 2.000000e+00 4.700000e+01 9.000000e+00 5.000000e+00 2.900000e+01 2.513301e+01
1.000000e+00 8.000000e+00 7.800000e+01 7.000000e+00 0.000000e+00 7.000000e+01 7.181350e+01
1.000000e+00 7.000000e+00 7.900000e+01 5.000000e+00 1.000000e+00 6.700000e+01 6.922572e+01
1.000000e+00 9.000000e+00 9.300000e+01 7.000000e+00 9.000000e+00 9.300000e+01 9.167978e+01
1.000000e+00 2.000000e+00 4.200000e+01 8.000000e+00 5.000000e+00 2.100000e+01 1.957194e+01
1.000000e+00 4.000000e+00 9.400000e+01 4.000000e+00 5.000000e+00 7.400000e+01 7.624349e+01
1.000000e+00 6.000000e+00 9.500000e+01 4.000000e+00 0.000000e+00 8.200000e+01 8.197639e+01
1.000000e+00 3.000000e+00 8.600000e+01 4.000000e+00 5.000000e+00 6.500000e+01 6.525994e+01
1.000000e+00 8.000000e+00 7.900000e+01 8.000000e+00 8.000000e+00 7.500000e+01 7.487493e+01
1.000000e+00 3.000000e+00 7.200000e+01 9.000000e+00 7.000000e+00 5.500000e+01 5.379659e+01
1.000000e+00 2.000000e+00 7.100000e+01 9.000000e+00 9.000000e+00 5.400000e+01 5.032367e+01
1.000000e+00 3.000000e+00 4.600000e+01 8.000000e+00 4.000000e+00 2.600000e+01 2.629171e+01
1.000000e+00 6.000000e+00 5.800000e+01 4.000000e+00 3.000000e+00 4.800000e+01 4.493761e+01
1.000000e+00 2.000000e+00 7.300000e+01 4.000000e+00 5.000000e+00 4.900000e+01 4.919169e+01
1.000000e+00 8.000000e+00 5.300000e+01 5.000000e+00 4.000000e+00 4.900000e+01 4.622131e+01
1.000000e+00 1.000000e+00 8.900000e+01 5.000000e+00 5.000000e+00 6.400000e+01 6.309109e+01
1.000000e+00 7.000000e+00 8.600000e+01 6.000000e+00 9.000000e+00 8.100000e+01 7.838879e+01
1.000000e+00 2.000000e+00 8.500000e+01 7.000000e+00 2.000000e+00 6.400000e+01 6.223601e+01
1.000000e+00 6.000000e+00 9.500000e+01 5.000000e+00 6.000000e+00 8.200000e+01 8.362884e+01
1.000000e+00 2.000000e+00 9.600000e+01 5.000000e+00 7.000000e+00 7.400000e+01 7.344973e+01
1.000000e+00 2.000000e+00 5.800000e+01 5.000000e+00 4.000000e+00 3.200000e+01 3.421791e+01
1.000000e+00 8.000000e+00 9.000000e+01 5.000000e+00 4.000000e+00 8.300000e+01 8.384814e+01
1.000000e+00 2.000000e+00 9.300000e+01 8.000000e+00 3.000000e+00 6.800000e+01 7.104392e+01
1.000000e+00 7.000000e+00 9.800000e+01 6.000000e+00 9.000000e+00 9.000000e+01 9.059209e+01
1.000000e+00 3.000000e+00 6.500000e+01 5.000000e+00 4.000000e+00 4.400000e+01 4.418452e+01
1.000000e+00 8.000000e+00 5.600000e+01 9.000000e+00 9.000000e+00 5.100000e+01 5.215765e+01
1.000000e+00 7.000000e+00 9.300000e+01 7.000000e+00 7.000000e+00 8.600000e+01 8.559171e+01
1.000000e+00 8.000000e+00 6.700000e+01 5.000000e+00 4.000000e+00 6.200000e+01 6.045849e+01
1.000000e+00 7.000000e+00 5.800000e+01 8.000000e+00 8.000000e+00 4.800000e+01 5.067114e+01
1.000000e+00 6.000000e+00 6.600000e+01 9.000000e+00 0.000000e+00 5.600000e+01 5.486689e+01
1.000000e+00 7.000000e+00 8.700000e+01 4.000000e+00 6.000000e+00 7.900000e+01 7.786497e+01
1.000000e+00 5.000000e+00 9.100000e+01 4.000000e+00 4.000000e+00 7.400000e+01 7.584467e+01
1.000000e+00 7.000000e+00 9.600000e+01 6.000000e+00 3.000000e+00 8.200000e+01 8.738211e+01
1.000000e+00 1.000000e+00 5.800000e+01 4.000000e+00 2.000000e+00 3.200000e+01 3.050150e+01
1.000000e+00 1.000000e+00 7.200000e+01 5.000000e+00 9.000000e+00 4.600000e+01 4.658715e+01
1.000000e+00 9.000000e+00 9.000000e+01 8.000000e+00 6.000000e+00 8.800000e+01 8.851727e+01
1.000000e+00 5.000000e+00 4.600000e+01 6.000000e+00 1.000000e+00 3.500000e+01 3.044698e+01
1.000000e+00 5.000000e+00 6.800000e+01 9.000000e+00 4.000000e+00 5.600000e+01 5.483682e+01
1.000000e+00 3.000000e+00 9.400000e+01 5.000000e+00 1.000000e+00 7.400000e+01 7.308777e+01
1.000000e+00 5.000000e+00 8.200000e+01 4.000000e+00 6.000000e+00 6.700000e+01 6.708423e+01
1.000000e+00 3.000000e+00 4.400000e+01 7.000000e+00 5.000000e+00 2.300000e+01 2.397749e+01
1.000000e+00 9.000000e+00 6.900000e+01 5.000000e+00 9.000000e+00 6.700000e+01 6.632047e+01
1.000000e+00 9.000000e+00 8.800000e+01 7.000000e+00 6.000000e+00 8.600000e+01 8.600703e+01
1.000000e+00 6.000000e+00 8.200000e+01 9.000000e+00 8.000000e+00 7.000000e+01 7.270608e+01
1.000000e+00 1.000000e+00 9.500000e+01 7.000000e+00 1.000000e+00 6.800000e+01 6.936139e+01
1.000000e+00 7.000000e+00 9.700000e+01 9.000000e+00 8.000000e+00 9.100000e+01 9.080821e+01
1.000000e+00 7.000000e+00 4.700000e+01 6.000000e+00 6.000000e+00 4.200000e+01 3.814004e+01
1.000000e+00 4.000000e+00 8.100000e+01 8.000000e+00 1.000000e+00 6.200000e+01 6.414463e+01
1.000000e+00 8.000000e+00 5.100000e+01 4.000000e+00 9.000000e+00 4.400000e+01 4.469115e+01
1.000000e+00 6.000000e+00 8.100000e+01 4.000000e+00 1.000000e+00 6.700000e+01 6.793522e+01
1.000000e+00 4.000000e+00 5.200000e+01 5.000000e+00 3.000000e+00 3.500000e+01 3.361628e+01
1.000000e+00 4.000000e+00 6.500000e+01 4.000000e+00 1.000000e+00 4.600000e+01 4.596813e+01
1.000000e+00 2.000000e+00 5.700000e+01 6.000000e+00 0.000000e+00 3.100000e+01 3.289327e+01
1.000000e+00 2.000000e+00 8.100000e+01 4.000000e+00 5.000000e+00 5.900000e+01 5.732722e+01
1.000000e+00 4.000000e+00 9.000000e+01 5.000000e+00 9.000000e+00 7.100000e+01 7.343615e+01
1.000000e+00 5.000000e+00 9.100000e+01 4.000000e+00 4.000000e+00 7.400000e+01 7.584467e+01
1.000000e+00 8.000000e+00 8.800000e+01 8.000000e+00 2.000000e+00 8.000000e+01 8.285130e+01
1.000000e+00 6.000000e+00 5.900000e+01 9.000000e+00 0.000000e+00 4.900000e+01 4.774830e+01
1.000000e+00 4.000000e+00 5.500000e+01 7.000000e+00 8.000000e+00 3.900000e+01 3.859990e+01
1.000000e+00 7.000000e+00 7.600000e+01 7.000000e+00 7.000000e+00 6.700000e+01 6.830371e+01
1.000000e+00 8.000000e+00 4.200000e+01 9.000000e+00 5.000000e+00 3.800000e+01 3.713641e+01
1.000000e+00 2.000000e+00 6.600000e+01 7.000000e+00 5.000000e+00 4.700000e+01 4.350218e+01
1.000000e+00 7.000000e+00 5.400000e+01 8.000000e+00 3.000000e+00 4.100000e+01 4.562330e+01
1.000000e+00 2.000000e+00 9.700000e+01 6.000000e+00 1.000000e+00 7.500000e+01 7.376693e+01
1.000000e+00 2.000000e+00 7.300000e+01 5.000000e+00 3.000000e+00 5.300000e+01 4.927601e+01
1.000000e+00 8.000000e+00 8.400000e+01 8.000000e+00 1.000000e+00 8.100000e+01 7.858752e+01
1.000000e+00 2.000000e+00 6.100000e+01 5.000000e+00 6.000000e+00 3.700000e+01 3.766077e+01
1.000000e+00 9.000000e+00 7.900000e+01 6.000000e+00 8.000000e+00 7.700000e+01 7.677023e+01
1.000000e+00 1.000000e+00 6.200000e+01 8.000000e+00 1.000000e+00 3.600000e+01 3.627869e+01
1.000000e+00 9.000000e+00 9.800000e+01 4.000000e+00 8.000000e+00 9.500000e+01 9.513939e+01
1.000000e+00 1.000000e+00 8.800000e+01 6.000000e+00 8.000000e+00 6.500000e+01 6.313855e+01
1.000000e+00 2.000000e+00 4.300000e+01 7.000000e+00 7.000000e+00 1.800000e+01 2.050456e+01
1.000000e+00 6.000000e+00 9.000000e+01 8.000000e+00 0.000000e+00 8.000000e+01 7.879712e+01
1.000000e+00 6.000000e+00 9.300000e+01 6.000000e+00 4.000000e+00 8.100000e+01 8.167929e+01
1.000000e+00 1.000000e+00 9.600000e+01 6.000000e+00 9.000000e+00 7.300000e+01 7.147010e+01
1.000000e+00 7.000000e+00 8.000000e+01 8.000000e+00 3.000000e+00 7.400000e+01 7.206377e+01
1.000000e+00 8.000000e+00 6.200000e+01 7.000000e+00 6.000000e+00 5.700000e+01 5.671853e+01
1.000000e+00 2.000000e+00 8.600000e+01 9.000000e+00 7.000000e+00 6.400000e+01 6.518575e+01
1.000000e+00 8.000000e+00 9.900000e+01 7.000000e+00 9.000000e+00 9.700000e+01 9.493341e+01
1.000000e+00 9.000000e+00 4.800000e+01 6.000000e+00 7.000000e+00 4.200000e+01 4.504903e+01
1.000000e+00 6.000000e+00 6.300000e+01 5.000000e+00 1.000000e+00 4.800000e+01 5.010664e+01
1.000000e+00 5.000000e+00 6.000000e+01 9.000000e+00 2.000000e+00 4.600000e+01 4.630925e+01
1.000000e+00 9.000000e+00 8.000000e+01 9.000000e+00 9.000000e+00 7.900000e+01 7.941226e+01
1.000000e+00 9.000000e+00 8.500000e+01 6.000000e+00 9.000000e+00 8.300000e+01 8.306789e+01
1.000000e+00 1.000000e+00 9.400000e+01 8.000000e+00 6.000000e+00 7.000000e+01 6.980089e+01
1.000000e+00 3.000000e+00 9.200000e+01 8.000000e+00 3.000000e+00 7.300000e+01 7.287500e+01
1.000000e+00 9.000000e+00 5.500000e+01 8.000000e+00 5.000000e+00 5.600000e+01 5.272831e+01
1.000000e+00 2.000000e+00 9.500000e+01 7.000000e+00 7.000000e+00 7.100000e+01 7.338551e+01
1.000000e+00 4.000000e+00 9.400000e+01 4.000000e+00 7.000000e+00 7.600000e+01 7.663552e+01
1.000000e+00 4.000000e+00 6.400000e+01 8.000000e+00 6.000000e+00 4.900000e+01 4.783670e+01
1.000000e+00 2.000000e+00 6.500000e+01 8.000000e+00 1.000000e+00 4.300000e+01 4.217753e+01
1.000000e+00 3.000000e+00 8.800000e+01 9.000000e+00 1.000000e+00 6.700000e+01 6.889156e+01
1.000000e+00 3.000000e+00 8.400000e+01 5.000000e+00 2.000000e+00 6.300000e+01 6.311437e+01
1.000000e+00 1.000000e+00 4.800000e+01 5.000000e+00 3.000000e+00 1.800000e+01 2.100446e+01
1.000000e+00 6.000000e+00 5.400000e+01 6.000000e+00 0.000000e+00 4.300000e+01 4.123451e+01
1.000000e+00 8.000000e+00 7.800000e+01 6.000000e+00 4.000000e+00 7.200000e+01 7.212120e+01
1.000000e+00 3.000000e+00 7.200000e+01 6.000000e+00 6.000000e+00 5.700000e+01 5.217150e+01
1.000000e+00 5.000000e+00 4.000000e+01 8.000000e+00 9.000000e+00 2.500000e+01 2.686618e+01
1.000000e+00 1.000000e+00 4.400000e+01 5.000000e+00 4.000000e+00 1.500000e+01 1.713271e+01
1.000000e+00 7.000000e+00 9.500000e+01 6.000000e+00 6.000000e+00 8.800000e+01 8.695322e+01
1.000000e+00 1.000000e+00 4.800000e+01 5.000000e+00 4.000000e+00 2.400000e+01 2.120048e+01
1.000000e+00 9.000000e+00 8.300000e+01 8.000000e+00 9.000000e+00 8.100000e+01 8.198673e+01
1.000000e+00 8.000000e+00 4.500000e+01 9.000000e+00 7.000000e+00 4.000000e+01 4.057927e+01
1.000000e+00 7.000000e+00 6.700000e+01 8.000000e+00 6.000000e+00 6.000000e+01 5.943158e+01
1.000000e+00 7.000000e+00 8.400000e+01 6.000000e+00 0.000000e+00 7.300000e+01 7.459077e+01
1.000000e+00 5.000000e+00 6.500000e+01 8.000000e+00 0.000000e+00 5.200000e+01 5.052557e+01
1.000000e+00 5.000000e+00 6.700000e+01 8.000000e+00 4.000000e+00 5.300000e+01 5.334351e+01
1.000000e+00 5.000000e+00 7.900000e+01 5.000000e+00 1.000000e+00 6.500000e+01 6.352968e+01
1.000000e+00 1.000000e+00 5.400000e+01 4.000000e+00 8.000000e+00 3.000000e+01 2.760983e+01
1.000000e+00 8.000000e+00 4.500000e+01 7.000000e+00 1.000000e+00 3.900000e+01 3.845045e+01
1.000000e+00 1.000000e+00 6.600000e+01 6.000000e+00 8.000000e+00 4.300000e+01 4.076585e+01
1.000000e+00 4.000000e+00 7.700000e+01 4.000000e+00 9.000000e+00 5.900000e+01 5.973955e+01
1.000000e+00 9.000000e+00 4.300000e+01 9.000000e+00 1.000000e+00 3.800000e+01 4.021731e+01
1.000000e+00 9.000000e+00 5.000000e+01 6.000000e+00 3.000000e+00 4.400000e+01 4.629885e+01
1.000000e+00 5.000000e+00 6.000000e+01 4.000000e+00 2.000000e+00 4.400000e+01 4.392745e+01
1.000000e+00 4.000000e+00 6.900000e+01 8.000000e+00 5.000000e+00 5.300000e+01 5.272540e+01
1.000000e+00 3.000000e+00 5.700000e+01 6.000000e+00 3.000000e+00 3.700000e+01 3.632933e+01
1.000000e+00 3.000000e+00 7.400000e+01 4.000000e+00 8.000000e+00 5.200000e+01 5.364469e+01
1.000000e+00 5.000000e+00 4.200000e+01 7.000000e+00 8.000000e+00 3.000000e+01 2.822769e+01
1.000000e+00 1.000000e+00 5.100000e+01 8.000000e+00 9.000000e+00 2.200000e+01 2.666046e+01
1.000000e+00 5.000000e+00 6.600000e+01 6.000000e+00 8.000000e+00 5.100000e+01 5.215792e+01
1.000000e+00 6.000000e+00 9.200000e+01 9.000000e+00 2.000000e+00 8.200000e+01 8.169939e+01
1.000000e+00 7.000000e+00 6.900000e+01 9.000000e+00 2.000000e+00 6.300000e+01 6.115776e+01
1.000000e+00 9.000000e+00 6.000000e+01 6.000000e+00 3.000000e+00 5.800000e+01 5.646826e+01
1.000000e+00 3.000000e+00 7.700000e+01 4.000000e+00 8.000000e+00 5.800000e+01 5.669552e+01
1.000000e+00 2.000000e+00 6.000000e+01 6.000000e+00 5.000000e+00 3.800000e+01 3.692417e+01
1.000000e+00 3.000000e+00 9.900000e+01 8.000000e+00 8.000000e+00 8.000000e+01 8.097366e+01
1.000000e+00 9.000000e+00 7.700000e+01 5.000000e+00 7.000000e+00 7.000000e+01 7.406397e+01
1.000000e+00 7.000000e+00 7.900000e+01 9.000000e+00 6.000000e+00 7.200000e+01 7.211124e+01
1.000000e+00 9.000000e+00 5.400000e+01 4.000000e+00 4.000000e+00 4.800000e+01 4.960991e+01
1.000000e+00 2.000000e+00 5.700000e+01 7.000000e+00 8.000000e+00 3.600000e+01 3.493775e+01
1.000000e+00 5.000000e+00 9.100000e+01 6.000000e+00 3.000000e+00 7.300000e+01 7.660137e+01
1.000000e+00 4.000000e+00 6.800000e+01 8.000000e+00 3.000000e+00 5.100000e+01 5.131642e+01
1.000000e+00 2.000000e+00 8.700000e+01 6.000000e+00 7.000000e+00 6.300000e+01 6.477362e+01
1.000000e+00 9.000000e+00 7.700000e+01 7.000000e+00 3.000000e+00 7.400000e+01 7.423262e+01
1.000000e+00 9.000000e+00 9.900000e+01 8.000000e+00 6.000000e+00 9.800000e+01 9.766974e+01
1.000000e+00 6.000000e+00 6.000000e+01 7.000000e+00 3.000000e+00 4.500000e+01 4.840057e+01
1.000000e+00 6.000000e+00 5.600000e+01 8.000000e+00 0.000000e+00 4.500000e+01 4.422111e+01
1.000000e+00 8.000000e+00 8.000000e+01 5.000000e+00 9.000000e+00 7.400000e+01 7.465880e+01
1.000000e+00 6.000000e+00 9.000000e+01 9.000000e+00 8.000000e+00 8.100000e+01 8.084161e+01
1.000000e+00 1.000000e+00 5.700000e+01 8.000000e+00 3.000000e+00 3.000000e+01 3.158601e+01
1.000000e+00 4.000000e+00 9.600000e+01 7.000000e+00 2.000000e+00 7.700000e+01 7.911840e+01
1.000000e+00 7.000000e+00 9.400000e+01 4.000000e+00 2.000000e+00 8.600000e+01 8.419949e+01
1.000000e+00 2.000000e+00 7.600000e+01 9.000000e+00 8.000000e+00 5.800000e+01 5.521236e+01
1.000000e+00 9.000000e+00 9.900000e+01 5.000000e+00 7.000000e+00 9.900000e+01 9.643668e+01
1.000000e+00 8.000000e+00 7.700000e+01 6.000000e+00 9.000000e+00 6.900000e+01 7.208434e+01
1.000000e+00 8.000000e+00 5.100000e+01 5.000000e+00 6.000000e+00 4.700000e+01 4.457946e+01
1.000000e+00 7.000000e+00 5.000000e+01 5.000000e+00 6.000000e+00 4.200000e+01 4.071450e+01
1.000000e+00 4.000000e+00 8.700000e+01 6.000000e+00 3.000000e+00 7.300000e+01 6.968559e+01
1.000000e+00 2.000000e+00 9.100000e+01 8.000000e+00 2.000000e+00 7.100000e+01 6.881402e+01
1.000000e+00 3.000000e+00 8.800000e+01 5.000000e+00 3.000000e+00 6.800000e+01 6.737815e+01
1.000000e+00 6.000000e+00 5.900000e+01 9.000000e+00 5.000000e+00 4.700000e+01 4.872838e+01
1.000000e+00 5.000000e+00 4.800000e+01 5.000000e+00 3.000000e+00 3.100000e+01 3.239653e+01
1.000000e+00 8.000000e+00 4.000000e+01 4.000000e+00 3.000000e+00 3.100000e+01 3.232870e+01
1.000000e+00 6.000000e+00 9.700000e+01 9.000000e+00 1.000000e+00 8.600000e+01 8.658808e+01
1.000000e+00 6.000000e+00 4.200000e+01 4.000000e+00 6.000000e+00 2.700000e+01 2.925459e+01
1.000000e+00 1.000000e+00 6.000000e+01 9.000000e+00 5.000000e+00 3.200000e+01 3.550523e+01
1.000000e+00 4.000000e+00 6.200000e+01 7.000000e+00 1.000000e+00 4.100000e+01 4.434638e+01
1.000000e+00 5.000000e+00 4.800000e+01 6.000000e+00 4.000000e+00 3.300000e+01 3.306891e+01
1.000000e+00 3.000000e+00 9.300000e+01 9.000000e+00 5.000000e+00 7.500000e+01 7.476033e+01
1.000000e+00 9.000000e+00 5.800000e+01 9.000000e+00 4.000000e+00 5.700000e+01 5.605947e+01
1.000000e+00 1.000000e+00 8.400000e+01 8.000000e+00 3.000000e+00 5.900000e+01 5.904343e+01
1.000000e+00 6.000000e+00 9.400000e+01 8.000000e+00 8.000000e+00 8.700000e+01 8.443301e+01
1.000000e+00 6.000000e+00 8.500000e+01 7.000000e+00 2.000000e+00 7.200000e+01 7.362808e+01
1.000000e+00 5.000000e+00 9.100000e+01 8.000000e+00 1.000000e+00 7.800000e+01 7.716206e+01
1.000000e+00 5.000000e+00 5.800000e+01 8.000000e+00 8.000000e+00 4.600000e+01 4.497511e+01
1.000000e+00 5.000000e+00 6.200000e+01 4.000000e+00 7.000000e+00 4.700000e+01 4.694142e+01
1.000000e+00 6.000000e+00 6.600000e+01 8.000000e+00 8.000000e+00 5.800000e+01 5.595865e+01
1.000000e+00 8.000000e+00 6.600000e+01 8.000000e+00 9.000000e+00 6.300000e+01 6.185071e+01
1.000000e+00 2.000000e+00 7.800000e+01 7.000000e+00 2.000000e+00 5.600000e+01 5.511742e+01
1.000000e+00 6.000000e+00 7.500000e+01 7.000000e+00 0.000000e+00 6.200000e+01 6.306664e+01
1.000000e+00 1.000000e+00 5.100000e+01 5.000000e+00 0.000000e+00 2.300000e+01 2.346724e+01
1.000000e+00 4.000000e+00 9.400000e+01 8.000000e+00 2.000000e+00 7.300000e+01 7.756088e+01
1.000000e+00 3.000000e+00 6.600000e+01 8.000000e+00 3.000000e+00 4.600000e+01 4.643452e+01
1.000000e+00 9.000000e+00 8.500000e+01 9.000000e+00 1.000000e+00 8.000000e+01 8.292884e+01
1.000000e+00 3.000000e+00 7.300000e+01 8.000000e+00 7.000000e+00 5.900000e+01 5.433717e+01
1.000000e+00 6.000000e+00 7.200000e+01 4.000000e+00 2.000000e+00 6.000000e+01 5.897877e+01
1.000000e+00 1.000000e+00 6.700000e+01 9.000000e+00 3.000000e+00 4.100000e+01 4.223179e+01
1.000000e+00 6.000000e+00 7.000000e+01 8.000000e+00 5.000000e+00 6.100000e+01 5.943837e+01
1.000000e+00 4.000000e+00 7.100000e+01 4.000000e+00 9.000000e+00 5.100000e+01 5.363790e+01
1.000000e+00 8.000000e+00 8.900000e+01 5.000000e+00 5.000000e+00 8.200000e+01 8.302721e+01
1.000000e+00 9.000000e+00 5.900000e+01 9.000000e+00 1.000000e+00 5.500000e+01 5.648837e+01
1.000000e+00 4.000000e+00 7.900000e+01 6.000000e+00 5.000000e+00 6.400000e+01 6.194209e+01
1.000000e+00 6.000000e+00 7.400000e+01 8.000000e+00 3.000000e+00 6.100000e+01 6.311411e+01
1.000000e+00 1.000000e+00 7.000000e+01 9.000000e+00 4.000000e+00 4.400000e+01 4.547863e+01
1.000000e+00 4.000000e+00 9.700000e+01 7.000000e+00 6.000000e+00 8.100000e+01 8.091941e+01
1.000000e+00 7.000000e+00 7.000000e+01 9.000000e+00 6.000000e+00 6.400000e+01 6.295877e+01
1.000000e+00 1.000000e+00 7.700000e+01 7.000000e+00 5.000000e+00 5.300000e+01 5.184051e+01
1.000000e+00 8.000000e+00 6.100000e+01 8.000000e+00 9.000000e+00 5.500000e+01 5.676600e+01
1.000000e+00 6.000000e+00 8.400000e+01 4.000000e+00 5.000000e+00 7.200000e+01 7.177011e+01
1.000000e+00 5.000000e+00 8.000000e+01 7.000000e+00 5.000000e+00 6.500000e+01 6.628341e+01
1.000000e+00 9.000000e+00 4.800000e+01 9.000000e+00 3.000000e+00 4.400000e+01 4.569404e+01
1.000000e+00 2.000000e+00 9.100000e+01 9.000000e+00 2.000000e+00 7.000000e+01 6.929038e+01
1.000000e+00 5.000000e+00 4.800000e+01 7.000000e+00 0.000000e+00 3.400000e+01 3.276121e+01
1.000000e+00 6.000000e+00 5.400000e+01 5.000000e+00 2.000000e+00 4.100000e+01 4.115018e+01
1.000000e+00 7.000000e+00 5.200000e+01 5.000000e+00 2.000000e+00 4.300000e+01 4.196432e+01
1.000000e+00 5.000000e+00 6.100000e+01 5.000000e+00 8.000000e+00 4.800000e+01 4.659685e+01
1.000000e+00 9.000000e+00 5.500000e+01 7.000000e+00 2.000000e+00 4.600000e+01 5.166390e+01
1.000000e+00 1.000000e+00 7.100000e+01 7.000000e+00 7.000000e+00 4.700000e+01 4.613090e+01
1.000000e+00 7.000000e+00 4.100000e+01 9.000000e+00 7.000000e+00 3.700000e+01 3.366348e+01
1.000000e+00 7.000000e+00 6.500000e+01 8.000000e+00 2.000000e+00 5.600000e+01 5.661364e+01
1.000000e+00 4.000000e+00 5.300000e+01 8.000000e+00 9.000000e+00 4.000000e+01 3.723840e+01
1.000000e+00 9.000000e+00 9.800000e+01 4.000000e+00 9.000000e+00 9.600000e+01 9.533541e+01
1.000000e+00 5.000000e+00 7.700000e+01 7.000000e+00 5.000000e+00 6.300000e+01 6.323258e+01
1.000000e+00 4.000000e+00 7.300000e+01 8.000000e+00 7.000000e+00 5.800000e+01 5.718519e+01
1.000000e+00 7.000000e+00 4.700000e+01 8.000000e+00 7.000000e+00 3.600000e+01 3.928877e+01
1.000000e+00 4.000000e+00 7.500000e+01 5.000000e+00 9.000000e+00 6.100000e+01 5.818203e+01
1.000000e+00 3.000000e+00 6.000000e+01 5.000000e+00 9.000000e+00 3.900000e+01 4.007989e+01
1.000000e+00 9.000000e+00 9.500000e+01 5.000000e+00 8.000000e+00 9.000000e+01 9.256493e+01
1.000000e+00 8.000000e+00 8.500000e+01 6.000000e+00 8.000000e+00 7.900000e+01 8.002386e+01
1.000000e+00 1.000000e+00 8.200000e+01 8.000000e+00 7.000000e+00 5.800000e+01 5.779361e+01
1.000000e+00 7.000000e+00 9.500000e+01 5.000000e+00 6.000000e+00 8.900000e+01 8.647686e+01
1.000000e+00 9.000000e+00 6.700000e+01 5.000000e+00 9.000000e+00 6.400000e+01 6.428659e+01
1.000000e+00 8.000000e+00 8.500000e+01 7.000000e+00 2.000000e+00 7.800000e+01 7.932412e+01
1.000000e+00 8.000000e+00 8.300000e+01 9.000000e+00 6.000000e+00 7.900000e+01 7.902702e+01
1.000000e+00 6.000000e+00 8.700000e+01 5.000000e+00 3.000000e+00 7.200000e+01 7.490526e+01
1.000000e+00 4.000000e+00 4.500000e+01 7.000000e+00 1.000000e+00 2.600000e+01 2.705838e+01
1.000000e+00 8.000000e+00 5.900000e+01 4.000000e+00 7.000000e+00 5.200000e+01 5.243465e+01
1.000000e+00 3.000000e+00 7.000000e+01 5.000000e+00 1.000000e+00 4.900000e+01 4.868118e+01
1.000000e+00 9.000000e+00 7.200000e+01 9.000000e+00 0.000000e+00 6.600000e+01 6.951259e+01
1.000000e+00 2.000000e+00 8.300000e+01 7.000000e+00 4.000000e+00 5.900000e+01 6.059416e+01
1.000000e+00 2.000000e+00 4.600000e+01 9.000000e+00 9.000000e+00 2.800000e+01 2.490013e+01
1.000000e+00 7.000000e+00 4.700000e+01 5.000000e+00 8.000000e+00 3.900000e+01 3.805571e+01
1.000000e+00 4.000000e+00 4.800000e+01 4.000000e+00 4.000000e+00 3.100000e+01 2.926817e+01
1.000000e+00 8.000000e+00 4.100000e+01 5.000000e+00 1.000000e+00 3.300000e+01 3.342997e+01
1.000000e+00 9.000000e+00 5.600000e+01 7.000000e+00 9.000000e+00 5.700000e+01 5.405295e+01
1.000000e+00 7.000000e+00 9.100000e+01 4.000000e+00 3.000000e+00 8.300000e+01 8.134469e+01
1.000000e+00 5.000000e+00 8.400000e+01 4.000000e+00 7.000000e+00 6.900000e+01 6.931413e+01
1.000000e+00 8.000000e+00 7.600000e+01 4.000000e+00 6.000000e+00 7.100000e+01 6.952663e+01
1.000000e+00 4.000000e+00 8.100000e+01 6.000000e+00 4.000000e+00 6.200000e+01 6.377996e+01
1.000000e+00 2.000000e+00 8.300000e+01 7.000000e+00 3.000000e+00 5.800000e+01 6.039815e+01
1.000000e+00 6.000000e+00 5.600000e+01 6.000000e+00 4.000000e+00 4.600000e+01 4.405246e+01
1.000000e+00 9.000000e+00 9.200000e+01 9.000000e+00 6.000000e+00 9.300000e+01 9.102751e+01
1.000000e+00 1.000000e+00 7.700000e+01 4.000000e+00 4.000000e+00 4.800000e+01 5.021542e+01
1.000000e+00 7.000000e+00 7.400000e+01 6.000000e+00 7.000000e+00 6.800000e+01 6.579347e+01
1.000000e+00 9.000000e+00 9.900000e+01 5.000000e+00 6.000000e+00 9.700000e+01 9.624066e+01
1.000000e+00 9.000000e+00 8.600000e+01 6.000000e+00 6.000000e+00 8.200000e+01 8.349678e+01
1.000000e+00 3.000000e+00 7.800000e+01 8.000000e+00 8.000000e+00 5.700000e+01 5.961790e+01
1.000000e+00 5.000000e+00 6.900000e+01 9.000000e+00 7.000000e+00 5.500000e+01 5.644180e+01
1.000000e+00 8.000000e+00 4.500000e+01 4.000000e+00 7.000000e+00 3.700000e+01 3.819747e+01
1.000000e+00 8.000000e+00 4.300000e+01 4.000000e+00 5.000000e+00 3.500000e+01 3.577155e+01
1.000000e+00 4.000000e+00 9.000000e+01 9.000000e+00 6.000000e+00 7.200000e+01 7.475354e+01
1.000000e+00 1.000000e+00 7.600000e+01 9.000000e+00 7.000000e+00 5.100000e+01 5.216832e+01
1.000000e+00 1.000000e+00 7.400000e+01 7.000000e+00 4.000000e+00 5.000000e+01 4.859367e+01
1.000000e+00 4.000000e+00 9.700000e+01 5.000000e+00 9.000000e+00 8.200000e+01 8.055474e+01
1.000000e+00 6.000000e+00 9.600000e+01 9.000000e+00 1.000000e+00 8.400000e+01 8.557114e+01
1.000000e+00 8.000000e+00 4.800000e+01 9.000000e+00 6.000000e+00 4.600000e+01 4.343407e+01
1.000000e+00 6.000000e+00 4.500000e+01 7.000000e+00 9.000000e+00 3.400000e+01 3.432254e+01
1.000000e+00 9.000000e+00 5.200000e+01 9.000000e+00 2.000000e+00 5.500000e+01 4.956579e+01
1.000000e+00 9.000000e+00 9.800000e+01 6.000000e+00 9.000000e+00 9.500000e+01 9.628813e+01
1.000000e+00 2.000000e+00 6.100000e+01 8.000000e+00 7.000000e+00 4.000000e+01 3.928586e+01
1.000000e+00 1.000000e+00 6.700000e+01 8.000000e+00 5.000000e+00 4.200000e+01 4.214746e+01
1.000000e+00 2.000000e+00 6.900000e+01 8.000000e+00 3.000000e+00 4.500000e+01 4.663733e+01
1.000000e+00 5.000000e+00 9.100000e+01 9.000000e+00 1.000000e+00 8.000000e+01 7.763842e+01
1.000000e+00 4.000000e+00 7.500000e+01 8.000000e+00 6.000000e+00 6.000000e+01 5.902306e+01
1.000000e+00 4.000000e+00 4.100000e+01 5.000000e+00 0.000000e+00 2.100000e+01 2.184188e+01
1.000000e+00 9.000000e+00 9.700000e+01 6.000000e+00 6.000000e+00 9.500000e+01 9.468314e+01
1.000000e+00 8.000000e+00 7.500000e+01 8.000000e+00 9.000000e+00 7.200000e+01 7.100318e+01
1.000000e+00 6.000000e+00 4.700000e+01 4.000000e+00 9.000000e+00 3.500000e+01 3.492735e+01
1.000000e+00 1.000000e+00 8.400000e+01 9.000000e+00 6.000000e+00 5.800000e+01 6.010784e+01
1.000000e+00 2.000000e+00 8.100000e+01 6.000000e+00 9.000000e+00 5.900000e+01 5.906400e+01
1.000000e+00 6.000000e+00 8.900000e+01 5.000000e+00 2.000000e+00 7.700000e+01 7.674313e+01
1.000000e+00 2.000000e+00 4.800000e+01 8.000000e+00 3.000000e+00 2.300000e+01 2.528156e+01
1.000000e+00 5.000000e+00 4.000000e+01 5.000000e+00 3.000000e+00 2.600000e+01 2.426100e+01
1.000000e+00 5.000000e+00 5.200000e+01 9.000000e+00 3.000000e+00 3.900000e+01 3.836974e+01
1.000000e+00 6.000000e+00 8.900000e+01 8.000000e+00 8.000000e+00 7.900000e+01 7.934830e+01
1.000000e+00 6.000000e+00 5.400000e+01 4.000000e+00 5.000000e+00 3.900000e+01 4.126187e+01
1.000000e+00 6.000000e+00 7.100000e+01 6.000000e+00 9.000000e+00 6.100000e+01 6.028666e+01
1.000000e+00 2.000000e+00 7.300000e+01 4.000000e+00 8.000000e+00 4.700000e+01 4.977973e+01
1.000000e+00 3.000000e+00 8.200000e+01 8.000000e+00 3.000000e+00 6.300000e+01 6.270558e+01
1.000000e+00 6.000000e+00 7.000000e+01 7.000000e+00 6.000000e+00 6.100000e+01 5.915803e+01
1.000000e+00 8.000000e+00 5.300000e+01 6.000000e+00 9.000000e+00 5.100000e+01 4.767775e+01
1.000000e+00 1.000000e+00 9.300000e+01 5.000000e+00 8.000000e+00 6.800000e+01 6.774690e+01
1.000000e+00 1.000000e+00 8.600000e+01 8.000000e+00 9.000000e+00 6.600000e+01 6.225341e+01
1.000000e+00 2.000000e+00 5.300000e+01 4.000000e+00 2.000000e+00 2.900000e+01 2.826481e+01
1.000000e+00 6.000000e+00 8.700000e+01 9.000000e+00 2.000000e+00 7.800000e+01 7.661469e+01
1.000000e+00 9.000000e+00 9.400000e+01 7.000000e+00 5.000000e+00 9.400000e+01 9.191266e+01
1.000000e+00 4.000000e+00 6.800000e+01 9.000000e+00 7.000000e+00 5.600000e+01 5.257685e+01
1.000000e+00 3.000000e+00 8.600000e+01 8.000000e+00 0.000000e+00 6.800000e+01 6.618530e+01
1.000000e+00 8.000000e+00 5.800000e+01 5.000000e+00 3.000000e+00 5.000000e+01 5.111000e+01
1.000000e+00 9.000000e+00 6.600000e+01 4.000000e+00 7.000000e+00 6.200000e+01 6.240125e+01
1.000000e+00 5.000000e+00 4.800000e+01 6.000000e+00 5.000000e+00 3.100000e+01 3.326493e+01
1.000000e+00 9.000000e+00 7.600000e+01 7.000000e+00 1.000000e+00 7.300000e+01 7.282365e+01
1.000000e+00 2.000000e+00 7.600000e+01 8.000000e+00 7.000000e+00 5.700000e+01 5.453998e+01
1.000000e+00 3.000000e+00 8.200000e+01 8.000000e+00 0.000000e+00 6.000000e+01 6.211754e+01
1.000000e+00 7.000000e+00 6.700000e+01 8.000000e+00 0.000000e+00 5.600000e+01 5.825549e+01
1.000000e+00 7.000000e+00 9.100000e+01 8.000000e+00 6.000000e+00 8.800000e+01 8.383817e+01
1.000000e+00 6.000000e+00 9.600000e+01 4.000000e+00 9.000000e+00 8.400000e+01 8.475747e+01
1.000000e+00 6.000000e+00 6.300000e+01 6.000000e+00 2.000000e+00 4.800000e+01 5.077902e+01
1.000000e+00 2.000000e+00 6.700000e+01 5.000000e+00 7.000000e+00 4.100000e+01 4.395843e+01
1.000000e+00 6.000000e+00 7.500000e+01 7.000000e+00 8.000000e+00 6.500000e+01 6.463477e+01
1.000000e+00 4.000000e+00 9.100000e+01 8.000000e+00 7.000000e+00 7.400000e+01 7.549014e+01
1.000000e+00 3.000000e+00 5.700000e+01 9.000000e+00 0.000000e+00 3.800000e+01 3.717036e+01
1.000000e+00 2.000000e+00 6.400000e+01 8.000000e+00 0.000000e+00 4.000000e+01 4.096457e+01
1.000000e+00 1.000000e+00 7.400000e+01 6.000000e+00 5.000000e+00 4.900000e+01 4.831333e+01
1.000000e+00 5.000000e+00 4.300000e+01 6.000000e+00 0.000000e+00 3.000000e+01 2.720014e+01
1.000000e+00 2.000000e+00 5.300000e+01 4.000000e+00 7.000000e+00 2.900000e+01 2.924489e+01
1.000000e+00 2.000000e+00 7.800000e+01 4.000000e+00 5.000000e+00 5.700000e+01 5.427639e+01
1.000000e+00 7.000000e+00 6.500000e+01 9.000000e+00 4.000000e+00 5.800000e+01 5.748203e+01
1.000000e+00 8.000000e+00 4.700000e+01 9.000000e+00 5.000000e+00 4.000000e+01 4.222112e+01
1.000000e+00 8.000000e+00 6.300000e+01 4.000000e+00 3.000000e+00 6.000000e+01 5.571835e+01
1.000000e+00 4.000000e+00 5.500000e+01 7.000000e+00 0.000000e+00 4.100000e+01 3.703178e+01
1.000000e+00 1.000000e+00 5.900000e+01 9.000000e+00 6.000000e+00 3.400000e+01 3.468430e+01
1.000000e+00 7.000000e+00 5.400000e+01 4.000000e+00 9.000000e+00 4.600000e+01 4.489395e+01
1.000000e+00 1.000000e+00 4.600000e+01 8.000000e+00 8.000000e+00 2.400000e+01 2.137974e+01
1.000000e+00 4.000000e+00 9.700000e+01 4.000000e+00 3.000000e+00 7.900000e+01 7.890228e+01
1.000000e+00 8.000000e+00 5.600000e+01 7.000000e+00 3.000000e+00 5.200000e+01 5.002884e+01
1.000000e+00 2.000000e+00 6.100000e+01 4.000000e+00 8.000000e+00 3.600000e+01 3.757644e+01
1.000000e+00 6.000000e+00 6.100000e+01 4.000000e+00 3.000000e+00 5.200000e+01 4.798843e+01
1.000000e+00 6.000000e+00 9.300000e+01 8.000000e+00 9.000000e+00 8.400000e+01 8.361209e+01
1.000000e+00 9.000000e+00 5.100000e+01 9.000000e+00 3.000000e+00 5.000000e+01 4.874487e+01
1.000000e+00 5.000000e+00 5.700000e+01 8.000000e+00 7.000000e+00 4.700000e+01 4.376215e+01
1.000000e+00 4.000000e+00 9.500000e+01 8.000000e+00 3.000000e+00 8.100000e+01 7.877384e+01
1.000000e+00 5.000000e+00 8.500000e+01 4.000000e+00 8.000000e+00 7.000000e+01 7.052708e+01
1.000000e+00 5.000000e+00 8.600000e+01 8.000000e+00 7.000000e+00 7.700000e+01 7.325345e+01
1.000000e+00 8.000000e+00 5.400000e+01 6.000000e+00 4.000000e+00 4.900000e+01 4.771461e+01
1.000000e+00 8.000000e+00 7.600000e+01 5.000000e+00 8.000000e+00 7.000000e+01 7.039502e+01
1.000000e+00 2.000000e+00 5.500000e+01 5.000000e+00 7.000000e+00 2.800000e+01 3.175513e+01
1.000000e+00 7.000000e+00 4.400000e+01 8.000000e+00 9.000000e+00 3.600000e+01 3.662998e+01
1.000000e+00 8.000000e+00 4.100000e+01 9.000000e+00 3.000000e+00 3.400000e+01 3.572744e+01
1.000000e+00 6.000000e+00 9.100000e+01 7.000000e+00 3.000000e+00 8.000000e+01 7.992575e+01
1.000000e+00 5.000000e+00 6.700000e+01 8.000000e+00 0.000000e+00 5.100000e+01 5.255945e+01
1.000000e+00 9.000000e+00 9.600000e+01 9.000000e+00 3.000000e+00 9.500000e+01 9.450723e+01
1.000000e+00 3.000000e+00 8.000000e+01 8.000000e+00 7.000000e+00 6.000000e+01 6.145576e+01
1.000000e+00 4.000000e+00 9.300000e+01 4.000000e+00 4.000000e+00 7.800000e+01 7.503053e+01
1.000000e+00 9.000000e+00 6.600000e+01 9.000000e+00 5.000000e+00 6.500000e+01 6.439102e+01
1.000000e+00 6.000000e+00 7.000000e+01 7.000000e+00 3.000000e+00 5.700000e+01 5.856998e+01
1.000000e+00 8.000000e+00 8.000000e+01 8.000000e+00 4.000000e+00 7.500000e+01 7.510780e+01
1.000000e+00 7.000000e+00 7.500000e+01 6.000000e+00 9.000000e+00 6.900000e+01 6.720244e+01
1.000000e+00 2.000000e+00 8.600000e+01 9.000000e+00 7.000000e+00 6.200000e+01 6.518575e+01
1.000000e+00 3.000000e+00 8.200000e+01 5.000000e+00 8.000000e+00 6.300000e+01 6.225658e+01
1.000000e+00 1.000000e+00 4.000000e+01 9.000000e+00 2.000000e+00 1.100000e+01 1.457836e+01
1.000000e+00 9.000000e+00 8.900000e+01 6.000000e+00 9.000000e+00 9.100000e+01 8.713565e+01
1.000000e+00 7.000000e+00 6.800000e+01 6.000000e+00 3.000000e+00 5.800000e+01 5.890776e+01
1.000000e+00 1.000000e+00 4.000000e+01 6.000000e+00 0.000000e+00 1.500000e+01 1.275725e+01
1.000000e+00 3.000000e+00 4.700000e+01 7.000000e+00 4.000000e+00 2.400000e+01 2.683229e+01
1.000000e+00 4.000000e+00 9.600000e+01 7.000000e+00 3.000000e+00 8.000000e+01 7.931442e+01
1.000000e+00 4.000000e+00 5.500000e+01 9.000000e+00 5.000000e+00 3.600000e+01 3.896458e+01
1.000000e+00 5.000000e+00 9.700000e+01 7.000000e+00 5.000000e+00 8.300000e+01 8.357141e+01
1.000000e+00 3.000000e+00 6.700000e+01 5.000000e+00 9.000000e+00 4.900000e+01 4.719848e+01
1.000000e+00 3.000000e+00 6.100000e+01 4.000000e+00 5.000000e+00 4.100000e+01 3.983641e+01
1.000000e+00 1.000000e+00 5.700000e+01 9.000000e+00 2.000000e+00 3.300000e+01 3.186636e+01
1.000000e+00 7.000000e+00 6.100000e+01 8.000000e+00 6.000000e+00 5.200000e+01 5.332993e+01
1.000000e+00 1.000000e+00 8.000000e+01 8.000000e+00 2.000000e+00 5.200000e+01 5.477965e+01
1.000000e+00 2.000000e+00 5.100000e+01 9.000000e+00 5.000000e+00 3.100000e+01 2.920078e+01
1.000000e+00 4.000000e+00 5.800000e+01 4.000000e+00 9.000000e+00 3.800000e+01 4.041767e+01
1.000000e+00 4.000000e+00 6.400000e+01 8.000000e+00 0.000000e+00 4.500000e+01 4.666061e+01
1.000000e+00 5.000000e+00 8.900000e+01 9.000000e+00 7.000000e+00 7.900000e+01 7.678063e+01
1.000000e+00 2.000000e+00 9.800000e+01 9.000000e+00 6.000000e+00 7.800000e+01 7.719303e+01
1.000000e+00 4.000000e+00 4.400000e+01 6.000000e+00 8.000000e+00 2.400000e+01 2.693719e+01
1.000000e+00 1.000000e+00 9.800000e+01 5.000000e+00 2.000000e+00 7.200000e+01 7.165551e+01
1.000000e+00 2.000000e+00 7.300000e+01 8.000000e+00 7.000000e+00 5.200000e+01 5.148916e+01
1.000000e+00 1.000000e+00 7.800000e+01 5.000000e+00 1.000000e+00 5.000000e+01 5.112067e+01
1.000000e+00 4.000000e+00 9.800000e+01 9.000000e+00 8.000000e+00 8.300000e+01 8.328110e+01
1.000000e+00 4.000000e+00 4.900000e+01 4.000000e+00 0.000000e+00 3.200000e+01 2.950105e+01
1.000000e+00 7.000000e+00 8.600000e+01 9.000000e+00 9.000000e+00 8.400000e+01 7.981787e+01
1.000000e+00 9.000000e+00 9.600000e+01 8.000000e+00 6.000000e+00 9.500000e+01 9.461892e+01
1.000000e+00 9.000000e+00 4.600000e+01 5.000000e+00 9.000000e+00 4.300000e+01 4.293082e+01
1.000000e+00 5.000000e+00 9.900000e+01 6.000000e+00 0.000000e+00 8.200000e+01 8.414885e+01
1.000000e+00 1.000000e+00 7.600000e+01 6.000000e+00 5.000000e+00 5.400000e+01 5.034721e+01
1.000000e+00 1.000000e+00 8.600000e+01 9.000000e+00 0.000000e+00 5.900000e+01 6.096562e+01
1.000000e+00 6.000000e+00 9.100000e+01 4.000000e+00 3.000000e+00 7.800000e+01 7.849667e+01
1.000000e+00 2.000000e+00 9.900000e+01 7.000000e+00 6.000000e+00 7.900000e+01 7.725726e+01
1.000000e+00 8.000000e+00 9.100000e+01 8.000000e+00 1.000000e+00 8.700000e+01 8.570611e+01
1.000000e+00 9.000000e+00 5.400000e+01 9.000000e+00 2.000000e+00 5.300000e+01 5.159968e+01
1.000000e+00 4.000000e+00 8.100000e+01 6.000000e+00 3.000000e+00 6.500000e+01 6.358394e+01
1.000000e+00 5.000000e+00 6.300000e+01 6.000000e+00 5.000000e+00 4.800000e+01 4.851905e+01
1.000000e+00 8.000000e+00 6.500000e+01 4.000000e+00 8.000000e+00 6.100000e+01 5.873231e+01
1.000000e+00 3.000000e+00 6.500000e+01 6.000000e+00 3.000000e+00 4.100000e+01 4.446486e+01
1.000000e+00 5.000000e+00 8.500000e+01 8.000000e+00 5.000000e+00 7.500000e+01 7.184447e+01
1.000000e+00 3.000000e+00 6.500000e+01 4.000000e+00 6.000000e+00 4.400000e+01 4.410019e+01
1.000000e+00 3.000000e+00 9.700000e+01 5.000000e+00 3.000000e+00 7.900000e+01 7.653062e+01
1.000000e+00 3.000000e+00 4.900000e+01 4.000000e+00 5.000000e+00 2.900000e+01 2.763311e+01
1.000000e+00 7.000000e+00 5.600000e+01 8.000000e+00 2.000000e+00 4.400000e+01 4.746116e+01
1.000000e+00 7.000000e+00 9.200000e+01 8.000000e+00 4.000000e+00 8.500000e+01 8.446308e+01
1.000000e+00 7.000000e+00 5.300000e+01 5.000000e+00 9.000000e+00 4.000000e+01 4.435337e+01
1.000000e+00 8.000000e+00 4.100000e+01 9.000000e+00 3.000000e+00 3.600000e+01 3.572744e+01
1.000000e+00 5.000000e+00 8.700000e+01 4.000000e+00 6.000000e+00 7.200000e+01 7.216893e+01
1.000000e+00 5.000000e+00 5.200000e+01 8.000000e+00 5.000000e+00 3.600000e+01 3.828541e+01
1.000000e+00 4.000000e+00 6.600000e+01 8.000000e+00 6.000000e+00 5.100000e+01 4.987059e+01
1.000000e+00 7.000000e+00 4.800000e+01 5.000000e+00 5.000000e+00 3.800000e+01 3.848460e+01
1.000000e+00 4.000000e+00 4.600000e+01 7.000000e+00 1.000000e+00 2.800000e+01 2.807532e+01
1.000000e+00 2.000000e+00 8.700000e+01 4.000000e+00 6.000000e+00 5.900000e+01 6.362488e+01
1.000000e+00 4.000000e+00 4.900000e+01 8.000000e+00 7.000000e+00 3.000000e+01 3.277860e+01
1.000000e+00 8.000000e+00 9.500000e+01 6.000000e+00 6.000000e+00 8.800000e+01 8.980124e+01
1.000000e+00 9.000000e+00 9.300000e+01 5.000000e+00 3.000000e+00 8.700000e+01 8.955096e+01
1.000000e+00 3.000000e+00 4.800000e+01 7.000000e+00 3.000000e+00 2.700000e+01 2.765322e+01
1.000000e+00 7.000000e+00 6.100000e+01 7.000000e+00 4.000000e+00 5.100000e+01 5.246154e+01
1.000000e+00 9.000000e+00 6.200000e+01 5.000000e+00 8.000000e+00 5.900000e+01 5.900586e+01
1.000000e+00 4.000000e+00 4.600000e+01 7.000000e+00 4.000000e+00 2.300000e+01 2.866337e+01
1.000000e+00 3.000000e+00 8.700000e+01 8.000000e+00 1.000000e+00 7.100000e+01 6.739826e+01
1.000000e+00 5.000000e+00 4.800000e+01 7.000000e+00 4.000000e+00 3.300000e+01 3.354527e+01
1.000000e+00 1.000000e+00 6.600000e+01 4.000000e+00 2.000000e+00 3.800000e+01 3.863703e+01
1.000000e+00 3.000000e+00 6.300000e+01 6.000000e+00 9.000000e+00 4.500000e+01 4.360707e+01
1.000000e+00 8.000000e+00 6.800000e+01 8.000000e+00 7.000000e+00 6.700000e+01 6.349256e+01
1.000000e+00 8.000000e+00 5.600000e+01 5.000000e+00 9.000000e+00 4.900000e+01 5.025221e+01
1.000000e+00 4.000000e+00 5.900000e+01 6.000000e+00 9.000000e+00 4.400000e+01 4.238733e+01
1.000000e+00 2.000000e+00 4.600000e+01 9.000000e+00 1.000000e+00 2.200000e+01 2.333201e+01
1.000000e+00 8.000000e+00 8.200000e+01 8.000000e+00 3.000000e+00 7.900000e+01 7.694567e+01
1.000000e+00 8.000000e+00 7.900000e+01 6.000000e+00 4.000000e+00 7.400000e+01 7.313814e+01
1.000000e+00 4.000000e+00 4.600000e+01 7.000000e+00 3.000000e+00 2.600000e+01 2.846735e+01
1.000000e+00 3.000000e+00 6.700000e+01 9.000000e+00 4.000000e+00 4.900000e+01 4.812384e+01
1.000000e+00 2.000000e+00 5.800000e+01 5.000000e+00 9.000000e+00 3.300000e+01 3.519799e+01
1.000000e+00 9.000000e+00 5.900000e+01 5.000000e+00 3.000000e+00 5.300000e+01 5.497496e+01
1.000000e+00 1.000000e+00 8.300000e+01 4.000000e+00 2.000000e+00 5.300000e+01 5.592503e+01
1.000000e+00 7.000000e+00 7.800000e+01 7.000000e+00 0.000000e+00 6.900000e+01 6.896548e+01
1.000000e+00 5.000000e+00 7.900000e+01 4.000000e+00 3.000000e+00 6.500000e+01 6.344536e+01
1.000000e+00 8.000000e+00 4.600000e+01 4.000000e+00 8.000000e+00 3.700000e+01 3.941042e+01
1.000000e+00 4.000000e+00 4.500000e+01 7.000000e+00 0.000000e+00 2.800000e+01 2.686236e+01
1.000000e+00 7.000000e+00 6.400000e+01 8.000000e+00 6.000000e+00 5.600000e+01 5.638076e+01
1.000000e+00 5.000000e+00 8.000000e+01 9.000000e+00 2.000000e+00 6.400000e+01 6.664808e+01
1.000000e+00 5.000000e+00 9.800000e+01 4.000000e+00 7.000000e+00 8.300000e+01 8.355130e+01
1.000000e+00 9.000000e+00 5.200000e+01 6.000000e+00 5.000000e+00 5.000000e+01 4.872476e+01
1.000000e+00 9.000000e+00 7.800000e+01 9.000000e+00 0.000000e+00 7.700000e+01 7.561424e+01
1.000000e+00 9.000000e+00 7.900000e+01 8.000000e+00 9.000000e+00 7.900000e+01 7.791896e+01
1.000000e+00 6.000000e+00 6.100000e+01 7.000000e+00 4.000000e+00 4.900000e+01 4.961352e+01
1.000000e+00 6.000000e+00 8.800000e+01 5.000000e+00 7.000000e+00 7.700000e+01 7.670627e+01
1.000000e+00 5.000000e+00 5.600000e+01 8.000000e+00 2.000000e+00 4.000000e+01 4.176513e+01
1.000000e+00 9.000000e+00 8.700000e+01 4.000000e+00 3.000000e+00 8.300000e+01 8.297296e+01
1.000000e+00 8.000000e+00 6.100000e+01 6.000000e+00 6.000000e+00 5.300000e+01 5.522523e+01
1.000000e+00 7.000000e+00 7.300000e+01 9.000000e+00 5.000000e+00 6.600000e+01 6.581357e+01
1.000000e+00 7.000000e+00 4.700000e+01 7.000000e+00 6.000000e+00 4.200000e+01 3.861640e+01
1.000000e+00 6.000000e+00 8.800000e+01 5.000000e+00 8.000000e+00 7.600000e+01 7.690228e+01
1.000000e+00 5.000000e+00 8.400000e+01 9.000000e+00 8.000000e+00 7.500000e+01 7.189194e+01
1.000000e+00 4.000000e+00 5.700000e+01 6.000000e+00 1.000000e+00 4.000000e+01 3.878532e+01
1.000000e+00 3.000000e+00 6.300000e+01 5.000000e+00 2.000000e+00 4.500000e+01 4.175860e+01
1.000000e+00 3.000000e+00 9.900000e+01 7.000000e+00 3.000000e+00 7.300000e+01 7.951723e+01
1.000000e+00 6.000000e+00 9.300000e+01 9.000000e+00 5.000000e+00 8.400000e+01 8.330438e+01
1.000000e+00 4.000000e+00 9.900000e+01 8.000000e+00 4.000000e+00 8.400000e+01 8.303762e+01
1.000000e+00 6.000000e+00 8.100000e+01 4.000000e+00 5.000000e+00 7.100000e+01 6.871929e+01
1.000000e+00 3.000000e+00 4.100000e+01 7.000000e+00 7.000000e+00 2.300000e+01 2.131869e+01
1.000000e+00 4.000000e+00 4.100000e+01 6.000000e+00 1.000000e+00 2.400000e+01 2.251426e+01
1.000000e+00 9.000000e+00 6.600000e+01 8.000000e+00 5.000000e+00 6.400000e+01 6.391466e+01
1.000000e+00 5.000000e+00 5.300000e+01 9.000000e+00 8.000000e+00 3.800000e+01 4.036676e+01
1.000000e+00 7.000000e+00 8.700000e+01 5.000000e+00 4.000000e+00 7.400000e+01 7.794930e+01
1.000000e+00 2.000000e+00 7.800000e+01 8.000000e+00 0.000000e+00 5.800000e+01 5.520175e+01
1.000000e+00 5.000000e+00 9.200000e+01 8.000000e+00 7.000000e+00 7.800000e+01 7.935509e+01
1.000000e+00 9.000000e+00 9.200000e+01 6.000000e+00 3.000000e+00 8.800000e+01 8.901038e+01
1.000000e+00 3.000000e+00 9.500000e+01 4.000000e+00 7.000000e+00 7.600000e+01 7.480444e+01
1.000000e+00 9.000000e+00 5.100000e+01 8.000000e+00 3.000000e+00 4.800000e+01 4.826851e+01
1.000000e+00 6.000000e+00 7.100000e+01 8.000000e+00 7.000000e+00 5.900000e+01 6.084735e+01
1.000000e+00 4.000000e+00 6.700000e+01 4.000000e+00 8.000000e+00 4.600000e+01 4.937412e+01
1.000000e+00 7.000000e+00 9.400000e+01 4.000000e+00 4.000000e+00 8.400000e+01 8.459153e+01
1.000000e+00 8.000000e+00 6.700000e+01 5.000000e+00 4.000000e+00 6.100000e+01 6.045849e+01
1.000000e+00 6.000000e+00 8.500000e+01 9.000000e+00 1.000000e+00 7.600000e+01 7.438479e+01
1.000000e+00 5.000000e+00 6.400000e+01 5.000000e+00 8.000000e+00 4.900000e+01 4.964767e+01
1.000000e+00 6.000000e+00 4.300000e+01 4.000000e+00 3.000000e+00 3.000000e+01 2.968349e+01
1.000000e+00 5.000000e+00 6.500000e+01 7.000000e+00 2.000000e+00 4.700000e+01 5.044124e+01
1.000000e+00 8.000000e+00 7.500000e+01 4.000000e+00 1.000000e+00 7.000000e+01 6.752961e+01
1.000000e+00 1.000000e+00 8.900000e+01 5.000000e+00 2.000000e+00 6.900000e+01 6.250304e+01
1.000000e+00 7.000000e+00 4.200000e+01 6.000000e+00 3.000000e+00 3.500000e+01 3.246728e+01
1.000000e+00 2.000000e+00 4.000000e+01 6.000000e+00 8.000000e+00 2.000000e+01 1.717339e+01
1.000000e+00 9.000000e+00 5.600000e+01 9.000000e+00 5.000000e+00 5.500000e+01 5.422161e+01
1.000000e+00 1.000000e+00 4.600000e+01 8.000000e+00 9.000000e+00 1.900000e+01 2.157576e+01
1.000000e+00 6.000000e+00 8.700000e+01 6.000000e+00 4.000000e+00 7.400000e+01 7.557764e+01
1.000000e+00 9.000000e+00 4.400000e+01 5.000000e+00 8.000000e+00 4.200000e+01 4.070092e+01
1.000000e+00 1.000000e+00 5.800000e+01 6.000000e+00 7.000000e+00 3.400000e+01 3.243430e+01
1.000000e+00 4.000000e+00 7.800000e+01 7.000000e+00 5.000000e+00 5.900000e+01 6.140151e+01
1.000000e+00 4.000000e+00 8.500000e+01 4.000000e+00 2.000000e+00 6.700000e+01 6.650297e+01
1.000000e+00 9.000000e+00 7.300000e+01 4.000000e+00 6.000000e+00 7.000000e+01 6.932383e+01
1.000000e+00 5.000000e+00 7.400000e+01 5.000000e+00 9.000000e+00 6.100000e+01 6.001310e+01
1.000000e+00 5.000000e+00 8.800000e+01 8.000000e+00 5.000000e+00 7.600000e+01 7.489530e+01
1.000000e+00 6.000000e+00 5.500000e+01 4.000000e+00 7.000000e+00 4.400000e+01 4.267085e+01
1.000000e+00 1.000000e+00 7.900000e+01 6.000000e+00 5.000000e+00 5.000000e+01 5.339804e+01
1.000000e+00 1.000000e+00 8.900000e+01 7.000000e+00 9.000000e+00 6.800000e+01 6.482787e+01
1.000000e+00 9.000000e+00 8.600000e+01 8.000000e+00 3.000000e+00 8.700000e+01 8.386145e+01
1.000000e+00 3.000000e+00 7.800000e+01 8.000000e+00 9.000000e+00 6.000000e+01 5.981391e+01
1.000000e+00 4.000000e+00 6.600000e+01 8.000000e+00 6.000000e+00 4.700000e+01 4.987059e+01
1.000000e+00 1.000000e+00 8.000000e+01 4.000000e+00 6.000000e+00 5.500000e+01 5.365827e+01
1.000000e+00 9.000000e+00 7.700000e+01 9.000000e+00 7.000000e+00 7.300000e+01 7.596941e+01
1.000000e+00 8.000000e+00 8.900000e+01 8.000000e+00 1.000000e+00 8.700000e+01 8.367223e+01
1.000000e+00 2.000000e+00 8.900000e+01 5.000000e+00 5.000000e+00 6.600000e+01 6.593911e+01
1.000000e+00 8.000000e+00 6.400000e+01 6.000000e+00 2.000000e+00 5.600000e+01 5.749199e+01
1.000000e+00 7.000000e+00 6.500000e+01 9.000000e+00 7.000000e+00 5.900000e+01 5.807007e+01
1.000000e+00 6.000000e+00 9.500000e+01 7.000000e+00 3.000000e+00 8.300000e+01 8.399351e+01
1.000000e+00 1.000000e+00 5.300000e+01 6.000000e+00 3.000000e+00 2.600000e+01 2.656553e+01
1.000000e+00 7.000000e+00 5.300000e+01 5.000000e+00 1.000000e+00 4.100000e+01 4.278524e+01
1.000000e+00 7.000000e+00 5.300000e+01 5.000000e+00 5.000000e+00 4.500000e+01 4.356931e+01
1.000000e+00 9.000000e+00 6.400000e+01 9.000000e+00 5.000000e+00 6.300000e+01 6.235714e+01
1.000000e+00 1.000000e+00 7.500000e+01 6.000000e+00 0.000000e+00 5.000000e+01 4.835019e+01
1.000000e+00 2.000000e+00 4.300000e+01 4.000000e+00 7.000000e+00 1.500000e+01 1.907548e+01
1.000000e+00 9.000000e+00 8.600000e+01 5.000000e+00 2.000000e+00 7.900000e+01 8.223636e+01
1.000000e+00 9.000000e+00 5.400000e+01 8.000000e+00 0.000000e+00 4.900000e+01 5.073129e+01
1.000000e+00 6.000000e+00 7.100000e+01 7.000000e+00 9.000000e+00 6.300000e+01 6.076302e+01
1.000000e+00 6.000000e+00 5.700000e+01 7.000000e+00 0.000000e+00 4.200000e+01 4.476170e+01
1.000000e+00 4.000000e+00 5.300000e+01 5.000000e+00 0.000000e+00 3.200000e+01 3.404518e+01
1.000000e+00 4.000000e+00 9.700000e+01 8.000000e+00 4.000000e+00 8.400000e+01 8.100374e+01
1.000000e+00 5.000000e+00 4.000000e+01 6.000000e+00 4.000000e+00 2.600000e+01 2.493338e+01
1.000000e+00 3.000000e+00 8.100000e+01 7.000000e+00 0.000000e+00 6.200000e+01 6.062423e+01
1.000000e+00 1.000000e+00 5.900000e+01 8.000000e+00 4.000000e+00 3.300000e+01 3.381591e+01
1.000000e+00 1.000000e+00 4.900000e+01 8.000000e+00 6.000000e+00 2.800000e+01 2.403853e+01
1.000000e+00 7.000000e+00 4.900000e+01 4.000000e+00 4.000000e+00 3.600000e+01 3.882917e+01
1.000000e+00 1.000000e+00 9.800000e+01 5.000000e+00 8.000000e+00 7.300000e+01 7.283161e+01
1.000000e+00 1.000000e+00 6.300000e+01 8.000000e+00 3.000000e+00 3.700000e+01 3.768766e+01
1.000000e+00 3.000000e+00 7.300000e+01 6.000000e+00 8.000000e+00 5.300000e+01 5.358047e+01
1.000000e+00 4.000000e+00 6.700000e+01 7.000000e+00 7.000000e+00 4.800000e+01 5.060718e+01
1.000000e+00 4.000000e+00 6.600000e+01 4.000000e+00 0.000000e+00 4.800000e+01 4.678905e+01
1.000000e+00 2.000000e+00 7.900000e+01 6.000000e+00 3.000000e+00 5.400000e+01 5.585402e+01
1.000000e+00 1.000000e+00 4.000000e+01 7.000000e+00 6.000000e+00 1.200000e+01 1.440970e+01
1.000000e+00 3.000000e+00 7.200000e+01 5.000000e+00 0.000000e+00 4.600000e+01 5.051904e+01
1.000000e+00 4.000000e+00 4.300000e+01 6.000000e+00 7.000000e+00 2.400000e+01 2.572423e+01
1.000000e+00 3.000000e+00 4.600000e+01 7.000000e+00 1.000000e+00 2.600000e+01 2.522730e+01
1.000000e+00 8.000000e+00 4.800000e+01 4.000000e+00 7.000000e+00 4.200000e+01 4.124829e+01
1.000000e+00 1.000000e+00 5.500000e+01 7.000000e+00 3.000000e+00 2.800000e+01 2.907577e+01
1.000000e+00 2.000000e+00 4.400000e+01 8.000000e+00 7.000000e+00 2.000000e+01 2.199786e+01
1.000000e+00 7.000000e+00 7.300000e+01 4.000000e+00 0.000000e+00 6.100000e+01 6.245170e+01
1.000000e+00 4.000000e+00 9.900000e+01 6.000000e+00 4.000000e+00 8.000000e+01 8.208490e+01
1.000000e+00 8.000000e+00 6.200000e+01 9.000000e+00 8.000000e+00 6.200000e+01 5.806328e+01
1.000000e+00 3.000000e+00 8.200000e+01 5.000000e+00 6.000000e+00 5.900000e+01 6.186455e+01
1.000000e+00 6.000000e+00 8.900000e+01 4.000000e+00 2.000000e+00 7.400000e+01 7.626677e+01
1.000000e+00 9.000000e+00 6.400000e+01 4.000000e+00 3.000000e+00 5.900000e+01 5.958331e+01
1.000000e+00 1.000000e+00 9.600000e+01 4.000000e+00 9.000000e+00 6.800000e+01 7.051738e+01
1.000000e+00 1.000000e+00 9.000000e+01 7.000000e+00 6.000000e+00 6.600000e+01 6.525677e+01
1.000000e+00 8.000000e+00 5.200000e+01 8.000000e+00 5.000000e+00 4.300000e+01 4.682946e+01
1.000000e+00 3.000000e+00 6.300000e+01 9.000000e+00 3.000000e+00 4.400000e+01 4.386006e+01
1.000000e+00 5.000000e+00 5.000000e+01 5.000000e+00 2.000000e+00 3.400000e+01 3.423440e+01
1.000000e+00 1.000000e+00 9.100000e+01 5.000000e+00 1.000000e+00 6.200000e+01 6.434091e+01
1.000000e+00 5.000000e+00 9.000000e+01 8.000000e+00 9.000000e+00 7.700000e+01 7.771324e+01
1.000000e+00 6.000000e+00 5.600000e+01 7.000000e+00 8.000000e+00 4.400000e+01 4.531288e+01
1.000000e+00 8.000000e+00 7.600000e+01 7.000000e+00 2.000000e+00 6.900000e+01 7.017165e+01
1.000000e+00 3.000000e+00 5.200000e+01 8.000000e+00 6.000000e+00 3.500000e+01 3.278539e+01
1.000000e+00 3.000000e+00 6.600000e+01 8.000000e+00 0.000000e+00 5.000000e+01 4.584647e+01
1.000000e+00 9.000000e+00 5.900000e+01 6.000000e+00 7.000000e+00 5.000000e+01 5.623538e+01
1.000000e+00 4.000000e+00 7.200000e+01 7.000000e+00 0.000000e+00 5.400000e+01 5.431978e+01
1.000000e+00 4.000000e+00 8.100000e+01 4.000000e+00 1.000000e+00 5.900000e+01 6.223919e+01
1.000000e+00 7.000000e+00 7.100000e+01 5.000000e+00 0.000000e+00 6.000000e+01 6.089417e+01
1.000000e+00 2.000000e+00 4.700000e+01 7.000000e+00 3.000000e+00 2.500000e+01 2.378826e+01
1.000000e+00 8.000000e+00 9.500000e+01 8.000000e+00 1.000000e+00 9.400000e+01 8.977388e+01
1.000000e+00 6.000000e+00 6.800000e+01 4.000000e+00 0.000000e+00 5.300000e+01 5.451897e+01
1.000000e+00 3.000000e+00 7.900000e+01 6.000000e+00 0.000000e+00 5.900000e+01 5.811399e+01
1.000000e+00 9.000000e+00 5.800000e+01 9.000000e+00 1.000000e+00 5.300000e+01 5.547143e+01
1.000000e+00 5.000000e+00 4.500000e+01 6.000000e+00 5.000000e+00 2.900000e+01 3.021410e+01
1.000000e+00 8.000000e+00 8.300000e+01 4.000000e+00 1.000000e+00 7.300000e+01 7.566514e+01
1.000000e+00 7.000000e+00 9.900000e+01 4.000000e+00 1.000000e+00 8.700000e+01 8.908819e+01
1.000000e+00 8.000000e+00 7.800000e+01 8.000000e+00 7.000000e+00 7.200000e+01 7.366197e+01
1.000000e+00 7.000000e+00 8.700000e+01 9.000000e+00 4.000000e+00 8.200000e+01 7.985474e+01
1.000000e+00 3.000000e+00 8.000000e+01 8.000000e+00 7.000000e+00 6.000000e+01 6.145576e+01
1.000000e+00 2.000000e+00 6.000000e+01 5.000000e+00 7.000000e+00 3.800000e+01 3.683984e+01
1.000000e+00 7.000000e+00 9.600000e+01 9.000000e+00 1.000000e+00 8.900000e+01 8.841916e+01
1.000000e+00 3.000000e+00 6.100000e+01 9.000000e+00 6.000000e+00 4.500000e+01 4.241422e+01
1.000000e+00 3.000000e+00 8.100000e+01 5.000000e+00 8.000000e+00 5.700000e+01 6.123964e+01
1.000000e+00 2.000000e+00 4.900000e+01 6.000000e+00 7.000000e+00 2.700000e+01 2.612985e+01
1.000000e+00 4.000000e+00 4.900000e+01 4.000000e+00 8.000000e+00 3.100000e+01 3.106918e+01
1.000000e+00 8.000000e+00 9.100000e+01 6.000000e+00 7.000000e+00 8.600000e+01 8.592949e+01
1.000000e+00 1.000000e+00 6.800000e+01 8.000000e+00 3.000000e+00 4.500000e+01 4.277237e+01
1.000000e+00 1.000000e+00 5.500000e+01 7.000000e+00 9.000000e+00 3.000000e+01 3.025187e+01
1.000000e+00 5.000000e+00 4.000000e+01 8.000000e+00 6.000000e+00 2.800000e+01 2.627813e+01
1.000000e+00 5.000000e+00 5.600000e+01 7.000000e+00 8.000000e+00 4.300000e+01 4.246486e+01
1.000000e+00 1.000000e+00 6.900000e+01 4.000000e+00 8.000000e+00 4.300000e+01 4.286395e+01
1.000000e+00 6.000000e+00 6.500000e+01 4.000000e+00 3.000000e+00 5.200000e+01 5.205619e+01
1.000000e+00 1.000000e+00 9.200000e+01 9.000000e+00 6.000000e+00 6.800000e+01 6.824337e+01
1.000000e+00 5.000000e+00 8.500000e+01 4.000000e+00 5.000000e+00 7.300000e+01 6.993904e+01
1.000000e+00 9.000000e+00 5.800000e+01 5.000000e+00 2.000000e+00 5.600000e+01 5.376200e+01
1.000000e+00 5.000000e+00 9.200000e+01 5.000000e+00 9.000000e+00 7.800000e+01 7.831805e+01
1.000000e+00 6.000000e+00 6.000000e+01 7.000000e+00 5.000000e+00 4.900000e+01 4.879260e+01
1.000000e+00 8.000000e+00 5.600000e+01 6.000000e+00 7.000000e+00 5.200000e+01 5.033654e+01
1.000000e+00 1.000000e+00 8.500000e+01 9.000000e+00 1.000000e+00 6.200000e+01 6.014470e+01
1.000000e+00 2.000000e+00 7.900000e+01 6.000000e+00 2.000000e+00 5.900000e+01 5.565801e+01
1.000000e+00 9.000000e+00 6.000000e+01 7.000000e+00 7.000000e+00 6.000000e+01 5.772868e+01
1.000000e+00 3.000000e+00 9.200000e+01 5.000000e+00 3.000000e+00 7.100000e+01 7.144592e+01
1.000000e+00 6.000000e+00 8.000000e+01 8.000000e+00 3.000000e+00 6.800000e+01 6.921575e+01
1.000000e+00 5.000000e+00 7.900000e+01 9.000000e+00 1.000000e+00 6.800000e+01 6.543512e+01
1.000000e+00 2.000000e+00 8.400000e+01 7.000000e+00 9.000000e+00 6.300000e+01 6.259118e+01
1.000000e+00 7.000000e+00 8.800000e+01 6.000000e+00 0.000000e+00 7.700000e+01 7.865853e+01
1.000000e+00 4.000000e+00 5.800000e+01 7.000000e+00 6.000000e+00 4.300000e+01 4.125870e+01
1.000000e+00 1.000000e+00 9.900000e+01 7.000000e+00 3.000000e+00 7.700000e+01 7.382119e+01
1.000000e+00 4.000000e+00 4.600000e+01 4.000000e+00 5.000000e+00 2.800000e+01 2.743031e+01
1.000000e+00 6.000000e+00 5.600000e+01 5.000000e+00 7.000000e+00 4.700000e+01 4.416415e+01
1.000000e+00 7.000000e+00 4.000000e+01 9.000000e+00 6.000000e+00 3.400000e+01 3.245053e+01
1.000000e+00 7.000000e+00 7.600000e+01 4.000000e+00 6.000000e+00 6.400000e+01 6.667861e+01
1.000000e+00 7.000000e+00 9.600000e+01 5.000000e+00 5.000000e+00 8.800000e+01 8.729778e+01
1.000000e+00 3.000000e+00 4.500000e+01 7.000000e+00 3.000000e+00 2.100000e+01 2.460239e+01
1.000000e+00 6.000000e+00 6.500000e+01 5.000000e+00 3.000000e+00 5.300000e+01 5.253255e+01
1.000000e+00 8.000000e+00 4.100000e+01 6.000000e+00 8.000000e+00 3.400000e+01 3.527844e+01
1.000000e+00 4.000000e+00 9.800000e+01 9.000000e+00 4.000000e+00 8.300000e+01 8.249704e+01
1.000000e+00 8.000000e+00 7.100000e+01 4.000000e+00 8.000000e+00 6.700000e+01 6.483396e+01
1.000000e+00 2.000000e+00 9.600000e+01 9.000000e+00 8.000000e+00 7.500000e+01 7.555118e+01
1.000000e+00 9.000000e+00 8.700000e+01 7.000000e+00 3.000000e+00 8.800000e+01 8.440204e+01
1.000000e+00 9.000000e+00 9.300000e+01 6.000000e+00 1.000000e+00 8.700000e+01 8.963529e+01
1.000000e+00 8.000000e+00 4.400000e+01 5.000000e+00 1.000000e+00 3.200000e+01 3.648079e+01
1.000000e+00 1.000000e+00 7.600000e+01 5.000000e+00 8.000000e+00 5.000000e+01 5.045890e+01
1.000000e+00 2.000000e+00 7.000000e+01 6.000000e+00 8.000000e+00 5.000000e+01 4.768163e+01
1.000000e+00 6.000000e+00 5.100000e+01 5.000000e+00 2.000000e+00 3.800000e+01 3.809936e+01
1.000000e+00 5.000000e+00 7.400000e+01 4.000000e+00 4.000000e+00 5.700000e+01 5.855666e+01
1.000000e+00 9.000000e+00 6.900000e+01 8.000000e+00 4.000000e+00 6.400000e+01 6.676947e+01
1.000000e+00 5.000000e+00 8.700000e+01 5.000000e+00 1.000000e+00 7.100000e+01 7.166521e+01
1.000000e+00 2.000000e+00 4.500000e+01 7.000000e+00 1.000000e+00 1.900000e+01 2.136235e+01
1.000000e+00 4.000000e+00 5.400000e+01 5.000000e+00 9.000000e+00 3.800000e+01 3.682626e+01
1.000000e+00 9.000000e+00 5.400000e+01 9.000000e+00 0.000000e+00 5.200000e+01 5.120764e+01
1.000000e+00 1.000000e+00 5.500000e+01 7.000000e+00 1.000000e+00 2.700000e+01 2.868374e+01
1.000000e+00 1.000000e+00 5.900000e+01 5.000000e+00 6.000000e+00 3.200000e+01 3.277887e+01
1.000000e+00 7.000000e+00 5.200000e+01 5.000000e+00 0.000000e+00 4.500000e+01 4.157229e+01
1.000000e+00 3.000000e+00 8.300000e+01 7.000000e+00 0.000000e+00 6.100000e+01 6.265812e+01
1.000000e+00 2.000000e+00 8.100000e+01 4.000000e+00 8.000000e+00 5.700000e+01 5.791526e+01
1.000000e+00 9.000000e+00 8.500000e+01 8.000000e+00 1.000000e+00 8.300000e+01 8.245248e+01
1.000000e+00 3.000000e+00 7.000000e+01 8.000000e+00 3.000000e+00 4.800000e+01 5.050229e+01
1.000000e+00 2.000000e+00 7.300000e+01 4.000000e+00 2.000000e+00 5.000000e+01 4.860364e+01
1.000000e+00 8.000000e+00 6.800000e+01 5.000000e+00 3.000000e+00 6.100000e+01 6.127941e+01
1.000000e+00 6.000000e+00 4.200000e+01 8.000000e+00 6.000000e+00 2.900000e+01 3.116003e+01
1.000000e+00 6.000000e+00 4.800000e+01 4.000000e+00 9.000000e+00 3.700000e+01 3.594429e+01
1.000000e+00 7.000000e+00 5.000000e+01 4.000000e+00 1.000000e+00 3.900000e+01 3.925806e+01
1.000000e+00 7.000000e+00 5.000000e+01 8.000000e+00 1.000000e+00 3.900000e+01 4.116350e+01
1.000000e+00 6.000000e+00 6.400000e+01 7.000000e+00 8.000000e+00 5.400000e+01 5.344841e+01
1.000000e+00 4.000000e+00 6.100000e+01 6.000000e+00 5.000000e+00 4.600000e+01 4.363715e+01
1.000000e+00 9.000000e+00 8.100000e+01 7.000000e+00 6.000000e+00 7.800000e+01 7.888844e+01
1.000000e+00 6.000000e+00 9.700000e+01 5.000000e+00 4.000000e+00 8.300000e+01 8.527069e+01
1.000000e+00 4.000000e+00 8.500000e+01 7.000000e+00 4.000000e+00 6.400000e+01 6.832408e+01
1.000000e+00 3.000000e+00 4.800000e+01 9.000000e+00 3.000000e+00 2.600000e+01 2.860594e+01
1.000000e+00 4.000000e+00 5.900000e+01 6.000000e+00 7.000000e+00 4.100000e+01 4.199529e+01
1.000000e+00 3.000000e+00 9.800000e+01 6.000000e+00 6.000000e+00 7.600000e+01 7.861197e+01
1.000000e+00 2.000000e+00 6.000000e+01 4.000000e+00 9.000000e+00 3.500000e+01 3.675551e+01
1.000000e+00 5.000000e+00 4.900000e+01 9.000000e+00 1.000000e+00 3.900000e+01 3.492688e+01
1.000000e+00 2.000000e+00 6.100000e+01 5.000000e+00 1.000000e+00 3.900000e+01 3.668069e+01
1.000000e+00 6.000000e+00 6.800000e+01 4.000000e+00 5.000000e+00 5.400000e+01 5.549905e+01
1.000000e+00 3.000000e+00 4.800000e+01 7.000000e+00 0.000000e+00 2.800000e+01 2.706517e+01
1.000000e+00 6.000000e+00 4.400000e+01 7.000000e+00 6.000000e+00 3.000000e+01 3.271755e+01
1.000000e+00 9.000000e+00 7.900000e+01 8.000000e+00 7.000000e+00 8.100000e+01 7.752693e+01
1.000000e+00 1.000000e+00 5.000000e+01 4.000000e+00 9.000000e+00 2.400000e+01 2.373808e+01
1.000000e+00 6.000000e+00 4.000000e+01 9.000000e+00 7.000000e+00 3.200000e+01 2.979852e+01
1.000000e+00 9.000000e+00 9.200000e+01 4.000000e+00 2.000000e+00 8.700000e+01 8.786165e+01
1.000000e+00 4.000000e+00 8.100000e+01 4.000000e+00 6.000000e+00 6.600000e+01 6.321927e+01
1.000000e+00 2.000000e+00 4.000000e+01 4.000000e+00 0.000000e+00 1.300000e+01 1.465254e+01
1.000000e+00 4.000000e+00 9.700000e+01 6.000000e+00 2.000000e+00 7.600000e+01 7.965898e+01
1.000000e+00 1.000000e+00 9.300000e+01 8.000000e+00 5.000000e+00 6.800000e+01 6.858793e+01
1.000000e+00 3.000000e+00 7.800000e+01 5.000000e+00 8.000000e+00 5.700000e+01 5.818882e+01
1.000000e+00 9.000000e+00 9.900000e+01 5.000000e+00 4.000000e+00 9.800000e+01 9.584863e+01
1.000000e+00 5.000000e+00 8.500000e+01 5.000000e+00 4.000000e+00 6.900000e+01 7.021938e+01
1.000000e+00 6.000000e+00 4.400000e+01 6.000000e+00 8.000000e+00 3.400000e+01 3.263323e+01
1.000000e+00 3.000000e+00 8.800000e+01 8.000000e+00 8.000000e+00 6.800000e+01 6.978731e+01
1.000000e+00 5.000000e+00 6.100000e+01 9.000000e+00 5.000000e+00 4.700000e+01 4.791424e+01
1.000000e+00 8.000000e+00 6.500000e+01 8.000000e+00 4.000000e+00 6.000000e+01 5.985369e+01
1.000000e+00 6.000000e+00 9.200000e+01 6.000000e+00 9.000000e+00 8.300000e+01 8.164242e+01
1.000000e+00 4.000000e+00 4.500000e+01 9.000000e+00 1.000000e+00 2.500000e+01 2.801110e+01
1.000000e+00 2.000000e+00 7.100000e+01 4.000000e+00 7.000000e+00 5.000000e+01 4.754984e+01
1.000000e+00 9.000000e+00 8.700000e+01 7.000000e+00 7.000000e+00 8.700000e+01 8.518610e+01
1.000000e+00 1.000000e+00 5.000000e+01 4.000000e+00 6.000000e+00 2.200000e+01 2.315003e+01
1.000000e+00 1.000000e+00 4.900000e+01 5.000000e+00 7.000000e+00 2.200000e+01 2.280547e+01
1.000000e+00 4.000000e+00 8.600000e+01 4.000000e+00 2.000000e+00 6.200000e+01 6.751991e+01
1.000000e+00 7.000000e+00 7.800000e+01 6.000000e+00 2.000000e+00 7.200000e+01 6.888115e+01
1.000000e+00 1.000000e+00 9.400000e+01 5.000000e+00 1.000000e+00 6.600000e+01 6.739173e+01
1.000000e+00 9.000000e+00 7.300000e+01 7.000000e+00 0.000000e+00 7.100000e+01 6.957681e+01
1.000000e+00 4.000000e+00 7.000000e+01 9.000000e+00 2.000000e+00 5.300000e+01 5.363065e+01
1.000000e+00 3.000000e+00 5.100000e+01 9.000000e+00 2.000000e+00 3.200000e+01 3.146075e+01
1.000000e+00 1.000000e+00 9.000000e+01 5.000000e+00 6.000000e+00 6.500000e+01 6.430405e+01
1.000000e+00 4.000000e+00 8.300000e+01 4.000000e+00 9.000000e+00 6.500000e+01 6.584120e+01
1.000000e+00 9.000000e+00 5.500000e+01 8.000000e+00 8.000000e+00 5.000000e+01 5.331635e+01
1.000000e+00 6.000000e+00 7.700000e+01 8.000000e+00 0.000000e+00 6.600000e+01 6.557688e+01
1.000000e+00 6.000000e+00 4.200000e+01 9.000000e+00 7.000000e+00 2.900000e+01 3.183241e+01
1.000000e+00 1.000000e+00 4.100000e+01 8.000000e+00 0.000000e+00 1.300000e+01 1.472691e+01
1.000000e+00 2.000000e+00 9.100000e+01 5.000000e+00 2.000000e+00 6.600000e+01 6.738494e+01
1.000000e+00 6.000000e+00 4.400000e+01 8.000000e+00 3.000000e+00 3.200000e+01 3.260587e+01
1.000000e+00 2.000000e+00 5.000000e+01 6.000000e+00 7.000000e+00 2.600000e+01 2.714679e+01
1.000000e+00 3.000000e+00 9.700000e+01 9.000000e+00 0.000000e+00 7.500000e+01 7.784801e+01
1.000000e+00 4.000000e+00 6.400000e+01 7.000000e+00 1.000000e+00 4.600000e+01 4.638027e+01
1.000000e+00 5.000000e+00 7.400000e+01 8.000000e+00 4.000000e+00 6.200000e+01 6.046210e+01
1.000000e+00 9.000000e+00 7.400000e+01 6.000000e+00 5.000000e+00 6.900000e+01 7.109747e+01
1.000000e+00 4.000000e+00 6.100000e+01 6.000000e+00 4.000000e+00 4.300000e+01 4.344113e+01
1.000000e+00 9.000000e+00 7.600000e+01 5.000000e+00 2.000000e+00 7.400000e+01 7.206695e+01
1.000000e+00 3.000000e+00 6.100000e+01 9.000000e+00 9.000000e+00 4.300000e+01 4.300227e+01
1.000000e+00 8.000000e+00 9.400000e+01 5.000000e+00 6.000000e+00 8.600000e+01 8.830794e+01
1.000000e+00 1.000000e+00 5.000000e+01 7.000000e+00 0.000000e+00 2.400000e+01 2.340302e+01
1.000000e+00 9.000000e+00 7.100000e+01 7.000000e+00 1.000000e+00 6.700000e+01 6.773894e+01
1.000000e+00 9.000000e+00 7.400000e+01 4.000000e+00 8.000000e+00 7.100000e+01 7.073280e+01
1.000000e+00 2.000000e+00 7.000000e+01 7.000000e+00 3.000000e+00 4.800000e+01 4.717791e+01
1.000000e+00 4.000000e+00 8.400000e+01 9.000000e+00 7.000000e+00 6.400000e+01 6.884791e+01
1.000000e+00 8.000000e+00 9.200000e+01 9.000000e+00 8.000000e+00 8.800000e+01 8.857152e+01
1.000000e+00 7.000000e+00 4.700000e+01 5.000000e+00 6.000000e+00 3.900000e+01 3.766368e+01
1.000000e+00 1.000000e+00 5.900000e+01 6.000000e+00 0.000000e+00 3.500000e+01 3.207913e+01
1.000000e+00 5.000000e+00 8.100000e+01 4.000000e+00 4.000000e+00 6.700000e+01 6.567525e+01
1.000000e+00 7.000000e+00 7.300000e+01 7.000000e+00 5.000000e+00 6.500000e+01 6.486085e+01
1.000000e+00 4.000000e+00 4.300000e+01 6.000000e+00 7.000000e+00 2.700000e+01 2.572423e+01
1.000000e+00 1.000000e+00 5.700000e+01 5.000000e+00 9.000000e+00 3.200000e+01 3.133303e+01
1.000000e+00 9.000000e+00 9.000000e+01 8.000000e+00 7.000000e+00 8.900000e+01 8.871328e+01
1.000000e+00 5.000000e+00 4.300000e+01 4.000000e+00 8.000000e+00 3.000000e+01 2.781555e+01
1.000000e+00 2.000000e+00 5.900000e+01 9.000000e+00 8.000000e+00 3.700000e+01 3.792435e+01
1.000000e+00 8.000000e+00 9.700000e+01 6.000000e+00 3.000000e+00 9.100000e+01 9.124707e+01
1.000000e+00 2.000000e+00 4.800000e+01 5.000000e+00 5.000000e+00 2.600000e+01 2.424451e+01
1.000000e+00 3.000000e+00 5.500000e+01 5.000000e+00 2.000000e+00 3.200000e+01 3.362307e+01
1.000000e+00 1.000000e+00 6.500000e+01 4.000000e+00 0.000000e+00 3.400000e+01 3.722806e+01
1.000000e+00 2.000000e+00 7.700000e+01 4.000000e+00 5.000000e+00 5.100000e+01 5.325945e+01
1.000000e+00 7.000000e+00 6.400000e+01 7.000000e+00 0.000000e+00 5.600000e+01 5.472830e+01
1.000000e+00 2.000000e+00 4.300000e+01 7.000000e+00 8.000000e+00 2.600000e+01 2.070057e+01
1.000000e+00 6.000000e+00 8.000000e+01 9.000000e+00 5.000000e+00 7.300000e+01 7.008414e+01
1.000000e+00 3.000000e+00 9.800000e+01 9.000000e+00 0.000000e+00 8.000000e+01 7.886496e+01
1.000000e+00 4.000000e+00 8.400000e+01 4.000000e+00 2.000000e+00 6.900000e+01 6.548603e+01
1.000000e+00 8.000000e+00 8.000000e+01 4.000000e+00 0.000000e+00 7.300000e+01 7.241830e+01
1.000000e+00 3.000000e+00 7.700000e+01 6.000000e+00 1.000000e+00 5.500000e+01 5.627612e+01
1.000000e+00 6.000000e+00 9.200000e+01 7.000000e+00 5.000000e+00 8.200000e+01 8.133472e+01
1.000000e+00 1.000000e+00 5.800000e+01 5.000000e+00 6.000000e+00 3.200000e+01 3.176192e+01
1.000000e+00 7.000000e+00 5.300000e+01 7.000000e+00 0.000000e+00 4.100000e+01 4.354195e+01
1.000000e+00 8.000000e+00 6.000000e+01 7.000000e+00 9.000000e+00 5.500000e+01 5.527270e+01
1.000000e+00 8.000000e+00 5.400000e+01 4.000000e+00 4.000000e+00 4.300000e+01 4.676189e+01
1.000000e+00 3.000000e+00 4.200000e+01 4.000000e+00 5.000000e+00 2.000000e+01 2.051452e+01
1.000000e+00 1.000000e+00 7.600000e+01 7.000000e+00 3.000000e+00 5.000000e+01 5.043154e+01
1.000000e+00 9.000000e+00 9.200000e+01 8.000000e+00 5.000000e+00 9.000000e+01 9.035513e+01
1.000000e+00 6.000000e+00 8.900000e+01 8.000000e+00 4.000000e+00 8.200000e+01 7.856424e+01
1.000000e+00 9.000000e+00 8.500000e+01 9.000000e+00 6.000000e+00 8.500000e+01 8.390892e+01
1.000000e+00 7.000000e+00 5.500000e+01 7.000000e+00 3.000000e+00 4.900000e+01 4.616388e+01
1.000000e+00 1.000000e+00 5.300000e+01 8.000000e+00 0.000000e+00 2.400000e+01 2.693020e+01
1.000000e+00 1.000000e+00 4.800000e+01 9.000000e+00 1.000000e+00 2.500000e+01 2.251787e+01
1.000000e+00 6.000000e+00 8.600000e+01 9.000000e+00 5.000000e+00 7.600000e+01 7.618579e+01
1.000000e+00 5.000000e+00 4.600000e+01 7.000000e+00 9.000000e+00 3.300000e+01 3.249147e+01
1.000000e+00 9.000000e+00 5.300000e+01 9.000000e+00 1.000000e+00 4.800000e+01 5.038672e+01
1.000000e+00 2.000000e+00 4.500000e+01 4.000000e+00 4.000000e+00 2.100000e+01 2.052131e+01
1.000000e+00 8.000000e+00 6.000000e+01 4.000000e+00 3.000000e+00 5.800000e+01 5.266752e+01
1.000000e+00 5.000000e+00 5.400000e+01 4.000000e+00 6.000000e+00 4.000000e+01 3.860987e+01
1.000000e+00 2.000000e+00 9.100000e+01 5.000000e+00 3.000000e+00 6.700000e+01 6.758096e+01
1.000000e+00 6.000000e+00 4.700000e+01 4.000000e+00 6.000000e+00 3.500000e+01 3.433930e+01
1.000000e+00 8.000000e+00 7.300000e+01 4.000000e+00 7.000000e+00 6.800000e+01 6.667182e+01
1.000000e+00 4.000000e+00 7.900000e+01 7.000000e+00 6.000000e+00 6.600000e+01 6.261446e+01
1.000000e+00 2.000000e+00 4.000000e+01 8.000000e+00 1.000000e+00 1.600000e+01 1.675400e+01
1.000000e+00 5.000000e+00 7.100000e+01 8.000000e+00 0.000000e+00 5.700000e+01 5.662722e+01
1.000000e+00 2.000000e+00 9.700000e+01 4.000000e+00 4.000000e+00 7.300000e+01 7.340226e+01
1.000000e+00 2.000000e+00 8.800000e+01 4.000000e+00 6.000000e+00 6.400000e+01 6.464182e+01
1.000000e+00 6.000000e+00 9.000000e+01 4.000000e+00 0.000000e+00 7.700000e+01 7.689168e+01
1.000000e+00 9.000000e+00 4.400000e+01 9.000000e+00 7.000000e+00 4.600000e+01 4.241034e+01
1.000000e+00 4.000000e+00 6.900000e+01 7.000000e+00 2.000000e+00 5.000000e+01 5.166099e+01
1.000000e+00 6.000000e+00 6.100000e+01 7.000000e+00 6.000000e+00 5.000000e+01 5.000556e+01
1.000000e+00 7.000000e+00 5.900000e+01 7.000000e+00 2.000000e+00 5.100000e+01 5.003563e+01
1.000000e+00 6.000000e+00 5.500000e+01 8.000000e+00 3.000000e+00 4.300000e+01 4.379222e+01
1.000000e+00 8.000000e+00 4.600000e+01 5.000000e+00 7.000000e+00 4.000000e+01 3.969077e+01
1.000000e+00 4.000000e+00 4.600000e+01 8.000000e+00 1.000000e+00 3.000000e+01 2.855168e+01
1.000000e+00 1.000000e+00 8.900000e+01 7.000000e+00 5.000000e+00 6.300000e+01 6.404381e+01
1.000000e+00 7.000000e+00 8.900000e+01 6.000000e+00 9.000000e+00 8.200000e+01 8.143962e+01
1.000000e+00 3.000000e+00 4.100000e+01 5.000000e+00 8.000000e+00 2.000000e+01 2.056199e+01
1.000000e+00 6.000000e+00 8.600000e+01 4.000000e+00 9.000000e+00 7.300000e+01 7.458806e+01
1.000000e+00 2.000000e+00 5.300000e+01 9.000000e+00 8.000000e+00 3.200000e+01 3.182271e+01
1.000000e+00 9.000000e+00 7.000000e+01 8.000000e+00 4.000000e+00 6.700000e+01 6.778641e+01
1.000000e+00 1.000000e+00 8.900000e+01 9.000000e+00 2.000000e+00 6.900000e+01 6.440848e+01
1.000000e+00 6.000000e+00 8.000000e+01 5.000000e+00 5.000000e+00 6.700000e+01 6.817871e+01
1.000000e+00 6.000000e+00 5.300000e+01 6.000000e+00 8.000000e+00 4.400000e+01 4.178570e+01
1.000000e+00 5.000000e+00 4.400000e+01 5.000000e+00 5.000000e+00 2.900000e+01 2.872080e+01
1.000000e+00 5.000000e+00 5.000000e+01 8.000000e+00 3.000000e+00 3.800000e+01 3.585950e+01
1.000000e+00 1.000000e+00 7.900000e+01 7.000000e+00 4.000000e+00 5.200000e+01 5.367838e+01
1.000000e+00 5.000000e+00 4.400000e+01 4.000000e+00 6.000000e+00 2.500000e+01 2.844046e+01
1.000000e+00 2.000000e+00 6.800000e+01 7.000000e+00 9.000000e+00 4.600000e+01 4.632012e+01
1.000000e+00 7.000000e+00 5.000000e+01 7.000000e+00 2.000000e+00 4.200000e+01 4.088316e+01
1.000000e+00 3.000000e+00 4.400000e+01 8.000000e+00 8.000000e+00 2.400000e+01 2.504189e+01
1.000000e+00 4.000000e+00 8.800000e+01 7.000000e+00 0.000000e+00 7.000000e+01 7.059084e+01
1.000000e+00 3.000000e+00 9.300000e+01 7.000000e+00 7.000000e+00 7.800000e+01 7.419964e+01
1.000000e+00 3.000000e+00 7.100000e+01 8.000000e+00 4.000000e+00 5.100000e+01 5.171524e+01
1.000000e+00 4.000000e+00 7.500000e+01 8.000000e+00 9.000000e+00 6.100000e+01 5.961111e+01
1.000000e+00 5.000000e+00 5.400000e+01 6.000000e+00 8.000000e+00 3.800000e+01 3.995462e+01
1.000000e+00 1.000000e+00 5.800000e+01 7.000000e+00 1.000000e+00 3.400000e+01 3.173456e+01
1.000000e+00 4.000000e+00 6.100000e+01 5.000000e+00 0.000000e+00 4.200000e+01 4.218071e+01
1.000000e+00 8.000000e+00 7.300000e+01 4.000000e+00 9.000000e+00 6.800000e+01 6.706386e+01
1.000000e+00 7.000000e+00 9.500000e+01 9.000000e+00 6.000000e+00 8.700000e+01 8.838230e+01
1.000000e+00 9.000000e+00 5.600000e+01 4.000000e+00 9.000000e+00 5.300000e+01 5.262387e+01
1.000000e+00 5.000000e+00 5.100000e+01 8.000000e+00 8.000000e+00 3.900000e+01 3.785652e+01
1.000000e+00 4.000000e+00 6.400000e+01 9.000000e+00 4.000000e+00 4.500000e+01 4.792103e+01
1.000000e+00 8.000000e+00 9.500000e+01 8.000000e+00 3.000000e+00 8.900000e+01 9.016591e+01
1.000000e+00 9.000000e+00 5.600000e+01 6.000000e+00 3.000000e+00 5.300000e+01 5.240050e+01
1.000000e+00 7.000000e+00 4.900000e+01 7.000000e+00 7.000000e+00 3.900000e+01 4.084629e+01
1.000000e+00 7.000000e+00 6.700000e+01 8.000000e+00 0.000000e+00 5.900000e+01 5.825549e+01
1.000000e+00 5.000000e+00 9.600000e+01 8.000000e+00 0.000000e+00 8.100000e+01 8.205075e+01
1.000000e+00 4.000000e+00 5.700000e+01 4.000000e+00 7.000000e+00 4.000000e+01 3.900869e+01
1.000000e+00 1.000000e+00 9.000000e+01 7.000000e+00 1.000000e+00 6.400000e+01 6.427669e+01
1.000000e+00 7.000000e+00 5.700000e+01 6.000000e+00 9.000000e+00 5.300000e+01 4.889750e+01
1.000000e+00 1.000000e+00 8.400000e+01 8.000000e+00 5.000000e+00 5.600000e+01 5.943546e+01
1.000000e+00 1.000000e+00 7.100000e+01 8.000000e+00 1.000000e+00 4.400000e+01 4.543116e+01
1.000000e+00 5.000000e+00 5.300000e+01 8.000000e+00 4.000000e+00 4.100000e+01 3.910634e+01
1.000000e+00 9.000000e+00 9.500000e+01 4.000000e+00 2.000000e+00 9.100000e+01 9.091247e+01
1.000000e+00 6.000000e+00 5.500000e+01 8.000000e+00 6.000000e+00 4.600000e+01 4.438027e+01
1.000000e+00 3.000000e+00 8.900000e+01 8.000000e+00 8.000000e+00 6.500000e+01 7.080425e+01
1.000000e+00 3.000000e+00 9.700000e+01 4.000000e+00 1.000000e+00 7.600000e+01 7.566223e+01
1.000000e+00 7.000000e+00 5.700000e+01 8.000000e+00 6.000000e+00 5.000000e+01 4.926217e+01
1.000000e+00 6.000000e+00 5.500000e+01 7.000000e+00 7.000000e+00 4.500000e+01 4.409992e+01
1.000000e+00 9.000000e+00 5.600000e+01 7.000000e+00 9.000000e+00 5.500000e+01 5.405295e+01
1.000000e+00 6.000000e+00 4.600000e+01 4.000000e+00 7.000000e+00 3.300000e+01 3.351837e+01
1.000000e+00 5.000000e+00 5.100000e+01 7.000000e+00 6.000000e+00 3.700000e+01 3.698813e+01
1.000000e+00 7.000000e+00 7.300000e+01 9.000000e+00 3.000000e+00 6.300000e+01 6.542154e+01
1.000000e+00 1.000000e+00 4.900000e+01 9.000000e+00 3.000000e+00 2.400000e+01 2.392684e+01
1.000000e+00 7.000000e+00 4.400000e+01 9.000000e+00 9.000000e+00 3.700000e+01 3.710634e+01
1.000000e+00 3.000000e+00 6.000000e+01 6.000000e+00 8.000000e+00 3.900000e+01 4.036023e+01
1.000000e+00 9.000000e+00 4.200000e+01 8.000000e+00 9.000000e+00 4.100000e+01 4.029213e+01
1.000000e+00 6.000000e+00 5.800000e+01 6.000000e+00 8.000000e+00 4.600000e+01 4.687040e+01
1.000000e+00 9.000000e+00 8.400000e+01 7.000000e+00 4.000000e+00 7.800000e+01 8.154723e+01
1.000000e+00 5.000000e+00 8.300000e+01 4.000000e+00 6.000000e+00 6.900000e+01 6.810117e+01
1.000000e+00 7.000000e+00 7.400000e+01 9.000000e+00 6.000000e+00 7.100000e+01 6.702653e+01
1.000000e+00 4.000000e+00 4.500000e+01 4.000000e+00 8.000000e+00 2.800000e+01 2.700141e+01
1.000000e+00 7.000000e+00 5.300000e+01 6.000000e+00 6.000000e+00 4.500000e+01 4.424168e+01
1.000000e+00 1.000000e+00 4.300000e+01 7.000000e+00 7.000000e+00 2.000000e+01 1.765654e+01
1.000000e+00 7.000000e+00 8.400000e+01 8.000000e+00 6.000000e+00 8.100000e+01 7.671958e+01
1.000000e+00 8.000000e+00 9.000000e+01 7.000000e+00 3.000000e+00 8.500000e+01 8.460484e+01
1.000000e+00 5.000000e+00 5.700000e+01 9.000000e+00 1.000000e+00 4.200000e+01 4.306241e+01
1.000000e+00 2.000000e+00 6.800000e+01 7.000000e+00 2.000000e+00 4.600000e+01 4.494801e+01
1.000000e+00 5.000000e+00 7.400000e+01 4.000000e+00 6.000000e+00 6.000000e+01 5.894870e+01
1.000000e+00 6.000000e+00 9.100000e+01 5.000000e+00 8.000000e+00 8.200000e+01 7.995311e+01
1.000000e+00 2.000000e+00 7.700000e+01 9.000000e+00 1.000000e+00 5.500000e+01 5.485719e+01
1.000000e+00 6.000000e+00 5.500000e+01 8.000000e+00 6.000000e+00 4.400000e+01 4.438027e+01
1.000000e+00 6.000000e+00 5.900000e+01 9.000000e+00 3.000000e+00 4.700000e+01 4.833635e+01
1.000000e+00 1.000000e+00 6.300000e+01 9.000000e+00 6.000000e+00 4.100000e+01 3.875207e+01
1.000000e+00 1.000000e+00 7.400000e+01 8.000000e+00 4.000000e+00 4.800000e+01 4.907003e+01
1.000000e+00 3.000000e+00 8.300000e+01 9.000000e+00 6.000000e+00 6.200000e+01 6.478693e+01
1.000000e+00 3.000000e+00 9.000000e+01 4.000000e+00 5.000000e+00 6.400000e+01 6.932771e+01
1.000000e+00 4.000000e+00 5.800000e+01 7.000000e+00 1.000000e+00 4.000000e+01 4.027862e+01
1.000000e+00 2.000000e+00 9.500000e+01 4.000000e+00 6.000000e+00 7.000000e+01 7.176041e+01
1.000000e+00 9.000000e+00 4.300000e+01 7.000000e+00 4.000000e+00 3.900000e+01 3.985263e+01
1.000000e+00 7.000000e+00 7.200000e+01 5.000000e+00 8.000000e+00 6.300000e+01 6.347924e+01
1.000000e+00 7.000000e+00 4.100000e+01 9.000000e+00 0.000000e+00 3.200000e+01 3.229137e+01
1.000000e+00 6.000000e+00 5.200000e+01 5.000000e+00 0.000000e+00 3.700000e+01 3.872427e+01
1.000000e+00 3.000000e+00 9.700000e+01 6.000000e+00 1.000000e+00 7.500000e+01 7.661495e+01
1.000000e+00 6.000000e+00 8.400000e+01 7.000000e+00 7.000000e+00 7.200000e+01 7.359122e+01
1.000000e+00 8.000000e+00 6.900000e+01 4.000000e+00 8.000000e+00 6.300000e+01 6.280008e+01
1.000000e+00 8.000000e+00 7.300000e+01 4.000000e+00 6.000000e+00 6.400000e+01 6.647581e+01
1.000000e+00 9.000000e+00 6.900000e+01 9.000000e+00 0.000000e+00 6.900000e+01 6.646176e+01
1.000000e+00 1.000000e+00 9.000000e+01 4.000000e+00 6.000000e+00 6.300000e+01 6.382769e+01
1.000000e+00 1.000000e+00 9.300000e+01 6.000000e+00 7.000000e+00 6.500000e+01 6.802725e+01
1.000000e+00 3.000000e+00 6.300000e+01 8.000000e+00 6.000000e+00 4.400000e+01 4.397175e+01
1.000000e+00 3.000000e+00 8.700000e+01 4.000000e+00 4.000000e+00 6.500000e+01 6.608087e+01
1.000000e+00 8.000000e+00 8.300000e+01 9.000000e+00 6.000000e+00 8.100000e+01 7.902702e+01
1.000000e+00 1.000000e+00 7.200000e+01 5.000000e+00 9.000000e+00 4.500000e+01 4.658715e+01
1.000000e+00 2.000000e+00 8.000000e+01 4.000000e+00 1.000000e+00 5.900000e+01 5.552621e+01
1.000000e+00 2.000000e+00 8.800000e+01 4.000000e+00 8.000000e+00 6.700000e+01 6.503385e+01
1.000000e+00 3.000000e+00 4.900000e+01 4.000000e+00 1.000000e+00 3.400000e+01 2.684905e+01
1.000000e+00 6.000000e+00 5.700000e+01 9.000000e+00 1.000000e+00 4.600000e+01 4.591043e+01
1.000000e+00 1.000000e+00 5.800000e+01 8.000000e+00 4.000000e+00 3.500000e+01 3.279897e+01
1.000000e+00 2.000000e+00 4.600000e+01 4.000000e+00 7.000000e+00 2.200000e+01 2.212630e+01
1.000000e+00 1.000000e+00 9.600000e+01 8.000000e+00 5.000000e+00 7.200000e+01 7.163876e+01
1.000000e+00 5.000000e+00 5.800000e+01 8.000000e+00 8.000000e+00 4.700000e+01 4.497511e+01
1.000000e+00 7.000000e+00 6.300000e+01 6.000000e+00 5.000000e+00 5.500000e+01 5.421508e+01
1.000000e+00 8.000000e+00 5.400000e+01 5.000000e+00 4.000000e+00 4.700000e+01 4.723825e+01
1.000000e+00 1.000000e+00 8.000000e+01 4.000000e+00 0.000000e+00 5.500000e+01 5.248218e+01
1.000000e+00 7.000000e+00 8.100000e+01 4.000000e+00 7.000000e+00 7.400000e+01 7.195934e+01
1.000000e+00 5.000000e+00 6.200000e+01 4.000000e+00 2.000000e+00 4.900000e+01 4.596134e+01
1.000000e+00 1.000000e+00 9.100000e+01 8.000000e+00 1.000000e+00 6.800000e+01 6.576999e+01
1.000000e+00 3.000000e+00 9.100000e+01 7.000000e+00 6.000000e+00 7.200000e+01 7.196974e+01
1.000000e+00 7.000000e+00 4.300000e+01 5.000000e+00 1.000000e+00 3.200000e+01 3.261583e+01
1.000000e+00 1.000000e+00 7.700000e+01 9.000000e+00 0.000000e+00 5.100000e+01 5.181315e+01
1.000000e+00 7.000000e+00 4.300000e+01 4.000000e+00 1.000000e+00 3.400000e+01 3.213947e+01
1.000000e+00 5.000000e+00 4.400000e+01 7.000000e+00 5.000000e+00 3.300000e+01 2.967352e+01
1.000000e+00 1.000000e+00 8.000000e+01 7.000000e+00 1.000000e+00 5.600000e+01 5.410727e+01
1.000000e+00 1.000000e+00 8.300000e+01 7.000000e+00 0.000000e+00 5.400000e+01 5.696208e+01
1.000000e+00 1.000000e+00 6.200000e+01 5.000000e+00 0.000000e+00 3.300000e+01 3.465359e+01
1.000000e+00 9.000000e+00 7.900000e+01 7.000000e+00 3.000000e+00 7.800000e+01 7.626651e+01
1.000000e+00 3.000000e+00 9.200000e+01 9.000000e+00 7.000000e+00 7.700000e+01 7.413542e+01
1.000000e+00 5.000000e+00 7.600000e+01 4.000000e+00 5.000000e+00 6.200000e+01 6.078656e+01
1.000000e+00 9.000000e+00 5.000000e+01 9.000000e+00 3.000000e+00 5.100000e+01 4.772793e+01
1.000000e+00 6.000000e+00 9.400000e+01 4.000000e+00 5.000000e+00 7.800000e+01 8.193952e+01
1.000000e+00 9.000000e+00 5.000000e+01 6.000000e+00 5.000000e+00 4.600000e+01 4.669088e+01
1.000000e+00 8.000000e+00 5.200000e+01 8.000000e+00 8.000000e+00 5.000000e+01 4.741751e+01
1.000000e+00 8.000000e+00 5.300000e+01 7.000000e+00 3.000000e+00 4.700000e+01 4.697801e+01
1.000000e+00 1.000000e+00 9.900000e+01 9.000000e+00 5.000000e+00 7.400000e+01 7.516594e+01
1.000000e+00 9.000000e+00 4.700000e+01 8.000000e+00 9.000000e+00 4.700000e+01 4.537684e+01
1.000000e+00 6.000000e+00 6.400000e+01 8.000000e+00 0.000000e+00 5.200000e+01 5.235664e+01
1.000000e+00 9.000000e+00 5.700000e+01 8.000000e+00 6.000000e+00 5.400000e+01 5.495820e+01
1.000000e+00 3.000000e+00 9.000000e+01 8.000000e+00 6.000000e+00 6.900000e+01 7.142916e+01
1.000000e+00 3.000000e+00 8.300000e+01 8.000000e+00 0.000000e+00 6.400000e+01 6.313448e+01
1.000000e+00 6.000000e+00 8.300000e+01 4.000000e+00 7.000000e+00 6.900000e+01 7.114520e+01
1.000000e+00 9.000000e+00 5.700000e+01 5.000000e+00 4.000000e+00 5.800000e+01 5.313709e+01
1.000000e+00 7.000000e+00 4.900000e+01 7.000000e+00 8.000000e+00 3.700000e+01 4.104231e+01
1.000000e+00 3.000000e+00 4.600000e+01 7.000000e+00 7.000000e+00 2.600000e+01 2.640340e+01
1.000000e+00 3.000000e+00 9.900000e+01 4.000000e+00 2.000000e+00 8.000000e+01 7.789213e+01
1.000000e+00 2.000000e+00 8.900000e+01 9.000000e+00 0.000000e+00 6.400000e+01 6.686447e+01
1.000000e+00 9.000000e+00 8.300000e+01 4.000000e+00 2.000000e+00 7.800000e+01 7.870918e+01
1.000000e+00 3.000000e+00 5.300000e+01 8.000000e+00 1.000000e+00 3.500000e+01 3.282225e+01
1.000000e+00 5.000000e+00 5.400000e+01 5.000000e+00 1.000000e+00 3.600000e+01 3.810615e+01
1.000000e+00 9.000000e+00 5.500000e+01 7.000000e+00 3.000000e+00 5.500000e+01 5.185991e+01
1.000000e+00 8.000000e+00 4.100000e+01 9.000000e+00 1.000000e+00 3.600000e+01 3.533541e+01
1.000000e+00 2.000000e+00 6.900000e+01 6.000000e+00 7.000000e+00 4.600000e+01 4.646867e+01
1.000000e+00 3.000000e+00 6.900000e+01 4.000000e+00 4.000000e+00 5.100000e+01 4.777592e+01
1.000000e+00 2.000000e+00 5.700000e+01 6.000000e+00 0.000000e+00 3.000000e+01 3.289327e+01
1.000000e+00 8.000000e+00 7.000000e+01 7.000000e+00 5.000000e+00 6.800000e+01 6.465805e+01
1.000000e+00 6.000000e+00 8.300000e+01 4.000000e+00 6.000000e+00 6.900000e+01 7.094919e+01
1.000000e+00 6.000000e+00 8.700000e+01 7.000000e+00 0.000000e+00 7.800000e+01 7.526994e+01
1.000000e+00 9.000000e+00 5.200000e+01 4.000000e+00 2.000000e+00 5.100000e+01 4.718400e+01
1.000000e+00 8.000000e+00 5.900000e+01 9.000000e+00 8.000000e+00 5.500000e+01 5.501246e+01
1.000000e+00 4.000000e+00 8.800000e+01 7.000000e+00 6.000000e+00 7.200000e+01 7.176694e+01
1.000000e+00 4.000000e+00 8.900000e+01 6.000000e+00 3.000000e+00 7.100000e+01 7.171947e+01
1.000000e+00 9.000000e+00 7.400000e+01 5.000000e+00 5.000000e+00 6.900000e+01 7.062111e+01
1.000000e+00 1.000000e+00 6.200000e+01 9.000000e+00 5.000000e+00 3.800000e+01 3.753911e+01
1.000000e+00 2.000000e+00 8.100000e+01 9.000000e+00 2.000000e+00 6.100000e+01 5.912097e+01
1.000000e+00 2.000000e+00 7.200000e+01 4.000000e+00 1.000000e+00 4.900000e+01 4.739068e+01
1.000000e+00 6.000000e+00 7.700000e+01 6.000000e+00 4.000000e+00 6.700000e+01 6.540823e+01
1.000000e+00 4.000000e+00 7.400000e+01 7.000000e+00 7.000000e+00 5.600000e+01 5.772577e+01
1.000000e+00 3.000000e+00 9.000000e+01 6.000000e+00 2.000000e+00 6.800000e+01 6.969238e+01
1.000000e+00 3.000000e+00 7.500000e+01 9.000000e+00 4.000000e+00 6.000000e+01 5.625937e+01
1.000000e+00 3.000000e+00 5.900000e+01 4.000000e+00 2.000000e+00 3.400000e+01 3.721448e+01
1.000000e+00 6.000000e+00 9.400000e+01 6.000000e+00 6.000000e+00 8.300000e+01 8.308826e+01
1.000000e+00 8.000000e+00 4.200000e+01 7.000000e+00 5.000000e+00 3.700000e+01 3.618369e+01
1.000000e+00 7.000000e+00 4.700000e+01 8.000000e+00 5.000000e+00 4.200000e+01 3.889674e+01
1.000000e+00 4.000000e+00 7.900000e+01 9.000000e+00 0.000000e+00 6.200000e+01 6.239109e+01
1.000000e+00 4.000000e+00 9.800000e+01 5.000000e+00 1.000000e+00 8.000000e+01 8.000355e+01
1.000000e+00 2.000000e+00 7.100000e+01 5.000000e+00 5.000000e+00 4.600000e+01 4.763416e+01
1.000000e+00 1.000000e+00 6.800000e+01 9.000000e+00 7.000000e+00 4.700000e+01 4.403279e+01
1.000000e+00 9.000000e+00 4.600000e+01 8.000000e+00 4.000000e+00 4.600000e+01 4.337982e+01
1.000000e+00 2.000000e+00 4.100000e+01 4.000000e+00 1.000000e+00 1.300000e+01 1.586550e+01
1.000000e+00 8.000000e+00 6.000000e+01 6.000000e+00 4.000000e+00 5.500000e+01 5.381626e+01
1.000000e+00 9.000000e+00 4.500000e+01 6.000000e+00 8.000000e+00 4.200000e+01 4.219422e+01
1.000000e+00 4.000000e+00 6.700000e+01 8.000000e+00 5.000000e+00 5.100000e+01 5.069151e+01
1.000000e+00 8.000000e+00 8.700000e+01 8.000000e+00 4.000000e+00 8.100000e+01 8.222639e+01
1.000000e+00 9.000000e+00 8.100000e+01 7.000000e+00 9.000000e+00 7.500000e+01 7.947648e+01
1.000000e+00 5.000000e+00 7.500000e+01 7.000000e+00 5.000000e+00 5.900000e+01 6.119870e+01
1.000000e+00 7.000000e+00 7.100000e+01 5.000000e+00 8.000000e+00 6.200000e+01 6.246230e+01
1.000000e+00 4.000000e+00 8.400000e+01 4.000000e+00 6.000000e+00 6.500000e+01 6.627009e+01
1.000000e+00 1.000000e+00 8.100000e+01 4.000000e+00 9.000000e+00 5.100000e+01 5.526326e+01
1.000000e+00 3.000000e+00 9.200000e+01 8.000000e+00 2.000000e+00 7.300000e+01 7.267898e+01
1.000000e+00 5.000000e+00 8.500000e+01 5.000000e+00 9.000000e+00 6.800000e+01 7.119946e+01
1.000000e+00 3.000000e+00 4.800000e+01 5.000000e+00 9.000000e+00 2.800000e+01 2.787659e+01
1.000000e+00 7.000000e+00 5.000000e+01 7.000000e+00 4.000000e+00 3.900000e+01 4.127519e+01
1.000000e+00 9.000000e+00 6.200000e+01 6.000000e+00 3.000000e+00 5.500000e+01 5.850214e+01
1.000000e+00 6.000000e+00 8.900000e+01 4.000000e+00 4.000000e+00 7.600000e+01 7.665880e+01
1.000000e+00 1.000000e+00 5.000000e+01 5.000000e+00 7.000000e+00 2.400000e+01 2.382241e+01
1.000000e+00 7.000000e+00 8.800000e+01 7.000000e+00 5.000000e+00 8.100000e+01 8.011497e+01
1.000000e+00 3.000000e+00 4.100000e+01 7.000000e+00 3.000000e+00 2.400000e+01 2.053463e+01
1.000000e+00 5.000000e+00 4.200000e+01 7.000000e+00 4.000000e+00 2.900000e+01 2.744362e+01
1.000000e+00 4.000000e+00 5.000000e+01 6.000000e+00 6.000000e+00 3.700000e+01 3.264681e+01
1.000000e+00 5.000000e+00 8.900000e+01 5.000000e+00 7.000000e+00 7.400000e+01 7.487519e+01
1.000000e+00 5.000000e+00 9.800000e+01 8.000000e+00 4.000000e+00 8.400000e+01 8.486869e+01
1.000000e+00 6.000000e+00 7.400000e+01 8.000000e+00 1.000000e+00 6.400000e+01 6.272207e+01
1.000000e+00 6.000000e+00 9.700000e+01 7.000000e+00 5.000000e+00 9.000000e+01 8.641943e+01
1.000000e+00 8.000000e+00 5.400000e+01 7.000000e+00 8.000000e+00 4.600000e+01 4.897503e+01
1.000000e+00 8.000000e+00 8.200000e+01 6.000000e+00 2.000000e+00 7.900000e+01 7.579694e+01
1.000000e+00 9.000000e+00 5.000000e+01 7.000000e+00 6.000000e+00 4.800000e+01 4.736326e+01
1.000000e+00 8.000000e+00 7.000000e+01 9.000000e+00 7.000000e+00 6.500000e+01 6.600280e+01
1.000000e+00 2.000000e+00 6.700000e+01 5.000000e+00 5.000000e+00 4.600000e+01 4.356640e+01
1.000000e+00 1.000000e+00 6.700000e+01 7.000000e+00 2.000000e+00 3.900000e+01 4.108305e+01
1.000000e+00 2.000000e+00 7.100000e+01 7.000000e+00 0.000000e+00 4.900000e+01 4.760680e+01
1.000000e+00 2.000000e+00 6.400000e+01 5.000000e+00 2.000000e+00 3.900000e+01 3.992753e+01
1.000000e+00 3.000000e+00 5.900000e+01 4.000000e+00 5.000000e+00 4.000000e+01 3.780253e+01
1.000000e+00 7.000000e+00 6.700000e+01 9.000000e+00 3.000000e+00 6.000000e+01 5.931989e+01
1.000000e+00 2.000000e+00 6.400000e+01 9.000000e+00 0.000000e+00 4.300000e+01 4.144093e+01
1.000000e+00 1.000000e+00 5.000000e+01 8.000000e+00 5.000000e+00 2.500000e+01 2.485946e+01
1.000000e+00 6.000000e+00 5.800000e+01 7.000000e+00 0.000000e+00 4.500000e+01 4.577864e+01
1.000000e+00 9.000000e+00 6.700000e+01 5.000000e+00 7.000000e+00 6.400000e+01 6.389455e+01
1.000000e+00 3.000000e+00 4.000000e+01 8.000000e+00 2.000000e+00 2.000000e+01 1.979803e+01
1.000000e+00 6.000000e+00 9.800000e+01 6.000000e+00 2.000000e+00 8.700000e+01 8.637196e+01
1.000000e+00 3.000000e+00 4.400000e+01 4.000000e+00 0.000000e+00 2.300000e+01 2.156833e+01
1.000000e+00 1.000000e+00 4.900000e+01 7.000000e+00 2.000000e+00 2.300000e+01 2.277811e+01
1.000000e+00 5.000000e+00 8.100000e+01 4.000000e+00 6.000000e+00 6.700000e+01 6.606729e+01
1.000000e+00 4.000000e+00 8.500000e+01 7.000000e+00 9.000000e+00 7.400000e+01 6.930416e+01
1.000000e+00 7.000000e+00 7.300000e+01 7.000000e+00 7.000000e+00 6.400000e+01 6.525289e+01
1.000000e+00 6.000000e+00 7.500000e+01 7.000000e+00 7.000000e+00 6.600000e+01 6.443875e+01
1.000000e+00 7.000000e+00 4.100000e+01 4.000000e+00 2.000000e+00 2.900000e+01 3.030161e+01
1.000000e+00 5.000000e+00 5.700000e+01 9.000000e+00 4.000000e+00 4.200000e+01 4.365046e+01
1.000000e+00 4.000000e+00 5.200000e+01 6.000000e+00 0.000000e+00 3.700000e+01 3.350459e+01
1.000000e+00 7.000000e+00 9.000000e+01 9.000000e+00 8.000000e+00 8.200000e+01 8.368962e+01
1.000000e+00 7.000000e+00 4.400000e+01 5.000000e+00 7.000000e+00 3.500000e+01 3.480887e+01
1.000000e+00 6.000000e+00 5.900000e+01 5.000000e+00 9.000000e+00 4.600000e+01 4.760700e+01
1.000000e+00 8.000000e+00 4.100000e+01 9.000000e+00 1.000000e+00 4.000000e+01 3.533541e+01
1.000000e+00 4.000000e+00 5.000000e+01 6.000000e+00 9.000000e+00 3.400000e+01 3.323485e+01
1.000000e+00 5.000000e+00 6.900000e+01 6.000000e+00 0.000000e+00 5.200000e+01 5.364061e+01
1.000000e+00 4.000000e+00 7.100000e+01 7.000000e+00 3.000000e+00 5.200000e+01 5.389089e+01
1.000000e+00 1.000000e+00 7.100000e+01 7.000000e+00 8.000000e+00 5.000000e+01 4.632691e+01
1.000000e+00 8.000000e+00 9.700000e+01 5.000000e+00 7.000000e+00 9.100000e+01 9.155478e+01
1.000000e+00 1.000000e+00 8.900000e+01 7.000000e+00 2.000000e+00 6.400000e+01 6.345576e+01
1.000000e+00 5.000000e+00 7.700000e+01 7.000000e+00 9.000000e+00 6.700000e+01 6.401665e+01
1.000000e+00 6.000000e+00 9.400000e+01 6.000000e+00 5.000000e+00 8.500000e+01 8.289224e+01
1.000000e+00 6.000000e+00 6.700000e+01 4.000000e+00 8.000000e+00 5.300000e+01 5.507016e+01
1.000000e+00 5.000000e+00 4.900000e+01 9.000000e+00 9.000000e+00 3.500000e+01 3.649501e+01
1.000000e+00 3.000000e+00 6.100000e+01 8.000000e+00 7.000000e+00 4.100000e+01 4.213388e+01
1.000000e+00 5.000000e+00 9.400000e+01 8.000000e+00 9.000000e+00 8.100000e+01 8.178101e+01
1.000000e+00 8.000000e+00 5.600000e+01 7.000000e+00 4.000000e+00 5.200000e+01 5.022485e+01
1.000000e+00 2.000000e+00 6.100000e+01 7.000000e+00 8.000000e+00 3.900000e+01 3.900552e+01
1.000000e+00 6.000000e+00 8.200000e+01 9.000000e+00 8.000000e+00 7.200000e+01 7.270608e+01
1.000000e+00 9.000000e+00 5.800000e+01 8.000000e+00 2.000000e+00 5.500000e+01 5.519108e+01
1.000000e+00 8.000000e+00 5.600000e+01 6.000000e+00 7.000000e+00 4.900000e+01 5.033654e+01
1.000000e+00 8.000000e+00 6.300000e+01 8.000000e+00 3.000000e+00 6.000000e+01 5.762379e+01
1.000000e+00 8.000000e+00 7.500000e+01 8.000000e+00 9.000000e+00 6.900000e+01 7.100318e+01
1.000000e+00 7.000000e+00 7.100000e+01 8.000000e+00 6.000000e+00 6.300000e+01 6.349935e+01
1.000000e+00 8.000000e+00 9.700000e+01 7.000000e+00 9.000000e+00 9.400000e+01 9.289953e+01
1.000000e+00 6.000000e+00 9.500000e+01 7.000000e+00 7.000000e+00 8.600000e+01 8.477758e+01
1.000000e+00 2.000000e+00 9.700000e+01 9.000000e+00 6.000000e+00 7.500000e+01 7.617609e+01
1.000000e+00 2.000000e+00 8.500000e+01 8.000000e+00 4.000000e+00 6.600000e+01 6.310440e+01
1.000000e+00 8.000000e+00 9.800000e+01 7.000000e+00 0.000000e+00 9.700000e+01 9.215233e+01
1.000000e+00 1.000000e+00 9.100000e+01 9.000000e+00 7.000000e+00 7.100000e+01 6.742244e+01
1.000000e+00 6.000000e+00 7.500000e+01 8.000000e+00 4.000000e+00 5.900000e+01 6.432706e+01
1.000000e+00 6.000000e+00 6.700000e+01 6.000000e+00 2.000000e+00 5.400000e+01 5.484678e+01
1.000000e+00 4.000000e+00 5.300000e+01 7.000000e+00 1.000000e+00 3.400000e+01 3.519391e+01
1.000000e+00 3.000000e+00 9.700000e+01 4.000000e+00 2.000000e+00 7.700000e+01 7.585825e+01
1.000000e+00 3.000000e+00 7.500000e+01 9.000000e+00 8.000000e+00 6.000000e+01 5.704343e+01
1.000000e+00 1.000000e+00 4.500000e+01 7.000000e+00 1.000000e+00 1.600000e+01 1.851433e+01
1.000000e+00 3.000000e+00 4.800000e+01 6.000000e+00 9.000000e+00 3.000000e+01 2.835295e+01
1.000000e+00 4.000000e+00 6.000000e+01 6.000000e+00 0.000000e+00 4.200000e+01 4.164012e+01
1.000000e+00 5.000000e+00 5.100000e+01 7.000000e+00 1.000000e+00 3.600000e+01 3.600805e+01
1.000000e+00 3.000000e+00 9.700000e+01 5.000000e+00 1.000000e+00 7.700000e+01 7.613859e+01
1.000000e+00 6.000000e+00 6.900000e+01 9.000000e+00 4.000000e+00 5.800000e+01 5.870177e+01
1.000000e+00 5.000000e+00 7.000000e+01 8.000000e+00 0.000000e+00 5.800000e+01 5.561027e+01
1.000000e+00 3.000000e+00 7.900000e+01 8.000000e+00 9.000000e+00 6.000000e+01 6.083085e+01
1.000000e+00 6.000000e+00 9.500000e+01 6.000000e+00 7.000000e+00 8.700000e+01 8.430122e+01
1.000000e+00 6.000000e+00 4.300000e+01 7.000000e+00 1.000000e+00 3.000000e+01 3.072053e+01
1.000000e+00 8.000000e+00 7.000000e+01 5.000000e+00 5.000000e+00 5.900000e+01 6.370533e+01
1.000000e+00 2.000000e+00 6.600000e+01 9.000000e+00 4.000000e+00 4.200000e+01 4.425888e+01
1.000000e+00 1.000000e+00 9.700000e+01 4.000000e+00 1.000000e+00 7.000000e+01 6.996620e+01
1.000000e+00 4.000000e+00 9.600000e+01 8.000000e+00 9.000000e+00 8.200000e+01 8.096687e+01
1.000000e+00 7.000000e+00 6.400000e+01 9.000000e+00 0.000000e+00 5.600000e+01 5.568102e+01
1.000000e+00 3.000000e+00 4.400000e+01 9.000000e+00 5.000000e+00 2.400000e+01 2.493020e+01
1.000000e+00 3.000000e+00 4.500000e+01 5.000000e+00 5.000000e+00 2.700000e+01 2.404171e+01
1.000000e+00 5.000000e+00 4.400000e+01 9.000000e+00 2.000000e+00 3.300000e+01 3.003819e+01
1.000000e+00 5.000000e+00 9.000000e+01 8.000000e+00 7.000000e+00 7.500000e+01 7.732121e+01
1.000000e+00 3.000000e+00 6.600000e+01 7.000000e+00 8.000000e+00 4.500000e+01 4.693824e+01
1.000000e+00 9.000000e+00 4.700000e+01 8.000000e+00 2.000000e+00 4.500000e+01 4.400473e+01
1.000000e+00 4.000000e+00 4.800000e+01 4.000000e+00 8.000000e+00 3.000000e+01 3.005224e+01
1.000000e+00 3.000000e+00 5.400000e+01 7.000000e+00 7.000000e+00 2.900000e+01 3.453893e+01
1.000000e+00 2.000000e+00 7.500000e+01 6.000000e+00 4.000000e+00 5.000000e+01 5.198227e+01
1.000000e+00 9.000000e+00 9.600000e+01 5.000000e+00 5.000000e+00 9.500000e+01 9.299382e+01
1.000000e+00 4.000000e+00 8.000000e+01 8.000000e+00 0.000000e+00 6.300000e+01 6.293167e+01
1.000000e+00 3.000000e+00 4.600000e+01 7.000000e+00 4.000000e+00 2.400000e+01 2.581535e+01
1.000000e+00 7.000000e+00 7.100000e+01 9.000000e+00 9.000000e+00 6.300000e+01 6.456375e+01
1.000000e+00 8.000000e+00 4.700000e+01 7.000000e+00 9.000000e+00 4.100000e+01 4.205246e+01
1.000000e+00 2.000000e+00 8.600000e+01 8.000000e+00 6.000000e+00 6.900000e+01 6.451338e+01
1.000000e+00 7.000000e+00 9.000000e+01 6.000000e+00 0.000000e+00 8.100000e+01 8.069242e+01
1.000000e+00 5.000000e+00 5.400000e+01 8.000000e+00 9.000000e+00 4.000000e+01 4.110336e+01
1.000000e+00 5.000000e+00 7.600000e+01 6.000000e+00 8.000000e+00 6.600000e+01 6.232733e+01
1.000000e+00 3.000000e+00 5.800000e+01 9.000000e+00 6.000000e+00 4.000000e+01 3.936340e+01
1.000000e+00 5.000000e+00 7.800000e+01 8.000000e+00 3.000000e+00 6.300000e+01 6.433385e+01
1.000000e+00 2.000000e+00 4.500000e+01 7.000000e+00 3.000000e+00 2.100000e+01 2.175438e+01
1.000000e+00 4.000000e+00 9.800000e+01 4.000000e+00 9.000000e+00 8.100000e+01 8.109532e+01
1.000000e+00 6.000000e+00 5.800000e+01 4.000000e+00 6.000000e+00 4.700000e+01 4.552565e+01
1.000000e+00 1.000000e+00 9.600000e+01 9.000000e+00 5.000000e+00 6.900000e+01 7.211512e+01
1.000000e+00 4.000000e+00 6.700000e+01 7.000000e+00 2.000000e+00 4.700000e+01 4.962711e+01
1.000000e+00 6.000000e+00 5.600000e+01 4.000000e+00 8.000000e+00 4.400000e+01 4.388380e+01
1.000000e+00 9.000000e+00 8.100000e+01 9.000000e+00 5.000000e+00 7.800000e+01 7.964514e+01
1.000000e+00 2.000000e+00 5.800000e+01 6.000000e+00 1.000000e+00 3.600000e+01 3.410622e+01
1.000000e+00 7.000000e+00 7.000000e+01 7.000000e+00 9.000000e+00 6.000000e+01 6.259409e+01
1.000000e+00 6.000000e+00 5.000000e+01 6.000000e+00 1.000000e+00 4.300000e+01 3.736276e+01
1.000000e+00 2.000000e+00 5.400000e+01 7.000000e+00 0.000000e+00 3.000000e+01 3.031880e+01
1.000000e+00 8.000000e+00 4.900000e+01 6.000000e+00 4.000000e+00 4.300000e+01 4.262990e+01
1.000000e+00 7.000000e+00 8.200000e+01 6.000000e+00 9.000000e+00 7.500000e+01 7.432103e+01
1.000000e+00 5.000000e+00 6.200000e+01 4.000000e+00 5.000000e+00 4.600000e+01 4.654938e+01
1.000000e+00 5.000000e+00 4.200000e+01 7.000000e+00 2.000000e+00 2.900000e+01 2.705159e+01
1.000000e+00 7.000000e+00 4.200000e+01 8.000000e+00 3.000000e+00 3.300000e+01 3.342000e+01
1.000000e+00 9.000000e+00 5.700000e+01 4.000000e+00 4.000000e+00 5.100000e+01 5.266073e+01
1.000000e+00 9.000000e+00 6.400000e+01 6.000000e+00 3.000000e+00 5.800000e+01 6.053603e+01
1.000000e+00 9.000000e+00 8.200000e+01 6.000000e+00 8.000000e+00 8.100000e+01 7.982105e+01
1.000000e+00 6.000000e+00 5.900000e+01 8.000000e+00 2.000000e+00 4.900000e+01 4.766397e+01
1.000000e+00 6.000000e+00 9.700000e+01 8.000000e+00 4.000000e+00 8.400000e+01 8.669977e+01
1.000000e+00 3.000000e+00 6.800000e+01 6.000000e+00 6.000000e+00 4.700000e+01 4.810373e+01
1.000000e+00 1.000000e+00 6.100000e+01 8.000000e+00 6.000000e+00 3.800000e+01 3.624183e+01
1.000000e+00 7.000000e+00 8.900000e+01 5.000000e+00 5.000000e+00 7.800000e+01 8.017920e+01
1.000000e+00 4.000000e+00 9.600000e+01 4.000000e+00 8.000000e+00 7.700000e+01 7.886542e+01
1.000000e+00 1.000000e+00 5.400000e+01 7.000000e+00 6.000000e+00 2.900000e+01 2.864688e+01
1.000000e+00 8.000000e+00 7.800000e+01 8.000000e+00 3.000000e+00 7.600000e+01 7.287791e+01
1.000000e+00 6.000000e+00 4.900000e+01 8.000000e+00 9.000000e+00 4.100000e+01 3.886667e+01
1.000000e+00 6.000000e+00 6.000000e+01 5.000000e+00 8.000000e+00 5.100000e+01 4.842793e+01
1.000000e+00 2.000000e+00 9.400000e+01 7.000000e+00 5.000000e+00 7.000000e+01 7.197653e+01
1.000000e+00 1.000000e+00 9.100000e+01 5.000000e+00 0.000000e+00 6.300000e+01 6.414489e+01
1.000000e+00 2.000000e+00 6.800000e+01 7.000000e+00 8.000000e+00 4.600000e+01 4.612411e+01
1.000000e+00 4.000000e+00 7.100000e+01 4.000000e+00 6.000000e+00 5.300000e+01 5.304985e+01
1.000000e+00 2.000000e+00 4.900000e+01 8.000000e+00 5.000000e+00 2.500000e+01 2.669053e+01
1.000000e+00 1.000000e+00 5.200000e+01 4.000000e+00 5.000000e+00 2.600000e+01 2.498790e+01
1.000000e+00 7.000000e+00 8.600000e+01 7.000000e+00 3.000000e+00 7.400000e+01 7.768906e+01
1.000000e+00 8.000000e+00 6.200000e+01 8.000000e+00 3.000000e+00 5.700000e+01 5.660685e+01
1.000000e+00 6.000000e+00 8.900000e+01 5.000000e+00 2.000000e+00 8.000000e+01 7.674313e+01
1.000000e+00 4.000000e+00 6.200000e+01 6.000000e+00 7.000000e+00 4.500000e+01 4.504612e+01
1.000000e+00 6.000000e+00 7.000000e+01 5.000000e+00 7.000000e+00 5.600000e+01 5.840132e+01
1.000000e+00 3.000000e+00 4.300000e+01 6.000000e+00 1.000000e+00 1.900000e+01 2.170012e+01
1.000000e+00 8.000000e+00 9.100000e+01 5.000000e+00 4.000000e+00 8.600000e+01 8.486508e+01
1.000000e+00 2.000000e+00 8.800000e+01 7.000000e+00 8.000000e+00 7.000000e+01 6.646293e+01
1.000000e+00 5.000000e+00 9.900000e+01 4.000000e+00 8.000000e+00 8.500000e+01 8.476426e+01
1.000000e+00 1.000000e+00 4.200000e+01 6.000000e+00 6.000000e+00 1.600000e+01 1.596722e+01
1.000000e+00 6.000000e+00 6.000000e+01 7.000000e+00 3.000000e+00 4.700000e+01 4.840057e+01
1.000000e+00 2.000000e+00 9.200000e+01 4.000000e+00 3.000000e+00 6.500000e+01 6.812154e+01
1.000000e+00 4.000000e+00 4.100000e+01 4.000000e+00 9.000000e+00 2.300000e+01 2.312966e+01
1.000000e+00 6.000000e+00 4.300000e+01 8.000000e+00 6.000000e+00 2.900000e+01 3.217697e+01
1.000000e+00 8.000000e+00 4.000000e+01 8.000000e+00 2.000000e+00 3.600000e+01 3.403812e+01
1.000000e+00 8.000000e+00 5.400000e+01 8.000000e+00 2.000000e+00 4.900000e+01 4.827530e+01
1.000000e+00 6.000000e+00 9.600000e+01 6.000000e+00 4.000000e+00 8.500000e+01 8.473011e+01
1.000000e+00 4.000000e+00 7.200000e+01 6.000000e+00 5.000000e+00 5.600000e+01 5.482350e+01
1.000000e+00 8.000000e+00 4.500000e+01 4.000000e+00 7.000000e+00 3.900000e+01 3.819747e+01
1.000000e+00 8.000000e+00 4.600000e+01 6.000000e+00 0.000000e+00 4.000000e+01 3.879502e+01
1.000000e+00 1.000000e+00 5.800000e+01 4.000000e+00 6.000000e+00 3.300000e+01 3.128556e+01
1.000000e+00 4.000000e+00 8.300000e+01 7.000000e+00 7.000000e+00 6.700000e+01 6.687825e+01
1.000000e+00 4.000000e+00 4.000000e+01 5.000000e+00 4.000000e+00 1.900000e+01 2.160900e+01
1.000000e+00 7.000000e+00 7.800000e+01 4.000000e+00 9.000000e+00 7.400000e+01 6.930054e+01
1.000000e+00 7.000000e+00 5.800000e+01 4.000000e+00 1.000000e+00 4.700000e+01 4.739359e+01
1.000000e+00 8.000000e+00 8.400000e+01 7.000000e+00 3.000000e+00 7.700000e+01 7.850319e+01
1.000000e+00 5.000000e+00 6.500000e+01 8.000000e+00 5.000000e+00 5.200000e+01 5.150565e+01
1.000000e+00 7.000000e+00 8.300000e+01 9.000000e+00 8.000000e+00 7.600000e+01 7.657103e+01
1.000000e+00 8.000000e+00 5.100000e+01 8.000000e+00 1.000000e+00 4.200000e+01 4.502846e+01
1.000000e+00 9.000000e+00 6.100000e+01 8.000000e+00 3.000000e+00 5.600000e+01 5.843792e+01
1.000000e+00 3.000000e+00 5.200000e+01 4.000000e+00 9.000000e+00 3.000000e+01 3.146800e+01
1.000000e+00 3.000000e+00 6.700000e+01 4.000000e+00 4.000000e+00 4.700000e+01 4.574204e+01
1.000000e+00 4.000000e+00 5.300000e+01 6.000000e+00 7.000000e+00 3.400000e+01 3.589365e+01
1.000000e+00 5.000000e+00 6.100000e+01 6.000000e+00 7.000000e+00 4.800000e+01 4.687719e+01
1.000000e+00 1.000000e+00 6.900000e+01 5.000000e+00 1.000000e+00 4.200000e+01 4.196820e+01
1.000000e+00 7.000000e+00 8.300000e+01 5.000000e+00 5.000000e+00 7.400000e+01 7.407755e+01
1.000000e+00 9.000000e+00 5.900000e+01 9.000000e+00 5.000000e+00 5.800000e+01 5.727243e+01
1.000000e+00 8.000000e+00 8.300000e+01 6.000000e+00 4.000000e+00 7.500000e+01 7.720591e+01
1.000000e+00 5.000000e+00 6.600000e+01 4.000000e+00 7.000000e+00 5.400000e+01 5.100918e+01
1.000000e+00 4.000000e+00 7.700000e+01 7.000000e+00 9.000000e+00 6.200000e+01 6.116863e+01
1.000000e+00 7.000000e+00 9.800000e+01 6.000000e+00 1.000000e+00 8.800000e+01 8.902396e+01
1.000000e+00 5.000000e+00 8.100000e+01 4.000000e+00 1.000000e+00 6.400000e+01 6.508721e+01
1.000000e+00 7.000000e+00 9.100000e+01 6.000000e+00 6.000000e+00 8.100000e+01 8.288545e+01
1.000000e+00 1.000000e+00 9.500000e+01 8.000000e+00 8.000000e+00 6.900000e+01 7.120986e+01
1.000000e+00 1.000000e+00 8.000000e+01 6.000000e+00 2.000000e+00 5.100000e+01 5.382693e+01
1.000000e+00 3.000000e+00 7.300000e+01 9.000000e+00 6.000000e+00 5.200000e+01 5.461752e+01
1.000000e+00 2.000000e+00 7.800000e+01 8.000000e+00 2.000000e+00 5.800000e+01 5.559378e+01
1.000000e+00 2.000000e+00 8.000000e+01 4.000000e+00 5.000000e+00 5.500000e+01 5.631028e+01
1.000000e+00 7.000000e+00 9.600000e+01 8.000000e+00 2.000000e+00 8.600000e+01 8.813882e+01
1.000000e+00 2.000000e+00 8.300000e+01 6.000000e+00 0.000000e+00 6.200000e+01 5.933374e+01
1.000000e+00 4.000000e+00 7.600000e+01 8.000000e+00 5.000000e+00 6.000000e+01 5.984398e+01
1.000000e+00 2.000000e+00 4.000000e+01 9.000000e+00 2.000000e+00 1.500000e+01 1.742637e+01
1.000000e+00 6.000000e+00 9.300000e+01 7.000000e+00 0.000000e+00 8.200000e+01 8.137158e+01
1.000000e+00 8.000000e+00 5.400000e+01 8.000000e+00 4.000000e+00 5.200000e+01 4.866733e+01
1.000000e+00 4.000000e+00 7.100000e+01 9.000000e+00 7.000000e+00 5.700000e+01 5.562767e+01
1.000000e+00 5.000000e+00 4.700000e+01 8.000000e+00 7.000000e+00 3.400000e+01 3.359274e+01
1.000000e+00 4.000000e+00 7.200000e+01 5.000000e+00 7.000000e+00 5.500000e+01 5.473917e+01
1.000000e+00 3.000000e+00 5.700000e+01 7.000000e+00 2.000000e+00 3.900000e+01 3.660967e+01
1.000000e+00 5.000000e+00 8.400000e+01 4.000000e+00 7.000000e+00 7.300000e+01 6.931413e+01
1.000000e+00 9.000000e+00 6.800000e+01 9.000000e+00 3.000000e+00 6.400000e+01 6.603287e+01
1.000000e+00 8.000000e+00 7.100000e+01 8.000000e+00 7.000000e+00 6.700000e+01 6.654338e+01
1.000000e+00 8.000000e+00 7.200000e+01 7.000000e+00 2.000000e+00 6.700000e+01 6.610388e+01
1.000000e+00 8.000000e+00 4.400000e+01 4.000000e+00 2.000000e+00 3.600000e+01 3.620045e+01
1.000000e+00 8.000000e+00 5.700000e+01 7.000000e+00 0.000000e+00 5.200000e+01 5.045773e+01
1.000000e+00 7.000000e+00 8.700000e+01 9.000000e+00 7.000000e+00 8.500000e+01 8.044278e+01
1.000000e+00 8.000000e+00 9.700000e+01 5.000000e+00 7.000000e+00 9.100000e+01 9.155478e+01
1.000000e+00 8.000000e+00 4.900000e+01 9.000000e+00 8.000000e+00 4.200000e+01 4.484305e+01
1.000000e+00 8.000000e+00 7.500000e+01 9.000000e+00 5.000000e+00 7.400000e+01 7.069547e+01
1.000000e+00 7.000000e+00 7.200000e+01 4.000000e+00 1.000000e+00 6.500000e+01 6.163077e+01
1.000000e+00 1.000000e+00 6.200000e+01 4.000000e+00 0.000000e+00 3.600000e+01 3.417723e+01
1.000000e+00 4.000000e+00 7.900000e+01 8.000000e+00 7.000000e+00 6.300000e+01 6.328684e+01
1.000000e+00 4.000000e+00 4.400000e+01 6.000000e+00 9.000000e+00 2.900000e+01 2.713321e+01
1.000000e+00 5.000000e+00 7.300000e+01 9.000000e+00 3.000000e+00 6.000000e+01 5.972551e+01
1.000000e+00 6.000000e+00 6.300000e+01 4.000000e+00 6.000000e+00 5.000000e+01 5.061036e+01
1.000000e+00 4.000000e+00 5.600000e+01 9.000000e+00 9.000000e+00 4.000000e+01 4.076558e+01
1.000000e+00 2.000000e+00 7.000000e+01 9.000000e+00 3.000000e+00 4.800000e+01 4.813063e+01
1.000000e+00 6.000000e+00 4.600000e+01 4.000000e+00 0.000000e+00 3.300000e+01 3.214626e+01
1.000000e+00 8.000000e+00 5.600000e+01 5.000000e+00 7.000000e+00 5.100000e+01 4.986018e+01
1.000000e+00 8.000000e+00 6.700000e+01 5.000000e+00 9.000000e+00 6.400000e+01 6.143857e+01
1.000000e+00 7.000000e+00 7.700000e+01 9.000000e+00 8.000000e+00 7.000000e+01 7.046939e+01
1.000000e+00 6.000000e+00 6.100000e+01 5.000000e+00 9.000000e+00 4.900000e+01 4.964088e+01
1.000000e+00 2.000000e+00 5.400000e+01 9.000000e+00 8.000000e+00 3.300000e+01 3.283965e+01
1.000000e+00 7.000000e+00 7.600000e+01 8.000000e+00 8.000000e+00 6.900000e+01 6.897609e+01
1.000000e+00 5.000000e+00 5.400000e+01 4.000000e+00 3.000000e+00 4.100000e+01 3.802182e+01
1.000000e+00 6.000000e+00 8.900000e+01 9.000000e+00 8.000000e+00 7.900000e+01 7.982466e+01
1.000000e+00 8.000000e+00 8.900000e+01 5.000000e+00 3.000000e+00 8.100000e+01 8.263518e+01
1.000000e+00 8.000000e+00 6.400000e+01 5.000000e+00 1.000000e+00 5.700000e+01 5.681962e+01
1.000000e+00 3.000000e+00 9.200000e+01 7.000000e+00 9.000000e+00 7.300000e+01 7.357473e+01
1.000000e+00 7.000000e+00 6.000000e+01 7.000000e+00 2.000000e+00 4.900000e+01 5.105257e+01
1.000000e+00 1.000000e+00 9.400000e+01 5.000000e+00 1.000000e+00 6.400000e+01 6.739173e+01
1.000000e+00 1.000000e+00 7.700000e+01 8.000000e+00 0.000000e+00 4.900000e+01 5.133679e+01
1.000000e+00 7.000000e+00 4.100000e+01 6.000000e+00 5.000000e+00 3.100000e+01 3.184237e+01
1.000000e+00 9.000000e+00 6.600000e+01 9.000000e+00 3.000000e+00 6.100000e+01 6.399899e+01
1.000000e+00 7.000000e+00 8.800000e+01 7.000000e+00 6.000000e+00 8.100000e+01 8.031099e+01
1.000000e+00 5.000000e+00 7.100000e+01 9.000000e+00 6.000000e+00 5.900000e+01 5.827967e+01
1.000000e+00 8.000000e+00 6.000000e+01 7.000000e+00 9.000000e+00 5.400000e+01 5.527270e+01
1.000000e+00 2.000000e+00 4.300000e+01 4.000000e+00 0.000000e+00 1.800000e+01 1.770337e+01
1.000000e+00 9.000000e+00 8.300000e+01 4.000000e+00 8.000000e+00 8.000000e+01 7.988527e+01
1.000000e+00 6.000000e+00 5.800000e+01 5.000000e+00 7.000000e+00 4.300000e+01 4.619803e+01
1.000000e+00 9.000000e+00 4.100000e+01 4.000000e+00 9.000000e+00 3.900000e+01 3.736975e+01
1.000000e+00 2.000000e+00 6.500000e+01 4.000000e+00 0.000000e+00 3.900000e+01 4.007608e+01
1.000000e+00 3.000000e+00 7.300000e+01 6.000000e+00 7.000000e+00 5.100000e+01 5.338445e+01
1.000000e+00 8.000000e+00 5.300000e+01 8.000000e+00 4.000000e+00 4.900000e+01 4.765039e+01
1.000000e+00 1.000000e+00 5.400000e+01 5.000000e+00 0.000000e+00 2.700000e+01 2.651806e+01
1.000000e+00 7.000000e+00 5.900000e+01 6.000000e+00 3.000000e+00 5.100000e+01 4.975528e+01
1.000000e+00 7.000000e+00 7.300000e+01 5.000000e+00 6.000000e+00 6.400000e+01 6.410415e+01
1.000000e+00 1.000000e+00 7.500000e+01 8.000000e+00 4.000000e+00 5.100000e+01 5.008697e+01
1.000000e+00 9.000000e+00 5.800000e+01 5.000000e+00 2.000000e+00 5.600000e+01 5.376200e+01
1.000000e+00 8.000000e+00 4.800000e+01 9.000000e+00 3.000000e+00 4.600000e+01 4.284603e+01
1.000000e+00 4.000000e+00 4.600000e+01 9.000000e+00 1.000000e+00 2.800000e+01 2.902804e+01
1.000000e+00 5.000000e+00 6.900000e+01 9.000000e+00 7.000000e+00 5.700000e+01 5.644180e+01
1.000000e+00 2.000000e+00 5.200000e+01 4.000000e+00 1.000000e+00 2.800000e+01 2.705186e+01
1.000000e+00 9.000000e+00 6.600000e+01 8.000000e+00 5.000000e+00 6.500000e+01 6.391466e+01
1.000000e+00 6.000000e+00 8.300000e+01 6.000000e+00 6.000000e+00 7.100000e+01 7.190191e+01
1.000000e+00 3.000000e+00 7.400000e+01 6.000000e+00 6.000000e+00 5.400000e+01 5.420538e+01
1.000000e+00 7.000000e+00 5.200000e+01 7.000000e+00 0.000000e+00 4.400000e+01 4.252501e+01
1.000000e+00 9.000000e+00 5.400000e+01 6.000000e+00 7.000000e+00 5.200000e+01 5.115068e+01
1.000000e+00 3.000000e+00 8.500000e+01 9.000000e+00 8.000000e+00 7.100000e+01 6.721285e+01
1.000000e+00 2.000000e+00 9.500000e+01 9.000000e+00 6.000000e+00 7.400000e+01 7.414221e+01
1.000000e+00 7.000000e+00 4.800000e+01 7.000000e+00 7.000000e+00 3.800000e+01 3.982935e+01
1.000000e+00 7.000000e+00 8.400000e+01 4.000000e+00 3.000000e+00 7.500000e+01 7.422610e+01
1.000000e+00 4.000000e+00 6.200000e+01 6.000000e+00 7.000000e+00 4.300000e+01 4.504612e+01
1.000000e+00 9.000000e+00 9.300000e+01 8.000000e+00 2.000000e+00 9.000000e+01 9.078403e+01
1.000000e+00 8.000000e+00 7.500000e+01 7.000000e+00 0.000000e+00 6.900000e+01 6.876268e+01
1.000000e+00 1.000000e+00 9.200000e+01 6.000000e+00 7.000000e+00 6.700000e+01 6.701030e+01
1.000000e+00 1.000000e+00 7.900000e+01 4.000000e+00 5.000000e+00 5.200000e+01 5.244532e+01
1.000000e+00 5.000000e+00 4.200000e+01 8.000000e+00 8.000000e+00 2.700000e+01 2.870405e+01
1.000000e+00 6.000000e+00 7.300000e+01 8.000000e+00 2.000000e+00 6.300000e+01 6.190115e+01
1.000000e+00 3.000000e+00 5.800000e+01 4.000000e+00 7.000000e+00 4.100000e+01 3.717762e+01
1.000000e+00 9.000000e+00 6.700000e+01 6.000000e+00 8.000000e+00 6.700000e+01 6.456693e+01
1.000000e+00 6.000000e+00 6.200000e+01 5.000000e+00 8.000000e+00 4.700000e+01 5.046181e+01
1.000000e+00 4.000000e+00 7.900000e+01 6.000000e+00 6.000000e+00 6.100000e+01 6.213810e+01
1.000000e+00 7.000000e+00 8.800000e+01 7.000000e+00 9.000000e+00 8.200000e+01 8.089904e+01
1.000000e+00 8.000000e+00 8.400000e+01 7.000000e+00 2.000000e+00 7.500000e+01 7.830718e+01
1.000000e+00 9.000000e+00 4.600000e+01 6.000000e+00 2.000000e+00 3.700000e+01 4.203507e+01
1.000000e+00 6.000000e+00 8.000000e+01 9.000000e+00 1.000000e+00 6.800000e+01 6.930008e+01
1.000000e+00 6.000000e+00 5.100000e+01 7.000000e+00 0.000000e+00 3.700000e+01 3.866005e+01
1.000000e+00 8.000000e+00 5.300000e+01 5.000000e+00 1.000000e+00 4.900000e+01 4.563326e+01
1.000000e+00 5.000000e+00 8.500000e+01 9.000000e+00 4.000000e+00 7.300000e+01 7.212482e+01
1.000000e+00 3.000000e+00 5.400000e+01 5.000000e+00 0.000000e+00 3.200000e+01 3.221410e+01
1.000000e+00 3.000000e+00 4.200000e+01 8.000000e+00 9.000000e+00 2.300000e+01 2.320403e+01
1.000000e+00 6.000000e+00 5.400000e+01 7.000000e+00 3.000000e+00 4.300000e+01 4.229892e+01
1.000000e+00 2.000000e+00 9.000000e+01 9.000000e+00 9.000000e+00 7.000000e+01 6.964555e+01
1.000000e+00 6.000000e+00 6.300000e+01 6.000000e+00 9.000000e+00 5.300000e+01 5.215113e+01
1.000000e+00 6.000000e+00 9.100000e+01 9.000000e+00 0.000000e+00 8.100000e+01 8.029042e+01
1.000000e+00 8.000000e+00 8.500000e+01 8.000000e+00 9.000000e+00 8.400000e+01 8.117259e+01
1.000000e+00 7.000000e+00 4.700000e+01 5.000000e+00 7.000000e+00 3.800000e+01 3.785969e+01
1.000000e+00 8.000000e+00 4.400000e+01 8.000000e+00 4.000000e+00 4.000000e+01 3.849792e+01
1.000000e+00 9.000000e+00 9.000000e+01 4.000000e+00 9.000000e+00 8.800000e+01 8.719988e+01
1.000000e+00 6.000000e+00 4.300000e+01 7.000000e+00 3.000000e+00 3.200000e+01 3.111257e+01
1.000000e+00 3.000000e+00 5.300000e+01 6.000000e+00 2.000000e+00 3.100000e+01 3.206555e+01
1.000000e+00 3.000000e+00 5.500000e+01 5.000000e+00 8.000000e+00 3.500000e+01 3.479917e+01
1.000000e+00 1.000000e+00 5.900000e+01 8.000000e+00 5.000000e+00 3.400000e+01 3.401193e+01
1.000000e+00 5.000000e+00 6.300000e+01 6.000000e+00 0.000000e+00 4.900000e+01 4.753897e+01
1.000000e+00 4.000000e+00 4.500000e+01 7.000000e+00 7.000000e+00 2.800000e+01 2.823448e+01
1.000000e+00 9.000000e+00 9.400000e+01 6.000000e+00 9.000000e+00 9.100000e+01 9.222036e+01
1.000000e+00 9.000000e+00 9.600000e+01 7.000000e+00 1.000000e+00 9.000000e+01 9.316248e+01
1.000000e+00 5.000000e+00 7.000000e+01 7.000000e+00 8.000000e+00 5.500000e+01 5.670204e+01
1.000000e+00 4.000000e+00 4.500000e+01 7.000000e+00 6.000000e+00 2.700000e+01 2.803846e+01
1.000000e+00 7.000000e+00 7.400000e+01 8.000000e+00 2.000000e+00 6.700000e+01 6.576611e+01
1.000000e+00 6.000000e+00 5.400000e+01 7.000000e+00 3.000000e+00 4.100000e+01 4.229892e+01
1.000000e+00 4.000000e+00 6.800000e+01 6.000000e+00 2.000000e+00 5.300000e+01 5.016769e+01
1.000000e+00 2.000000e+00 4.200000e+01 4.000000e+00 5.000000e+00 1.500000e+01 1.766651e+01
1.000000e+00 1.000000e+00 5.000000e+01 6.000000e+00 8.000000e+00 2.600000e+01 2.449479e+01
1.000000e+00 4.000000e+00 4.200000e+01 8.000000e+00 9.000000e+00 2.200000e+01 2.605204e+01
1.000000e+00 4.000000e+00 6.700000e+01 7.000000e+00 8.000000e+00 4.800000e+01 5.080320e+01
1.000000e+00 1.000000e+00 4.900000e+01 4.000000e+00 0.000000e+00 1.900000e+01 2.095700e+01
1.000000e+00 6.000000e+00 8.900000e+01 8.000000e+00 9.000000e+00 7.800000e+01 7.954432e+01
1.000000e+00 4.000000e+00 7.200000e+01 5.000000e+00 5.000000e+00 5.300000e+01 5.434714e+01
1.000000e+00 1.000000e+00 8.700000e+01 5.000000e+00 0.000000e+00 6.100000e+01 6.007713e+01
1.000000e+00 1.000000e+00 5.500000e+01 5.000000e+00 3.000000e+00 3.000000e+01 2.812305e+01
1.000000e+00 1.000000e+00 9.800000e+01 4.000000e+00 6.000000e+00 7.000000e+01 7.196322e+01
1.000000e+00 8.000000e+00 4.900000e+01 6.000000e+00 3.000000e+00 4.200000e+01 4.243389e+01
1.000000e+00 8.000000e+00 7.200000e+01 4.000000e+00 8.000000e+00 6.700000e+01 6.585090e+01
1.000000e+00 2.000000e+00 7.500000e+01 4.000000e+00 9.000000e+00 5.100000e+01 5.200963e+01
1.000000e+00 7.000000e+00 4.200000e+01 4.000000e+00 4.000000e+00 3.500000e+01 3.171058e+01
1.000000e+00 8.000000e+00 4.400000e+01 5.000000e+00 8.000000e+00 3.800000e+01 3.785290e+01
1.000000e+00 8.000000e+00 5.100000e+01 9.000000e+00 0.000000e+00 4.400000e+01 4.530880e+01
1.000000e+00 7.000000e+00 9.600000e+01 6.000000e+00 3.000000e+00 8.600000e+01 8.738211e+01
1.000000e+00 5.000000e+00 8.300000e+01 9.000000e+00 6.000000e+00 6.800000e+01 7.048297e+01
1.000000e+00 1.000000e+00 5.200000e+01 9.000000e+00 1.000000e+00 2.500000e+01 2.658564e+01
1.000000e+00 9.000000e+00 6.300000e+01 4.000000e+00 8.000000e+00 5.900000e+01 5.954644e+01
1.000000e+00 7.000000e+00 8.300000e+01 6.000000e+00 2.000000e+00 7.400000e+01 7.396586e+01
1.000000e+00 2.000000e+00 9.600000e+01 9.000000e+00 3.000000e+00 7.300000e+01 7.457110e+01
1.000000e+00 6.000000e+00 7.100000e+01 7.000000e+00 3.000000e+00 6.100000e+01 5.958692e+01
1.000000e+00 2.000000e+00 5.500000e+01 4.000000e+00 7.000000e+00 3.200000e+01 3.127877e+01
1.000000e+00 1.000000e+00 7.100000e+01 4.000000e+00 1.000000e+00 4.100000e+01 4.352572e+01
1.000000e+00 7.000000e+00 8.400000e+01 4.000000e+00 4.000000e+00 7.200000e+01 7.442211e+01
1.000000e+00 2.000000e+00 7.600000e+01 7.000000e+00 1.000000e+00 5.100000e+01 5.288753e+01
1.000000e+00 2.000000e+00 9.500000e+01 7.000000e+00 5.000000e+00 7.200000e+01 7.299347e+01
1.000000e+00 5.000000e+00 7.500000e+01 5.000000e+00 8.000000e+00 6.000000e+01 6.083403e+01
1.000000e+00 5.000000e+00 6.000000e+01 8.000000e+00 8.000000e+00 4.600000e+01 4.700899e+01
1.000000e+00 7.000000e+00 8.600000e+01 6.000000e+00 0.000000e+00 7.700000e+01 7.662465e+01
1.000000e+00 1.000000e+00 5.100000e+01 8.000000e+00 3.000000e+00 2.300000e+01 2.548437e+01
1.000000e+00 8.000000e+00 9.000000e+01 4.000000e+00 3.000000e+00 8.200000e+01 8.317576e+01
1.000000e+00 3.000000e+00 6.000000e+01 9.000000e+00 0.000000e+00 3.700000e+01 4.022119e+01
1.000000e+00 4.000000e+00 9.900000e+01 4.000000e+00 9.000000e+00 8.000000e+01 8.211226e+01
1.000000e+00 9.000000e+00 9.000000e+01 9.000000e+00 1.000000e+00 8.700000e+01 8.801355e+01
1.000000e+00 4.000000e+00 6.000000e+01 5.000000e+00 5.000000e+00 4.100000e+01 4.214384e+01
1.000000e+00 5.000000e+00 8.200000e+01 8.000000e+00 9.000000e+00 6.700000e+01 6.957771e+01
1.000000e+00 7.000000e+00 9.200000e+01 4.000000e+00 2.000000e+00 8.100000e+01 8.216561e+01
1.000000e+00 4.000000e+00 4.500000e+01 8.000000e+00 8.000000e+00 3.000000e+01 2.890685e+01
1.000000e+00 1.000000e+00 4.800000e+01 5.000000e+00 2.000000e+00 1.900000e+01 2.080845e+01
1.000000e+00 9.000000e+00 4.000000e+01 8.000000e+00 2.000000e+00 3.900000e+01 3.688614e+01
1.000000e+00 4.000000e+00 5.100000e+01 9.000000e+00 8.000000e+00 3.400000e+01 3.548486e+01
1.000000e+00 9.000000e+00 9.700000e+01 6.000000e+00 2.000000e+00 9.300000e+01 9.389907e+01
1.000000e+00 6.000000e+00 5.300000e+01 5.000000e+00 5.000000e+00 4.300000e+01 4.072129e+01
1.000000e+00 1.000000e+00 4.500000e+01 8.000000e+00 5.000000e+00 2.100000e+01 1.977475e+01
1.000000e+00 3.000000e+00 4.000000e+01 4.000000e+00 0.000000e+00 1.700000e+01 1.750056e+01
1.000000e+00 2.000000e+00 6.100000e+01 7.000000e+00 6.000000e+00 4.000000e+01 3.861349e+01
1.000000e+00 9.000000e+00 7.300000e+01 7.000000e+00 8.000000e+00 6.800000e+01 7.114494e+01
1.000000e+00 1.000000e+00 9.500000e+01 5.000000e+00 8.000000e+00 7.400000e+01 6.978078e+01
1.000000e+00 9.000000e+00 5.000000e+01 7.000000e+00 8.000000e+00 4.500000e+01 4.775529e+01
1.000000e+00 9.000000e+00 4.200000e+01 6.000000e+00 1.000000e+00 3.800000e+01 3.777129e+01
1.000000e+00 8.000000e+00 8.100000e+01 5.000000e+00 0.000000e+00 7.600000e+01 7.391160e+01
1.000000e+00 8.000000e+00 4.500000e+01 4.000000e+00 5.000000e+00 3.800000e+01 3.780544e+01
1.000000e+00 1.000000e+00 4.500000e+01 4.000000e+00 5.000000e+00 1.800000e+01 1.786931e+01
1.000000e+00 8.000000e+00 5.900000e+01 5.000000e+00 3.000000e+00 5.400000e+01 5.212694e+01
1.000000e+00 3.000000e+00 6.000000e+01 7.000000e+00 7.000000e+00 4.200000e+01 4.064058e+01
1.000000e+00 7.000000e+00 4.100000e+01 7.000000e+00 4.000000e+00 3.100000e+01 3.212272e+01
1.000000e+00 1.000000e+00 6.500000e+01 4.000000e+00 6.000000e+00 4.200000e+01 3.840415e+01
1.000000e+00 1.000000e+00 7.000000e+01 6.000000e+00 8.000000e+00 4.400000e+01 4.483361e+01
1.000000e+00 5.000000e+00 6.500000e+01 9.000000e+00 0.000000e+00 5.400000e+01 5.100193e+01
1.000000e+00 5.000000e+00 9.500000e+01 7.000000e+00 8.000000e+00 8.300000e+01 8.212557e+01
1.000000e+00 8.000000e+00 7.100000e+01 6.000000e+00 3.000000e+00 6.400000e+01 6.480660e+01
1.000000e+00 7.000000e+00 4.900000e+01 7.000000e+00 6.000000e+00 3.800000e+01 4.065028e+01
1.000000e+00 8.000000e+00 6.200000e+01 9.000000e+00 3.000000e+00 5.700000e+01 5.708321e+01
1.000000e+00 6.000000e+00 9.700000e+01 5.000000e+00 3.000000e+00 8.300000e+01 8.507468e+01
1.000000e+00 6.000000e+00 4.500000e+01 8.000000e+00 3.000000e+00 3.400000e+01 3.362281e+01
1.000000e+00 2.000000e+00 6.200000e+01 4.000000e+00 5.000000e+00 3.900000e+01 3.800533e+01
1.000000e+00 6.000000e+00 6.700000e+01 5.000000e+00 4.000000e+00 5.600000e+01 5.476245e+01
1.000000e+00 5.000000e+00 8.800000e+01 7.000000e+00 1.000000e+00 7.600000e+01 7.363487e+01
1.000000e+00 3.000000e+00 6.900000e+01 9.000000e+00 8.000000e+00 4.900000e+01 5.094178e+01
1.000000e+00 6.000000e+00 5.300000e+01 4.000000e+00 5.000000e+00 4.100000e+01 4.024493e+01
1.000000e+00 8.000000e+00 7.600000e+01 8.000000e+00 9.000000e+00 6.900000e+01 7.202012e+01
1.000000e+00 9.000000e+00 9.400000e+01 8.000000e+00 5.000000e+00 9.300000e+01 9.238902e+01
1.000000e+00 1.000000e+00 7.100000e+01 9.000000e+00 8.000000e+00 4.400000e+01 4.727963e+01
1.000000e+00 3.000000e+00 8.800000e+01 9.000000e+00 0.000000e+00 7.300000e+01 6.869554e+01
1.000000e+00 3.000000e+00 7.300000e+01 7.000000e+00 6.000000e+00 5.600000e+01 5.366480e+01
1.000000e+00 8.000000e+00 8.000000e+01 4.000000e+00 2.000000e+00 7.000000e+01 7.281033e+01
1.000000e+00 1.000000e+00 8.300000e+01 7.000000e+00 3.000000e+00 5.600000e+01 5.755013e+01
1.000000e+00 5.000000e+00 9.000000e+01 8.000000e+00 0.000000e+00 7.700000e+01 7.594910e+01
1.000000e+00 3.000000e+00 6.100000e+01 5.000000e+00 2.000000e+00 4.000000e+01 3.972472e+01
1.000000e+00 2.000000e+00 7.000000e+01 5.000000e+00 6.000000e+00 4.700000e+01 4.681324e+01
1.000000e+00 8.000000e+00 4.600000e+01 6.000000e+00 5.000000e+00 4.000000e+01 3.977510e+01
1.000000e+00 3.000000e+00 8.000000e+01 8.000000e+00 0.000000e+00 6.200000e+01 6.008365e+01
1.000000e+00 7.000000e+00 6.000000e+01 8.000000e+00 8.000000e+00 5.700000e+01 5.270502e+01
1.000000e+00 1.000000e+00 5.500000e+01 7.000000e+00 3.000000e+00 2.600000e+01 2.907577e+01
1.000000e+00 6.000000e+00 5.900000e+01 6.000000e+00 6.000000e+00 4.700000e+01 4.749531e+01
1.000000e+00 3.000000e+00 8.200000e+01 9.000000e+00 3.000000e+00 5.900000e+01 6.318194e+01
1.000000e+00 8.000000e+00 8.300000e+01 6.000000e+00 6.000000e+00 7.800000e+01 7.759794e+01
1.000000e+00 6.000000e+00 8.600000e+01 4.000000e+00 4.000000e+00 7.700000e+01 7.360798e+01
1.000000e+00 2.000000e+00 8.900000e+01 7.000000e+00 0.000000e+00 6.700000e+01 6.591175e+01
1.000000e+00 6.000000e+00 5.800000e+01 9.000000e+00 3.000000e+00 4.900000e+01 4.731940e+01
1.000000e+00 7.000000e+00 8.700000e+01 9.000000e+00 2.000000e+00 8.000000e+01 7.946270e+01
1.000000e+00 5.000000e+00 7.100000e+01 5.000000e+00 5.000000e+00 5.400000e+01 5.617822e+01
1.000000e+00 3.000000e+00 5.400000e+01 4.000000e+00 5.000000e+00 3.000000e+01 3.271782e+01
1.000000e+00 4.000000e+00 4.400000e+01 6.000000e+00 0.000000e+00 2.900000e+01 2.536906e+01
1.000000e+00 4.000000e+00 5.000000e+01 5.000000e+00 1.000000e+00 3.100000e+01 3.119037e+01
1.000000e+00 6.000000e+00 5.400000e+01 8.000000e+00 1.000000e+00 4.200000e+01 4.238325e+01
1.000000e+00 1.000000e+00 6.800000e+01 7.000000e+00 9.000000e+00 3.900000e+01 4.347210e+01
1.000000e+00 4.000000e+00 8.900000e+01 6.000000e+00 3.000000e+00 7.000000e+01 7.171947e+01
1.000000e+00 4.000000e+00 8.400000e+01 8.000000e+00 8.000000e+00 6.900000e+01 6.856756e+01
1.000000e+00 1.000000e+00 4.300000e+01 9.000000e+00 1.000000e+00 1.800000e+01 1.743316e+01
1.000000e+00 9.000000e+00 8.800000e+01 6.000000e+00 7.000000e+00 8.900000e+01 8.572668e+01
1.000000e+00 4.000000e+00 7.500000e+01 5.000000e+00 0.000000e+00 5.600000e+01 5.641788e+01
1.000000e+00 7.000000e+00 8.700000e+01 4.000000e+00 7.000000e+00 7.800000e+01 7.806098e+01
1.000000e+00 3.000000e+00 6.200000e+01 5.000000e+00 2.000000e+00 4.400000e+01 4.074166e+01
1.000000e+00 3.000000e+00 5.400000e+01 7.000000e+00 4.000000e+00 3.600000e+01 3.395088e+01
1.000000e+00 8.000000e+00 8.500000e+01 7.000000e+00 0.000000e+00 7.600000e+01 7.893209e+01
1.000000e+00 8.000000e+00 8.300000e+01 6.000000e+00 0.000000e+00 7.900000e+01 7.642185e+01
1.000000e+00 1.000000e+00 4.200000e+01 5.000000e+00 5.000000e+00 1.200000e+01 1.529485e+01
1.000000e+00 2.000000e+00 7.100000e+01 4.000000e+00 2.000000e+00 4.800000e+01 4.656976e+01
1.000000e+00 8.000000e+00 4.900000e+01 9.000000e+00 7.000000e+00 4.600000e+01 4.464703e+01
1.000000e+00 1.000000e+00 7.900000e+01 7.000000e+00 3.000000e+00 5.400000e+01 5.348236e+01
1.000000e+00 8.000000e+00 7.700000e+01 4.000000e+00 5.000000e+00 6.900000e+01 7.034756e+01
1.000000e+00 8.000000e+00 6.100000e+01 8.000000e+00 9.000000e+00 5.600000e+01 5.676600e+01
1.000000e+00 2.000000e+00 5.300000e+01 6.000000e+00 8.000000e+00 2.600000e+01 3.039363e+01
1.000000e+00 4.000000e+00 5.600000e+01 4.000000e+00 7.000000e+00 3.900000e+01 3.799175e+01
1.000000e+00 6.000000e+00 6.000000e+01 6.000000e+00 3.000000e+00 4.800000e+01 4.792421e+01
1.000000e+00 9.000000e+00 9.000000e+01 8.000000e+00 9.000000e+00 9.200000e+01 8.910531e+01
1.000000e+00 8.000000e+00 8.700000e+01 4.000000e+00 7.000000e+00 8.100000e+01 8.090900e+01
1.000000e+00 8.000000e+00 5.400000e+01 4.000000e+00 6.000000e+00 4.600000e+01 4.715392e+01
1.000000e+00 7.000000e+00 9.700000e+01 9.000000e+00 4.000000e+00 8.900000e+01 9.002415e+01
1.000000e+00 9.000000e+00 5.400000e+01 8.000000e+00 6.000000e+00 5.100000e+01 5.190738e+01
1.000000e+00 2.000000e+00 4.000000e+01 5.000000e+00 6.000000e+00 1.600000e+01 1.630500e+01
1.000000e+00 3.000000e+00 6.300000e+01 4.000000e+00 9.000000e+00 4.000000e+01 4.265435e+01
1.000000e+00 8.000000e+00 9.400000e+01 9.000000e+00 1.000000e+00 9.000000e+01 8.923330e+01
1.000000e+00 6.000000e+00 9.400000e+01 4.000000e+00 6.000000e+00 8.300000e+01 8.213554e+01
1.000000e+00 9.000000e+00 5.100000e+01 9.000000e+00 2.000000e+00 4.600000e+01 4.854885e+01
1.000000e+00 4.000000e+00 4.900000e+01 7.000000e+00 7.000000e+00 3.200000e+01 3.230224e+01
1.000000e+00 8.000000e+00 8.500000e+01 5.000000e+00 7.000000e+00 8.200000e+01 7.935148e+01
1.000000e+00 3.000000e+00 8.100000e+01 4.000000e+00 8.000000e+00 6.300000e+01 6.076328e+01
1.000000e+00 3.000000e+00 8.100000e+01 8.000000e+00 3.000000e+00 5.900000e+01 6.168864e+01
1.000000e+00 8.000000e+00 9.100000e+01 6.000000e+00 9.000000e+00 8.900000e+01 8.632152e+01
1.000000e+00 5.000000e+00 7.000000e+01 8.000000e+00 2.000000e+00 5.500000e+01 5.600231e+01
1.000000e+00 3.000000e+00 5.000000e+01 5.000000e+00 8.000000e+00 2.900000e+01 2.971446e+01
1.000000e+00 1.000000e+00 9.300000e+01 7.000000e+00 8.000000e+00 6.800000e+01 6.869962e+01
1.000000e+00 3.000000e+00 5.500000e+01 7.000000e+00 1.000000e+00 3.200000e+01 3.437978e+01
1.000000e+00 9.000000e+00 4.800000e+01 7.000000e+00 5.000000e+00 4.400000e+01 4.513336e+01
1.000000e+00 5.000000e+00 8.600000e+01 9.000000e+00 2.000000e+00 7.500000e+01 7.274973e+01
1.000000e+00 2.000000e+00 5.300000e+01 8.000000e+00 4.000000e+00 3.300000e+01 3.056228e+01
1.000000e+00 7.000000e+00 5.800000e+01 6.000000e+00 1.000000e+00 4.900000e+01 4.834631e+01
1.000000e+00 2.000000e+00 7.000000e+01 6.000000e+00 3.000000e+00 4.700000e+01 4.670155e+01
1.000000e+00 4.000000e+00 4.800000e+01 9.000000e+00 2.000000e+00 3.500000e+01 3.125794e+01
1.000000e+00 7.000000e+00 7.500000e+01 4.000000e+00 1.000000e+00 6.700000e+01 6.468159e+01
1.000000e+00 4.000000e+00 9.200000e+01 9.000000e+00 5.000000e+00 7.700000e+01 7.659140e+01
1.000000e+00 7.000000e+00 7.800000e+01 6.000000e+00 2.000000e+00 6.500000e+01 6.888115e+01
1.000000e+00 7.000000e+00 9.300000e+01 6.000000e+00 3.000000e+00 8.600000e+01 8.433129e+01
1.000000e+00 1.000000e+00 6.500000e+01 4.000000e+00 5.000000e+00 4.000000e+01 3.820814e+01
1.000000e+00 6.000000e+00 4.700000e+01 8.000000e+00 4.000000e+00 3.700000e+01 3.585271e+01
1.000000e+00 9.000000e+00 6.300000e+01 8.000000e+00 3.000000e+00 5.700000e+01 6.047180e+01
1.000000e+00 2.000000e+00 4.700000e+01 5.000000e+00 3.000000e+00 2.300000e+01 2.283554e+01
1.000000e+00 3.000000e+00 5.800000e+01 8.000000e+00 1.000000e+00 4.200000e+01 3.790696e+01
1.000000e+00 5.000000e+00 8.600000e+01 7.000000e+00 9.000000e+00 7.300000e+01 7.316912e+01
1.000000e+00 9.000000e+00 8.700000e+01 7.000000e+00 3.000000e+00 8.800000e+01 8.440204e+01
1.000000e+00 4.000000e+00 6.900000e+01 5.000000e+00 7.000000e+00 5.300000e+01 5.168835e+01
1.000000e+00 1.000000e+00 9.700000e+01 6.000000e+00 4.000000e+00 7.200000e+01 7.150696e+01
1.000000e+00 4.000000e+00 6.100000e+01 5.000000e+00 9.000000e+00 4.700000e+01 4.394485e+01
1.000000e+00 6.000000e+00 9.400000e+01 4.000000e+00 9.000000e+00 8.100000e+01 8.272359e+01
1.000000e+00 5.000000e+00 4.800000e+01 5.000000e+00 7.000000e+00 3.000000e+01 3.318060e+01
1.000000e+00 1.000000e+00 9.700000e+01 5.000000e+00 5.000000e+00 6.800000e+01 7.122662e+01
1.000000e+00 4.000000e+00 9.700000e+01 9.000000e+00 9.000000e+00 8.300000e+01 8.246017e+01
1.000000e+00 6.000000e+00 8.300000e+01 7.000000e+00 4.000000e+00 7.300000e+01 7.198623e+01
1.000000e+00 4.000000e+00 8.700000e+01 4.000000e+00 3.000000e+00 6.700000e+01 6.873287e+01
1.000000e+00 9.000000e+00 4.300000e+01 9.000000e+00 9.000000e+00 4.500000e+01 4.178543e+01
1.000000e+00 5.000000e+00 7.600000e+01 4.000000e+00 8.000000e+00 6.100000e+01 6.137461e+01
1.000000e+00 8.000000e+00 4.700000e+01 5.000000e+00 9.000000e+00 4.300000e+01 4.109974e+01
1.000000e+00 9.000000e+00 4.000000e+01 9.000000e+00 4.000000e+00 3.700000e+01 3.775453e+01
1.000000e+00 5.000000e+00 6.700000e+01 9.000000e+00 9.000000e+00 5.400000e+01 5.479995e+01
1.000000e+00 6.000000e+00 4.500000e+01 4.000000e+00 5.000000e+00 2.900000e+01 3.210940e+01
1.000000e+00 1.000000e+00 8.600000e+01 4.000000e+00 6.000000e+00 5.900000e+01 5.975992e+01
1.000000e+00 7.000000e+00 7.500000e+01 8.000000e+00 0.000000e+00 6.700000e+01 6.639102e+01
1.000000e+00 4.000000e+00 9.200000e+01 4.000000e+00 8.000000e+00 7.300000e+01 7.479765e+01
1.000000e+00 2.000000e+00 5.000000e+01 9.000000e+00 7.000000e+00 2.900000e+01 2.857587e+01
1.000000e+00 5.000000e+00 4.400000e+01 6.000000e+00 4.000000e+00 2.900000e+01 2.900114e+01
1.000000e+00 3.000000e+00 8.900000e+01 4.000000e+00 2.000000e+00 6.700000e+01 6.772272e+01
1.000000e+00 6.000000e+00 6.300000e+01 7.000000e+00 4.000000e+00 5.100000e+01 5.164741e+01
1.000000e+00 8.000000e+00 8.600000e+01 8.000000e+00 4.000000e+00 8.000000e+01 8.120945e+01
1.000000e+00 7.000000e+00 5.700000e+01 7.000000e+00 8.000000e+00 4.800000e+01 4.917784e+01
1.000000e+00 3.000000e+00 5.900000e+01 7.000000e+00 6.000000e+00 4.200000e+01 3.942762e+01
1.000000e+00 8.000000e+00 6.700000e+01 6.000000e+00 1.000000e+00 5.700000e+01 6.034680e+01
1.000000e+00 2.000000e+00 5.200000e+01 8.000000e+00 4.000000e+00 3.100000e+01 2.954534e+01
1.000000e+00 9.000000e+00 4.400000e+01 5.000000e+00 8.000000e+00 3.800000e+01 4.070092e+01
1.000000e+00 4.000000e+00 6.900000e+01 9.000000e+00 1.000000e+00 5.500000e+01 5.241769e+01
1.000000e+00 1.000000e+00 4.000000e+01 9.000000e+00 7.000000e+00 1.600000e+01 1.555844e+01
1.000000e+00 8.000000e+00 6.100000e+01 4.000000e+00 2.000000e+00 5.300000e+01 5.348845e+01
1.000000e+00 7.000000e+00 5.700000e+01 9.000000e+00 3.000000e+00 5.100000e+01 4.915048e+01
1.000000e+00 5.000000e+00 8.500000e+01 6.000000e+00 1.000000e+00 7.200000e+01 7.010769e+01
1.000000e+00 5.000000e+00 4.400000e+01 9.000000e+00 8.000000e+00 3.300000e+01 3.121429e+01
1.000000e+00 7.000000e+00 7.000000e+01 6.000000e+00 5.000000e+00 6.200000e+01 6.133367e+01
1.000000e+00 5.000000e+00 4.500000e+01 5.000000e+00 8.000000e+00 3.000000e+01 3.032579e+01
1.000000e+00 8.000000e+00 6.600000e+01 6.000000e+00 7.000000e+00 6.300000e+01 6.050595e+01
1.000000e+00 6.000000e+00 9.500000e+01 5.000000e+00 8.000000e+00 8.400000e+01 8.402087e+01
1.000000e+00 5.000000e+00 6.400000e+01 5.000000e+00 4.000000e+00 4.900000e+01 4.886361e+01
1.000000e+00 9.000000e+00 6.800000e+01 5.000000e+00 5.000000e+00 6.600000e+01 6.451946e+01
1.000000e+00 2.000000e+00 6.700000e+01 6.000000e+00 6.000000e+00 4.400000e+01 4.423877e+01
1.000000e+00 1.000000e+00 5.500000e+01 5.000000e+00 4.000000e+00 3.000000e+01 2.831907e+01
1.000000e+00 8.000000e+00 9.300000e+01 6.000000e+00 0.000000e+00 8.800000e+01 8.659126e+01
1.000000e+00 3.000000e+00 9.200000e+01 8.000000e+00 8.000000e+00 7.900000e+01 7.385508e+01
1.000000e+00 7.000000e+00 5.100000e+01 5.000000e+00 1.000000e+00 4.100000e+01 4.075136e+01
1.000000e+00 8.000000e+00 5.900000e+01 6.000000e+00 6.000000e+00 5.500000e+01 5.319135e+01
1.000000e+00 6.000000e+00 5.700000e+01 6.000000e+00 7.000000e+00 4.700000e+01 4.565745e+01
1.000000e+00 9.000000e+00 7.300000e+01 6.000000e+00 7.000000e+00 7.200000e+01 7.047256e+01
1.000000e+00 7.000000e+00 9.400000e+01 4.000000e+00 0.000000e+00 8.300000e+01 8.380746e+01
1.000000e+00 5.000000e+00 9.200000e+01 4.000000e+00 9.000000e+00 7.900000e+01 7.784169e+01
1.000000e+00 8.000000e+00 6.200000e+01 5.000000e+00 6.000000e+00 5.600000e+01 5.576581e+01
1.000000e+00 2.000000e+00 8.400000e+01 9.000000e+00 8.000000e+00 6.500000e+01 6.334789e+01
1.000000e+00 7.000000e+00 6.600000e+01 8.000000e+00 2.000000e+00 5.300000e+01 5.763058e+01
1.000000e+00 4.000000e+00 8.800000e+01 9.000000e+00 7.000000e+00 7.300000e+01 7.291567e+01
1.000000e+00 9.000000e+00 5.600000e+01 5.000000e+00 7.000000e+00 5.700000e+01 5.270820e+01
1.000000e+00 1.000000e+00 8.700000e+01 7.000000e+00 8.000000e+00 6.600000e+01 6.259797e+01
1.000000e+00 7.000000e+00 6.000000e+01 7.000000e+00 7.000000e+00 5.200000e+01 5.203265e+01
1.000000e+00 6.000000e+00 8.900000e+01 8.000000e+00 4.000000e+00 8.000000e+01 7.856424e+01
1.000000e+00 8.000000e+00 7.900000e+01 8.000000e+00 4.000000e+00 7.500000e+01 7.409086e+01
1.000000e+00 5.000000e+00 7.000000e+01 8.000000e+00 2.000000e+00 5.700000e+01 5.600231e+01
1.000000e+00 1.000000e+00 4.200000e+01 4.000000e+00 5.000000e+00 1.300000e+01 1.481849e+01
1.000000e+00 1.000000e+00 5.600000e+01 4.000000e+00 9.000000e+00 2.800000e+01 2.983973e+01
1.000000e+00 9.000000e+00 8.900000e+01 7.000000e+00 2.000000e+00 8.500000e+01 8.623990e+01
1.000000e+00 6.000000e+00 9.700000e+01 8.000000e+00 1.000000e+00 8.600000e+01 8.611172e+01
1.000000e+00 5.000000e+00 6.500000e+01 6.000000e+00 6.000000e+00 5.400000e+01 5.074894e+01
1.000000e+00 1.000000e+00 6.200000e+01 9.000000e+00 9.000000e+00 3.600000e+01 3.832318e+01
1.000000e+00 6.000000e+00 4.500000e+01 7.000000e+00 2.000000e+00 3.700000e+01 3.295043e+01
1.000000e+00 6.000000e+00 6.700000e+01 8.000000e+00 3.000000e+00 5.700000e+01 5.599552e+01
1.000000e+00 3.000000e+00 4.700000e+01 6.000000e+00 9.000000e+00 2.500000e+01 2.733601e+01
1.000000e+00 8.000000e+00 9.400000e+01 8.000000e+00 7.000000e+00 8.900000e+01 8.993303e+01
1.000000e+00 1.000000e+00 9.700000e+01 5.000000e+00 0.000000e+00 7.100000e+01 7.024654e+01
1.000000e+00 1.000000e+00 8.400000e+01 6.000000e+00 8.000000e+00 5.600000e+01 5.907079e+01
1.000000e+00 6.000000e+00 4.700000e+01 9.000000e+00 5.000000e+00 3.600000e+01 3.652508e+01
1.000000e+00 1.000000e+00 5.800000e+01 5.000000e+00 1.000000e+00 2.800000e+01 3.078184e+01
1.000000e+00 6.000000e+00 7.700000e+01 4.000000e+00 2.000000e+00 6.600000e+01 6.406347e+01
1.000000e+00 1.000000e+00 6.800000e+01 7.000000e+00 4.000000e+00 4.100000e+01 4.249202e+01
1.000000e+00 6.000000e+00 6.200000e+01 8.000000e+00 5.000000e+00 4.900000e+01 5.130284e+01
1.000000e+00 3.000000e+00 8.600000e+01 7.000000e+00 8.000000e+00 7.100000e+01 6.727707e+01
1.000000e+00 8.000000e+00 7.100000e+01 9.000000e+00 1.000000e+00 6.500000e+01 6.584365e+01
1.000000e+00 6.000000e+00 4.900000e+01 8.000000e+00 4.000000e+00 3.700000e+01 3.788659e+01
1.000000e+00 1.000000e+00 6.600000e+01 5.000000e+00 6.000000e+00 4.100000e+01 3.989745e+01
1.000000e+00 5.000000e+00 8.800000e+01 6.000000e+00 6.000000e+00 7.400000e+01 7.413859e+01
1.000000e+00 8.000000e+00 4.000000e+01 6.000000e+00 3.000000e+00 3.100000e+01 3.328142e+01
1.000000e+00 3.000000e+00 7.800000e+01 8.000000e+00 2.000000e+00 5.700000e+01 5.844180e+01
1.000000e+00 6.000000e+00 6.800000e+01 5.000000e+00 7.000000e+00 5.800000e+01 5.636744e+01
1.000000e+00 5.000000e+00 9.800000e+01 8.000000e+00 1.000000e+00 8.200000e+01 8.428065e+01
1.000000e+00 6.000000e+00 8.400000e+01 8.000000e+00 4.000000e+00 7.400000e+01 7.347953e+01
1.000000e+00 1.000000e+00 4.200000e+01 8.000000e+00 9.000000e+00 2.100000e+01 1.750799e+01
1.000000e+00 7.000000e+00 9.000000e+01 6.000000e+00 4.000000e+00 8.100000e+01 8.147648e+01
1.000000e+00 9.000000e+00 8.600000e+01 9.000000e+00 0.000000e+00 8.700000e+01 8.374977e+01
1.000000e+00 2.000000e+00 7.600000e+01 8.000000e+00 6.000000e+00 5.300000e+01 5.434396e+01
1.000000e+00 5.000000e+00 7.000000e+01 6.000000e+00 3.000000e+00 5.600000e+01 5.524560e+01
1.000000e+00 4.000000e+00 5.000000e+01 4.000000e+00 9.000000e+00 3.500000e+01 3.228213e+01
1.000000e+00 6.000000e+00 6.100000e+01 5.000000e+00 1.000000e+00 4.700000e+01 4.807276e+01
1.000000e+00 6.000000e+00 5.700000e+01 4.000000e+00 7.000000e+00 4.800000e+01 4.470473e+01
1.000000e+00 2.000000e+00 7.400000e+01 8.000000e+00 3.000000e+00 5.200000e+01 5.172203e+01
1.000000e+00 2.000000e+00 4.500000e+01 6.000000e+00 0.000000e+00 1.900000e+01 2.068997e+01
1.000000e+00 4.000000e+00 4.200000e+01 5.000000e+00 7.000000e+00 2.700000e+01 2.423093e+01
1.000000e+00 1.000000e+00 4.400000e+01 7.000000e+00 6.000000e+00 2.200000e+01 1.847747e+01
1.000000e+00 9.000000e+00 4.800000e+01 5.000000e+00 2.000000e+00 4.100000e+01 4.359259e+01
1.000000e+00 7.000000e+00 6.700000e+01 5.000000e+00 2.000000e+00 5.800000e+01 5.721844e+01
1.000000e+00 7.000000e+00 5.800000e+01 8.000000e+00 6.000000e+00 4.900000e+01 5.027911e+01
1.000000e+00 3.000000e+00 6.700000e+01 4.000000e+00 1.000000e+00 4.300000e+01 4.515399e+01
1.000000e+00 3.000000e+00 6.600000e+01 4.000000e+00 4.000000e+00 4.300000e+01 4.472510e+01
1.000000e+00 1.000000e+00 5.200000e+01 7.000000e+00 6.000000e+00 2.700000e+01 2.661300e+01
1.000000e+00 3.000000e+00 7.700000e+01 8.000000e+00 5.000000e+00 6.100000e+01 5.801291e+01
1.000000e+00 3.000000e+00 8.200000e+01 5.000000e+00 9.000000e+00 6.300000e+01 6.245260e+01
1.000000e+00 4.000000e+00 9.200000e+01 9.000000e+00 6.000000e+00 7.700000e+01 7.678742e+01
1.000000e+00 4.000000e+00 6.000000e+01 4.000000e+00 1.000000e+00 3.900000e+01 4.088342e+01
1.000000e+00 3.000000e+00 6.600000e+01 4.000000e+00 6.000000e+00 4.500000e+01 4.511713e+01
1.000000e+00 8.000000e+00 8.500000e+01 6.000000e+00 1.000000e+00 7.700000e+01 7.865174e+01
1.000000e+00 8.000000e+00 4.500000e+01 5.000000e+00 6.000000e+00 3.400000e+01 3.847781e+01
1.000000e+00 1.000000e+00 7.700000e+01 8.000000e+00 7.000000e+00 5.100000e+01 5.270890e+01
1.000000e+00 7.000000e+00 8.800000e+01 4.000000e+00 9.000000e+00 8.200000e+01 7.946996e+01
1.000000e+00 2.000000e+00 5.000000e+01 8.000000e+00 7.000000e+00 2.300000e+01 2.809951e+01
1.000000e+00 1.000000e+00 8.600000e+01 5.000000e+00 4.000000e+00 6.200000e+01 5.984425e+01
1.000000e+00 3.000000e+00 8.000000e+01 5.000000e+00 6.000000e+00 6.000000e+01 5.983067e+01
1.000000e+00 4.000000e+00 9.200000e+01 4.000000e+00 7.000000e+00 7.500000e+01 7.460164e+01
1.000000e+00 6.000000e+00 5.600000e+01 7.000000e+00 3.000000e+00 4.300000e+01 4.433280e+01
1.000000e+00 5.000000e+00 9.500000e+01 8.000000e+00 1.000000e+00 8.200000e+01 8.122982e+01
1.000000e+00 4.000000e+00 7.800000e+01 8.000000e+00 6.000000e+00 6.500000e+01 6.207388e+01
1.000000e+00 8.000000e+00 4.600000e+01 6.000000e+00 0.000000e+00 3.900000e+01 3.879502e+01
1.000000e+00 4.000000e+00 6.900000e+01 5.000000e+00 1.000000e+00 5.000000e+01 5.051225e+01
1.000000e+00 2.000000e+00 6.000000e+01 5.000000e+00 9.000000e+00 4.300000e+01 3.723187e+01
1.000000e+00 3.000000e+00 4.000000e+01 4.000000e+00 6.000000e+00 1.900000e+01 1.867666e+01
1.000000e+00 6.000000e+00 6.400000e+01 4.000000e+00 9.000000e+00 4.900000e+01 5.221535e+01
1.000000e+00 8.000000e+00 7.100000e+01 4.000000e+00 0.000000e+00 6.400000e+01 6.326583e+01
1.000000e+00 8.000000e+00 9.800000e+01 6.000000e+00 6.000000e+00 9.200000e+01 9.285206e+01
1.000000e+00 9.000000e+00 9.600000e+01 7.000000e+00 4.000000e+00 9.300000e+01 9.375052e+01
1.000000e+00 7.000000e+00 4.700000e+01 4.000000e+00 2.000000e+00 3.900000e+01 3.640325e+01
1.000000e+00 2.000000e+00 4.400000e+01 4.000000e+00 1.000000e+00 2.000000e+01 1.891632e+01
1.000000e+00 8.000000e+00 6.900000e+01 9.000000e+00 6.000000e+00 6.100000e+01 6.478984e+01
1.000000e+00 7.000000e+00 9.000000e+01 4.000000e+00 8.000000e+00 7.700000e+01 8.130782e+01
1.000000e+00 8.000000e+00 4.700000e+01 6.000000e+00 8.000000e+00 4.200000e+01 4.138009e+01
1.000000e+00 3.000000e+00 8.800000e+01 8.000000e+00 9.000000e+00 7.200000e+01 6.998333e+01
1.000000e+00 7.000000e+00 5.800000e+01 7.000000e+00 9.000000e+00 4.600000e+01 5.039080e+01
1.000000e+00 9.000000e+00 8.300000e+01 8.000000e+00 7.000000e+00 8.300000e+01 8.159469e+01
1.000000e+00 3.000000e+00 9.800000e+01 9.000000e+00 1.000000e+00 8.400000e+01 7.906097e+01
1.000000e+00 6.000000e+00 9.400000e+01 5.000000e+00 0.000000e+00 8.300000e+01 8.143580e+01
1.000000e+00 2.000000e+00 6.900000e+01 5.000000e+00 7.000000e+00 4.500000e+01 4.599231e+01
1.000000e+00 2.000000e+00 5.400000e+01 4.000000e+00 1.000000e+00 3.100000e+01 2.908574e+01
1.000000e+00 5.000000e+00 7.500000e+01 9.000000e+00 3.000000e+00 6.200000e+01 6.175939e+01
1.000000e+00 5.000000e+00 9.400000e+01 8.000000e+00 3.000000e+00 8.400000e+01 8.060491e+01
1.000000e+00 7.000000e+00 8.300000e+01 6.000000e+00 1.000000e+00 7.600000e+01 7.376984e+01
1.000000e+00 2.000000e+00 6.600000e+01 7.000000e+00 3.000000e+00 4.200000e+01 4.311014e+01
1.000000e+00 7.000000e+00 5.200000e+01 8.000000e+00 6.000000e+00 4.600000e+01 4.417746e+01
1.000000e+00 5.000000e+00 5.300000e+01 9.000000e+00 5.000000e+00 3.800000e+01 3.977871e+01
1.000000e+00 6.000000e+00 7.600000e+01 9.000000e+00 9.000000e+00 6.900000e+01 6.680044e+01
1.000000e+00 8.000000e+00 9.300000e+01 8.000000e+00 5.000000e+00 8.800000e+01 8.852406e+01
1.000000e+00 4.000000e+00 8.700000e+01 7.000000e+00 3.000000e+00 7.000000e+01 7.016195e+01
1.000000e+00 7.000000e+00 6.900000e+01 8.000000e+00 1.000000e+00 6.100000e+01 6.048539e+01
1.000000e+00 6.000000e+00 7.800000e+01 8.000000e+00 4.000000e+00 6.600000e+01 6.737789e+01
1.000000e+00 2.000000e+00 8.600000e+01 7.000000e+00 2.000000e+00 6.300000e+01 6.325295e+01
1.000000e+00 8.000000e+00 5.200000e+01 6.000000e+00 2.000000e+00 4.600000e+01 4.528870e+01
1.000000e+00 9.000000e+00 9.700000e+01 9.000000e+00 3.000000e+00 9.500000e+01 9.552417e+01
1.000000e+00 5.000000e+00 5.500000e+01 7.000000e+00 4.000000e+00 4.100000e+01 4.066386e+01
1.000000e+00 4.000000e+00 8.300000e+01 4.000000e+00 1.000000e+00 6.200000e+01 6.427307e+01
1.000000e+00 6.000000e+00 4.600000e+01 4.000000e+00 5.000000e+00 3.100000e+01 3.312634e+01
1.000000e+00 8.000000e+00 8.700000e+01 4.000000e+00 5.000000e+00 8.100000e+01 8.051697e+01
1.000000e+00 3.000000e+00 9.400000e+01 4.000000e+00 7.000000e+00 7.600000e+01 7.378750e+01
1.000000e+00 1.000000e+00 9.400000e+01 5.000000e+00 1.000000e+00 7.000000e+01 6.739173e+01
1.000000e+00 4.000000e+00 6.600000e+01 6.000000e+00 7.000000e+00 5.100000e+01 4.911388e+01
1.000000e+00 4.000000e+00 8.400000e+01 5.000000e+00 7.000000e+00 6.900000e+01 6.694247e+01
1.000000e+00 1.000000e+00 9.400000e+01 8.000000e+00 3.000000e+00 6.900000e+01 6.921284e+01
1.000000e+00 9.000000e+00 7.400000e+01 8.000000e+00 6.000000e+00 7.100000e+01 7.224621e+01
1.000000e+00 3.000000e+00 5.400000e+01 7.000000e+00 6.000000e+00 3.400000e+01 3.434291e+01
1.000000e+00 5.000000e+00 6.700000e+01 4.000000e+00 0.000000e+00 5.100000e+01 5.065401e+01
1.000000e+00 6.000000e+00 7.400000e+01 7.000000e+00 0.000000e+00 6.000000e+01 6.204970e+01
1.000000e+00 8.000000e+00 4.600000e+01 8.000000e+00 7.000000e+00 4.300000e+01 4.111985e+01
1.000000e+00 6.000000e+00 8.900000e+01 4.000000e+00 0.000000e+00 7.400000e+01 7.587474e+01
1.000000e+00 3.000000e+00 8.500000e+01 9.000000e+00 2.000000e+00 6.200000e+01 6.603675e+01
1.000000e+00 6.000000e+00 8.900000e+01 6.000000e+00 5.000000e+00 8.000000e+01 7.780754e+01
1.000000e+00 1.000000e+00 9.000000e+01 8.000000e+00 7.000000e+00 6.700000e+01 6.592914e+01
1.000000e+00 4.000000e+00 8.500000e+01 9.000000e+00 4.000000e+00 6.500000e+01 6.927680e+01
1.000000e+00 6.000000e+00 5.900000e+01 7.000000e+00 4.000000e+00 4.700000e+01 4.757964e+01
1.000000e+00 7.000000e+00 7.100000e+01 9.000000e+00 3.000000e+00 6.300000e+01 6.338766e+01
1.000000e+00 3.000000e+00 7.700000e+01 7.000000e+00 3.000000e+00 5.700000e+01 5.714452e+01
1.000000e+00 9.000000e+00 7.900000e+01 8.000000e+00 6.000000e+00 8.200000e+01 7.733091e+01
1.000000e+00 7.000000e+00 7.100000e+01 5.000000e+00 5.000000e+00 6.000000e+01 6.187425e+01
1.000000e+00 1.000000e+00 6.500000e+01 6.000000e+00 7.000000e+00 3.800000e+01 3.955289e+01
1.000000e+00 2.000000e+00 9.700000e+01 9.000000e+00 5.000000e+00 7.800000e+01 7.598008e+01
1.000000e+00 1.000000e+00 7.800000e+01 9.000000e+00 9.000000e+00 5.400000e+01 5.459424e+01
1.000000e+00 9.000000e+00 5.900000e+01 8.000000e+00 6.000000e+00 5.900000e+01 5.699209e+01
1.000000e+00 9.000000e+00 5.700000e+01 8.000000e+00 9.000000e+00 5.500000e+01 5.554625e+01
1.000000e+00 7.000000e+00 8.900000e+01 7.000000e+00 9.000000e+00 8.400000e+01 8.191598e+01
1.000000e+00 3.000000e+00 5.400000e+01 4.000000e+00 4.000000e+00 3.200000e+01 3.252180e+01
1.000000e+00 5.000000e+00 9.100000e+01 4.000000e+00 5.000000e+00 7.500000e+01 7.604068e+01
1.000000e+00 4.000000e+00 6.100000e+01 4.000000e+00 0.000000e+00 4.000000e+01 4.170435e+01
1.000000e+00 7.000000e+00 9.000000e+01 7.000000e+00 2.000000e+00 8.500000e+01 8.156081e+01
1.000000e+00 9.000000e+00 6.100000e+01 4.000000e+00 7.000000e+00 5.600000e+01 5.731655e+01
1.000000e+00 2.000000e+00 9.200000e+01 8.000000e+00 2.000000e+00 6.700000e+01 6.983096e+01
1.000000e+00 8.000000e+00 6.000000e+01 5.000000e+00 0.000000e+00 5.600000e+01 5.255584e+01
1.000000e+00 9.000000e+00 4.100000e+01 5.000000e+00 2.000000e+00 3.800000e+01 3.647400e+01
1.000000e+00 9.000000e+00 7.900000e+01 5.000000e+00 3.000000e+00 7.900000e+01 7.531379e+01
1.000000e+00 7.000000e+00 9.200000e+01 4.000000e+00 7.000000e+00 8.100000e+01 8.314569e+01
1.000000e+00 9.000000e+00 8.200000e+01 5.000000e+00 8.000000e+00 8.000000e+01 7.934469e+01
1.000000e+00 9.000000e+00 5.700000e+01 9.000000e+00 3.000000e+00 5.700000e+01 5.484652e+01
1.000000e+00 3.000000e+00 6.200000e+01 4.000000e+00 6.000000e+00 3.800000e+01 4.104937e+01
1.000000e+00 4.000000e+00 5.200000e+01 9.000000e+00 0.000000e+00 3.600000e+01 3.493367e+01
1.000000e+00 2.000000e+00 8.000000e+01 8.000000e+00 8.000000e+00 5.800000e+01 5.880376e+01
1.000000e+00 3.000000e+00 4.800000e+01 9.000000e+00 3.000000e+00 2.800000e+01 2.860594e+01
1.000000e+00 5.000000e+00 8.800000e+01 8.000000e+00 8.000000e+00 7.400000e+01 7.548335e+01
1.000000e+00 5.000000e+00 4.600000e+01 7.000000e+00 2.000000e+00 3.200000e+01 3.111936e+01
1.000000e+00 6.000000e+00 8.000000e+01 7.000000e+00 4.000000e+00 6.800000e+01 6.893541e+01
1.000000e+00 7.000000e+00 9.300000e+01 9.000000e+00 0.000000e+00 8.300000e+01 8.517232e+01
1.000000e+00 7.000000e+00 4.000000e+01 6.000000e+00 2.000000e+00 3.300000e+01 3.023738e+01
1.000000e+00 1.000000e+00 4.100000e+01 8.000000e+00 4.000000e+00 1.500000e+01 1.551097e+01
1.000000e+00 2.000000e+00 4.300000e+01 4.000000e+00 5.000000e+00 1.600000e+01 1.868345e+01
1.000000e+00 9.000000e+00 5.300000e+01 6.000000e+00 7.000000e+00 4.800000e+01 5.013374e+01
1.000000e+00 2.000000e+00 7.100000e+01 8.000000e+00 0.000000e+00 4.500000e+01 4.808316e+01
1.000000e+00 6.000000e+00 7.500000e+01 4.000000e+00 2.000000e+00 6.000000e+01 6.202959e+01
1.000000e+00 1.000000e+00 4.100000e+01 8.000000e+00 0.000000e+00 1.600000e+01 1.472691e+01
1.000000e+00 3.000000e+00 7.900000e+01 8.000000e+00 4.000000e+00 6.100000e+01 5.985077e+01
1.000000e+00 2.000000e+00 8.900000e+01 4.000000e+00 7.000000e+00 6.700000e+01 6.585478e+01
1.000000e+00 3.000000e+00 9.000000e+01 8.000000e+00 3.000000e+00 7.000000e+01 7.084111e+01
1.000000e+00 5.000000e+00 5.300000e+01 8.000000e+00 8.000000e+00 4.000000e+01 3.989040e+01
1.000000e+00 6.000000e+00 5.900000e+01 8.000000e+00 5.000000e+00 4.900000e+01 4.825202e+01
1.000000e+00 9.000000e+00 6.400000e+01 7.000000e+00 5.000000e+00 6.300000e+01 6.140442e+01
1.000000e+00 4.000000e+00 8.100000e+01 5.000000e+00 4.000000e+00 6.300000e+01 6.330360e+01
1.000000e+00 7.000000e+00 8.800000e+01 8.000000e+00 9.000000e+00 8.200000e+01 8.137540e+01
1.000000e+00 6.000000e+00 4.700000e+01 4.000000e+00 4.000000e+00 3.300000e+01 3.394727e+01
1.000000e+00 2.000000e+00 6.700000e+01 9.000000e+00 6.000000e+00 4.100000e+01 4.566785e+01
1.000000e+00 8.000000e+00 8.500000e+01 8.000000e+00 7.000000e+00 8.300000e+01 8.078056e+01
1.000000e+00 7.000000e+00 6.000000e+01 7.000000e+00 6.000000e+00 5.300000e+01 5.183663e+01
1.000000e+00 7.000000e+00 6.200000e+01 7.000000e+00 0.000000e+00 5.300000e+01 5.269442e+01
1.000000e+00 8.000000e+00 7.100000e+01 9.000000e+00 0.000000e+00 6.600000e+01 6.564763e+01
1.000000e+00 1.000000e+00 4.700000e+01 8.000000e+00 9.000000e+00 2.500000e+01 2.259270e+01
1.000000e+00 1.000000e+00 7.000000e+01 6.000000e+00 5.000000e+00 4.400000e+01 4.424556e+01
1.000000e+00 8.000000e+00 7.600000e+01 9.000000e+00 2.000000e+00 6.600000e+01 7.112437e+01
1.000000e+00 4.000000e+00 5.500000e+01 5.000000e+00 8.000000e+00 3.400000e+01 3.764719e+01
1.000000e+00 5.000000e+00 7.900000e+01 4.000000e+00 6.000000e+00 6.700000e+01 6.403340e+01
1.000000e+00 8.000000e+00 8.100000e+01 4.000000e+00 1.000000e+00 7.400000e+01 7.363126e+01
1.000000e+00 5.000000e+00 6.600000e+01 4.000000e+00 2.000000e+00 5.200000e+01 5.002910e+01
1.000000e+00 4.000000e+00 7.900000e+01 4.000000e+00 7.000000e+00 6.400000e+01 6.138140e+01
1.000000e+00 6.000000e+00 8.000000e+01 7.000000e+00 0.000000e+00 7.100000e+01 6.815135e+01
1.000000e+00 5.000000e+00 5.700000e+01 5.000000e+00 4.000000e+00 3.900000e+01 4.174502e+01
1.000000e+00 7.000000e+00 7.400000e+01 8.000000e+00 9.000000e+00 6.600000e+01 6.713822e+01
1.000000e+00 7.000000e+00 8.800000e+01 8.000000e+00 0.000000e+00 7.800000e+01 7.961125e+01
1.000000e+00 4.000000e+00 9.100000e+01 6.000000e+00 8.000000e+00 7.500000e+01 7.473343e+01
1.000000e+00 5.000000e+00 5.400000e+01 8.000000e+00 6.000000e+00 3.700000e+01 4.051531e+01
1.000000e+00 3.000000e+00 9.200000e+01 5.000000e+00 4.000000e+00 7.100000e+01 7.164193e+01
1.000000e+00 4.000000e+00 6.600000e+01 8.000000e+00 5.000000e+00 4.700000e+01 4.967457e+01
1.000000e+00 4.000000e+00 5.600000e+01 7.000000e+00 2.000000e+00 3.700000e+01 3.844075e+01
1.000000e+00 3.000000e+00 7.900000e+01 9.000000e+00 2.000000e+00 6.300000e+01 5.993510e+01
1.000000e+00 5.000000e+00 4.100000e+01 8.000000e+00 6.000000e+00 2.600000e+01 2.729507e+01
1.000000e+00 5.000000e+00 8.800000e+01 4.000000e+00 6.000000e+00 7.100000e+01 7.318587e+01
1.000000e+00 7.000000e+00 8.900000e+01 4.000000e+00 6.000000e+00 8.000000e+01 7.989885e+01
1.000000e+00 4.000000e+00 7.000000e+01 9.000000e+00 1.000000e+00 5.400000e+01 5.343463e+01
1.000000e+00 4.000000e+00 7.600000e+01 4.000000e+00 1.000000e+00 5.700000e+01 5.715448e+01
1.000000e+00 9.000000e+00 8.000000e+01 4.000000e+00 4.000000e+00 7.500000e+01 7.605038e+01
1.000000e+00 6.000000e+00 8.000000e+01 7.000000e+00 3.000000e+00 6.700000e+01 6.873939e+01
1.000000e+00 4.000000e+00 7.300000e+01 7.000000e+00 6.000000e+00 5.700000e+01 5.651282e+01
1.000000e+00 2.000000e+00 7.300000e+01 7.000000e+00 2.000000e+00 5.200000e+01 5.003272e+01
1.000000e+00 6.000000e+00 9.000000e+01 8.000000e+00 4.000000e+00 7.800000e+01 7.958118e+01
1.000000e+00 2.000000e+00 9.400000e+01 9.000000e+00 1.000000e+00 7.200000e+01 7.214519e+01
1.000000e+00 5.000000e+00 9.800000e+01 4.000000e+00 0.000000e+00 7.800000e+01 8.217919e+01
1.000000e+00 6.000000e+00 4.200000e+01 6.000000e+00 8.000000e+00 3.000000e+01 3.059934e+01
1.000000e+00 4.000000e+00 5.600000e+01 9.000000e+00 3.000000e+00 4.000000e+01 3.958949e+01
1.000000e+00 3.000000e+00 5.300000e+01 6.000000e+00 7.000000e+00 3.500000e+01 3.304563e+01
1.000000e+00 7.000000e+00 5.300000e+01 4.000000e+00 6.000000e+00 4.100000e+01 4.328896e+01
1.000000e+00 2.000000e+00 8.500000e+01 5.000000e+00 0.000000e+00 6.100000e+01 6.089126e+01
1.000000e+00 6.000000e+00 7.700000e+01 9.000000e+00 9.000000e+00 6.900000e+01 6.781738e+01
1.000000e+00 4.000000e+00 7.400000e+01 8.000000e+00 6.000000e+00 5.500000e+01 5.800612e+01
1.000000e+00 6.000000e+00 4.000000e+01 6.000000e+00 1.000000e+00 2.400000e+01 2.719335e+01
1.000000e+00 4.000000e+00 8.700000e+01 9.000000e+00 2.000000e+00 7.200000e+01 7.091865e+01
1.000000e+00 4.000000e+00 6.800000e+01 9.000000e+00 0.000000e+00 5.200000e+01 5.120473e+01
1.000000e+00 4.000000e+00 4.300000e+01 7.000000e+00 6.000000e+00 2.600000e+01 2.600458e+01
1.000000e+00 9.000000e+00 7.200000e+01 5.000000e+00 2.000000e+00 6.600000e+01 6.799918e+01
1.000000e+00 7.000000e+00 5.600000e+01 7.000000e+00 5.000000e+00 4.500000e+01 4.757285e+01
1.000000e+00 3.000000e+00 6.700000e+01 5.000000e+00 6.000000e+00 4.700000e+01 4.661043e+01
1.000000e+00 3.000000e+00 8.900000e+01 5.000000e+00 2.000000e+00 6.800000e+01 6.819908e+01
1.000000e+00 6.000000e+00 6.500000e+01 8.000000e+00 1.000000e+00 4.900000e+01 5.356960e+01
1.000000e+00 6.000000e+00 4.700000e+01 9.000000e+00 8.000000e+00 3.700000e+01 3.711313e+01
1.000000e+00 4.000000e+00 7.300000e+01 7.000000e+00 8.000000e+00 6.100000e+01 5.690485e+01
1.000000e+00 9.000000e+00 9.800000e+01 7.000000e+00 6.000000e+00 9.700000e+01 9.617644e+01
1.000000e+00 4.000000e+00 5.700000e+01 6.000000e+00 4.000000e+00 3.800000e+01 3.937336e+01
1.000000e+00 9.000000e+00 7.000000e+01 9.000000e+00 3.000000e+00 6.900000e+01 6.806675e+01
1.000000e+00 4.000000e+00 9.800000e+01 4.000000e+00 3.000000e+00 7.900000e+01 7.991922e+01
1.000000e+00 2.000000e+00 6.600000e+01 4.000000e+00 0.000000e+00 4.500000e+01 4.109302e+01
1.000000e+00 2.000000e+00 5.500000e+01 6.000000e+00 3.000000e+00 2.900000e+01 3.144743e+01
1.000000e+00 5.000000e+00 9.700000e+01 5.000000e+00 6.000000e+00 8.600000e+01 8.281471e+01
1.000000e+00 4.000000e+00 4.900000e+01 6.000000e+00 4.000000e+00 2.900000e+01 3.123783e+01
1.000000e+00 7.000000e+00 7.900000e+01 6.000000e+00 8.000000e+00 7.200000e+01 7.107419e+01
1.000000e+00 5.000000e+00 5.100000e+01 7.000000e+00 3.000000e+00 3.700000e+01 3.640008e+01
1.000000e+00 6.000000e+00 6.100000e+01 6.000000e+00 2.000000e+00 5.100000e+01 4.874513e+01
1.000000e+00 4.000000e+00 5.500000e+01 5.000000e+00 5.000000e+00 3.900000e+01 3.705914e+01
1.000000e+00 2.000000e+00 5.100000e+01 4.000000e+00 3.000000e+00 2.400000e+01 2.642695e+01
1.000000e+00 9.000000e+00 5.000000e+01 8.000000e+00 1.000000e+00 4.700000e+01 4.685954e+01
1.000000e+00 7.000000e+00 5.900000e+01 9.000000e+00 4.000000e+00 5.200000e+01 5.138038e+01
1.000000e+00 4.000000e+00 9.000000e+01 6.000000e+00 3.000000e+00 7.500000e+01 7.273641e+01
1.000000e+00 3.000000e+00 4.000000e+01 9.000000e+00 4.000000e+00 1.800000e+01 2.066642e+01
1.000000e+00 3.000000e+00 6.600000e+01 6.000000e+00 8.000000e+00 4.400000e+01 4.646188e+01
1.000000e+00 9.000000e+00 4.200000e+01 9.000000e+00 3.000000e+00 3.700000e+01 3.959240e+01
1.000000e+00 5.000000e+00 5.100000e+01 7.000000e+00 5.000000e+00 3.700000e+01 3.679211e+01
1.000000e+00 3.000000e+00 6.900000e+01 7.000000e+00 3.000000e+00 5.000000e+01 4.900899e+01
1.000000e+00 5.000000e+00 4.800000e+01 9.000000e+00 0.000000e+00 3.400000e+01 3.371393e+01
1.000000e+00 2.000000e+00 9.200000e+01 6.000000e+00 1.000000e+00 6.800000e+01 6.868223e+01
1.000000e+00 4.000000e+00 9.300000e+01 6.000000e+00 5.000000e+00 7.600000e+01 7.617927e+01
1.000000e+00 2.000000e+00 7.600000e+01 5.000000e+00 7.000000e+00 5.300000e+01 5.311090e+01
1.000000e+00 2.000000e+00 4.000000e+01 4.000000e+00 8.000000e+00 1.600000e+01 1.622067e+01
1.000000e+00 8.000000e+00 8.100000e+01 4.000000e+00 3.000000e+00 7.000000e+01 7.402329e+01
1.000000e+00 1.000000e+00 8.800000e+01 8.000000e+00 5.000000e+00 6.200000e+01 6.350323e+01
1.000000e+00 7.000000e+00 4.300000e+01 4.000000e+00 2.000000e+00 3.300000e+01 3.233549e+01
1.000000e+00 5.000000e+00 5.400000e+01 8.000000e+00 8.000000e+00 4.000000e+01 4.090734e+01
1.000000e+00 8.000000e+00 9.000000e+01 7.000000e+00 7.000000e+00 8.500000e+01 8.538891e+01
1.000000e+00 1.000000e+00 6.600000e+01 8.000000e+00 0.000000e+00 4.300000e+01 4.015044e+01
1.000000e+00 7.000000e+00 4.700000e+01 8.000000e+00 1.000000e+00 4.000000e+01 3.811268e+01
1.000000e+00 5.000000e+00 9.900000e+01 4.000000e+00 9.000000e+00 8.300000e+01 8.496028e+01
1.000000e+00 4.000000e+00 9.900000e+01 6.000000e+00 8.000000e+00 8.600000e+01 8.286896e+01
1.000000e+00 7.000000e+00 6.200000e+01 7.000000e+00 9.000000e+00 5.400000e+01 5.445856e+01
1.000000e+00 2.000000e+00 5.400000e+01 5.000000e+00 2.000000e+00 3.200000e+01 2.975811e+01
1.000000e+00 1.000000e+00 6.600000e+01 8.000000e+00 2.000000e+00 4.000000e+01 4.054247e+01
1.000000e+00 1.000000e+00 7.000000e+01 8.000000e+00 9.000000e+00 4.500000e+01 4.598235e+01
1.000000e+00 1.000000e+00 7.800000e+01 9.000000e+00 8.000000e+00 5.600000e+01 5.439822e+01
1.000000e+00 5.000000e+00 8.600000e+01 8.000000e+00 2.000000e+00 7.100000e+01 7.227337e+01
1.000000e+00 7.000000e+00 4.700000e+01 6.000000e+00 9.000000e+00 3.800000e+01 3.872808e+01
1.000000e+00 2.000000e+00 6.900000e+01 5.000000e+00 4.000000e+00 4.500000e+01 4.540426e+01
1.000000e+00 8.000000e+00 9.700000e+01 9.000000e+00 5.000000e+00 9.300000e+01 9.306818e+01
1.000000e+00 4.000000e+00 9.400000e+01 4.000000e+00 2.000000e+00 7.300000e+01 7.565544e+01
1.000000e+00 3.000000e+00 8.100000e+01 7.000000e+00 9.000000e+00 6.300000e+01 6.238838e+01
1.000000e+00 8.000000e+00 5.700000e+01 6.000000e+00 7.000000e+00 5.400000e+01 5.135348e+01
1.000000e+00 2.000000e+00 4.300000e+01 5.000000e+00 1.000000e+00 1.800000e+01 1.837574e+01
1.000000e+00 3.000000e+00 8.600000e+01 7.000000e+00 5.000000e+00 6.500000e+01 6.668902e+01
1.000000e+00 3.000000e+00 8.200000e+01 4.000000e+00 1.000000e+00 6.400000e+01 6.040811e+01
1.000000e+00 1.000000e+00 6.100000e+01 7.000000e+00 8.000000e+00 3.500000e+01 3.615750e+01
1.000000e+00 6.000000e+00 4.200000e+01 9.000000e+00 5.000000e+00 3.100000e+01 3.144038e+01
1.000000e+00 2.000000e+00 5.400000e+01 8.000000e+00 8.000000e+00 2.600000e+01 3.236329e+01
1.000000e+00 1.000000e+00 7.400000e+01 8.000000e+00 3.000000e+00 4.600000e+01 4.887402e+01
1.000000e+00 2.000000e+00 8.600000e+01 6.000000e+00 2.000000e+00 6.500000e+01 6.277659e+01
1.000000e+00 6.000000e+00 7.700000e+01 7.000000e+00 1.000000e+00 7.200000e+01 6.529654e+01
1.000000e+00 4.000000e+00 7.200000e+01 8.000000e+00 7.000000e+00 5.900000e+01 5.616825e+01
1.000000e+00 6.000000e+00 5.300000e+01 6.000000e+00 3.000000e+00 3.900000e+01 4.080562e+01
1.000000e+00 9.000000e+00 8.700000e+01 6.000000e+00 1.000000e+00 8.500000e+01 8.353364e+01
1.000000e+00 8.000000e+00 4.000000e+01 9.000000e+00 8.000000e+00 3.500000e+01 3.569058e+01
1.000000e+00 1.000000e+00 9.200000e+01 6.000000e+00 7.000000e+00 6.700000e+01 6.701030e+01
1.000000e+00 8.000000e+00 8.800000e+01 4.000000e+00 4.000000e+00 7.800000e+01 8.133790e+01
1.000000e+00 9.000000e+00 6.500000e+01 8.000000e+00 7.000000e+00 6.400000e+01 6.328975e+01
1.000000e+00 6.000000e+00 4.700000e+01 8.000000e+00 4.000000e+00 3.400000e+01 3.585271e+01
1.000000e+00 5.000000e+00 8.900000e+01 5.000000e+00 6.000000e+00 7.000000e+01 7.467918e+01
1.000000e+00 6.000000e+00 5.500000e+01 4.000000e+00 4.000000e+00 4.200000e+01 4.208280e+01
1.000000e+00 6.000000e+00 7.700000e+01 8.000000e+00 4.000000e+00 6.100000e+01 6.636095e+01
1.000000e+00 9.000000e+00 4.900000e+01 9.000000e+00 3.000000e+00 4.500000e+01 4.671099e+01
1.000000e+00 4.000000e+00 8.100000e+01 8.000000e+00 4.000000e+00 6.600000e+01 6.473268e+01
1.000000e+00 2.000000e+00 7.600000e+01 5.000000e+00 6.000000e+00 5.600000e+01 5.291489e+01
1.000000e+00 9.000000e+00 6.500000e+01 7.000000e+00 2.000000e+00 6.300000e+01 6.183331e+01
1.000000e+00 2.000000e+00 6.700000e+01 7.000000e+00 3.000000e+00 4.400000e+01 4.412709e+01
1.000000e+00 9.000000e+00 5.100000e+01 4.000000e+00 7.000000e+00 4.600000e+01 4.714713e+01
1.000000e+00 2.000000e+00 5.900000e+01 6.000000e+00 5.000000e+00 3.400000e+01 3.590723e+01
1.000000e+00 8.000000e+00 8.800000e+01 5.000000e+00 7.000000e+00 8.500000e+01 8.240230e+01
1.000000e+00 9.000000e+00 5.300000e+01 5.000000e+00 1.000000e+00 4.600000e+01 4.848128e+01
1.000000e+00 9.000000e+00 8.500000e+01 8.000000e+00 8.000000e+00 8.400000e+01 8.382459e+01
1.000000e+00 9.000000e+00 7.400000e+01 9.000000e+00 6.000000e+00 7.400000e+01 7.272257e+01
1.000000e+00 2.000000e+00 6.800000e+01 8.000000e+00 4.000000e+00 4.100000e+01 4.581640e+01
1.000000e+00 4.000000e+00 5.100000e+01 9.000000e+00 6.000000e+00 3.000000e+01 3.509283e+01
1.000000e+00 7.000000e+00 9.100000e+01 5.000000e+00 1.000000e+00 8.200000e+01 8.142901e+01
1.000000e+00 2.000000e+00 5.700000e+01 6.000000e+00 3.000000e+00 3.000000e+01 3.348131e+01
1.000000e+00 1.000000e+00 8.300000e+01 7.000000e+00 6.000000e+00 5.900000e+01 5.813818e+01
1.000000e+00 3.000000e+00 4.100000e+01 4.000000e+00 1.000000e+00 1.700000e+01 1.871352e+01
1.000000e+00 4.000000e+00 4.100000e+01 9.000000e+00 7.000000e+00 2.600000e+01 2.511943e+01
1.000000e+00 8.000000e+00 9.800000e+01 7.000000e+00 9.000000e+00 9.400000e+01 9.391647e+01
1.000000e+00 6.000000e+00 5.600000e+01 4.000000e+00 9.000000e+00 4.600000e+01 4.407982e+01
1.000000e+00 2.000000e+00 4.900000e+01 6.000000e+00 4.000000e+00 2.600000e+01 2.554180e+01
1.000000e+00 9.000000e+00 5.700000e+01 5.000000e+00 4.000000e+00 5.400000e+01 5.313709e+01
1.000000e+00 2.000000e+00 6.100000e+01 6.000000e+00 7.000000e+00 4.200000e+01 3.833314e+01
1.000000e+00 5.000000e+00 5.800000e+01 9.000000e+00 0.000000e+00 4.200000e+01 4.388334e+01
1.000000e+00 4.000000e+00 9.700000e+01 5.000000e+00 5.000000e+00 8.000000e+01 7.977067e+01
1.000000e+00 7.000000e+00 9.200000e+01 8.000000e+00 1.000000e+00 8.500000e+01 8.387504e+01
1.000000e+00 8.000000e+00 4.000000e+01 4.000000e+00 0.000000e+00 2.600000e+01 3.174065e+01
1.000000e+00 5.000000e+00 6.300000e+01 8.000000e+00 6.000000e+00 5.200000e+01 4.966778e+01
1.000000e+00 5.000000e+00 7.500000e+01 5.000000e+00 3.000000e+00 6.000000e+01 5.985395e+01
1.000000e+00 2.000000e+00 6.400000e+01 4.000000e+00 0.000000e+00 4.000000e+01 3.905913e+01
1.000000e+00 8.000000e+00 7.500000e+01 4.000000e+00 9.000000e+00 6.800000e+01 6.909774e+01
1.000000e+00 2.000000e+00 7.000000e+01 8.000000e+00 5.000000e+00 4.900000e+01 4.804630e+01
1.000000e+00 6.000000e+00 7.000000e+01 4.000000e+00 9.000000e+00 5.900000e+01 5.831700e+01
1.000000e+00 8.000000e+00 4.100000e+01 5.000000e+00 5.000000e+00 3.200000e+01 3.421403e+01
1.000000e+00 6.000000e+00 5.800000e+01 9.000000e+00 2.000000e+00 4.700000e+01 4.712339e+01
1.000000e+00 4.000000e+00 9.200000e+01 9.000000e+00 5.000000e+00 7.700000e+01 7.659140e+01
1.000000e+00 4.000000e+00 5.100000e+01 5.000000e+00 9.000000e+00 3.600000e+01 3.377544e+01
1.000000e+00 6.000000e+00 4.900000e+01 8.000000e+00 8.000000e+00 3.800000e+01 3.867065e+01
1.000000e+00 4.000000e+00 7.000000e+01 6.000000e+00 5.000000e+00 5.000000e+01 5.278962e+01
1.000000e+00 8.000000e+00 8.400000e+01 5.000000e+00 0.000000e+00 7.700000e+01 7.696243e+01
1.000000e+00 9.000000e+00 6.100000e+01 9.000000e+00 9.000000e+00 5.900000e+01 6.009038e+01
1.000000e+00 1.000000e+00 6.200000e+01 5.000000e+00 5.000000e+00 3.700000e+01 3.563367e+01
1.000000e+00 4.000000e+00 9.100000e+01 4.000000e+00 7.000000e+00 7.200000e+01 7.358470e+01
1.000000e+00 4.000000e+00 6.200000e+01 4.000000e+00 6.000000e+00 4.100000e+01 4.389738e+01
1.000000e+00 2.000000e+00 5.400000e+01 5.000000e+00 7.000000e+00 3.400000e+01 3.073819e+01
1.000000e+00 6.000000e+00 6.500000e+01 8.000000e+00 7.000000e+00 5.400000e+01 5.474570e+01
1.000000e+00 3.000000e+00 4.200000e+01 6.000000e+00 8.000000e+00 2.100000e+01 2.205529e+01
1.000000e+00 7.000000e+00 6.200000e+01 4.000000e+00 2.000000e+00 5.000000e+01 5.165737e+01
1.000000e+00 5.000000e+00 5.900000e+01 9.000000e+00 6.000000e+00 4.900000e+01 4.607638e+01
1.000000e+00 4.000000e+00 8.400000e+01 4.000000e+00 5.000000e+00 7.100000e+01 6.607408e+01
1.000000e+00 5.000000e+00 7.900000e+01 9.000000e+00 1.000000e+00 6.400000e+01 6.543512e+01
1.000000e+00 8.000000e+00 9.600000e+01 6.000000e+00 4.000000e+00 9.000000e+01 9.042615e+01
1.000000e+00 3.000000e+00 7.800000e+01 4.000000e+00 2.000000e+00 5.700000e+01 5.653636e+01
1.000000e+00 7.000000e+00 9.500000e+01 8.000000e+00 4.000000e+00 8.400000e+01 8.751391e+01
1.000000e+00 6.000000e+00 4.700000e+01 9.000000e+00 8.000000e+00 3.600000e+01 3.711313e+01
1.000000e+00 1.000000e+00 5.700000e+01 4.000000e+00 7.000000e+00 3.400000e+01 3.046464e+01
1.000000e+00 7.000000e+00 8.000000e+01 4.000000e+00 8.000000e+00 7.000000e+01 7.113841e+01
1.000000e+00 7.000000e+00 4.500000e+01 5.000000e+00 8.000000e+00 3.900000e+01 3.602183e+01
1.000000e+00 1.000000e+00 6.600000e+01 8.000000e+00 7.000000e+00 4.200000e+01 4.152255e+01
1.000000e+00 9.000000e+00 7.500000e+01 8.000000e+00 7.000000e+00 6.900000e+01 7.345916e+01
1.000000e+00 6.000000e+00 5.400000e+01 5.000000e+00 5.000000e+00 4.400000e+01 4.173823e+01
1.000000e+00 2.000000e+00 7.600000e+01 9.000000e+00 5.000000e+00 5.400000e+01 5.462431e+01
1.000000e+00 5.000000e+00 9.700000e+01 7.000000e+00 5.000000e+00 8.700000e+01 8.357141e+01
1.000000e+00 4.000000e+00 4.400000e+01 6.000000e+00 9.000000e+00 2.800000e+01 2.713321e+01
1.000000e+00 7.000000e+00 7.800000e+01 8.000000e+00 5.000000e+00 7.000000e+01 7.042192e+01
1.000000e+00 8.000000e+00 4.800000e+01 7.000000e+00 8.000000e+00 4.400000e+01 4.287339e+01
1.000000e+00 1.000000e+00 4.600000e+01 9.000000e+00 9.000000e+00 2.300000e+01 2.205212e+01
1.000000e+00 5.000000e+00 8.000000e+01 6.000000e+00 0.000000e+00 6.100000e+01 6.482697e+01
1.000000e+00 3.000000e+00 5.900000e+01 8.000000e+00 9.000000e+00 4.300000e+01 4.049203e+01
1.000000e+00 1.000000e+00 4.900000e+01 4.000000e+00 5.000000e+00 2.200000e+01 2.193708e+01
1.000000e+00 3.000000e+00 6.500000e+01 8.000000e+00 7.000000e+00 4.700000e+01 4.620164e+01
1.000000e+00 6.000000e+00 4.300000e+01 6.000000e+00 0.000000e+00 3.100000e+01 3.004816e+01
1.000000e+00 7.000000e+00 7.700000e+01 7.000000e+00 5.000000e+00 7.100000e+01 6.892862e+01
1.000000e+00 8.000000e+00 6.300000e+01 4.000000e+00 8.000000e+00 5.900000e+01 5.669843e+01
1.000000e+00 4.000000e+00 5.300000e+01 6.000000e+00 5.000000e+00 3.700000e+01 3.550161e+01
1.000000e+00 3.000000e+00 8.000000e+01 9.000000e+00 1.000000e+00 5.800000e+01 6.075603e+01
1.000000e+00 5.000000e+00 4.000000e+01 6.000000e+00 0.000000e+00 2.400000e+01 2.414932e+01
1.000000e+00 9.000000e+00 5.600000e+01 8.000000e+00 3.000000e+00 5.200000e+01 5.335322e+01
1.000000e+00 6.000000e+00 8.400000e+01 9.000000e+00 5.000000e+00 7.400000e+01 7.415191e+01
1.000000e+00 9.000000e+00 6.300000e+01 5.000000e+00 9.000000e+00 6.000000e+01 6.021882e+01
1.000000e+00 6.000000e+00 6.600000e+01 5.000000e+00 9.000000e+00 5.900000e+01 5.472559e+01
1.000000e+00 2.000000e+00 4.600000e+01 4.000000e+00 8.000000e+00 2.000000e+01 2.232232e+01
1.000000e+00 5.000000e+00 4.800000e+01 6.000000e+00 4.000000e+00 3.300000e+01 3.306891e+01
1.000000e+00 9.000000e+00 8.200000e+01 7.000000e+00 6.000000e+00 8.000000e+01 7.990538e+01
1.000000e+00 8.000000e+00 7.400000e+01 4.000000e+00 5.000000e+00 6.700000e+01 6.729673e+01
1.000000e+00 7.000000e+00 9.700000e+01 9.000000e+00 5.000000e+00 9.000000e+01 9.022016e+01
1.000000e+00 1.000000e+00 5.100000e+01 4.000000e+00 8.000000e+00 2.900000e+01 2.455901e+01
1.000000e+00 4.000000e+00 6.000000e+01 8.000000e+00 4.000000e+00 4.400000e+01 4.337691e+01
1.000000e+00 7.000000e+00 4.200000e+01 9.000000e+00 1.000000e+00 3.700000e+01 3.350433e+01
1.000000e+00 7.000000e+00 5.400000e+01 7.000000e+00 7.000000e+00 4.500000e+01 4.593100e+01
1.000000e+00 6.000000e+00 6.000000e+01 6.000000e+00 2.000000e+00 5.000000e+01 4.772819e+01
1.000000e+00 8.000000e+00 4.900000e+01 9.000000e+00 8.000000e+00 4.400000e+01 4.484305e+01
1.000000e+00 6.000000e+00 7.200000e+01 6.000000e+00 4.000000e+00 5.900000e+01 6.032352e+01
1.000000e+00 3.000000e+00 8.500000e+01 6.000000e+00 0.000000e+00 6.000000e+01 6.421564e+01
1.000000e+00 4.000000e+00 9.800000e+01 4.000000e+00 3.000000e+00 7.800000e+01 7.991922e+01
1.000000e+00 3.000000e+00 9.100000e+01 8.000000e+00 8.000000e+00 7.300000e+01 7.283813e+01
1.000000e+00 1.000000e+00 4.500000e+01 4.000000e+00 0.000000e+00 2.000000e+01 1.688923e+01
1.000000e+00 5.000000e+00 4.100000e+01 5.000000e+00 7.000000e+00 2.600000e+01 2.606201e+01
1.000000e+00 1.000000e+00 6.800000e+01 5.000000e+00 7.000000e+00 4.200000e+01 4.212735e+01
1.000000e+00 1.000000e+00 9.400000e+01 6.000000e+00 8.000000e+00 7.100000e+01 6.924020e+01
1.000000e+00 2.000000e+00 7.900000e+01 8.000000e+00 8.000000e+00 5.700000e+01 5.778682e+01
1.000000e+00 4.000000e+00 7.200000e+01 9.000000e+00 5.000000e+00 5.500000e+01 5.625258e+01
1.000000e+00 6.000000e+00 4.300000e+01 6.000000e+00 4.000000e+00 2.900000e+01 3.083222e+01
1.000000e+00 8.000000e+00 9.800000e+01 9.000000e+00 6.000000e+00 9.600000e+01 9.428114e+01
1.000000e+00 3.000000e+00 4.300000e+01 6.000000e+00 8.000000e+00 2.300000e+01 2.307223e+01
1.000000e+00 1.000000e+00 6.800000e+01 4.000000e+00 4.000000e+00 4.200000e+01 4.106295e+01
1.000000e+00 3.000000e+00 7.600000e+01 6.000000e+00 2.000000e+00 5.400000e+01 5.545520e+01
1.000000e+00 3.000000e+00 9.900000e+01 6.000000e+00 8.000000e+00 8.300000e+01 8.002094e+01
1.000000e+00 5.000000e+00 9.900000e+01 8.000000e+00 9.000000e+00 9.100000e+01 8.686572e+01
1.000000e+00 4.000000e+00 5.900000e+01 8.000000e+00 0.000000e+00 4.200000e+01 4.157590e+01
1.000000e+00 4.000000e+00 8.000000e+01 9.000000e+00 0.000000e+00 6.500000e+01 6.340803e+01
1.000000e+00 9.000000e+00 6.200000e+01 8.000000e+00 9.000000e+00 6.000000e+01 6.063096e+01
1.000000e+00 7.000000e+00 8.400000e+01 6.000000e+00 3.000000e+00 7.700000e+01 7.517882e+01
1.000000e+00 4.000000e+00 5.700000e+01 8.000000e+00 1.000000e+00 4.100000e+01 3.973804e+01
1.000000e+00 3.000000e+00 8.800000e+01 8.000000e+00 6.000000e+00 6.700000e+01 6.939528e+01
1.000000e+00 6.000000e+00 6.400000e+01 7.000000e+00 1.000000e+00 5.300000e+01 5.207630e+01
1.000000e+00 3.000000e+00 4.000000e+01 7.000000e+00 6.000000e+00 2.100000e+01 2.010574e+01
1.000000e+00 6.000000e+00 9.300000e+01 5.000000e+00 7.000000e+00 8.200000e+01 8.179097e+01
1.000000e+00 9.000000e+00 5.400000e+01 4.000000e+00 7.000000e+00 5.200000e+01 5.019796e+01
1.000000e+00 6.000000e+00 7.300000e+01 4.000000e+00 2.000000e+00 6.000000e+01 5.999571e+01
1.000000e+00 4.000000e+00 8.700000e+01 8.000000e+00 8.000000e+00 7.100000e+01 7.161839e+01
1.000000e+00 5.000000e+00 5.900000e+01 5.000000e+00 9.000000e+00 4.500000e+01 4.475898e+01
1.000000e+00 6.000000e+00 9.300000e+01 5.000000e+00 9.000000e+00 8.200000e+01 8.218301e+01
1.000000e+00 3.000000e+00 7.600000e+01 9.000000e+00 9.000000e+00 5.700000e+01 5.825639e+01
1.000000e+00 8.000000e+00 6.600000e+01 7.000000e+00 5.000000e+00 6.300000e+01 6.059028e+01
1.000000e+00 4.000000e+00 6.100000e+01 5.000000e+00 3.000000e+00 4.100000e+01 4.276875e+01
1.000000e+00 8.000000e+00 9.000000e+01 6.000000e+00 7.000000e+00 8.400000e+01 8.491255e+01
1.000000e+00 3.000000e+00 4.400000e+01 9.000000e+00 3.000000e+00 2.400000e+01 2.453817e+01
1.000000e+00 7.000000e+00 7.300000e+01 8.000000e+00 3.000000e+00 6.300000e+01 6.494518e+01
1.000000e+00 9.000000e+00 7.800000e+01 6.000000e+00 7.000000e+00 7.900000e+01 7.555727e+01
1.000000e+00 4.000000e+00 4.200000e+01 4.000000e+00 3.000000e+00 2.000000e+01 2.297051e+01
1.000000e+00 8.000000e+00 5.600000e+01 7.000000e+00 0.000000e+00 5.000000e+01 4.944079e+01
1.000000e+00 3.000000e+00 6.300000e+01 6.000000e+00 5.000000e+00 4.300000e+01 4.282301e+01
1.000000e+00 7.000000e+00 6.300000e+01 8.000000e+00 7.000000e+00 5.600000e+01 5.555983e+01
1.000000e+00 3.000000e+00 4.200000e+01 6.000000e+00 2.000000e+00 2.100000e+01 2.087920e+01
1.000000e+00 7.000000e+00 8.400000e+01 6.000000e+00 1.000000e+00 7.600000e+01 7.478679e+01
1.000000e+00 6.000000e+00 4.600000e+01 5.000000e+00 5.000000e+00 3.400000e+01 3.360270e+01
1.000000e+00 2.000000e+00 6.400000e+01 7.000000e+00 0.000000e+00 4.200000e+01 4.048821e+01
1.000000e+00 3.000000e+00 9.500000e+01 4.000000e+00 4.000000e+00 7.800000e+01 7.421640e+01
1.000000e+00 6.000000e+00 4.200000e+01 8.000000e+00 5.000000e+00 2.800000e+01 3.096402e+01
1.000000e+00 4.000000e+00 5.400000e+01 9.000000e+00 7.000000e+00 3.900000e+01 3.833967e+01
1.000000e+00 6.000000e+00 6.800000e+01 9.000000e+00 6.000000e+00 5.600000e+01 5.807687e+01
1.000000e+00 1.000000e+00 8.900000e+01 8.000000e+00 5.000000e+00 6.300000e+01 6.452017e+01
1.000000e+00 1.000000e+00 6.800000e+01 4.000000e+00 1.000000e+00 3.800000e+01 4.047490e+01
1.000000e+00 3.000000e+00 4.900000e+01 8.000000e+00 7.000000e+00 2.900000e+01 2.993058e+01
1.000000e+00 8.000000e+00 7.100000e+01 5.000000e+00 7.000000e+00 6.700000e+01 6.511430e+01
1.000000e+00 8.000000e+00 6.200000e+01 9.000000e+00 4.000000e+00 5.700000e+01 5.727922e+01
1.000000e+00 4.000000e+00 7.800000e+01 9.000000e+00 2.000000e+00 6.300000e+01 6.176618e+01
1.000000e+00 6.000000e+00 4.800000e+01 6.000000e+00 7.000000e+00 3.800000e+01 3.650498e+01
1.000000e+00 8.000000e+00 7.600000e+01 5.000000e+00 4.000000e+00 6.800000e+01 6.961096e+01
1.000000e+00 7.000000e+00 9.100000e+01 9.000000e+00 2.000000e+00 8.200000e+01 8.353047e+01
1.000000e+00 7.000000e+00 7.900000e+01 5.000000e+00 8.000000e+00 7.000000e+01 7.059783e+01
1.000000e+00 4.000000e+00 5.300000e+01 5.000000e+00 8.000000e+00 3.200000e+01 3.561330e+01
1.000000e+00 9.000000e+00 4.300000e+01 4.000000e+00 6.000000e+00 4.300000e+01 3.881559e+01
1.000000e+00 6.000000e+00 5.900000e+01 9.000000e+00 7.000000e+00 4.900000e+01 4.912041e+01
1.000000e+00 3.000000e+00 6.700000e+01 7.000000e+00 4.000000e+00 4.900000e+01 4.717112e+01
1.000000e+00 5.000000e+00 5.300000e+01 4.000000e+00 4.000000e+00 3.600000e+01 3.720090e+01
1.000000e+00 5.000000e+00 8.300000e+01 4.000000e+00 4.000000e+00 6.900000e+01 6.770914e+01
1.000000e+00 5.000000e+00 7.300000e+01 5.000000e+00 1.000000e+00 5.700000e+01 5.742804e+01
1.000000e+00 8.000000e+00 5.200000e+01 7.000000e+00 2.000000e+00 4.700000e+01 4.576506e+01
1.000000e+00 9.000000e+00 7.000000e+01 4.000000e+00 7.000000e+00 6.900000e+01 6.646902e+01
1.000000e+00 9.000000e+00 7.200000e+01 7.000000e+00 5.000000e+00 6.500000e+01 6.953995e+01
1.000000e+00 6.000000e+00 9.100000e+01 9.000000e+00 8.000000e+00 8.400000e+01 8.185855e+01
1.000000e+00 6.000000e+00 7.800000e+01 5.000000e+00 6.000000e+00 6.600000e+01 6.634084e+01
1.000000e+00 9.000000e+00 6.700000e+01 4.000000e+00 5.000000e+00 6.000000e+01 6.302616e+01
1.000000e+00 4.000000e+00 6.400000e+01 7.000000e+00 3.000000e+00 4.400000e+01 4.677230e+01
1.000000e+00 6.000000e+00 7.100000e+01 8.000000e+00 6.000000e+00 6.100000e+01 6.065133e+01
1.000000e+00 4.000000e+00 4.800000e+01 4.000000e+00 3.000000e+00 3.000000e+01 2.907216e+01
1.000000e+00 1.000000e+00 6.700000e+01 4.000000e+00 6.000000e+00 3.900000e+01 4.043804e+01
1.000000e+00 7.000000e+00 9.700000e+01 4.000000e+00 4.000000e+00 8.500000e+01 8.764235e+01
1.000000e+00 6.000000e+00 7.000000e+01 7.000000e+00 1.000000e+00 5.800000e+01 5.817795e+01
1.000000e+00 9.000000e+00 5.600000e+01 6.000000e+00 6.000000e+00 5.300000e+01 5.298854e+01
1.000000e+00 7.000000e+00 9.200000e+01 9.000000e+00 7.000000e+00 8.600000e+01 8.552749e+01
1.000000e+00 7.000000e+00 6.200000e+01 4.000000e+00 9.000000e+00 5.500000e+01 5.302948e+01
1.000000e+00 2.000000e+00 5.200000e+01 8.000000e+00 1.000000e+00 3.200000e+01 2.895729e+01
1.000000e+00 9.000000e+00 9.400000e+01 8.000000e+00 5.000000e+00 9.400000e+01 9.238902e+01
1.000000e+00 9.000000e+00 4.900000e+01 5.000000e+00 3.000000e+00 4.100000e+01 4.480555e+01
1.000000e+00 6.000000e+00 5.500000e+01 6.000000e+00 4.000000e+00 4.300000e+01 4.303552e+01
1.000000e+00 3.000000e+00 4.500000e+01 6.000000e+00 0.000000e+00 2.500000e+01 2.353799e+01
1.000000e+00 1.000000e+00 8.700000e+01 7.000000e+00 5.000000e+00 6.400000e+01 6.200993e+01
1.000000e+00 4.000000e+00 5.000000e+01 5.000000e+00 7.000000e+00 3.700000e+01 3.236646e+01
1.000000e+00 3.000000e+00 9.700000e+01 7.000000e+00 1.000000e+00 7.900000e+01 7.709131e+01
1.000000e+00 1.000000e+00 9.100000e+01 5.000000e+00 0.000000e+00 6.200000e+01 6.414489e+01
1.000000e+00 3.000000e+00 4.200000e+01 9.000000e+00 8.000000e+00 2.100000e+01 2.348437e+01
1.000000e+00 4.000000e+00 6.700000e+01 6.000000e+00 1.000000e+00 4.900000e+01 4.895473e+01
1.000000e+00 8.000000e+00 8.000000e+01 9.000000e+00 7.000000e+00 7.700000e+01 7.617221e+01
1.000000e+00 9.000000e+00 5.400000e+01 7.000000e+00 4.000000e+00 5.000000e+01 5.103899e+01
1.000000e+00 3.000000e+00 9.900000e+01 5.000000e+00 1.000000e+00 7.900000e+01 7.817247e+01
1.000000e+00 6.000000e+00 5.200000e+01 6.000000e+00 4.000000e+00 3.500000e+01 3.998469e+01
1.000000e+00 5.000000e+00 8.100000e+01 6.000000e+00 8.000000e+00 6.600000e+01 6.741204e+01
1.000000e+00 6.000000e+00 9.100000e+01 4.000000e+00 5.000000e+00 7.400000e+01 7.888870e+01
1.000000e+00 4.000000e+00 9.500000e+01 7.000000e+00 2.000000e+00 7.700000e+01 7.810146e+01
1.000000e+00 6.000000e+00 8.400000e+01 4.000000e+00 7.000000e+00 7.200000e+01 7.216214e+01
1.000000e+00 7.000000e+00 5.600000e+01 6.000000e+00 0.000000e+00 4.800000e+01 4.611641e+01
1.000000e+00 9.000000e+00 4.600000e+01 7.000000e+00 8.000000e+00 4.200000e+01 4.368752e+01
1.000000e+00 7.000000e+00 6.700000e+01 7.000000e+00 8.000000e+00 5.900000e+01 5.934725e+01
1.000000e+00 6.000000e+00 7.700000e+01 9.000000e+00 3.000000e+00 6.600000e+01 6.664129e+01
1.000000e+00 1.000000e+00 5.200000e+01 8.000000e+00 7.000000e+00 2.700000e+01 2.728537e+01
1.000000e+00 2.000000e+00 9.900000e+01 5.000000e+00 2.000000e+00 7.500000e+01 7.552047e+01
1.000000e+00 1.000000e+00 5.600000e+01 8.000000e+00 5.000000e+00 3.100000e+01 3.096110e+01
1.000000e+00 9.000000e+00 5.400000e+01 8.000000e+00 9.000000e+00 5.100000e+01 5.249543e+01
1.000000e+00 9.000000e+00 7.500000e+01 6.000000e+00 9.000000e+00 7.400000e+01 7.289848e+01
1.000000e+00 7.000000e+00 6.700000e+01 9.000000e+00 7.000000e+00 6.300000e+01 6.010396e+01
1.000000e+00 2.000000e+00 5.400000e+01 5.000000e+00 8.000000e+00 3.100000e+01 3.093421e+01
1.000000e+00 6.000000e+00 8.500000e+01 8.000000e+00 7.000000e+00 7.900000e+01 7.508452e+01
1.000000e+00 4.000000e+00 9.200000e+01 8.000000e+00 8.000000e+00 7.700000e+01 7.670309e+01
1.000000e+00 1.000000e+00 5.000000e+01 7.000000e+00 3.000000e+00 2.600000e+01 2.399107e+01
1.000000e+00 1.000000e+00 9.500000e+01 6.000000e+00 9.000000e+00 6.900000e+01 7.045316e+01
1.000000e+00 5.000000e+00 7.000000e+01 8.000000e+00 0.000000e+00 5.600000e+01 5.561027e+01
1.000000e+00 2.000000e+00 4.300000e+01 5.000000e+00 6.000000e+00 1.800000e+01 1.935582e+01
1.000000e+00 4.000000e+00 7.400000e+01 4.000000e+00 9.000000e+00 5.500000e+01 5.668873e+01
1.000000e+00 1.000000e+00 7.300000e+01 4.000000e+00 3.000000e+00 4.500000e+01 4.595164e+01
1.000000e+00 4.000000e+00 9.100000e+01 6.000000e+00 0.000000e+00 7.400000e+01 7.316531e+01
1.000000e+00 6.000000e+00 6.600000e+01 4.000000e+00 2.000000e+00 5.600000e+01 5.287712e+01
1.000000e+00 4.000000e+00 4.900000e+01 7.000000e+00 6.000000e+00 3.400000e+01 3.210623e+01
1.000000e+00 1.000000e+00 6.900000e+01 7.000000e+00 2.000000e+00 4.400000e+01 4.311693e+01
1.000000e+00 7.000000e+00 8.400000e+01 5.000000e+00 0.000000e+00 7.300000e+01 7.411441e+01
1.000000e+00 2.000000e+00 5.900000e+01 9.000000e+00 6.000000e+00 3.800000e+01 3.753232e+01
1.000000e+00 9.000000e+00 6.800000e+01 6.000000e+00 7.000000e+00 6.400000e+01 6.538786e+01
1.000000e+00 3.000000e+00 9.700000e+01 6.000000e+00 4.000000e+00 7.500000e+01 7.720300e+01
1.000000e+00 8.000000e+00 9.200000e+01 4.000000e+00 5.000000e+00 8.400000e+01 8.560168e+01
1.000000e+00 8.000000e+00 6.800000e+01 8.000000e+00 2.000000e+00 6.200000e+01 6.251248e+01
1.000000e+00 3.000000e+00 6.200000e+01 8.000000e+00 4.000000e+00 4.100000e+01 4.256277e+01
1.000000e+00 4.000000e+00 9.600000e+01 9.000000e+00 2.000000e+00 8.100000e+01 8.007112e+01
1.000000e+00 2.000000e+00 8.900000e+01 8.000000e+00 1.000000e+00 6.600000e+01 6.658412e+01
1.000000e+00 4.000000e+00 6.000000e+01 9.000000e+00 6.000000e+00 4.500000e+01 4.424530e+01
1.000000e+00 9.000000e+00 8.700000e+01 5.000000e+00 9.000000e+00 8.400000e+01 8.462541e+01
1.000000e+00 2.000000e+00 8.200000e+01 6.000000e+00 6.000000e+00 6.000000e+01 5.949289e+01
1.000000e+00 3.000000e+00 4.900000e+01 4.000000e+00 7.000000e+00 2.600000e+01 2.802514e+01
1.000000e+00 4.000000e+00 8.000000e+01 5.000000e+00 0.000000e+00 6.400000e+01 6.150259e+01
1.000000e+00 5.000000e+00 5.100000e+01 7.000000e+00 1.000000e+00 3.200000e+01 3.600805e+01
1.000000e+00 1.000000e+00 6.900000e+01 7.000000e+00 1.000000e+00 4.800000e+01 4.292092e+01
1.000000e+00 7.000000e+00 9.000000e+01 7.000000e+00 2.000000e+00 8.300000e+01 8.156081e+01
1.000000e+00 7.000000e+00 7.200000e+01 9.000000e+00 6.000000e+00 6.200000e+01 6.499265e+01
1.000000e+00 9.000000e+00 5.700000e+01 9.000000e+00 6.000000e+00 5.500000e+01 5.543456e+01
1.000000e+00 4.000000e+00 5.300000e+01 6.000000e+00 6.000000e+00 3.600000e+01 3.569763e+01
1.000000e+00 6.000000e+00 6.100000e+01 7.000000e+00 0.000000e+00 5.200000e+01 4.882946e+01
1.000000e+00 2.000000e+00 6.000000e+01 9.000000e+00 1.000000e+00 3.500000e+01 3.756918e+01
1.000000e+00 4.000000e+00 4.000000e+01 9.000000e+00 7.000000e+00 2.100000e+01 2.410249e+01
1.000000e+00 2.000000e+00 8.800000e+01 8.000000e+00 8.000000e+00 6.700000e+01 6.693929e+01
1.000000e+00 5.000000e+00 8.200000e+01 9.000000e+00 9.000000e+00 7.100000e+01 7.005407e+01
1.000000e+00 7.000000e+00 9.100000e+01 7.000000e+00 6.000000e+00 8.700000e+01 8.336181e+01
1.000000e+00 1.000000e+00 9.900000e+01 5.000000e+00 0.000000e+00 7.000000e+01 7.228042e+01
1.000000e+00 7.000000e+00 5.400000e+01 7.000000e+00 3.000000e+00 4.300000e+01 4.514694e+01
1.000000e+00 6.000000e+00 7.500000e+01 8.000000e+00 9.000000e+00 6.900000e+01 6.530714e+01
1.000000e+00 6.000000e+00 8.600000e+01 7.000000e+00 7.000000e+00 7.500000e+01 7.562510e+01
1.000000e+00 8.000000e+00 9.300000e+01 4.000000e+00 4.000000e+00 8.500000e+01 8.642260e+01
1.000000e+00 8.000000e+00 6.100000e+01 8.000000e+00 0.000000e+00 5.600000e+01 5.500186e+01
1.000000e+00 6.000000e+00 7.100000e+01 6.000000e+00 6.000000e+00 5.500000e+01 5.969861e+01
1.000000e+00 3.000000e+00 9.700000e+01 7.000000e+00 5.000000e+00 7.800000e+01 7.787537e+01
1.000000e+00 5.000000e+00 8.500000e+01 9.000000e+00 8.000000e+00 7.100000e+01 7.290888e+01
1.000000e+00 2.000000e+00 9.300000e+01 5.000000e+00 3.000000e+00 6.800000e+01 6.961484e+01
1.000000e+00 5.000000e+00 7.200000e+01 7.000000e+00 3.000000e+00 6.000000e+01 5.775585e+01
1.000000e+00 9.000000e+00 9.700000e+01 5.000000e+00 7.000000e+00 9.500000e+01 9.440279e+01
1.000000e+00 1.000000e+00 8.000000e+01 4.000000e+00 3.000000e+00 5.100000e+01 5.307023e+01
1.000000e+00 5.000000e+00 9.800000e+01 6.000000e+00 2.000000e+00 8.400000e+01 8.352394e+01
1.000000e+00 6.000000e+00 7.800000e+01 9.000000e+00 6.000000e+00 6.800000e+01 6.824628e+01
1.000000e+00 7.000000e+00 6.200000e+01 8.000000e+00 4.000000e+00 5.400000e+01 5.395484e+01
1.000000e+00 9.000000e+00 8.200000e+01 8.000000e+00 8.000000e+00 7.900000e+01 8.077377e+01
1.000000e+00 6.000000e+00 9.400000e+01 6.000000e+00 4.000000e+00 8.300000e+01 8.269623e+01
1.000000e+00 5.000000e+00 4.100000e+01 4.000000e+00 8.000000e+00 2.800000e+01 2.578167e+01
1.000000e+00 7.000000e+00 4.100000e+01 4.000000e+00 5.000000e+00 3.100000e+01 3.088965e+01
1.000000e+00 1.000000e+00 7.700000e+01 7.000000e+00 5.000000e+00 5.000000e+01 5.184051e+01
1.000000e+00 5.000000e+00 9.400000e+01 4.000000e+00 5.000000e+00 7.900000e+01 7.909151e+01
1.000000e+00 2.000000e+00 9.000000e+01 7.000000e+00 6.000000e+00 6.400000e+01 6.810478e+01
1.000000e+00 4.000000e+00 6.800000e+01 5.000000e+00 3.000000e+00 5.300000e+01 4.988734e+01
1.000000e+00 7.000000e+00 9.100000e+01 6.000000e+00 3.000000e+00 8.100000e+01 8.229741e+01
1.000000e+00 5.000000e+00 8.500000e+01 5.000000e+00 8.000000e+00 7.000000e+01 7.100344e+01
1.000000e+00 6.000000e+00 9.900000e+01 5.000000e+00 6.000000e+00 8.500000e+01 8.769661e+01
1.000000e+00 2.000000e+00 4.200000e+01 5.000000e+00 9.000000e+00 2.000000e+01 1.892693e+01
1.000000e+00 3.000000e+00 7.800000e+01 5.000000e+00 5.000000e+00 6.000000e+01 5.760077e+01
1.000000e+00 7.000000e+00 4.600000e+01 8.000000e+00 0.000000e+00 3.600000e+01 3.689972e+01
1.000000e+00 2.000000e+00 7.500000e+01 4.000000e+00 6.000000e+00 4.900000e+01 5.142158e+01
1.000000e+00 6.000000e+00 6.800000e+01 6.000000e+00 5.000000e+00 5.600000e+01 5.645177e+01
1.000000e+00 5.000000e+00 9.400000e+01 6.000000e+00 3.000000e+00 7.900000e+01 7.965219e+01
1.000000e+00 1.000000e+00 7.600000e+01 9.000000e+00 7.000000e+00 5.300000e+01 5.216832e+01
1.000000e+00 4.000000e+00 8.800000e+01 5.000000e+00 6.000000e+00 7.000000e+01 7.081422e+01
1.000000e+00 2.000000e+00 9.700000e+01 6.000000e+00 7.000000e+00 7.400000e+01 7.494303e+01
1.000000e+00 4.000000e+00 7.500000e+01 7.000000e+00 8.000000e+00 6.000000e+01 5.893873e+01
1.000000e+00 1.000000e+00 6.200000e+01 6.000000e+00 0.000000e+00 3.200000e+01 3.512995e+01
1.000000e+00 2.000000e+00 8.400000e+01 5.000000e+00 2.000000e+00 5.900000e+01 6.026635e+01
1.000000e+00 8.000000e+00 5.500000e+01 6.000000e+00 1.000000e+00 4.800000e+01 4.814351e+01
1.000000e+00 6.000000e+00 8.700000e+01 4.000000e+00 2.000000e+00 7.400000e+01 7.423289e+01
1.000000e+00 2.000000e+00 7.000000e+01 5.000000e+00 1.000000e+00 4.600000e+01 4.583316e+01
1.000000e+00 6.000000e+00 7.300000e+01 8.000000e+00 5.000000e+00 6.300000e+01 6.248920e+01
1.000000e+00 9.000000e+00 8.900000e+01 4.000000e+00 8.000000e+00 8.700000e+01 8.598692e+01
1.000000e+00 7.000000e+00 4.000000e+01 6.000000e+00 1.000000e+00 2.900000e+01 3.004137e+01
1.000000e+00 9.000000e+00 5.700000e+01 8.000000e+00 3.000000e+00 5.100000e+01 5.437016e+01
1.000000e+00 5.000000e+00 9.700000e+01 9.000000e+00 4.000000e+00 8.100000e+01 8.432811e+01
1.000000e+00 7.000000e+00 7.900000e+01 4.000000e+00 4.000000e+00 7.000000e+01 6.933741e+01
1.000000e+00 7.000000e+00 8.200000e+01 9.000000e+00 0.000000e+00 7.500000e+01 7.398597e+01
1.000000e+00 3.000000e+00 9.500000e+01 7.000000e+00 5.000000e+00 7.500000e+01 7.584149e+01
1.000000e+00 7.000000e+00 9.500000e+01 4.000000e+00 4.000000e+00 8.500000e+01 8.560847e+01
1.000000e+00 1.000000e+00 5.400000e+01 8.000000e+00 5.000000e+00 2.800000e+01 2.892722e+01
1.000000e+00 9.000000e+00 8.700000e+01 9.000000e+00 3.000000e+00 8.400000e+01 8.535476e+01
1.000000e+00 6.000000e+00 8.800000e+01 7.000000e+00 5.000000e+00 7.600000e+01 7.726696e+01
1.000000e+00 5.000000e+00 5.600000e+01 9.000000e+00 8.000000e+00 4.300000e+01 4.341758e+01
1.000000e+00 7.000000e+00 8.300000e+01 6.000000e+00 0.000000e+00 7.300000e+01 7.357383e+01
1.000000e+00 5.000000e+00 4.900000e+01 5.000000e+00 5.000000e+00 3.300000e+01 3.380551e+01
1.000000e+00 5.000000e+00 5.900000e+01 9.000000e+00 0.000000e+00 4.500000e+01 4.490028e+01
1.000000e+00 7.000000e+00 4.500000e+01 6.000000e+00 6.000000e+00 3.800000e+01 3.610615e+01
1.000000e+00 7.000000e+00 4.700000e+01 5.000000e+00 3.000000e+00 3.900000e+01 3.707563e+01
1.000000e+00 3.000000e+00 8.400000e+01 5.000000e+00 5.000000e+00 6.700000e+01 6.370242e+01
1.000000e+00 3.000000e+00 7.300000e+01 8.000000e+00 6.000000e+00 5.300000e+01 5.414116e+01
1.000000e+00 3.000000e+00 7.100000e+01 7.000000e+00 4.000000e+00 5.000000e+01 5.123888e+01
1.000000e+00 6.000000e+00 9.000000e+01 7.000000e+00 8.000000e+00 8.000000e+01 7.988889e+01
1.000000e+00 6.000000e+00 9.300000e+01 4.000000e+00 7.000000e+00 8.000000e+01 8.131461e+01
1.000000e+00 3.000000e+00 8.100000e+01 6.000000e+00 2.000000e+00 6.000000e+01 6.053991e+01
1.000000e+00 3.000000e+00 4.300000e+01 8.000000e+00 0.000000e+00 2.300000e+01 2.245682e+01
1.000000e+00 8.000000e+00 8.300000e+01 9.000000e+00 9.000000e+00 8.000000e+01 7.961507e+01
1.000000e+00 8.000000e+00 8.900000e+01 6.000000e+00 7.000000e+00 8.300000e+01 8.389560e+01
1.000000e+00 7.000000e+00 7.800000e+01 9.000000e+00 3.000000e+00 7.200000e+01 7.050625e+01
1.000000e+00 4.000000e+00 5.900000e+01 9.000000e+00 6.000000e+00 4.600000e+01 4.322836e+01
1.000000e+00 4.000000e+00 6.300000e+01 9.000000e+00 3.000000e+00 4.500000e+01 4.670808e+01
1.000000e+00 3.000000e+00 6.300000e+01 4.000000e+00 6.000000e+00 4.200000e+01 4.206631e+01
1.000000e+00 5.000000e+00 9.400000e+01 4.000000e+00 0.000000e+00 7.800000e+01 7.811143e+01
1.000000e+00 3.000000e+00 6.500000e+01 8.000000e+00 0.000000e+00 4.300000e+01 4.482953e+01
1.000000e+00 8.000000e+00 6.400000e+01 4.000000e+00 1.000000e+00 5.500000e+01 5.634326e+01
1.000000e+00 7.000000e+00 7.500000e+01 8.000000e+00 4.000000e+00 6.700000e+01 6.717508e+01
1.000000e+00 3.000000e+00 4.600000e+01 4.000000e+00 9.000000e+00 2.800000e+01 2.536635e+01
1.000000e+00 9.000000e+00 4.900000e+01 7.000000e+00 5.000000e+00 4.800000e+01 4.615030e+01
1.000000e+00 5.000000e+00 9.700000e+01 8.000000e+00 1.000000e+00 8.100000e+01 8.326371e+01
1.000000e+00 9.000000e+00 8.600000e+01 7.000000e+00 0.000000e+00 8.400000e+01 8.279705e+01
1.000000e+00 7.000000e+00 5.100000e+01 7.000000e+00 8.000000e+00 4.100000e+01 4.307619e+01
1.000000e+00 7.000000e+00 4.000000e+01 8.000000e+00 6.000000e+00 3.100000e+01 3.197417e+01
1.000000e+00 6.000000e+00 9.100000e+01 6.000000e+00 7.000000e+00 8.300000e+01 8.023345e+01
1.000000e+00 2.000000e+00 8.900000e+01 5.000000e+00 5.000000e+00 7.000000e+01 6.593911e+01
1.000000e+00 9.000000e+00 6.400000e+01 4.000000e+00 8.000000e+00 5.700000e+01 6.056339e+01
1.000000e+00 6.000000e+00 5.500000e+01 9.000000e+00 7.000000e+00 4.500000e+01 4.505264e+01
1.000000e+00 8.000000e+00 4.400000e+01 4.000000e+00 3.000000e+00 3.700000e+01 3.639646e+01
1.000000e+00 1.000000e+00 5.800000e+01 9.000000e+00 4.000000e+00 3.300000e+01 3.327533e+01
1.000000e+00 5.000000e+00 4.300000e+01 6.000000e+00 1.000000e+00 2.800000e+01 2.739616e+01
1.000000e+00 1.000000e+00 4.500000e+01 5.000000e+00 0.000000e+00 1.600000e+01 1.736559e+01
1.000000e+00 8.000000e+00 6.500000e+01 6.000000e+00 5.000000e+00 6.000000e+01 5.909698e+01
1.000000e+00 8.000000e+00 8.800000e+01 5.000000e+00 2.000000e+00 8.100000e+01 8.142222e+01
1.000000e+00 1.000000e+00 7.800000e+01 8.000000e+00 3.000000e+00 5.400000e+01 5.294178e+01
1.000000e+00 9.000000e+00 9.500000e+01 8.000000e+00 0.000000e+00 9.400000e+01 9.242588e+01
1.000000e+00 2.000000e+00 9.400000e+01 9.000000e+00 5.000000e+00 7.400000e+01 7.292925e+01
1.000000e+00 9.000000e+00 7.800000e+01 7.000000e+00 7.000000e+00 7.600000e+01 7.603363e+01
1.000000e+00 1.000000e+00 4.800000e+01 7.000000e+00 9.000000e+00 1.900000e+01 2.313328e+01
1.000000e+00 9.000000e+00 8.400000e+01 9.000000e+00 3.000000e+00 8.300000e+01 8.230393e+01
1.000000e+00 4.000000e+00 9.100000e+01 8.000000e+00 9.000000e+00 7.300000e+01 7.588217e+01
1.000000e+00 9.000000e+00 5.300000e+01 9.000000e+00 7.000000e+00 5.200000e+01 5.156281e+01
1.000000e+00 7.000000e+00 8.700000e+01 7.000000e+00 9.000000e+00 8.100000e+01 7.988210e+01
1.000000e+00 6.000000e+00 9.400000e+01 9.000000e+00 2.000000e+00 8.400000e+01 8.373328e+01
1.000000e+00 5.000000e+00 4.800000e+01 8.000000e+00 6.000000e+00 3.500000e+01 3.441366e+01
1.000000e+00 9.000000e+00 5.400000e+01 6.000000e+00 2.000000e+00 5.300000e+01 5.017060e+01
1.000000e+00 2.000000e+00 7.600000e+01 4.000000e+00 5.000000e+00 5.500000e+01 5.224251e+01
1.000000e+00 2.000000e+00 8.900000e+01 8.000000e+00 3.000000e+00 6.600000e+01 6.697615e+01
1.000000e+00 9.000000e+00 9.200000e+01 9.000000e+00 5.000000e+00 8.700000e+01 9.083149e+01
1.000000e+00 3.000000e+00 5.900000e+01 8.000000e+00 6.000000e+00 4.300000e+01 3.990398e+01
1.000000e+00 8.000000e+00 4.700000e+01 8.000000e+00 7.000000e+00 3.900000e+01 4.213679e+01
1.000000e+00 9.000000e+00 7.100000e+01 7.000000e+00 5.000000e+00 6.800000e+01 6.852301e+01
1.000000e+00 8.000000e+00 8.600000e+01 9.000000e+00 3.000000e+00 8.100000e+01 8.148980e+01
1.000000e+00 4.000000e+00 6.000000e+01 7.000000e+00 8.000000e+00 4.500000e+01 4.368461e+01
1.000000e+00 1.000000e+00 9.600000e+01 9.000000e+00 6.000000e+00 7.500000e+01 7.231113e+01
1.000000e+00 4.000000e+00 8.000000e+01 7.000000e+00 8.000000e+00 6.400000e+01 6.402344e+01
1.000000e+00 9.000000e+00 5.800000e+01 7.000000e+00 2.000000e+00 5.400000e+01 5.471472e+01
1.000000e+00 2.000000e+00 6.800000e+01 6.000000e+00 4.000000e+00 4.500000e+01 4.486368e+01
1.000000e+00 3.000000e+00 9.700000e+01 8.000000e+00 0.000000e+00 7.500000e+01 7.737165e+01
1.000000e+00 8.000000e+00 7.000000e+01 6.000000e+00 7.000000e+00 6.400000e+01 6.457372e+01
1.000000e+00 6.000000e+00 9.300000e+01 7.000000e+00 0.000000e+00 8.100000e+01 8.137158e+01
1.000000e+00 8.000000e+00 4.500000e+01 6.000000e+00 0.000000e+00 3.900000e+01 3.777808e+01
1.000000e+00 7.000000e+00 4.300000e+01 8.000000e+00 6.000000e+00 3.800000e+01 3.502499e+01
1.000000e+00 5.000000e+00 8.200000e+01 8.000000e+00 7.000000e+00 7.200000e+01 6.918568e+01
1.000000e+00 9.000000e+00 6.800000e+01 7.000000e+00 2.000000e+00 6.700000e+01 6.488414e+01
1.000000e+00 4.000000e+00 8.100000e+01 8.000000e+00 1.000000e+00 6.600000e+01 6.414463e+01
1.000000e+00 6.000000e+00 4.200000e+01 6.000000e+00 6.000000e+00 3.200000e+01 3.020731e+01
1.000000e+00 2.000000e+00 4.000000e+01 5.000000e+00 9.000000e+00 1.700000e+01 1.689305e+01
1.000000e+00 2.000000e+00 8.300000e+01 8.000000e+00 4.000000e+00 5.900000e+01 6.107052e+01
1.000000e+00 2.000000e+00 9.400000e+01 6.000000e+00 0.000000e+00 7.000000e+01 7.052009e+01
1.000000e+00 7.000000e+00 5.400000e+01 6.000000e+00 1.000000e+00 4.100000e+01 4.427855e+01
1.000000e+00 2.000000e+00 8.600000e+01 6.000000e+00 2.000000e+00 6.200000e+01 6.277659e+01
1.000000e+00 2.000000e+00 6.000000e+01 8.000000e+00 5.000000e+00 3.800000e+01 3.787689e+01
1.000000e+00 9.000000e+00 8.500000e+01 5.000000e+00 0.000000e+00 8.100000e+01 8.082739e+01
1.000000e+00 7.000000e+00 9.700000e+01 7.000000e+00 7.000000e+00 8.800000e+01 8.965948e+01
1.000000e+00 3.000000e+00 7.000000e+01 7.000000e+00 1.000000e+00 4.600000e+01 4.963390e+01
1.000000e+00 3.000000e+00 4.600000e+01 8.000000e+00 4.000000e+00 2.500000e+01 2.629171e+01
1.000000e+00 7.000000e+00 5.600000e+01 8.000000e+00 7.000000e+00 4.800000e+01 4.844124e+01
1.000000e+00 5.000000e+00 9.500000e+01 4.000000e+00 4.000000e+00 8.100000e+01 7.991243e+01
1.000000e+00 6.000000e+00 5.800000e+01 9.000000e+00 7.000000e+00 4.900000e+01 4.810347e+01
1.000000e+00 8.000000e+00 7.800000e+01 5.000000e+00 5.000000e+00 7.200000e+01 7.184086e+01
1.000000e+00 9.000000e+00 9.900000e+01 6.000000e+00 6.000000e+00 9.600000e+01 9.671702e+01
1.000000e+00 1.000000e+00 4.200000e+01 9.000000e+00 7.000000e+00 1.700000e+01 1.759232e+01
1.000000e+00 3.000000e+00 6.900000e+01 6.000000e+00 2.000000e+00 4.800000e+01 4.833661e+01
1.000000e+00 7.000000e+00 7.400000e+01 9.000000e+00 4.000000e+00 6.900000e+01 6.663450e+01
1.000000e+00 6.000000e+00 9.700000e+01 7.000000e+00 9.000000e+00 8.500000e+01 8.720349e+01
1.000000e+00 7.000000e+00 9.600000e+01 9.000000e+00 6.000000e+00 8.500000e+01 8.939924e+01
1.000000e+00 8.000000e+00 6.800000e+01 8.000000e+00 8.000000e+00 6.400000e+01 6.368857e+01
1.000000e+00 6.000000e+00 8.900000e+01 5.000000e+00 5.000000e+00 7.900000e+01 7.733118e+01
1.000000e+00 3.000000e+00 9.100000e+01 7.000000e+00 9.000000e+00 7.400000e+01 7.255779e+01
1.000000e+00 2.000000e+00 9.300000e+01 9.000000e+00 0.000000e+00 6.900000e+01 7.093223e+01
1.000000e+00 7.000000e+00 5.300000e+01 5.000000e+00 7.000000e+00 4.400000e+01 4.396134e+01
1.000000e+00 1.000000e+00 7.400000e+01 8.000000e+00 5.000000e+00 5.000000e+01 4.926605e+01
1.000000e+00 3.000000e+00 6.700000e+01 6.000000e+00 0.000000e+00 4.800000e+01 4.591070e+01
1.000000e+00 4.000000e+00 9.700000e+01 4.000000e+00 3.000000e+00 7.700000e+01 7.890228e+01
1.000000e+00 1.000000e+00 6.900000e+01 5.000000e+00 5.000000e+00 4.600000e+01 4.275226e+01
1.000000e+00 5.000000e+00 6.500000e+01 6.000000e+00 9.000000e+00 5.100000e+01 5.133699e+01
1.000000e+00 3.000000e+00 4.600000e+01 5.000000e+00 0.000000e+00 2.300000e+01 2.407857e+01
1.000000e+00 2.000000e+00 7.800000e+01 5.000000e+00 9.000000e+00 5.600000e+01 5.553682e+01
1.000000e+00 3.000000e+00 7.000000e+01 5.000000e+00 4.000000e+00 4.700000e+01 4.926922e+01
1.000000e+00 8.000000e+00 4.400000e+01 8.000000e+00 2.000000e+00 4.200000e+01 3.810589e+01
1.000000e+00 6.000000e+00 7.400000e+01 7.000000e+00 6.000000e+00 6.400000e+01 6.322579e+01
1.000000e+00 7.000000e+00 8.900000e+01 5.000000e+00 7.000000e+00 8.000000e+01 8.057123e+01
1.000000e+00 6.000000e+00 8.600000e+01 8.000000e+00 2.000000e+00 7.300000e+01 7.512139e+01
1.000000e+00 6.000000e+00 9.100000e+01 4.000000e+00 9.000000e+00 8.000000e+01 7.967276e+01
1.000000e+00 3.000000e+00 5.300000e+01 7.000000e+00 2.000000e+00 3.400000e+01 3.254191e+01
1.000000e+00 8.000000e+00 7.500000e+01 8.000000e+00 2.000000e+00 6.900000e+01 6.963107e+01
1.000000e+00 7.000000e+00 6.600000e+01 4.000000e+00 5.000000e+00 5.400000e+01 5.631319e+01
1.000000e+00 7.000000e+00 6.300000e+01 7.000000e+00 5.000000e+00 5.600000e+01 5.469144e+01
1.000000e+00 6.000000e+00 7.900000e+01 8.000000e+00 2.000000e+00 6.600000e+01 6.800280e+01
1.000000e+00 5.000000e+00 6.800000e+01 4.000000e+00 5.000000e+00 5.300000e+01 5.265103e+01
1.000000e+00 8.000000e+00 9.200000e+01 8.000000e+00 8.000000e+00 8.900000e+01 8.809516e+01
1.000000e+00 5.000000e+00 8.400000e+01 4.000000e+00 7.000000e+00 7.000000e+01 6.931413e+01
1.000000e+00 9.000000e+00 6.100000e+01 5.000000e+00 6.000000e+00 5.900000e+01 5.759689e+01
1.000000e+00 9.000000e+00 4.700000e+01 5.000000e+00 6.000000e+00 4.100000e+01 4.335971e+01
1.000000e+00 1.000000e+00 5.400000e+01 7.000000e+00 7.000000e+00 2.800000e+01 2.884289e+01
1.000000e+00 6.000000e+00 8.800000e+01 4.000000e+00 6.000000e+00 7.500000e+01 7.603389e+01
1.000000e+00 7.000000e+00 4.400000e+01 5.000000e+00 2.000000e+00 3.400000e+01 3.382879e+01
1.000000e+00 3.000000e+00 9.100000e+01 7.000000e+00 7.000000e+00 6.800000e+01 7.216576e+01
1.000000e+00 7.000000e+00 4.300000e+01 6.000000e+00 7.000000e+00 3.200000e+01 3.426829e+01
1.000000e+00 7.000000e+00 5.000000e+01 5.000000e+00 0.000000e+00 4.400000e+01 3.953841e+01
1.000000e+00 2.000000e+00 5.700000e+01 5.000000e+00 9.000000e+00 3.500000e+01 3.418105e+01
1.000000e+00 7.000000e+00 8.100000e+01 9.000000e+00 4.000000e+00 7.400000e+01 7.375309e+01
1.000000e+00 1.000000e+00 8.800000e+01 8.000000e+00 4.000000e+00 6.400000e+01 6.330721e+01
1.000000e+00 5.000000e+00 6.900000e+01 6.000000e+00 0.000000e+00 5.700000e+01 5.364061e+01
1.000000e+00 9.000000e+00 5.400000e+01 4.000000e+00 5.000000e+00 4.600000e+01 4.980593e+01
1.000000e+00 7.000000e+00 4.500000e+01 7.000000e+00 5.000000e+00 3.600000e+01 3.638650e+01
1.000000e+00 7.000000e+00 9.400000e+01 6.000000e+00 3.000000e+00 8.500000e+01 8.534823e+01
1.000000e+00 2.000000e+00 9.200000e+01 4.000000e+00 5.000000e+00 7.100000e+01 6.851357e+01
1.000000e+00 8.000000e+00 5.500000e+01 5.000000e+00 5.000000e+00 4.900000e+01 4.845121e+01
1.000000e+00 3.000000e+00 8.600000e+01 9.000000e+00 0.000000e+00 7.100000e+01 6.666166e+01
1.000000e+00 8.000000e+00 7.900000e+01 7.000000e+00 4.000000e+00 7.600000e+01 7.361450e+01
1.000000e+00 3.000000e+00 4.800000e+01 7.000000e+00 1.000000e+00 2.600000e+01 2.726119e+01
1.000000e+00 7.000000e+00 8.200000e+01 6.000000e+00 6.000000e+00 7.400000e+01 7.373298e+01
1.000000e+00 2.000000e+00 9.800000e+01 8.000000e+00 8.000000e+00 7.800000e+01 7.710871e+01
1.000000e+00 4.000000e+00 7.300000e+01 4.000000e+00 8.000000e+00 5.900000e+01 5.547577e+01
1.000000e+00 6.000000e+00 6.600000e+01 9.000000e+00 8.000000e+00 5.500000e+01 5.643501e+01
1.000000e+00 9.000000e+00 5.200000e+01 9.000000e+00 6.000000e+00 5.100000e+01 5.034986e+01
1.000000e+00 5.000000e+00 7.500000e+01 6.000000e+00 6.000000e+00 5.700000e+01 6.091836e+01
1.000000e+00 9.000000e+00 6.600000e+01 8.000000e+00 0.000000e+00 6.300000e+01 6.293458e+01
1.000000e+00 5.000000e+00 4.800000e+01 8.000000e+00 5.000000e+00 3.700000e+01 3.421765e+01
1.000000e+00 8.000000e+00 4.400000e+01 8.000000e+00 4.000000e+00 4.100000e+01 3.849792e+01
1.000000e+00 1.000000e+00 9.000000e+01 7.000000e+00 7.000000e+00 6.700000e+01 6.545278e+01
1.000000e+00 7.000000e+00 6.100000e+01 4.000000e+00 7.000000e+00 5.600000e+01 5.162051e+01
1.000000e+00 4.000000e+00 7.000000e+01 4.000000e+00 3.000000e+00 5.100000e+01 5.144487e+01
1.000000e+00 5.000000e+00 4.200000e+01 6.000000e+00 0.000000e+00 2.600000e+01 2.618320e+01
1.000000e+00 6.000000e+00 6.900000e+01 5.000000e+00 5.000000e+00 5.600000e+01 5.699235e+01
1.000000e+00 5.000000e+00 6.000000e+01 6.000000e+00 9.000000e+00 4.800000e+01 4.625229e+01
1.000000e+00 1.000000e+00 7.400000e+01 4.000000e+00 0.000000e+00 5.200000e+01 4.638053e+01
1.000000e+00 9.000000e+00 4.500000e+01 7.000000e+00 4.000000e+00 4.200000e+01 4.188652e+01
1.000000e+00 2.000000e+00 6.700000e+01 6.000000e+00 4.000000e+00 4.100000e+01 4.384674e+01
1.000000e+00 9.000000e+00 7.100000e+01 5.000000e+00 2.000000e+00 6.400000e+01 6.698224e+01
1.000000e+00 2.000000e+00 8.100000e+01 9.000000e+00 4.000000e+00 5.700000e+01 5.951300e+01
1.000000e+00 9.000000e+00 7.600000e+01 6.000000e+00 5.000000e+00 7.200000e+01 7.313135e+01
1.000000e+00 6.000000e+00 6.400000e+01 8.000000e+00 4.000000e+00 5.200000e+01 5.314071e+01
1.000000e+00 9.000000e+00 7.100000e+01 5.000000e+00 0.000000e+00 6.700000e+01 6.659021e+01
1.000000e+00 6.000000e+00 7.400000e+01 8.000000e+00 6.000000e+00 6.100000e+01 6.370215e+01
1.000000e+00 6.000000e+00 6.100000e+01 7.000000e+00 2.000000e+00 5.100000e+01 4.922149e+01
1.000000e+00 2.000000e+00 6.300000e+01 4.000000e+00 6.000000e+00 4.200000e+01 3.921829e+01
1.000000e+00 8.000000e+00 7.800000e+01 6.000000e+00 4.000000e+00 7.100000e+01 7.212120e+01
1.000000e+00 3.000000e+00 9.300000e+01 6.000000e+00 2.000000e+00 7.400000e+01 7.274320e+01
1.000000e+00 7.000000e+00 6.900000e+01 8.000000e+00 5.000000e+00 6.200000e+01 6.126945e+01
1.000000e+00 5.000000e+00 8.900000e+01 8.000000e+00 0.000000e+00 7.600000e+01 7.493216e+01
1.000000e+00 3.000000e+00 7.100000e+01 4.000000e+00 5.000000e+00 5.000000e+01 5.000582e+01
1.000000e+00 1.000000e+00 7.000000e+01 6.000000e+00 3.000000e+00 4.200000e+01 4.385353e+01
1.000000e+00 8.000000e+00 6.200000e+01 4.000000e+00 3.000000e+00 5.500000e+01 5.470141e+01
1.000000e+00 3.000000e+00 7.900000e+01 8.000000e+00 4.000000e+00 6.000000e+01 5.985077e+01
1.000000e+00 2.000000e+00 7.200000e+01 9.000000e+00 8.000000e+00 5.200000e+01 5.114459e+01
1.000000e+00 1.000000e+00 6.400000e+01 8.000000e+00 0.000000e+00 3.600000e+01 3.811656e+01
1.000000e+00 4.000000e+00 7.500000e+01 5.000000e+00 2.000000e+00 5.300000e+01 5.680992e+01
1.000000e+00 8.000000e+00 6.300000e+01 8.000000e+00 3.000000e+00 5.400000e+01 5.762379e+01
1.000000e+00 3.000000e+00 7.000000e+01 8.000000e+00 1.000000e+00 4.700000e+01 5.011026e+01
1.000000e+00 1.000000e+00 9.700000e+01 9.000000e+00 8.000000e+00 7.000000e+01 7.372011e+01
1.000000e+00 4.000000e+00 7.800000e+01 4.000000e+00 6.000000e+00 6.200000e+01 6.016844e+01
1.000000e+00 9.000000e+00 8.500000e+01 5.000000e+00 0.000000e+00 8.200000e+01 8.082739e+01
1.000000e+00 1.000000e+00 5.200000e+01 5.000000e+00 8.000000e+00 2.600000e+01 2.605231e+01
1.000000e+00 2.000000e+00 4.900000e+01 6.000000e+00 5.000000e+00 2.500000e+01 2.573781e+01
1.000000e+00 9.000000e+00 6.200000e+01 9.000000e+00 1.000000e+00 5.500000e+01 5.953919e+01
1.000000e+00 2.000000e+00 5.700000e+01 7.000000e+00 0.000000e+00 3.400000e+01 3.336962e+01
1.000000e+00 3.000000e+00 7.100000e+01 6.000000e+00 5.000000e+00 5.100000e+01 5.095854e+01
1.000000e+00 7.000000e+00 7.200000e+01 6.000000e+00 6.000000e+00 6.300000e+01 6.356357e+01
1.000000e+00 3.000000e+00 7.500000e+01 6.000000e+00 9.000000e+00 5.400000e+01 5.581037e+01
1.000000e+00 9.000000e+00 6.700000e+01 5.000000e+00 5.000000e+00 6.200000e+01 6.350252e+01
1.000000e+00 6.000000e+00 5.500000e+01 4.000000e+00 6.000000e+00 4.300000e+01 4.247483e+01
1.000000e+00 3.000000e+00 5.500000e+01 8.000000e+00 5.000000e+00 3.400000e+01 3.564020e+01
1.000000e+00 9.000000e+00 5.700000e+01 5.000000e+00 7.000000e+00 5.600000e+01 5.372514e+01
1.000000e+00 1.000000e+00 4.700000e+01 8.000000e+00 1.000000e+00 2.400000e+01 2.102457e+01
1.000000e+00 3.000000e+00 8.100000e+01 8.000000e+00 8.000000e+00 6.500000e+01 6.266872e+01
1.000000e+00 1.000000e+00 5.500000e+01 7.000000e+00 8.000000e+00 3.100000e+01 3.005585e+01
1.000000e+00 2.000000e+00 9.400000e+01 6.000000e+00 8.000000e+00 7.200000e+01 7.208822e+01
1.000000e+00 8.000000e+00 9.500000e+01 7.000000e+00 6.000000e+00 9.000000e+01 9.027760e+01
1.000000e+00 7.000000e+00 5.000000e+01 6.000000e+00 8.000000e+00 4.300000e+01 4.158289e+01
1.000000e+00 2.000000e+00 4.500000e+01 5.000000e+00 0.000000e+00 2.300000e+01 2.021361e+01
1.000000e+00 2.000000e+00 4.000000e+01 8.000000e+00 2.000000e+00 1.800000e+01 1.695001e+01
1.000000e+00 9.000000e+00 5.100000e+01 7.000000e+00 1.000000e+00 4.400000e+01 4.740012e+01
1.000000e+00 6.000000e+00 9.600000e+01 9.000000e+00 0.000000e+00 8.400000e+01 8.537513e+01
1.000000e+00 5.000000e+00 7.700000e+01 5.000000e+00 4.000000e+00 6.200000e+01 6.208385e+01
1.000000e+00 6.000000e+00 6.700000e+01 5.000000e+00 0.000000e+00 5.600000e+01 5.397839e+01
1.000000e+00 9.000000e+00 8.400000e+01 9.000000e+00 2.000000e+00 8.700000e+01 8.210792e+01
1.000000e+00 7.000000e+00 9.700000e+01 6.000000e+00 5.000000e+00 8.900000e+01 8.879109e+01
1.000000e+00 9.000000e+00 5.600000e+01 8.000000e+00 5.000000e+00 5.500000e+01 5.374525e+01
1.000000e+00 4.000000e+00 4.000000e+01 6.000000e+00 2.000000e+00 1.800000e+01 2.169333e+01
1.000000e+00 2.000000e+00 7.100000e+01 6.000000e+00 3.000000e+00 4.600000e+01 4.771849e+01
1.000000e+00 8.000000e+00 4.700000e+01 5.000000e+00 6.000000e+00 4.200000e+01 4.051169e+01
1.000000e+00 4.000000e+00 9.300000e+01 6.000000e+00 5.000000e+00 7.200000e+01 7.617927e+01
1.000000e+00 9.000000e+00 7.900000e+01 4.000000e+00 1.000000e+00 7.500000e+01 7.444539e+01
1.000000e+00 4.000000e+00 9.500000e+01 9.000000e+00 8.000000e+00 7.900000e+01 8.023028e+01
1.000000e+00 8.000000e+00 8.200000e+01 9.000000e+00 5.000000e+00 7.800000e+01 7.781406e+01
1.000000e+00 9.000000e+00 8.500000e+01 8.000000e+00 1.000000e+00 8.100000e+01 8.245248e+01
1.000000e+00 9.000000e+00 6.300000e+01 9.000000e+00 6.000000e+00 6.300000e+01 6.153621e+01
1.000000e+00 4.000000e+00 4.900000e+01 6.000000e+00 9.000000e+00 3.500000e+01 3.221791e+01
1.000000e+00 1.000000e+00 8.600000e+01 6.000000e+00 9.000000e+00 6.300000e+01 6.130069e+01
1.000000e+00 3.000000e+00 7.800000e+01 7.000000e+00 3.000000e+00 5.900000e+01 5.816146e+01
1.000000e+00 9.000000e+00 7.800000e+01 8.000000e+00 0.000000e+00 7.600000e+01 7.513788e+01
1.000000e+00 4.000000e+00 4.900000e+01 8.000000e+00 9.000000e+00 3.300000e+01 3.317063e+01
1.000000e+00 5.000000e+00 7.500000e+01 9.000000e+00 8.000000e+00 6.200000e+01 6.273947e+01
1.000000e+00 7.000000e+00 6.400000e+01 6.000000e+00 9.000000e+00 5.800000e+01 5.601609e+01
1.000000e+00 5.000000e+00 9.900000e+01 4.000000e+00 7.000000e+00 8.200000e+01 8.456825e+01
1.000000e+00 4.000000e+00 8.900000e+01 7.000000e+00 4.000000e+00 7.300000e+01 7.239185e+01
1.000000e+00 2.000000e+00 9.800000e+01 4.000000e+00 2.000000e+00 7.500000e+01 7.402717e+01
1.000000e+00 2.000000e+00 9.600000e+01 6.000000e+00 3.000000e+00 7.100000e+01 7.314202e+01
1.000000e+00 4.000000e+00 4.900000e+01 8.000000e+00 2.000000e+00 3.000000e+01 3.179852e+01
1.000000e+00 9.000000e+00 5.800000e+01 8.000000e+00 9.000000e+00 5.800000e+01 5.656319e+01
1.000000e+00 8.000000e+00 8.500000e+01 4.000000e+00 7.000000e+00 8.000000e+01 7.887512e+01
1.000000e+00 3.000000e+00 8.400000e+01 5.000000e+00 4.000000e+00 6.500000e+01 6.350640e+01
1.000000e+00 9.000000e+00 5.400000e+01 6.000000e+00 7.000000e+00 5.100000e+01 5.115068e+01
1.000000e+00 5.000000e+00 5.500000e+01 8.000000e+00 0.000000e+00 4.400000e+01 4.035616e+01
1.000000e+00 3.000000e+00 4.100000e+01 9.000000e+00 8.000000e+00 2.300000e+01 2.246743e+01
1.000000e+00 5.000000e+00 6.800000e+01 5.000000e+00 9.000000e+00 5.600000e+01 5.391146e+01
1.000000e+00 4.000000e+00 4.300000e+01 8.000000e+00 2.000000e+00 2.500000e+01 2.569687e+01
1.000000e+00 8.000000e+00 9.200000e+01 9.000000e+00 0.000000e+00 8.900000e+01 8.700340e+01
1.000000e+00 5.000000e+00 8.900000e+01 8.000000e+00 2.000000e+00 7.500000e+01 7.532419e+01
1.000000e+00 8.000000e+00 6.800000e+01 5.000000e+00 1.000000e+00 6.000000e+01 6.088738e+01
1.000000e+00 9.000000e+00 7.000000e+01 4.000000e+00 6.000000e+00 6.400000e+01 6.627300e+01
1.000000e+00 4.000000e+00 5.600000e+01 6.000000e+00 9.000000e+00 4.000000e+01 3.933650e+01
1.000000e+00 7.000000e+00 4.900000e+01 5.000000e+00 3.000000e+00 3.700000e+01 3.910951e+01
1.000000e+00 2.000000e+00 6.600000e+01 5.000000e+00 6.000000e+00 4.200000e+01 4.274547e+01
1.000000e+00 6.000000e+00 9.200000e+01 8.000000e+00 2.000000e+00 7.800000e+01 8.122303e+01
1.000000e+00 8.000000e+00 8.000000e+01 9.000000e+00 5.000000e+00 7.200000e+01 7.578018e+01
1.000000e+00 7.000000e+00 5.400000e+01 5.000000e+00 6.000000e+00 4.400000e+01 4.478227e+01
1.000000e+00 7.000000e+00 9.900000e+01 6.000000e+00 6.000000e+00 8.900000e+01 9.102098e+01
1.000000e+00 8.000000e+00 8.300000e+01 4.000000e+00 4.000000e+00 7.700000e+01 7.625319e+01
1.000000e+00 7.000000e+00 7.000000e+01 9.000000e+00 5.000000e+00 6.200000e+01 6.276275e+01
1.000000e+00 5.000000e+00 6.000000e+01 4.000000e+00 2.000000e+00 4.600000e+01 4.392745e+01
1.000000e+00 7.000000e+00 9.900000e+01 4.000000e+00 3.000000e+00 9.400000e+01 8.948022e+01
1.000000e+00 3.000000e+00 9.800000e+01 6.000000e+00 5.000000e+00 8.000000e+01 7.841596e+01
1.000000e+00 5.000000e+00 9.700000e+01 8.000000e+00 2.000000e+00 8.300000e+01 8.345972e+01
1.000000e+00 7.000000e+00 8.000000e+01 9.000000e+00 6.000000e+00 7.400000e+01 7.312818e+01
1.000000e+00 9.000000e+00 8.500000e+01 9.000000e+00 2.000000e+00 8.500000e+01 8.312486e+01
1.000000e+00 2.000000e+00 8.400000e+01 6.000000e+00 8.000000e+00 6.100000e+01 6.191881e+01
1.000000e+00 4.000000e+00 9.900000e+01 9.000000e+00 3.000000e+00 8.500000e+01 8.331796e+01
1.000000e+00 7.000000e+00 6.500000e+01 5.000000e+00 1.000000e+00 5.800000e+01 5.498854e+01
1.000000e+00 1.000000e+00 7.700000e+01 7.000000e+00 5.000000e+00 5.200000e+01 5.184051e+01
1.000000e+00 2.000000e+00 9.000000e+01 7.000000e+00 8.000000e+00 6.900000e+01 6.849681e+01
1.000000e+00 9.000000e+00 7.500000e+01 7.000000e+00 9.000000e+00 7.800000e+01 7.337484e+01
1.000000e+00 7.000000e+00 9.100000e+01 4.000000e+00 9.000000e+00 8.200000e+01 8.252078e+01
1.000000e+00 7.000000e+00 5.600000e+01 9.000000e+00 1.000000e+00 4.700000e+01 4.774151e+01
1.000000e+00 6.000000e+00 9.000000e+01 6.000000e+00 3.000000e+00 7.900000e+01 7.843245e+01
1.000000e+00 3.000000e+00 4.200000e+01 9.000000e+00 4.000000e+00 2.100000e+01 2.270031e+01
1.000000e+00 3.000000e+00 5.300000e+01 6.000000e+00 8.000000e+00 3.300000e+01 3.324164e+01
1.000000e+00 2.000000e+00 8.800000e+01 9.000000e+00 6.000000e+00 6.500000e+01 6.702362e+01
1.000000e+00 6.000000e+00 5.200000e+01 4.000000e+00 4.000000e+00 3.500000e+01 3.903197e+01
1.000000e+00 4.000000e+00 8.000000e+01 5.000000e+00 5.000000e+00 6.300000e+01 6.248267e+01
1.000000e+00 5.000000e+00 6.600000e+01 7.000000e+00 8.000000e+00 5.000000e+01 5.263428e+01
1.000000e+00 3.000000e+00 4.000000e+01 7.000000e+00 3.000000e+00 1.800000e+01 1.951769e+01
1.000000e+00 6.000000e+00 9.600000e+01 9.000000e+00 1.000000e+00 8.800000e+01 8.557114e+01
1.000000e+00 3.000000e+00 5.600000e+01 4.000000e+00 4.000000e+00 3.500000e+01 3.455569e+01
1.000000e+00 8.000000e+00 8.700000e+01 7.000000e+00 6.000000e+00 8.200000e+01 8.214207e+01
1.000000e+00 9.000000e+00 8.900000e+01 9.000000e+00 3.000000e+00 8.700000e+01 8.738864e+01
1.000000e+00 4.000000e+00 7.300000e+01 8.000000e+00 0.000000e+00 5.900000e+01 5.581308e+01
1.000000e+00 9.000000e+00 5.300000e+01 9.000000e+00 7.000000e+00 5.600000e+01 5.156281e+01
1.000000e+00 7.000000e+00 9.300000e+01 6.000000e+00 4.000000e+00 8.600000e+01 8.452730e+01
1.000000e+00 3.000000e+00 9.400000e+01 7.000000e+00 9.000000e+00 7.000000e+01 7.560861e+01
1.000000e+00 7.000000e+00 9.800000e+01 7.000000e+00 1.000000e+00 9.000000e+01 8.950032e+01
1.000000e+00 1.000000e+00 5.600000e+01 8.000000e+00 2.000000e+00 2.800000e+01 3.037306e+01
1.000000e+00 3.000000e+00 4.200000e+01 5.000000e+00 9.000000e+00 2.100000e+01 2.177495e+01
1.000000e+00 6.000000e+00 7.300000e+01 9.000000e+00 9.000000e+00 6.400000e+01 6.374962e+01
1.000000e+00 4.000000e+00 7.900000e+01 5.000000e+00 4.000000e+00 6.100000e+01 6.126971e+01
1.000000e+00 7.000000e+00 6.400000e+01 9.000000e+00 3.000000e+00 5.400000e+01 5.626907e+01
1.000000e+00 3.000000e+00 4.100000e+01 8.000000e+00 8.000000e+00 2.000000e+01 2.199107e+01
1.000000e+00 1.000000e+00 7.300000e+01 5.000000e+00 8.000000e+00 4.900000e+01 4.740808e+01
1.000000e+00 9.000000e+00 6.500000e+01 4.000000e+00 7.000000e+00 6.500000e+01 6.138431e+01
1.000000e+00 6.000000e+00 7.000000e+01 8.000000e+00 1.000000e+00 6.100000e+01 5.865431e+01
1.000000e+00 8.000000e+00 4.800000e+01 9.000000e+00 4.000000e+00 4.000000e+01 4.304204e+01
1.000000e+00 3.000000e+00 6.900000e+01 6.000000e+00 7.000000e+00 4.900000e+01 4.931669e+01
1.000000e+00 8.000000e+00 5.900000e+01 6.000000e+00 7.000000e+00 5.200000e+01 5.338737e+01
1.000000e+00 2.000000e+00 6.000000e+01 6.000000e+00 6.000000e+00 3.800000e+01 3.712018e+01
1.000000e+00 4.000000e+00 6.800000e+01 9.000000e+00 3.000000e+00 5.100000e+01 5.179278e+01
1.000000e+00 3.000000e+00 9.800000e+01 7.000000e+00 2.000000e+00 7.600000e+01 7.830427e+01
1.000000e+00 1.000000e+00 6.400000e+01 8.000000e+00 7.000000e+00 4.200000e+01 3.948867e+01
1.000000e+00 7.000000e+00 7.700000e+01 8.000000e+00 7.000000e+00 6.800000e+01 6.979701e+01
1.000000e+00 2.000000e+00 9.700000e+01 5.000000e+00 9.000000e+00 7.700000e+01 7.485870e+01
1.000000e+00 4.000000e+00 8.300000e+01 8.000000e+00 4.000000e+00 6.500000e+01 6.676656e+01
1.000000e+00 9.000000e+00 6.400000e+01 8.000000e+00 2.000000e+00 6.300000e+01 6.129273e+01
1.000000e+00 6.000000e+00 4.800000e+01 5.000000e+00 4.000000e+00 3.500000e+01 3.544057e+01
1.000000e+00 8.000000e+00 7.800000e+01 8.000000e+00 3.000000e+00 7.100000e+01 7.287791e+01
1.000000e+00 2.000000e+00 8.300000e+01 8.000000e+00 7.000000e+00 6.400000e+01 6.165857e+01
1.000000e+00 7.000000e+00 6.500000e+01 4.000000e+00 1.000000e+00 5.300000e+01 5.451218e+01
1.000000e+00 6.000000e+00 9.600000e+01 9.000000e+00 7.000000e+00 8.700000e+01 8.674724e+01
1.000000e+00 9.000000e+00 7.600000e+01 5.000000e+00 9.000000e+00 7.100000e+01 7.343906e+01
1.000000e+00 7.000000e+00 5.500000e+01 4.000000e+00 5.000000e+00 4.300000e+01 4.512683e+01
1.000000e+00 1.000000e+00 7.600000e+01 7.000000e+00 3.000000e+00 5.400000e+01 5.043154e+01
1.000000e+00 8.000000e+00 5.100000e+01 5.000000e+00 2.000000e+00 4.400000e+01 4.379540e+01
1.000000e+00 3.000000e+00 6.300000e+01 9.000000e+00 9.000000e+00 4.500000e+01 4.503615e+01
1.000000e+00 2.000000e+00 6.500000e+01 8.000000e+00 4.000000e+00 4.200000e+01 4.276558e+01
1.000000e+00 3.000000e+00 5.900000e+01 8.000000e+00 5.000000e+00 3.800000e+01 3.970796e+01
1.000000e+00 6.000000e+00 4.800000e+01 4.000000e+00 0.000000e+00 3.600000e+01 3.418015e+01
1.000000e+00 3.000000e+00 6.200000e+01 4.000000e+00 0.000000e+00 4.300000e+01 3.987327e+01
1.000000e+00 5.000000e+00 7.800000e+01 7.000000e+00 9.000000e+00 6.700000e+01 6.503359e+01
1.000000e+00 6.000000e+00 6.800000e+01 7.000000e+00 2.000000e+00 5.800000e+01 5.634008e+01
1.000000e+00 8.000000e+00 7.000000e+01 9.000000e+00 1.000000e+00 6.400000e+01 6.482670e+01
1.000000e+00 7.000000e+00 5.800000e+01 8.000000e+00 0.000000e+00 5.100000e+01 4.910301e+01
1.000000e+00 8.000000e+00 5.900000e+01 6.000000e+00 7.000000e+00 5.700000e+01 5.338737e+01
1.000000e+00 3.000000e+00 6.200000e+01 7.000000e+00 0.000000e+00 4.000000e+01 4.130235e+01
1.000000e+00 4.000000e+00 8.200000e+01 8.000000e+00 9.000000e+00 6.800000e+01 6.672970e+01
1.000000e+00 6.000000e+00 6.600000e+01 7.000000e+00 7.000000e+00 5.800000e+01 5.528628e+01
1.000000e+00 7.000000e+00 6.900000e+01 5.000000e+00 4.000000e+00 6.300000e+01 5.964435e+01
1.000000e+00 9.000000e+00 6.000000e+01 4.000000e+00 3.000000e+00 5.600000e+01 5.551554e+01
1.000000e+00 1.000000e+00 8.300000e+01 8.000000e+00 7.000000e+00 6.000000e+01 5.881055e+01
1.000000e+00 8.000000e+00 7.400000e+01 7.000000e+00 7.000000e+00 6.800000e+01 6.911784e+01
1.000000e+00 8.000000e+00 8.800000e+01 4.000000e+00 7.000000e+00 8.200000e+01 8.192594e+01
1.000000e+00 6.000000e+00 4.600000e+01 6.000000e+00 2.000000e+00 3.300000e+01 3.349101e+01
1.000000e+00 4.000000e+00 6.100000e+01 7.000000e+00 7.000000e+00 4.700000e+01 4.450554e+01
1.000000e+00 3.000000e+00 4.900000e+01 8.000000e+00 0.000000e+00 3.200000e+01 2.855847e+01
1.000000e+00 3.000000e+00 6.200000e+01 5.000000e+00 3.000000e+00 3.900000e+01 4.093768e+01
1.000000e+00 6.000000e+00 5.400000e+01 4.000000e+00 4.000000e+00 4.100000e+01 4.106586e+01
1.000000e+00 8.000000e+00 6.900000e+01 4.000000e+00 5.000000e+00 6.100000e+01 6.221203e+01
1.000000e+00 7.000000e+00 7.300000e+01 5.000000e+00 4.000000e+00 6.300000e+01 6.371212e+01
1.000000e+00 1.000000e+00 5.200000e+01 8.000000e+00 4.000000e+00 2.700000e+01 2.669732e+01
1.000000e+00 6.000000e+00 9.900000e+01 9.000000e+00 4.000000e+00 8.800000e+01 8.921001e+01
1.000000e+00 7.000000e+00 4.300000e+01 6.000000e+00 8.000000e+00 3.500000e+01 3.446430e+01
1.000000e+00 7.000000e+00 5.700000e+01 9.000000e+00 9.000000e+00 4.800000e+01 5.032658e+01
1.000000e+00 9.000000e+00 9.500000e+01 5.000000e+00 9.000000e+00 9.500000e+01 9.276094e+01
1.000000e+00 5.000000e+00 6.200000e+01 6.000000e+00 2.000000e+00 4.800000e+01 4.691406e+01
1.000000e+00 1.000000e+00 7.200000e+01 8.000000e+00 1.000000e+00 4.500000e+01 4.644810e+01
1.000000e+00 2.000000e+00 7.300000e+01 7.000000e+00 9.000000e+00 4.900000e+01 5.140483e+01
1.000000e+00 4.000000e+00 7.300000e+01 7.000000e+00 1.000000e+00 5.700000e+01 5.553274e+01
1.000000e+00 5.000000e+00 7.500000e+01 9.000000e+00 7.000000e+00 6.100000e+01 6.254345e+01
1.000000e+00 9.000000e+00 7.400000e+01 8.000000e+00 4.000000e+00 7.500000e+01 7.185417e+01
1.000000e+00 1.000000e+00 5.600000e+01 6.000000e+00 4.000000e+00 2.600000e+01 2.981237e+01
1.000000e+00 3.000000e+00 6.700000e+01 9.000000e+00 5.000000e+00 4.700000e+01 4.831985e+01
1.000000e+00 5.000000e+00 5.300000e+01 5.000000e+00 8.000000e+00 3.700000e+01 3.846132e+01
1.000000e+00 3.000000e+00 7.300000e+01 9.000000e+00 6.000000e+00 5.500000e+01 5.461752e+01
1.000000e+00 4.000000e+00 8.700000e+01 8.000000e+00 4.000000e+00 7.300000e+01 7.083432e+01
1.000000e+00 3.000000e+00 5.000000e+01 8.000000e+00 4.000000e+00 3.000000e+01 3.035948e+01
1.000000e+00 4.000000e+00 9.600000e+01 7.000000e+00 9.000000e+00 8.000000e+01 8.049051e+01
1.000000e+00 1.000000e+00 5.200000e+01 5.000000e+00 8.000000e+00 2.400000e+01 2.605231e+01
1.000000e+00 8.000000e+00 7.200000e+01 7.000000e+00 8.000000e+00 6.600000e+01 6.727998e+01
1.000000e+00 4.000000e+00 9.600000e+01 6.000000e+00 1.000000e+00 7.700000e+01 7.844603e+01
1.000000e+00 7.000000e+00 9.400000e+01 6.000000e+00 6.000000e+00 8.600000e+01 8.593628e+01
1.000000e+00 2.000000e+00 4.100000e+01 4.000000e+00 9.000000e+00 1.300000e+01 1.743363e+01
1.000000e+00 2.000000e+00 7.300000e+01 8.000000e+00 0.000000e+00 5.200000e+01 5.011705e+01
1.000000e+00 6.000000e+00 9.200000e+01 5.000000e+00 3.000000e+00 8.000000e+01 7.998997e+01
1.000000e+00 2.000000e+00 6.800000e+01 5.000000e+00 1.000000e+00 4.400000e+01 4.379928e+01
1.000000e+00 6.000000e+00 7.600000e+01 7.000000e+00 9.000000e+00 6.800000e+01 6.584772e+01
1.000000e+00 2.000000e+00 4.300000e+01 9.000000e+00 8.000000e+00 2.300000e+01 2.165329e+01
1.000000e+00 4.000000e+00 5.100000e+01 9.000000e+00 5.000000e+00 3.600000e+01 3.489681e+01
1.000000e+00 7.000000e+00 6.500000e+01 7.000000e+00 3.000000e+00 5.800000e+01 5.633329e+01
1.000000e+00 8.000000e+00 9.700000e+01 9.000000e+00 2.000000e+00 9.100000e+01 9.248013e+01
1.000000e+00 3.000000e+00 6.700000e+01 5.000000e+00 3.000000e+00 4.800000e+01 4.602238e+01
1.000000e+00 9.000000e+00 4.200000e+01 7.000000e+00 1.000000e+00 4.000000e+01 3.824765e+01
1.000000e+00 2.000000e+00 5.900000e+01 9.000000e+00 4.000000e+00 3.300000e+01 3.714029e+01
1.000000e+00 8.000000e+00 4.900000e+01 4.000000e+00 8.000000e+00 4.600000e+01 4.246125e+01
1.000000e+00 8.000000e+00 9.100000e+01 8.000000e+00 5.000000e+00 8.700000e+01 8.649018e+01
1.000000e+00 4.000000e+00 5.700000e+01 4.000000e+00 1.000000e+00 3.900000e+01 3.783260e+01
1.000000e+00 1.000000e+00 9.200000e+01 9.000000e+00 5.000000e+00 7.000000e+01 6.804735e+01
1.000000e+00 1.000000e+00 9.200000e+01 6.000000e+00 8.000000e+00 6.700000e+01 6.720632e+01
1.000000e+00 2.000000e+00 9.200000e+01 5.000000e+00 3.000000e+00 6.800000e+01 6.859790e+01
1.000000e+00 9.000000e+00 6.600000e+01 4.000000e+00 0.000000e+00 6.100000e+01 6.102914e+01
1.000000e+00 2.000000e+00 7.000000e+01 4.000000e+00 1.000000e+00 5.100000e+01 4.535680e+01
1.000000e+00 2.000000e+00 6.600000e+01 7.000000e+00 4.000000e+00 4.300000e+01 4.330616e+01
1.000000e+00 6.000000e+00 8.100000e+01 7.000000e+00 9.000000e+00 7.000000e+01 7.093243e+01
1.000000e+00 7.000000e+00 4.000000e+01 7.000000e+00 6.000000e+00 3.400000e+01 3.149781e+01
1.000000e+00 7.000000e+00 4.500000e+01 9.000000e+00 7.000000e+00 3.300000e+01 3.773125e+01
1.000000e+00 9.000000e+00 5.000000e+01 6.000000e+00 2.000000e+00 4.600000e+01 4.610283e+01
1.000000e+00 6.000000e+00 7.300000e+01 4.000000e+00 8.000000e+00 6.000000e+01 6.117180e+01
1.000000e+00 8.000000e+00 7.800000e+01 8.000000e+00 1.000000e+00 7.300000e+01 7.248587e+01
1.000000e+00 6.000000e+00 5.900000e+01 7.000000e+00 3.000000e+00 4.700000e+01 4.738363e+01
1.000000e+00 2.000000e+00 9.200000e+01 6.000000e+00 3.000000e+00 6.700000e+01 6.907426e+01
1.000000e+00 1.000000e+00 6.000000e+01 9.000000e+00 5.000000e+00 3.700000e+01 3.550523e+01
1.000000e+00 5.000000e+00 6.000000e+01 6.000000e+00 9.000000e+00 4.400000e+01 4.625229e+01
1.000000e+00 9.000000e+00 5.700000e+01 7.000000e+00 5.000000e+00 5.500000e+01 5.428583e+01
1.000000e+00 8.000000e+00 6.000000e+01 5.000000e+00 2.000000e+00 5.200000e+01 5.294787e+01
1.000000e+00 4.000000e+00 5.800000e+01 4.000000e+00 8.000000e+00 4.200000e+01 4.022165e+01
1.000000e+00 5.000000e+00 4.300000e+01 7.000000e+00 4.000000e+00 2.800000e+01 2.846056e+01
1.000000e+00 5.000000e+00 5.200000e+01 8.000000e+00 1.000000e+00 3.100000e+01 3.750135e+01
1.000000e+00 6.000000e+00 5.700000e+01 4.000000e+00 5.000000e+00 4.200000e+01 4.431270e+01
1.000000e+00 3.000000e+00 9.100000e+01 6.000000e+00 2.000000e+00 7.100000e+01 7.070932e+01
1.000000e+00 5.000000e+00 6.800000e+01 8.000000e+00 7.000000e+00 5.400000e+01 5.494850e+01
1.000000e+00 2.000000e+00 6.400000e+01 4.000000e+00 2.000000e+00 4.200000e+01 3.945117e+01
1.000000e+00 1.000000e+00 9.500000e+01 8.000000e+00 4.000000e+00 6.800000e+01 7.042580e+01
1.000000e+00 1.000000e+00 5.200000e+01 6.000000e+00 3.000000e+00 2.700000e+01 2.554859e+01
1.000000e+00 7.000000e+00 6.600000e+01 7.000000e+00 3.000000e+00 5.900000e+01 5.735023e+01
1.000000e+00 2.000000e+00 9.900000e+01 8.000000e+00 1.000000e+00 7.700000e+01 7.675354e+01
1.000000e+00 4.000000e+00 5.800000e+01 7.000000e+00 7.000000e+00 4.300000e+01 4.145471e+01
1.000000e+00 5.000000e+00 8.800000e+01 6.000000e+00 2.000000e+00 7.300000e+01 7.335453e+01
1.000000e+00 7.000000e+00 4.000000e+01 6.000000e+00 3.000000e+00 3.100000e+01 3.043340e+01
1.000000e+00 2.000000e+00 7.700000e+01 8.000000e+00 5.000000e+00 5.500000e+01 5.516489e+01
1.000000e+00 6.000000e+00 5.800000e+01 8.000000e+00 8.000000e+00 4.900000e+01 4.782312e+01
1.000000e+00 1.000000e+00 9.100000e+01 6.000000e+00 3.000000e+00 6.500000e+01 6.520930e+01
1.000000e+00 7.000000e+00 4.000000e+01 8.000000e+00 2.000000e+00 3.000000e+01 3.119010e+01
1.000000e+00 9.000000e+00 7.900000e+01 8.000000e+00 4.000000e+00 7.500000e+01 7.693888e+01
1.000000e+00 5.000000e+00 5.600000e+01 8.000000e+00 8.000000e+00 4.300000e+01 4.294122e+01
1.000000e+00 5.000000e+00 6.000000e+01 9.000000e+00 0.000000e+00 4.900000e+01 4.591722e+01
1.000000e+00 4.000000e+00 6.100000e+01 8.000000e+00 4.000000e+00 4.400000e+01 4.439385e+01
1.000000e+00 3.000000e+00 5.400000e+01 4.000000e+00 3.000000e+00 3.500000e+01 3.232579e+01
1.000000e+00 9.000000e+00 8.900000e+01 6.000000e+00 4.000000e+00 8.800000e+01 8.615557e+01
1.000000e+00 5.000000e+00 7.800000e+01 6.000000e+00 6.000000e+00 6.500000e+01 6.396918e+01
1.000000e+00 8.000000e+00 8.700000e+01 5.000000e+00 6.000000e+00 8.200000e+01 8.118935e+01
1.000000e+00 9.000000e+00 7.800000e+01 7.000000e+00 6.000000e+00 7.600000e+01 7.583761e+01
1.000000e+00 5.000000e+00 7.100000e+01 5.000000e+00 0.000000e+00 5.400000e+01 5.519814e+01
1.000000e+00 9.000000e+00 8.800000e+01 8.000000e+00 8.000000e+00 9.000000e+01 8.687542e+01
1.000000e+00 2.000000e+00 4.300000e+01 8.000000e+00 6.000000e+00 2.300000e+01 2.078490e+01
1.000000e+00 9.000000e+00 8.300000e+01 4.000000e+00 3.000000e+00 7.900000e+01 7.890519e+01
1.000000e+00 4.000000e+00 8.400000e+01 4.000000e+00 3.000000e+00 6.500000e+01 6.568204e+01
1.000000e+00 6.000000e+00 7.100000e+01 4.000000e+00 1.000000e+00 5.900000e+01 5.776581e+01
1.000000e+00 6.000000e+00 4.300000e+01 4.000000e+00 5.000000e+00 2.800000e+01 3.007552e+01
1.000000e+00 6.000000e+00 9.200000e+01 4.000000e+00 9.000000e+00 7.900000e+01 8.068971e+01
1.000000e+00 2.000000e+00 4.000000e+01 4.000000e+00 2.000000e+00 1.100000e+01 1.504458e+01
1.000000e+00 7.000000e+00 7.200000e+01 4.000000e+00 0.000000e+00 6.100000e+01 6.143475e+01
1.000000e+00 6.000000e+00 4.600000e+01 4.000000e+00 4.000000e+00 3.600000e+01 3.293033e+01
1.000000e+00 1.000000e+00 4.800000e+01 9.000000e+00 5.000000e+00 2.200000e+01 2.330193e+01
1.000000e+00 2.000000e+00 4.000000e+01 4.000000e+00 4.000000e+00 2.000000e+01 1.543661e+01
1.000000e+00 7.000000e+00 5.500000e+01 6.000000e+00 4.000000e+00 4.500000e+01 4.588353e+01
1.000000e+00 1.000000e+00 5.700000e+01 4.000000e+00 9.000000e+00 3.200000e+01 3.085667e+01
1.000000e+00 1.000000e+00 9.300000e+01 7.000000e+00 7.000000e+00 6.800000e+01 6.850361e+01
1.000000e+00 1.000000e+00 8.600000e+01 4.000000e+00 9.000000e+00 5.500000e+01 6.034797e+01
1.000000e+00 8.000000e+00 4.500000e+01 9.000000e+00 0.000000e+00 3.800000e+01 3.920716e+01
1.000000e+00 4.000000e+00 4.100000e+01 8.000000e+00 7.000000e+00 2.300000e+01 2.464307e+01
1.000000e+00 4.000000e+00 4.800000e+01 9.000000e+00 6.000000e+00 3.300000e+01 3.204200e+01
1.000000e+00 2.000000e+00 4.300000e+01 9.000000e+00 0.000000e+00 2.200000e+01 2.008517e+01
1.000000e+00 1.000000e+00 8.400000e+01 8.000000e+00 8.000000e+00 6.000000e+01 6.002351e+01
1.000000e+00 9.000000e+00 6.200000e+01 4.000000e+00 3.000000e+00 5.800000e+01 5.754942e+01
1.000000e+00 7.000000e+00 9.300000e+01 4.000000e+00 6.000000e+00 8.400000e+01 8.396662e+01
1.000000e+00 4.000000e+00 8.200000e+01 8.000000e+00 2.000000e+00 6.700000e+01 6.535758e+01
1.000000e+00 6.000000e+00 8.400000e+01 7.000000e+00 7.000000e+00 7.900000e+01 7.359122e+01
1.000000e+00 2.000000e+00 8.200000e+01 5.000000e+00 3.000000e+00 6.100000e+01 5.842849e+01
1.000000e+00 7.000000e+00 9.000000e+01 6.000000e+00 1.000000e+00 8.000000e+01 8.088843e+01
1.000000e+00 2.000000e+00 4.700000e+01 8.000000e+00 1.000000e+00 2.700000e+01 2.387259e+01
1.000000e+00 8.000000e+00 7.800000e+01 4.000000e+00 7.000000e+00 7.200000e+01 7.175653e+01
1.000000e+00 8.000000e+00 6.400000e+01 6.000000e+00 7.000000e+00 6.100000e+01 5.847207e+01
1.000000e+00 1.000000e+00 5.500000e+01 4.000000e+00 0.000000e+00 2.500000e+01 2.705865e+01
1.000000e+00 8.000000e+00 7.400000e+01 5.000000e+00 5.000000e+00 6.700000e+01 6.777309e+01
1.000000e+00 2.000000e+00 5.600000e+01 5.000000e+00 8.000000e+00 3.300000e+01 3.296809e+01
1.000000e+00 6.000000e+00 5.700000e+01 8.000000e+00 8.000000e+00 4.600000e+01 4.680618e+01
1.000000e+00 1.000000e+00 9.900000e+01 6.000000e+00 1.000000e+00 7.300000e+01 7.295280e+01
1.000000e+00 5.000000e+00 6.600000e+01 9.000000e+00 7.000000e+00 5.400000e+01 5.339098e+01
1.000000e+00 7.000000e+00 5.400000e+01 6.000000e+00 7.000000e+00 4.400000e+01 4.545464e+01
1.000000e+00 1.000000e+00 9.900000e+01 9.000000e+00 3.000000e+00 7.400000e+01 7.477391e+01
1.000000e+00 2.000000e+00 5.600000e+01 5.000000e+00 3.000000e+00 3.100000e+01 3.198801e+01
1.000000e+00 7.000000e+00 8.200000e+01 4.000000e+00 4.000000e+00 7.300000e+01 7.238823e+01
1.000000e+00 6.000000e+00 4.400000e+01 9.000000e+00 9.000000e+00 3.400000e+01 3.425832e+01
1.000000e+00 3.000000e+00 5.500000e+01 9.000000e+00 6.000000e+00 3.600000e+01 3.631257e+01
1.000000e+00 2.000000e+00 5.400000e+01 8.000000e+00 0.000000e+00 2.700000e+01 3.079516e+01
1.000000e+00 4.000000e+00 8.100000e+01 7.000000e+00 8.000000e+00 6.600000e+01 6.504038e+01
1.000000e+00 3.000000e+00 8.500000e+01 5.000000e+00 2.000000e+00 6.600000e+01 6.413131e+01
1.000000e+00 7.000000e+00 7.300000e+01 9.000000e+00 3.000000e+00 6.400000e+01 6.542154e+01
1.000000e+00 8.000000e+00 8.700000e+01 5.000000e+00 6.000000e+00 8.200000e+01 8.118935e+01
1.000000e+00 2.000000e+00 5.800000e+01 8.000000e+00 4.000000e+00 3.400000e+01 3.564699e+01
1.000000e+00 7.000000e+00 4.700000e+01 4.000000e+00 4.000000e+00 3.800000e+01 3.679529e+01
1.000000e+00 8.000000e+00 8.600000e+01 6.000000e+00 0.000000e+00 7.900000e+01 7.947267e+01
1.000000e+00 6.000000e+00 4.900000e+01 5.000000e+00 1.000000e+00 3.500000e+01 3.586946e+01
1.000000e+00 6.000000e+00 4.400000e+01 8.000000e+00 4.000000e+00 3.300000e+01 3.280188e+01
1.000000e+00 1.000000e+00 9.100000e+01 8.000000e+00 1.000000e+00 6.500000e+01 6.576999e+01
1.000000e+00 4.000000e+00 8.700000e+01 8.000000e+00 0.000000e+00 6.900000e+01 7.005026e+01
1.000000e+00 1.000000e+00 9.200000e+01 6.000000e+00 9.000000e+00 6.600000e+01 6.740234e+01
1.000000e+00 4.000000e+00 6.500000e+01 5.000000e+00 2.000000e+00 4.500000e+01 4.664050e+01
1.000000e+00 2.000000e+00 6.100000e+01 9.000000e+00 0.000000e+00 3.700000e+01 3.839011e+01
1.000000e+00 5.000000e+00 8.300000e+01 8.000000e+00 9.000000e+00 7.100000e+01 7.059465e+01
1.000000e+00 9.000000e+00 6.200000e+01 6.000000e+00 7.000000e+00 5.900000e+01 5.928621e+01
1.000000e+00 3.000000e+00 5.200000e+01 4.000000e+00 7.000000e+00 3.200000e+01 3.107597e+01
1.000000e+00 8.000000e+00 4.800000e+01 7.000000e+00 7.000000e+00 4.000000e+01 4.267737e+01
1.000000e+00 3.000000e+00 8.800000e+01 5.000000e+00 6.000000e+00 7.300000e+01 6.796620e+01
1.000000e+00 6.000000e+00 5.900000e+01 6.000000e+00 6.000000e+00 4.800000e+01 4.749531e+01
1.000000e+00 4.000000e+00 6.700000e+01 7.000000e+00 1.000000e+00 5.200000e+01 4.943109e+01
1.000000e+00 8.000000e+00 8.300000e+01 7.000000e+00 8.000000e+00 7.900000e+01 7.846633e+01
1.000000e+00 6.000000e+00 9.600000e+01 6.000000e+00 6.000000e+00 8.500000e+01 8.512214e+01
1.000000e+00 8.000000e+00 7.600000e+01 9.000000e+00 4.000000e+00 7.200000e+01 7.151640e+01
1.000000e+00 1.000000e+00 6.300000e+01 9.000000e+00 3.000000e+00 3.900000e+01 3.816402e+01
1.000000e+00 6.000000e+00 8.300000e+01 6.000000e+00 7.000000e+00 7.200000e+01 7.209792e+01
1.000000e+00 1.000000e+00 7.200000e+01 6.000000e+00 4.000000e+00 5.100000e+01 4.608343e+01
1.000000e+00 1.000000e+00 5.900000e+01 8.000000e+00 5.000000e+00 3.600000e+01 3.401193e+01
1.000000e+00 8.000000e+00 9.900000e+01 4.000000e+00 3.000000e+00 8.900000e+01 9.232823e+01
1.000000e+00 7.000000e+00 8.700000e+01 9.000000e+00 1.000000e+00 8.200000e+01 7.926669e+01
1.000000e+00 3.000000e+00 6.900000e+01 8.000000e+00 6.000000e+00 5.100000e+01 5.007339e+01
1.000000e+00 6.000000e+00 8.300000e+01 7.000000e+00 1.000000e+00 7.500000e+01 7.139819e+01
1.000000e+00 9.000000e+00 4.800000e+01 7.000000e+00 6.000000e+00 4.400000e+01 4.532937e+01
1.000000e+00 7.000000e+00 8.400000e+01 7.000000e+00 6.000000e+00 7.200000e+01 7.624322e+01
1.000000e+00 3.000000e+00 8.800000e+01 6.000000e+00 0.000000e+00 6.600000e+01 6.726646e+01
1.000000e+00 6.000000e+00 5.600000e+01 5.000000e+00 9.000000e+00 4.100000e+01 4.455618e+01
1.000000e+00 4.000000e+00 7.500000e+01 8.000000e+00 9.000000e+00 5.900000e+01 5.961111e+01
1.000000e+00 3.000000e+00 5.300000e+01 5.000000e+00 2.000000e+00 3.100000e+01 3.158919e+01
1.000000e+00 9.000000e+00 5.800000e+01 4.000000e+00 2.000000e+00 5.400000e+01 5.328564e+01
1.000000e+00 2.000000e+00 4.600000e+01 4.000000e+00 5.000000e+00 2.300000e+01 2.173427e+01
1.000000e+00 1.000000e+00 9.800000e+01 8.000000e+00 2.000000e+00 7.500000e+01 7.308459e+01
1.000000e+00 2.000000e+00 4.200000e+01 7.000000e+00 8.000000e+00 2.100000e+01 1.968363e+01
1.000000e+00 7.000000e+00 7.200000e+01 9.000000e+00 4.000000e+00 6.900000e+01 6.460062e+01
1.000000e+00 1.000000e+00 8.300000e+01 4.000000e+00 5.000000e+00 5.600000e+01 5.651308e+01
1.000000e+00 6.000000e+00 7.100000e+01 5.000000e+00 5.000000e+00 6.000000e+01 5.902623e+01
1.000000e+00 7.000000e+00 8.600000e+01 5.000000e+00 7.000000e+00 7.900000e+01 7.752040e+01
1.000000e+00 9.000000e+00 5.000000e+01 9.000000e+00 9.000000e+00 4.700000e+01 4.890402e+01
1.000000e+00 8.000000e+00 8.100000e+01 6.000000e+00 2.000000e+00 7.200000e+01 7.477999e+01
1.000000e+00 6.000000e+00 4.100000e+01 7.000000e+00 8.000000e+00 3.100000e+01 3.005876e+01
1.000000e+00 3.000000e+00 6.500000e+01 6.000000e+00 6.000000e+00 4.500000e+01 4.505291e+01
1.000000e+00 8.000000e+00 4.300000e+01 8.000000e+00 5.000000e+00 4.000000e+01 3.767699e+01
1.000000e+00 7.000000e+00 5.600000e+01 4.000000e+00 0.000000e+00 4.600000e+01 4.516369e+01
1.000000e+00 3.000000e+00 5.600000e+01 9.000000e+00 3.000000e+00 3.800000e+01 3.674147e+01
1.000000e+00 9.000000e+00 6.700000e+01 9.000000e+00 4.000000e+00 6.400000e+01 6.521195e+01
1.000000e+00 2.000000e+00 6.900000e+01 9.000000e+00 1.000000e+00 4.600000e+01 4.672166e+01
1.000000e+00 3.000000e+00 7.900000e+01 6.000000e+00 0.000000e+00 5.800000e+01 5.811399e+01
1.000000e+00 2.000000e+00 6.200000e+01 6.000000e+00 1.000000e+00 3.700000e+01 3.817399e+01
1.000000e+00 1.000000e+00 8.500000e+01 8.000000e+00 7.000000e+00 6.200000e+01 6.084443e+01
1.000000e+00 4.000000e+00 6.300000e+01 5.000000e+00 9.000000e+00 4.900000e+01 4.597873e+01
1.000000e+00 5.000000e+00 6.800000e+01 5.000000e+00 5.000000e+00 5.300000e+01 5.312739e+01
1.000000e+00 6.000000e+00 4.300000e+01 8.000000e+00 9.000000e+00 3.000000e+01 3.276502e+01
1.000000e+00 5.000000e+00 7.700000e+01 9.000000e+00 1.000000e+00 5.900000e+01 6.340124e+01
1.000000e+00 1.000000e+00 6.800000e+01 5.000000e+00 8.000000e+00 4.000000e+01 4.232337e+01
1.000000e+00 3.000000e+00 5.800000e+01 8.000000e+00 7.000000e+00 3.700000e+01 3.908305e+01
1.000000e+00 1.000000e+00 6.600000e+01 5.000000e+00 3.000000e+00 4.100000e+01 3.930941e+01
1.000000e+00 5.000000e+00 6.800000e+01 8.000000e+00 9.000000e+00 5.600000e+01 5.534054e+01
1.000000e+00 5.000000e+00 9.500000e+01 5.000000e+00 6.000000e+00 8.100000e+01 8.078082e+01
1.000000e+00 6.000000e+00 7.500000e+01 9.000000e+00 2.000000e+00 6.600000e+01 6.441139e+01
1.000000e+00 8.000000e+00 7.400000e+01 6.000000e+00 5.000000e+00 7.100000e+01 6.824945e+01
1.000000e+00 1.000000e+00 9.100000e+01 6.000000e+00 2.000000e+00 6.400000e+01 6.501328e+01
1.000000e+00 4.000000e+00 4.500000e+01 9.000000e+00 9.000000e+00 3.100000e+01 2.957923e+01
1.000000e+00 1.000000e+00 9.800000e+01 5.000000e+00 2.000000e+00 7.200000e+01 7.165551e+01
1.000000e+00 9.000000e+00 6.200000e+01 9.000000e+00 8.000000e+00 5.700000e+01 6.091130e+01
1.000000e+00 7.000000e+00 7.800000e+01 8.000000e+00 5.000000e+00 6.700000e+01 7.042192e+01
1.000000e+00 7.000000e+00 8.500000e+01 6.000000e+00 7.000000e+00 7.600000e+01 7.697982e+01
1.000000e+00 5.000000e+00 8.300000e+01 4.000000e+00 3.000000e+00 6.800000e+01 6.751312e+01
1.000000e+00 7.000000e+00 8.700000e+01 5.000000e+00 3.000000e+00 7.800000e+01 7.775328e+01
1.000000e+00 2.000000e+00 9.100000e+01 4.000000e+00 7.000000e+00 6.800000e+01 6.788866e+01
1.000000e+00 4.000000e+00 4.700000e+01 4.000000e+00 6.000000e+00 2.500000e+01 2.864326e+01
1.000000e+00 7.000000e+00 9.400000e+01 7.000000e+00 4.000000e+00 8.600000e+01 8.602061e+01
1.000000e+00 3.000000e+00 4.100000e+01 4.000000e+00 1.000000e+00 1.500000e+01 1.871352e+01
1.000000e+00 2.000000e+00 5.200000e+01 4.000000e+00 5.000000e+00 2.800000e+01 2.783592e+01
1.000000e+00 2.000000e+00 7.900000e+01 9.000000e+00 0.000000e+00 5.800000e+01 5.669505e+01
1.000000e+00 1.000000e+00 9.600000e+01 7.000000e+00 6.000000e+00 7.200000e+01 7.135841e+01
1.000000e+00 5.000000e+00 6.000000e+01 7.000000e+00 8.000000e+00 4.500000e+01 4.653263e+01
1.000000e+00 6.000000e+00 7.000000e+01 7.000000e+00 4.000000e+00 5.900000e+01 5.876600e+01
1.000000e+00 6.000000e+00 9.100000e+01 8.000000e+00 4.000000e+00 7.800000e+01 8.059812e+01
1.000000e+00 9.000000e+00 8.700000e+01 7.000000e+00 6.000000e+00 8.400000e+01 8.499008e+01
1.000000e+00 4.000000e+00 7.500000e+01 9.000000e+00 4.000000e+00 5.600000e+01 5.910739e+01
1.000000e+00 1.000000e+00 8.700000e+01 8.000000e+00 9.000000e+00 6.200000e+01 6.327035e+01
1.000000e+00 6.000000e+00 9.100000e+01 5.000000e+00 3.000000e+00 7.800000e+01 7.897303e+01
1.000000e+00 5.000000e+00 7.700000e+01 8.000000e+00 0.000000e+00 6.200000e+01 6.272886e+01
1.000000e+00 6.000000e+00 6.600000e+01 5.000000e+00 5.000000e+00 5.400000e+01 5.394153e+01
1.000000e+00 3.000000e+00 7.500000e+01 7.000000e+00 8.000000e+00 5.700000e+01 5.609071e+01
1.000000e+00 2.000000e+00 8.700000e+01 7.000000e+00 3.000000e+00 6.100000e+01 6.446591e+01
1.000000e+00 6.000000e+00 6.200000e+01 5.000000e+00 9.000000e+00 4.900000e+01 5.065783e+01
1.000000e+00 1.000000e+00 9.400000e+01 6.000000e+00 3.000000e+00 7.100000e+01 6.826012e+01
1.000000e+00 7.000000e+00 6.000000e+01 9.000000e+00 4.000000e+00 5.500000e+01 5.239732e+01
1.000000e+00 7.000000e+00 5.200000e+01 8.000000e+00 5.000000e+00 4.400000e+01 4.398145e+01
1.000000e+00 7.000000e+00 7.600000e+01 9.000000e+00 2.000000e+00 6.800000e+01 6.827635e+01
1.000000e+00 1.000000e+00 8.600000e+01 9.000000e+00 8.000000e+00 6.000000e+01 6.253375e+01
1.000000e+00 4.000000e+00 6.500000e+01 4.000000e+00 0.000000e+00 4.500000e+01 4.577211e+01
1.000000e+00 7.000000e+00 7.900000e+01 7.000000e+00 5.000000e+00 7.200000e+01 7.096250e+01
1.000000e+00 9.000000e+00 4.600000e+01 8.000000e+00 5.000000e+00 4.100000e+01 4.357583e+01
1.000000e+00 5.000000e+00 8.500000e+01 9.000000e+00 7.000000e+00 7.300000e+01 7.271287e+01
1.000000e+00 2.000000e+00 7.800000e+01 8.000000e+00 4.000000e+00 5.700000e+01 5.598582e+01
1.000000e+00 7.000000e+00 6.100000e+01 9.000000e+00 8.000000e+00 5.500000e+01 5.419833e+01
1.000000e+00 1.000000e+00 7.800000e+01 7.000000e+00 8.000000e+00 5.300000e+01 5.344550e+01
1.000000e+00 7.000000e+00 6.200000e+01 9.000000e+00 1.000000e+00 5.300000e+01 5.384316e+01
1.000000e+00 6.000000e+00 9.700000e+01 5.000000e+00 4.000000e+00 8.700000e+01 8.527069e+01
1.000000e+00 7.000000e+00 6.900000e+01 7.000000e+00 6.000000e+00 6.100000e+01 6.098910e+01
1.000000e+00 3.000000e+00 5.700000e+01 8.000000e+00 1.000000e+00 3.800000e+01 3.689002e+01
1.000000e+00 3.000000e+00 8.100000e+01 6.000000e+00 6.000000e+00 6.000000e+01 6.132397e+01
1.000000e+00 7.000000e+00 5.700000e+01 9.000000e+00 8.000000e+00 4.900000e+01 5.013056e+01
1.000000e+00 2.000000e+00 8.500000e+01 5.000000e+00 7.000000e+00 6.400000e+01 6.226337e+01
1.000000e+00 1.000000e+00 4.900000e+01 7.000000e+00 9.000000e+00 2.300000e+01 2.415022e+01
1.000000e+00 9.000000e+00 7.800000e+01 4.000000e+00 8.000000e+00 7.200000e+01 7.480056e+01
1.000000e+00 9.000000e+00 6.900000e+01 7.000000e+00 3.000000e+00 7.100000e+01 6.609709e+01
1.000000e+00 7.000000e+00 6.500000e+01 8.000000e+00 7.000000e+00 5.900000e+01 5.759372e+01
1.000000e+00 7.000000e+00 4.600000e+01 8.000000e+00 8.000000e+00 3.800000e+01 3.846785e+01
1.000000e+00 3.000000e+00 4.600000e+01 4.000000e+00 9.000000e+00 2.400000e+01 2.536635e+01
1.000000e+00 2.000000e+00 4.400000e+01 5.000000e+00 1.000000e+00 1.800000e+01 1.939268e+01
1.000000e+00 7.000000e+00 4.000000e+01 8.000000e+00 9.000000e+00 3.300000e+01 3.256221e+01
1.000000e+00 9.000000e+00 8.500000e+01 5.000000e+00 2.000000e+00 8.100000e+01 8.121942e+01
1.000000e+00 1.000000e+00 5.700000e+01 5.000000e+00 0.000000e+00 3.000000e+01 2.956889e+01
1.000000e+00 4.000000e+00 5.200000e+01 7.000000e+00 0.000000e+00 3.200000e+01 3.398095e+01
1.000000e+00 6.000000e+00 6.400000e+01 5.000000e+00 9.000000e+00 5.000000e+01 5.269171e+01
1.000000e+00 7.000000e+00 7.900000e+01 9.000000e+00 5.000000e+00 7.300000e+01 7.191522e+01
1.000000e+00 7.000000e+00 4.700000e+01 8.000000e+00 0.000000e+00 3.800000e+01 3.791666e+01
1.000000e+00 2.000000e+00 4.900000e+01 8.000000e+00 4.000000e+00 2.800000e+01 2.649452e+01
1.000000e+00 4.000000e+00 7.100000e+01 6.000000e+00 5.000000e+00 5.700000e+01 5.380656e+01
1.000000e+00 5.000000e+00 5.600000e+01 5.000000e+00 8.000000e+00 4.100000e+01 4.151214e+01
1.000000e+00 1.000000e+00 7.700000e+01 6.000000e+00 5.000000e+00 5.200000e+01 5.136415e+01
1.000000e+00 1.000000e+00 5.400000e+01 7.000000e+00 3.000000e+00 2.600000e+01 2.805883e+01
1.000000e+00 3.000000e+00 5.400000e+01 6.000000e+00 0.000000e+00 2.800000e+01 3.269046e+01
1.000000e+00 3.000000e+00 9.600000e+01 5.000000e+00 5.000000e+00 7.400000e+01 7.590571e+01
1.000000e+00 8.000000e+00 8.700000e+01 8.000000e+00 6.000000e+00 8.100000e+01 8.261843e+01
1.000000e+00 9.000000e+00 7.900000e+01 7.000000e+00 4.000000e+00 8.100000e+01 7.646252e+01
1.000000e+00 1.000000e+00 9.000000e+01 5.000000e+00 5.000000e+00 6.100000e+01 6.410803e+01
1.000000e+00 2.000000e+00 5.900000e+01 7.000000e+00 9.000000e+00 3.800000e+01 3.716765e+01
1.000000e+00 2.000000e+00 5.400000e+01 4.000000e+00 7.000000e+00 2.900000e+01 3.026183e+01
1.000000e+00 4.000000e+00 7.400000e+01 5.000000e+00 0.000000e+00 5.700000e+01 5.540094e+01
1.000000e+00 2.000000e+00 4.500000e+01 4.000000e+00 7.000000e+00 2.100000e+01 2.110936e+01
1.000000e+00 7.000000e+00 6.900000e+01 6.000000e+00 1.000000e+00 5.700000e+01 5.953267e+01
1.000000e+00 9.000000e+00 9.600000e+01 5.000000e+00 1.000000e+00 9.400000e+01 9.220976e+01
1.000000e+00 7.000000e+00 4.700000e+01 4.000000e+00 7.000000e+00 3.900000e+01 3.738333e+01
1.000000e+00 6.000000e+00 7.000000e+01 9.000000e+00 1.000000e+00 5.900000e+01 5.913067e+01
1.000000e+00 1.000000e+00 8.700000e+01 8.000000e+00 7.000000e+00 6.400000e+01 6.287832e+01
1.000000e+00 9.000000e+00 8.600000e+01 6.000000e+00 4.000000e+00 8.300000e+01 8.310475e+01
1.000000e+00 5.000000e+00 7.100000e+01 5.000000e+00 8.000000e+00 5.300000e+01 5.676626e+01
1.000000e+00 5.000000e+00 8.400000e+01 5.000000e+00 8.000000e+00 7.000000e+01 6.998650e+01
1.000000e+00 6.000000e+00 9.700000e+01 8.000000e+00 7.000000e+00 9.200000e+01 8.728782e+01
1.000000e+00 9.000000e+00 9.100000e+01 8.000000e+00 8.000000e+00 9.200000e+01 8.992624e+01
1.000000e+00 8.000000e+00 5.400000e+01 4.000000e+00 6.000000e+00 4.700000e+01 4.715392e+01
1.000000e+00 8.000000e+00 5.700000e+01 4.000000e+00 7.000000e+00 5.100000e+01 5.040076e+01
1.000000e+00 8.000000e+00 5.200000e+01 4.000000e+00 5.000000e+00 4.500000e+01 4.492403e+01
1.000000e+00 1.000000e+00 6.300000e+01 7.000000e+00 8.000000e+00 3.400000e+01 3.819138e+01
1.000000e+00 1.000000e+00 7.900000e+01 6.000000e+00 1.000000e+00 5.000000e+01 5.261397e+01
1.000000e+00 8.000000e+00 5.300000e+01 5.000000e+00 2.000000e+00 4.500000e+01 4.582928e+01
1.000000e+00 5.000000e+00 6.700000e+01 6.000000e+00 1.000000e+00 5.400000e+01 5.180275e+01
1.000000e+00 9.000000e+00 5.000000e+01 8.000000e+00 5.000000e+00 5.200000e+01 4.764360e+01
1.000000e+00 2.000000e+00 4.500000e+01 9.000000e+00 2.000000e+00 2.000000e+01 2.251108e+01
1.000000e+00 9.000000e+00 9.500000e+01 6.000000e+00 0.000000e+00 9.300000e+01 9.147316e+01
1.000000e+00 8.000000e+00 6.400000e+01 6.000000e+00 3.000000e+00 5.300000e+01 5.768801e+01
1.000000e+00 9.000000e+00 4.000000e+01 4.000000e+00 4.000000e+00 3.500000e+01 3.537273e+01
1.000000e+00 4.000000e+00 6.400000e+01 8.000000e+00 3.000000e+00 4.800000e+01 4.724866e+01
1.000000e+00 1.000000e+00 4.100000e+01 6.000000e+00 5.000000e+00 1.800000e+01 1.475427e+01
1.000000e+00 1.000000e+00 7.100000e+01 5.000000e+00 2.000000e+00 4.300000e+01 4.419810e+01
1.000000e+00 5.000000e+00 5.200000e+01 4.000000e+00 9.000000e+00 3.600000e+01 3.716404e+01
1.000000e+00 2.000000e+00 7.200000e+01 6.000000e+00 5.000000e+00 5.100000e+01 4.912746e+01
1.000000e+00 8.000000e+00 7.100000e+01 8.000000e+00 9.000000e+00 6.500000e+01 6.693541e+01
1.000000e+00 5.000000e+00 9.500000e+01 9.000000e+00 0.000000e+00 8.100000e+01 8.151017e+01
1.000000e+00 5.000000e+00 6.300000e+01 5.000000e+00 5.000000e+00 4.500000e+01 4.804269e+01
1.000000e+00 2.000000e+00 6.600000e+01 9.000000e+00 7.000000e+00 4.600000e+01 4.484693e+01
1.000000e+00 7.000000e+00 4.300000e+01 8.000000e+00 9.000000e+00 3.200000e+01 3.561304e+01
1.000000e+00 8.000000e+00 6.300000e+01 8.000000e+00 7.000000e+00 6.000000e+01 5.840785e+01
1.000000e+00 1.000000e+00 6.200000e+01 8.000000e+00 0.000000e+00 3.300000e+01 3.608267e+01
1.000000e+00 2.000000e+00 6.800000e+01 9.000000e+00 6.000000e+00 4.500000e+01 4.668479e+01
1.000000e+00 4.000000e+00 7.300000e+01 7.000000e+00 9.000000e+00 5.400000e+01 5.710086e+01
1.000000e+00 5.000000e+00 6.000000e+01 5.000000e+00 9.000000e+00 4.600000e+01 4.577593e+01
1.000000e+00 2.000000e+00 6.900000e+01 8.000000e+00 3.000000e+00 4.900000e+01 4.663733e+01
1.000000e+00 1.000000e+00 6.500000e+01 7.000000e+00 5.000000e+00 3.800000e+01 3.963722e+01
1.000000e+00 9.000000e+00 5.900000e+01 4.000000e+00 5.000000e+00 5.300000e+01 5.489063e+01
1.000000e+00 1.000000e+00 5.500000e+01 7.000000e+00 4.000000e+00 3.000000e+01 2.927179e+01
1.000000e+00 4.000000e+00 4.200000e+01 4.000000e+00 9.000000e+00 2.400000e+01 2.414660e+01
1.000000e+00 2.000000e+00 8.800000e+01 9.000000e+00 8.000000e+00 6.900000e+01 6.741565e+01
1.000000e+00 4.000000e+00 7.600000e+01 7.000000e+00 9.000000e+00 5.700000e+01 6.015169e+01
1.000000e+00 8.000000e+00 9.700000e+01 9.000000e+00 7.000000e+00 9.400000e+01 9.346021e+01
1.000000e+00 8.000000e+00 7.900000e+01 8.000000e+00 5.000000e+00 7.700000e+01 7.428688e+01
1.000000e+00 9.000000e+00 8.300000e+01 7.000000e+00 3.000000e+00 7.900000e+01 8.033427e+01
1.000000e+00 5.000000e+00 6.400000e+01 7.000000e+00 3.000000e+00 5.000000e+01 4.962031e+01
1.000000e+00 7.000000e+00 6.200000e+01 8.000000e+00 8.000000e+00 5.200000e+01 5.473891e+01
1.000000e+00 3.000000e+00 8.300000e+01 4.000000e+00 3.000000e+00 6.400000e+01 6.181709e+01
1.000000e+00 4.000000e+00 9.800000e+01 8.000000e+00 6.000000e+00 8.600000e+01 8.241271e+01
1.000000e+00 9.000000e+00 4.000000e+01 5.000000e+00 5.000000e+00 3.300000e+01 3.604511e+01
1.000000e+00 1.000000e+00 7.200000e+01 7.000000e+00 1.000000e+00 4.700000e+01 4.597174e+01
1.000000e+00 2.000000e+00 5.400000e+01 5.000000e+00 4.000000e+00 3.100000e+01 3.015015e+01
1.000000e+00 5.000000e+00 5.600000e+01 8.000000e+00 2.000000e+00 4.200000e+01 4.176513e+01
1.000000e+00 3.000000e+00 7.300000e+01 9.000000e+00 8.000000e+00 5.400000e+01 5.500955e+01
1.000000e+00 2.000000e+00 5.600000e+01 8.000000e+00 9.000000e+00 3.300000e+01 3.459319e+01
1.000000e+00 1.000000e+00 9.100000e+01 6.000000e+00 0.000000e+00 6.100000e+01 6.462125e+01
1.000000e+00 3.000000e+00 9.700000e+01 5.000000e+00 9.000000e+00 7.800000e+01 7.770672e+01
1.000000e+00 1.000000e+00 8.000000e+01 6.000000e+00 3.000000e+00 5.500000e+01 5.402295e+01
1.000000e+00 1.000000e+00 8.300000e+01 5.000000e+00 3.000000e+00 5.900000e+01 5.659741e+01
1.000000e+00 1.000000e+00 4.300000e+01 9.000000e+00 8.000000e+00 2.000000e+01 1.880528e+01
1.000000e+00 8.000000e+00 5.200000e+01 6.000000e+00 0.000000e+00 4.300000e+01 4.489667e+01
1.000000e+00 3.000000e+00 4.300000e+01 6.000000e+00 1.000000e+00 1.900000e+01 2.170012e+01
1.000000e+00 1.000000e+00 4.600000e+01 5.000000e+00 0.000000e+00 1.700000e+01 1.838253e+01
1.000000e+00 7.000000e+00 8.500000e+01 8.000000e+00 0.000000e+00 7.300000e+01 7.656043e+01
1.000000e+00 3.000000e+00 9.800000e+01 4.000000e+00 0.000000e+00 7.200000e+01 7.648316e+01
1.000000e+00 8.000000e+00 4.800000e+01 8.000000e+00 2.000000e+00 3.900000e+01 4.217365e+01
1.000000e+00 4.000000e+00 6.200000e+01 4.000000e+00 3.000000e+00 4.400000e+01 4.330934e+01
1.000000e+00 4.000000e+00 7.200000e+01 5.000000e+00 9.000000e+00 5.200000e+01 5.513120e+01
1.000000e+00 5.000000e+00 7.200000e+01 7.000000e+00 1.000000e+00 5.800000e+01 5.736381e+01
1.000000e+00 6.000000e+00 5.900000e+01 8.000000e+00 0.000000e+00 4.500000e+01 4.727194e+01
1.000000e+00 7.000000e+00 4.300000e+01 6.000000e+00 4.000000e+00 3.600000e+01 3.368024e+01
1.000000e+00 4.000000e+00 4.000000e+01 8.000000e+00 5.000000e+00 2.200000e+01 2.323410e+01
1.000000e+00 8.000000e+00 9.300000e+01 5.000000e+00 1.000000e+00 8.600000e+01 8.631091e+01
1.000000e+00 6.000000e+00 8.100000e+01 7.000000e+00 2.000000e+00 6.800000e+01 6.956032e+01
1.000000e+00 1.000000e+00 7.300000e+01 7.000000e+00 9.000000e+00 4.700000e+01 4.855681e+01
1.000000e+00 1.000000e+00 6.600000e+01 8.000000e+00 2.000000e+00 4.000000e+01 4.054247e+01
1.000000e+00 9.000000e+00 6.000000e+01 8.000000e+00 1.000000e+00 5.800000e+01 5.702895e+01
1.000000e+00 6.000000e+00 6.300000e+01 9.000000e+00 3.000000e+00 5.300000e+01 5.240411e+01
1.000000e+00 8.000000e+00 5.400000e+01 8.000000e+00 4.000000e+00 4.600000e+01 4.866733e+01
1.000000e+00 7.000000e+00 7.400000e+01 5.000000e+00 7.000000e+00 6.600000e+01 6.531711e+01
1.000000e+00 6.000000e+00 6.400000e+01 4.000000e+00 5.000000e+00 4.900000e+01 5.143129e+01
1.000000e+00 4.000000e+00 9.400000e+01 9.000000e+00 8.000000e+00 7.700000e+01 7.921334e+01
1.000000e+00 7.000000e+00 4.800000e+01 4.000000e+00 2.000000e+00 3.600000e+01 3.742019e+01
1.000000e+00 9.000000e+00 5.600000e+01 6.000000e+00 9.000000e+00 5.500000e+01 5.357659e+01
1.000000e+00 7.000000e+00 6.000000e+01 5.000000e+00 8.000000e+00 4.900000e+01 5.127595e+01
1.000000e+00 1.000000e+00 9.900000e+01 9.000000e+00 3.000000e+00 7.600000e+01 7.477391e+01
1.000000e+00 9.000000e+00 5.200000e+01 7.000000e+00 7.000000e+00 4.500000e+01 4.959315e+01
1.000000e+00 4.000000e+00 4.200000e+01 9.000000e+00 9.000000e+00 2.800000e+01 2.652840e+01
1.000000e+00 3.000000e+00 4.300000e+01 6.000000e+00 6.000000e+00 2.500000e+01 2.268020e+01
1.000000e+00 4.000000e+00 4.300000e+01 7.000000e+00 6.000000e+00 2.700000e+01 2.600458e+01
1.000000e+00 4.000000e+00 8.200000e+01 9.000000e+00 8.000000e+00 6.700000e+01 6.701004e+01
1.000000e+00 2.000000e+00 6.700000e+01 7.000000e+00 9.000000e+00 4.400000e+01 4.530318e+01
1.000000e+00 1.000000e+00 4.600000e+01 8.000000e+00 1.000000e+00 1.800000e+01 2.000763e+01
1.000000e+00 1.000000e+00 6.500000e+01 7.000000e+00 4.000000e+00 3.700000e+01 3.944120e+01
1.000000e+00 8.000000e+00 5.000000e+01 9.000000e+00 2.000000e+00 4.300000e+01 4.468389e+01
1.000000e+00 2.000000e+00 6.300000e+01 7.000000e+00 6.000000e+00 4.300000e+01 4.064737e+01
1.000000e+00 5.000000e+00 8.200000e+01 5.000000e+00 2.000000e+00 6.600000e+01 6.677652e+01
1.000000e+00 4.000000e+00 4.900000e+01 8.000000e+00 4.000000e+00 3.400000e+01 3.219055e+01
1.000000e+00 8.000000e+00 7.600000e+01 8.000000e+00 4.000000e+00 7.700000e+01 7.104004e+01
1.000000e+00 2.000000e+00 5.200000e+01 6.000000e+00 1.000000e+00 3.100000e+01 2.800457e+01
1.000000e+00 9.000000e+00 8.300000e+01 8.000000e+00 0.000000e+00 8.000000e+01 8.022258e+01
1.000000e+00 7.000000e+00 8.100000e+01 4.000000e+00 5.000000e+00 7.100000e+01 7.156731e+01
1.000000e+00 7.000000e+00 7.800000e+01 5.000000e+00 0.000000e+00 6.900000e+01 6.801276e+01
1.000000e+00 1.000000e+00 5.800000e+01 6.000000e+00 8.000000e+00 3.400000e+01 3.263032e+01
1.000000e+00 2.000000e+00 9.000000e+01 4.000000e+00 9.000000e+00 6.900000e+01 6.726375e+01
1.000000e+00 4.000000e+00 5.800000e+01 7.000000e+00 4.000000e+00 4.400000e+01 4.086667e+01
1.000000e+00 4.000000e+00 5.100000e+01 4.000000e+00 0.000000e+00 3.000000e+01 3.153493e+01
1.000000e+00 3.000000e+00 9.100000e+01 6.000000e+00 7.000000e+00 7.300000e+01 7.168940e+01
1.000000e+00 7.000000e+00 6.100000e+01 8.000000e+00 0.000000e+00 5.200000e+01 5.215384e+01
1.000000e+00 8.000000e+00 8.600000e+01 5.000000e+00 3.000000e+00 8.100000e+01 7.958436e+01
1.000000e+00 2.000000e+00 7.600000e+01 6.000000e+00 6.000000e+00 5.200000e+01 5.339125e+01
1.000000e+00 4.000000e+00 9.500000e+01 4.000000e+00 3.000000e+00 7.700000e+01 7.686840e+01
1.000000e+00 3.000000e+00 6.900000e+01 4.000000e+00 4.000000e+00 4.400000e+01 4.777592e+01
1.000000e+00 2.000000e+00 8.500000e+01 6.000000e+00 6.000000e+00 6.200000e+01 6.254372e+01
1.000000e+00 6.000000e+00 5.100000e+01 9.000000e+00 3.000000e+00 4.400000e+01 4.020082e+01
1.000000e+00 4.000000e+00 6.800000e+01 9.000000e+00 4.000000e+00 5.100000e+01 5.198880e+01
1.000000e+00 6.000000e+00 6.000000e+01 6.000000e+00 6.000000e+00 4.800000e+01 4.851226e+01
1.000000e+00 2.000000e+00 5.000000e+01 9.000000e+00 0.000000e+00 3.000000e+01 2.720376e+01
1.000000e+00 4.000000e+00 9.900000e+01 6.000000e+00 2.000000e+00 8.200000e+01 8.169287e+01
1.000000e+00 6.000000e+00 7.600000e+01 8.000000e+00 0.000000e+00 6.100000e+01 6.455994e+01
1.000000e+00 5.000000e+00 8.700000e+01 6.000000e+00 2.000000e+00 7.200000e+01 7.233759e+01
1.000000e+00 3.000000e+00 9.700000e+01 7.000000e+00 1.000000e+00 7.800000e+01 7.709131e+01
1.000000e+00 8.000000e+00 5.700000e+01 5.000000e+00 4.000000e+00 5.300000e+01 5.028908e+01
1.000000e+00 7.000000e+00 8.300000e+01 5.000000e+00 9.000000e+00 7.800000e+01 7.486161e+01
1.000000e+00 3.000000e+00 9.800000e+01 7.000000e+00 4.000000e+00 7.900000e+01 7.869630e+01
1.000000e+00 6.000000e+00 6.600000e+01 4.000000e+00 9.000000e+00 5.600000e+01 5.424923e+01
1.000000e+00 4.000000e+00 7.600000e+01 4.000000e+00 8.000000e+00 5.800000e+01 5.852659e+01
1.000000e+00 5.000000e+00 8.700000e+01 4.000000e+00 7.000000e+00 7.200000e+01 7.236495e+01
1.000000e+00 5.000000e+00 5.100000e+01 4.000000e+00 2.000000e+00 3.700000e+01 3.477498e+01
1.000000e+00 7.000000e+00 6.200000e+01 8.000000e+00 0.000000e+00 5.600000e+01 5.317078e+01
1.000000e+00 5.000000e+00 7.300000e+01 7.000000e+00 4.000000e+00 5.900000e+01 5.896880e+01
1.000000e+00 3.000000e+00 7.700000e+01 5.000000e+00 2.000000e+00 5.400000e+01 5.599578e+01
1.000000e+00 5.000000e+00 6.200000e+01 7.000000e+00 4.000000e+00 4.700000e+01 4.778245e+01
1.000000e+00 7.000000e+00 9.200000e+01 5.000000e+00 8.000000e+00 8.400000e+01 8.381807e+01
1.000000e+00 5.000000e+00 6.400000e+01 4.000000e+00 0.000000e+00 5.000000e+01 4.760319e+01
1.000000e+00 5.000000e+00 4.300000e+01 8.000000e+00 0.000000e+00 2.700000e+01 2.815286e+01
1.000000e+00 9.000000e+00 6.900000e+01 6.000000e+00 8.000000e+00 6.700000e+01 6.660081e+01
1.000000e+00 3.000000e+00 6.900000e+01 6.000000e+00 2.000000e+00 4.800000e+01 4.833661e+01
1.000000e+00 6.000000e+00 5.200000e+01 9.000000e+00 9.000000e+00 4.200000e+01 4.239385e+01
1.000000e+00 1.000000e+00 8.100000e+01 4.000000e+00 4.000000e+00 5.500000e+01 5.428318e+01
1.000000e+00 5.000000e+00 8.800000e+01 4.000000e+00 8.000000e+00 7.300000e+01 7.357791e+01
1.000000e+00 8.000000e+00 5.300000e+01 7.000000e+00 4.000000e+00 4.600000e+01 4.717403e+01
1.000000e+00 5.000000e+00 9.500000e+01 8.000000e+00 2.000000e+00 8.100000e+01 8.142584e+01
1.000000e+00 9.000000e+00 8.600000e+01 8.000000e+00 8.000000e+00 8.200000e+01 8.484153e+01
1.000000e+00 6.000000e+00 4.700000e+01 7.000000e+00 6.000000e+00 3.500000e+01 3.576838e+01
1.000000e+00 8.000000e+00 9.400000e+01 8.000000e+00 6.000000e+00 9.200000e+01 8.973701e+01
1.000000e+00 8.000000e+00 6.300000e+01 8.000000e+00 7.000000e+00 5.900000e+01 5.840785e+01
1.000000e+00 3.000000e+00 5.700000e+01 6.000000e+00 4.000000e+00 3.500000e+01 3.652535e+01
1.000000e+00 7.000000e+00 7.400000e+01 8.000000e+00 1.000000e+00 6.500000e+01 6.557009e+01
1.000000e+00 7.000000e+00 6.400000e+01 4.000000e+00 8.000000e+00 5.300000e+01 5.486735e+01
1.000000e+00 6.000000e+00 5.600000e+01 6.000000e+00 2.000000e+00 4.500000e+01 4.366043e+01
1.000000e+00 7.000000e+00 7.100000e+01 4.000000e+00 1.000000e+00 6.100000e+01 6.061383e+01
1.000000e+00 2.000000e+00 9.500000e+01 4.000000e+00 9.000000e+00 7.400000e+01 7.234846e+01
1.000000e+00 9.000000e+00 6.300000e+01 7.000000e+00 9.000000e+00 6.000000e+01 6.117154e+01
1.000000e+00 1.000000e+00 4.600000e+01 9.000000e+00 4.000000e+00 2.300000e+01 2.107204e+01
1.000000e+00 1.000000e+00 5.200000e+01 8.000000e+00 7.000000e+00 2.500000e+01 2.728537e+01
1.000000e+00 3.000000e+00 6.600000e+01 8.000000e+00 2.000000e+00 4.500000e+01 4.623851e+01
1.000000e+00 3.000000e+00 8.700000e+01 8.000000e+00 5.000000e+00 6.800000e+01 6.818232e+01
1.000000e+00 1.000000e+00 4.400000e+01 8.000000e+00 8.000000e+00 2.100000e+01 1.934586e+01
1.000000e+00 7.000000e+00 7.500000e+01 6.000000e+00 1.000000e+00 6.500000e+01 6.563431e+01
1.000000e+00 4.000000e+00 6.500000e+01 5.000000e+00 7.000000e+00 4.500000e+01 4.762058e+01
1.000000e+00 2.000000e+00 8.100000e+01 4.000000e+00 9.000000e+00 5.800000e+01 5.811128e+01
1.000000e+00 5.000000e+00 8.400000e+01 9.000000e+00 6.000000e+00 7.600000e+01 7.149991e+01
1.000000e+00 6.000000e+00 7.000000e+01 9.000000e+00 2.000000e+00 5.700000e+01 5.932668e+01
1.000000e+00 9.000000e+00 4.900000e+01 5.000000e+00 0.000000e+00 4.600000e+01 4.421750e+01
1.000000e+00 4.000000e+00 8.500000e+01 5.000000e+00 5.000000e+00 6.800000e+01 6.756738e+01
1.000000e+00 2.000000e+00 6.500000e+01 5.000000e+00 1.000000e+00 4.000000e+01 4.074845e+01
1.000000e+00 5.000000e+00 6.100000e+01 6.000000e+00 2.000000e+00 4.500000e+01 4.589712e+01
1.000000e+00 3.000000e+00 5.100000e+01 5.000000e+00 4.000000e+00 3.100000e+01 2.994734e+01
1.000000e+00 2.000000e+00 7.100000e+01 6.000000e+00 7.000000e+00 5.000000e+01 4.850255e+01
1.000000e+00 1.000000e+00 6.600000e+01 7.000000e+00 1.000000e+00 4.300000e+01 3.987009e+01
1.000000e+00 2.000000e+00 7.200000e+01 7.000000e+00 5.000000e+00 5.000000e+01 4.960382e+01
1.000000e+00 6.000000e+00 9.200000e+01 9.000000e+00 0.000000e+00 8.000000e+01 8.130736e+01
1.000000e+00 8.000000e+00 9.100000e+01 7.000000e+00 6.000000e+00 9.000000e+01 8.620983e+01
1.000000e+00 3.000000e+00 5.900000e+01 6.000000e+00 3.000000e+00 3.800000e+01 3.836321e+01
1.000000e+00 9.000000e+00 7.800000e+01 6.000000e+00 0.000000e+00 7.300000e+01 7.418516e+01
1.000000e+00 9.000000e+00 8.000000e+01 4.000000e+00 8.000000e+00 7.800000e+01 7.683445e+01
1.000000e+00 2.000000e+00 7.900000e+01 5.000000e+00 8.000000e+00 5.400000e+01 5.635774e+01
1.000000e+00 8.000000e+00 9.800000e+01 8.000000e+00 2.000000e+00 9.200000e+01 9.302072e+01
1.000000e+00 5.000000e+00 5.200000e+01 8.000000e+00 5.000000e+00 3.900000e+01 3.828541e+01
1.000000e+00 4.000000e+00 5.300000e+01 5.000000e+00 6.000000e+00 4.100000e+01 3.522127e+01
1.000000e+00 5.000000e+00 8.300000e+01 8.000000e+00 3.000000e+00 7.100000e+01 6.941856e+01
1.000000e+00 4.000000e+00 7.900000e+01 8.000000e+00 5.000000e+00 6.500000e+01 6.289481e+01
1.000000e+00 8.000000e+00 9.200000e+01 8.000000e+00 8.000000e+00 8.700000e+01 8.809516e+01
1.000000e+00 4.000000e+00 6.100000e+01 9.000000e+00 9.000000e+00 4.700000e+01 4.585029e+01
1.000000e+00 6.000000e+00 5.700000e+01 6.000000e+00 5.000000e+00 4.200000e+01 4.526542e+01
1.000000e+00 2.000000e+00 8.700000e+01 6.000000e+00 6.000000e+00 6.200000e+01 6.457760e+01
1.000000e+00 5.000000e+00 6.800000e+01 6.000000e+00 5.000000e+00 5.400000e+01 5.360375e+01
1.000000e+00 6.000000e+00 8.200000e+01 5.000000e+00 6.000000e+00 7.100000e+01 7.040860e+01
1.000000e+00 5.000000e+00 5.500000e+01 7.000000e+00 0.000000e+00 4.200000e+01 3.987980e+01
1.000000e+00 2.000000e+00 8.500000e+01 9.000000e+00 5.000000e+00 6.400000e+01 6.377678e+01
1.000000e+00 7.000000e+00 7.400000e+01 9.000000e+00 8.000000e+00 7.000000e+01 6.741856e+01
1.000000e+00 4.000000e+00 9.200000e+01 8.000000e+00 2.000000e+00 7.700000e+01 7.552700e+01
1.000000e+00 8.000000e+00 7.300000e+01 4.000000e+00 5.000000e+00 6.200000e+01 6.627979e+01
1.000000e+00 7.000000e+00 4.200000e+01 6.000000e+00 3.000000e+00 2.800000e+01 3.246728e+01
1.000000e+00 7.000000e+00 4.300000e+01 9.000000e+00 6.000000e+00 3.600000e+01 3.550135e+01
1.000000e+00 9.000000e+00 9.300000e+01 9.000000e+00 6.000000e+00 9.200000e+01 9.204445e+01
1.000000e+00 1.000000e+00 4.400000e+01 4.000000e+00 8.000000e+00 1.800000e+01 1.744042e+01
1.000000e+00 6.000000e+00 4.900000e+01 8.000000e+00 3.000000e+00 3.700000e+01 3.769057e+01
1.000000e+00 6.000000e+00 9.100000e+01 9.000000e+00 7.000000e+00 8.100000e+01 8.166253e+01
1.000000e+00 6.000000e+00 6.800000e+01 9.000000e+00 7.000000e+00 5.700000e+01 5.827288e+01
1.000000e+00 6.000000e+00 7.100000e+01 7.000000e+00 7.000000e+00 6.100000e+01 6.037099e+01
1.000000e+00 7.000000e+00 7.000000e+01 4.000000e+00 7.000000e+00 6.200000e+01 6.077298e+01
1.000000e+00 6.000000e+00 4.100000e+01 8.000000e+00 5.000000e+00 2.700000e+01 2.994707e+01
1.000000e+00 1.000000e+00 5.100000e+01 8.000000e+00 7.000000e+00 2.600000e+01 2.626843e+01
1.000000e+00 3.000000e+00 6.600000e+01 6.000000e+00 5.000000e+00 4.800000e+01 4.587383e+01
1.000000e+00 2.000000e+00 4.400000e+01 7.000000e+00 9.000000e+00 1.800000e+01 2.191353e+01
1.000000e+00 6.000000e+00 7.600000e+01 8.000000e+00 1.000000e+00 6.600000e+01 6.475596e+01
1.000000e+00 8.000000e+00 6.600000e+01 7.000000e+00 2.000000e+00 5.900000e+01 6.000224e+01
1.000000e+00 3.000000e+00 6.200000e+01 6.000000e+00 5.000000e+00 4.100000e+01 4.180607e+01
1.000000e+00 8.000000e+00 7.200000e+01 4.000000e+00 6.000000e+00 6.400000e+01 6.545887e+01
1.000000e+00 8.000000e+00 4.300000e+01 9.000000e+00 3.000000e+00 4.000000e+01 3.776132e+01
1.000000e+00 5.000000e+00 9.800000e+01 9.000000e+00 0.000000e+00 8.400000e+01 8.456099e+01
1.000000e+00 8.000000e+00 6.000000e+01 5.000000e+00 3.000000e+00 5.100000e+01 5.314388e+01
1.000000e+00 6.000000e+00 6.300000e+01 5.000000e+00 5.000000e+00 4.900000e+01 5.089070e+01
1.000000e+00 5.000000e+00 8.300000e+01 5.000000e+00 7.000000e+00 6.700000e+01 6.877354e+01
1.000000e+00 9.000000e+00 7.000000e+01 9.000000e+00 3.000000e+00 7.000000e+01 6.806675e+01
1.000000e+00 7.000000e+00 8.300000e+01 7.000000e+00 9.000000e+00 7.500000e+01 7.581433e+01
1.000000e+00 8.000000e+00 8.700000e+01 5.000000e+00 0.000000e+00 8.000000e+01 8.001325e+01
1.000000e+00 1.000000e+00 6.300000e+01 4.000000e+00 4.000000e+00 3.500000e+01 3.597824e+01
1.000000e+00 2.000000e+00 8.800000e+01 8.000000e+00 6.000000e+00 6.500000e+01 6.654726e+01
1.000000e+00 8.000000e+00 9.200000e+01 7.000000e+00 5.000000e+00 8.600000e+01 8.703076e+01
1.000000e+00 9.000000e+00 4.900000e+01 9.000000e+00 2.000000e+00 4.500000e+01 4.651497e+01
1.000000e+00 4.000000e+00 8.800000e+01 4.000000e+00 6.000000e+00 6.900000e+01 7.033786e+01
1.000000e+00 9.000000e+00 8.800000e+01 9.000000e+00 3.000000e+00 8.600000e+01 8.637170e+01
1.000000e+00 4.000000e+00 8.900000e+01 7.000000e+00 4.000000e+00 7.500000e+01 7.239185e+01
1.000000e+00 9.000000e+00 4.100000e+01 7.000000e+00 6.000000e+00 3.900000e+01 3.821078e+01
1.000000e+00 7.000000e+00 7.000000e+01 7.000000e+00 1.000000e+00 5.900000e+01 6.102597e+01
1.000000e+00 2.000000e+00 6.400000e+01 6.000000e+00 3.000000e+00 4.200000e+01 4.059990e+01
1.000000e+00 9.000000e+00 4.300000e+01 8.000000e+00 3.000000e+00 4.200000e+01 4.013298e+01
1.000000e+00 4.000000e+00 9.000000e+01 5.000000e+00 5.000000e+00 7.000000e+01 7.265208e+01
1.000000e+00 8.000000e+00 5.000000e+01 6.000000e+00 6.000000e+00 4.800000e+01 4.403888e+01
1.000000e+00 7.000000e+00 5.600000e+01 8.000000e+00 3.000000e+00 4.900000e+01 4.765718e+01
1.000000e+00 7.000000e+00 8.300000e+01 9.000000e+00 9.000000e+00 7.800000e+01 7.676705e+01
1.000000e+00 8.000000e+00 4.100000e+01 5.000000e+00 0.000000e+00 3.400000e+01 3.323395e+01
1.000000e+00 1.000000e+00 4.500000e+01 6.000000e+00 0.000000e+00 1.800000e+01 1.784195e+01
1.000000e+00 5.000000e+00 4.800000e+01 6.000000e+00 4.000000e+00 3.300000e+01 3.306891e+01
1.000000e+00 2.000000e+00 4.400000e+01 4.000000e+00 0.000000e+00 2.000000e+01 1.872031e+01
1.000000e+00 2.000000e+00 5.900000e+01 6.000000e+00 2.000000e+00 3.500000e+01 3.531918e+01
1.000000e+00 1.000000e+00 6.800000e+01 7.000000e+00 8.000000e+00 4.600000e+01 4.327609e+01
1.000000e+00 5.000000e+00 6.000000e+01 9.000000e+00 2.000000e+00 4.200000e+01 4.630925e+01
1.000000e+00 2.000000e+00 4.800000e+01 6.000000e+00 2.000000e+00 2.300000e+01 2.413283e+01
1.000000e+00 4.000000e+00 6.700000e+01 7.000000e+00 8.000000e+00 5.100000e+01 5.080320e+01
1.000000e+00 3.000000e+00 9.400000e+01 8.000000e+00 4.000000e+00 7.500000e+01 7.510489e+01
1.000000e+00 3.000000e+00 4.700000e+01 8.000000e+00 7.000000e+00 2.700000e+01 2.789670e+01
1.000000e+00 2.000000e+00 7.000000e+01 7.000000e+00 9.000000e+00 4.800000e+01 4.835400e+01
1.000000e+00 6.000000e+00 5.900000e+01 4.000000e+00 8.000000e+00 4.500000e+01 4.693463e+01
1.000000e+00 2.000000e+00 6.600000e+01 4.000000e+00 5.000000e+00 4.000000e+01 4.207310e+01
1.000000e+00 8.000000e+00 4.700000e+01 8.000000e+00 6.000000e+00 4.200000e+01 4.194077e+01
1.000000e+00 8.000000e+00 9.300000e+01 9.000000e+00 6.000000e+00 9.000000e+01 8.919643e+01
1.000000e+00 5.000000e+00 6.000000e+01 6.000000e+00 6.000000e+00 4.500000e+01 4.566424e+01
1.000000e+00 7.000000e+00 6.700000e+01 8.000000e+00 3.000000e+00 5.500000e+01 5.884353e+01
1.000000e+00 4.000000e+00 6.200000e+01 8.000000e+00 1.000000e+00 4.500000e+01 4.482274e+01
1.000000e+00 1.000000e+00 4.500000e+01 7.000000e+00 1.000000e+00 2.000000e+01 1.851433e+01
1.000000e+00 2.000000e+00 4.200000e+01 4.000000e+00 6.000000e+00 1.500000e+01 1.786252e+01
1.000000e+00 4.000000e+00 4.400000e+01 9.000000e+00 9.000000e+00 2.800000e+01 2.856229e+01
1.000000e+00 1.000000e+00 4.800000e+01 7.000000e+00 6.000000e+00 2.500000e+01 2.254523e+01
1.000000e+00 8.000000e+00 4.600000e+01 8.000000e+00 9.000000e+00 3.900000e+01 4.151188e+01
1.000000e+00 9.000000e+00 9.900000e+01 5.000000e+00 6.000000e+00 9.600000e+01 9.624066e+01
1.000000e+00 4.000000e+00 4.300000e+01 6.000000e+00 7.000000e+00 2.400000e+01 2.572423e+01
1.000000e+00 3.000000e+00 7.800000e+01 8.000000e+00 2.000000e+00 6.300000e+01 5.844180e+01
1.000000e+00 2.000000e+00 4.400000e+01 7.000000e+00 4.000000e+00 1.900000e+01 2.093345e+01
1.000000e+00 5.000000e+00 5.000000e+01 5.000000e+00 5.000000e+00 3.100000e+01 3.482245e+01
1.000000e+00 3.000000e+00 5.400000e+01 5.000000e+00 7.000000e+00 3.500000e+01 3.358621e+01
1.000000e+00 7.000000e+00 7.300000e+01 8.000000e+00 7.000000e+00 6.500000e+01 6.572925e+01
1.000000e+00 6.000000e+00 5.200000e+01 9.000000e+00 9.000000e+00 4.100000e+01 4.239385e+01
1.000000e+00 1.000000e+00 9.300000e+01 4.000000e+00 2.000000e+00 6.500000e+01 6.609445e+01
1.000000e+00 8.000000e+00 8.700000e+01 5.000000e+00 3.000000e+00 8.300000e+01 8.060130e+01
1.000000e+00 2.000000e+00 4.600000e+01 6.000000e+00 5.000000e+00 2.200000e+01 2.268699e+01
1.000000e+00 5.000000e+00 7.900000e+01 7.000000e+00 3.000000e+00 6.800000e+01 6.487443e+01
1.000000e+00 9.000000e+00 4.500000e+01 7.000000e+00 9.000000e+00 4.000000e+01 4.286660e+01
1.000000e+00 8.000000e+00 9.500000e+01 7.000000e+00 3.000000e+00 9.200000e+01 8.968955e+01
1.000000e+00 2.000000e+00 7.800000e+01 8.000000e+00 4.000000e+00 5.400000e+01 5.598582e+01
1.000000e+00 9.000000e+00 8.900000e+01 7.000000e+00 9.000000e+00 9.000000e+01 8.761201e+01
1.000000e+00 5.000000e+00 6.900000e+01 7.000000e+00 6.000000e+00 5.700000e+01 5.529307e+01
1.000000e+00 6.000000e+00 6.100000e+01 6.000000e+00 1.000000e+00 4.700000e+01 4.854912e+01
1.000000e+00 3.000000e+00 6.400000e+01 4.000000e+00 1.000000e+00 4.300000e+01 4.210317e+01
1.000000e+00 3.000000e+00 6.700000e+01 9.000000e+00 9.000000e+00 5.000000e+01 4.910392e+01
1.000000e+00 8.000000e+00 9.300000e+01 8.000000e+00 8.000000e+00 9.100000e+01 8.911211e+01
1.000000e+00 2.000000e+00 5.900000e+01 8.000000e+00 3.000000e+00 3.400000e+01 3.646791e+01
1.000000e+00 2.000000e+00 7.800000e+01 7.000000e+00 4.000000e+00 5.400000e+01 5.550946e+01
1.000000e+00 5.000000e+00 4.200000e+01 6.000000e+00 2.000000e+00 2.600000e+01 2.657523e+01
1.000000e+00 6.000000e+00 4.400000e+01 5.000000e+00 1.000000e+00 3.400000e+01 3.078476e+01
1.000000e+00 2.000000e+00 4.000000e+01 7.000000e+00 9.000000e+00 1.800000e+01 1.784577e+01
1.000000e+00 5.000000e+00 5.400000e+01 7.000000e+00 7.000000e+00 3.800000e+01 4.023497e+01
1.000000e+00 7.000000e+00 6.500000e+01 8.000000e+00 3.000000e+00 5.700000e+01 5.680965e+01
1.000000e+00 8.000000e+00 4.200000e+01 8.000000e+00 0.000000e+00 3.400000e+01 3.567997e+01
1.000000e+00 7.000000e+00 7.900000e+01 7.000000e+00 5.000000e+00 6.800000e+01 7.096250e+01
1.000000e+00 8.000000e+00 9.600000e+01 8.000000e+00 5.000000e+00 9.200000e+01 9.157488e+01
1.000000e+00 9.000000e+00 8.000000e+01 6.000000e+00 1.000000e+00 7.700000e+01 7.641506e+01
1.000000e+00 5.000000e+00 8.600000e+01 5.000000e+00 1.000000e+00 7.100000e+01 7.064827e+01
1.000000e+00 5.000000e+00 8.100000e+01 5.000000e+00 7.000000e+00 6.700000e+01 6.673966e+01
1.000000e+00 4.000000e+00 7.300000e+01 5.000000e+00 6.000000e+00 5.900000e+01 5.556010e+01
1.000000e+00 9.000000e+00 9.100000e+01 7.000000e+00 1.000000e+00 9.100000e+01 8.807777e+01
1.000000e+00 5.000000e+00 4.400000e+01 9.000000e+00 9.000000e+00 2.900000e+01 3.141030e+01
1.000000e+00 2.000000e+00 7.000000e+01 7.000000e+00 0.000000e+00 4.800000e+01 4.658986e+01
1.000000e+00 8.000000e+00 9.000000e+01 7.000000e+00 7.000000e+00 9.000000e+01 8.538891e+01
1.000000e+00 7.000000e+00 5.200000e+01 6.000000e+00 9.000000e+00 4.800000e+01 4.381279e+01
1.000000e+00 8.000000e+00 8.200000e+01 5.000000e+00 1.000000e+00 7.700000e+01 7.512456e+01
1.000000e+00 3.000000e+00 4.000000e+01 8.000000e+00 4.000000e+00 2.000000e+01 2.019006e+01
1.000000e+00 4.000000e+00 6.100000e+01 8.000000e+00 5.000000e+00 4.200000e+01 4.458986e+01
1.000000e+00 5.000000e+00 5.400000e+01 4.000000e+00 9.000000e+00 3.700000e+01 3.919792e+01
1.000000e+00 6.000000e+00 6.500000e+01 4.000000e+00 0.000000e+00 5.200000e+01 5.146815e+01
1.000000e+00 1.000000e+00 5.700000e+01 9.000000e+00 1.000000e+00 3.300000e+01 3.167034e+01
1.000000e+00 4.000000e+00 8.700000e+01 8.000000e+00 9.000000e+00 7.200000e+01 7.181440e+01
1.000000e+00 5.000000e+00 4.800000e+01 5.000000e+00 3.000000e+00 3.400000e+01 3.239653e+01
1.000000e+00 7.000000e+00 4.000000e+01 7.000000e+00 1.000000e+00 3.300000e+01 3.051773e+01
1.000000e+00 5.000000e+00 8.200000e+01 8.000000e+00 5.000000e+00 7.100000e+01 6.879365e+01
1.000000e+00 1.000000e+00 4.800000e+01 9.000000e+00 3.000000e+00 2.500000e+01 2.290990e+01
1.000000e+00 7.000000e+00 6.200000e+01 9.000000e+00 2.000000e+00 5.500000e+01 5.403917e+01
1.000000e+00 8.000000e+00 8.200000e+01 8.000000e+00 5.000000e+00 7.600000e+01 7.733770e+01
1.000000e+00 7.000000e+00 8.400000e+01 4.000000e+00 8.000000e+00 7.600000e+01 7.520618e+01
1.000000e+00 4.000000e+00 9.700000e+01 5.000000e+00 7.000000e+00 8.100000e+01 8.016270e+01
1.000000e+00 8.000000e+00 4.100000e+01 8.000000e+00 1.000000e+00 3.500000e+01 3.485905e+01
1.000000e+00 5.000000e+00 5.300000e+01 7.000000e+00 2.000000e+00 3.500000e+01 3.823794e+01
1.000000e+00 9.000000e+00 7.700000e+01 7.000000e+00 1.000000e+00 7.400000e+01 7.384059e+01
1.000000e+00 5.000000e+00 7.900000e+01 6.000000e+00 9.000000e+00 6.600000e+01 6.557417e+01
1.000000e+00 1.000000e+00 5.700000e+01 7.000000e+00 6.000000e+00 3.100000e+01 3.169770e+01
1.000000e+00 9.000000e+00 5.500000e+01 8.000000e+00 8.000000e+00 5.400000e+01 5.331635e+01
1.000000e+00 5.000000e+00 9.200000e+01 8.000000e+00 0.000000e+00 7.900000e+01 7.798298e+01
1.000000e+00 6.000000e+00 6.800000e+01 7.000000e+00 2.000000e+00 5.800000e+01 5.634008e+01
1.000000e+00 4.000000e+00 8.300000e+01 4.000000e+00 5.000000e+00 6.600000e+01 6.505713e+01
1.000000e+00 6.000000e+00 5.000000e+01 5.000000e+00 3.000000e+00 3.600000e+01 3.727844e+01
1.000000e+00 8.000000e+00 4.500000e+01 9.000000e+00 9.000000e+00 4.400000e+01 4.097130e+01
1.000000e+00 3.000000e+00 4.200000e+01 8.000000e+00 9.000000e+00 2.600000e+01 2.320403e+01
1.000000e+00 5.000000e+00 5.300000e+01 7.000000e+00 0.000000e+00 3.700000e+01 3.784591e+01
1.000000e+00 2.000000e+00 9.900000e+01 9.000000e+00 8.000000e+00 8.200000e+01 7.860201e+01
1.000000e+00 2.000000e+00 4.100000e+01 7.000000e+00 6.000000e+00 1.800000e+01 1.827466e+01
1.000000e+00 7.000000e+00 7.100000e+01 8.000000e+00 6.000000e+00 6.600000e+01 6.349935e+01
1.000000e+00 6.000000e+00 7.000000e+01 6.000000e+00 0.000000e+00 6.000000e+01 5.750557e+01
1.000000e+00 4.000000e+00 5.000000e+01 5.000000e+00 8.000000e+00 3.200000e+01 3.256248e+01
1.000000e+00 5.000000e+00 6.100000e+01 8.000000e+00 7.000000e+00 5.100000e+01 4.782991e+01
1.000000e+00 1.000000e+00 4.200000e+01 9.000000e+00 9.000000e+00 1.800000e+01 1.798435e+01
1.000000e+00 7.000000e+00 8.900000e+01 7.000000e+00 4.000000e+00 8.200000e+01 8.093590e+01
1.000000e+00 8.000000e+00 7.000000e+01 6.000000e+00 3.000000e+00 6.600000e+01 6.378966e+01
1.000000e+00 9.000000e+00 7.200000e+01 8.000000e+00 0.000000e+00 6.900000e+01 6.903623e+01
1.000000e+00 8.000000e+00 6.300000e+01 5.000000e+00 8.000000e+00 5.900000e+01 5.717479e+01
1.000000e+00 5.000000e+00 4.000000e+01 6.000000e+00 7.000000e+00 2.600000e+01 2.552143e+01
1.000000e+00 3.000000e+00 8.300000e+01 9.000000e+00 1.000000e+00 6.300000e+01 6.380685e+01
1.000000e+00 9.000000e+00 5.400000e+01 7.000000e+00 3.000000e+00 5.200000e+01 5.084297e+01
1.000000e+00 6.000000e+00 7.600000e+01 4.000000e+00 3.000000e+00 6.600000e+01 6.324255e+01
1.000000e+00 5.000000e+00 6.600000e+01 5.000000e+00 6.000000e+00 5.100000e+01 5.128953e+01
1.000000e+00 3.000000e+00 7.700000e+01 6.000000e+00 2.000000e+00 5.400000e+01 5.647214e+01
1.000000e+00 6.000000e+00 8.700000e+01 8.000000e+00 7.000000e+00 7.700000e+01 7.711841e+01
1.000000e+00 3.000000e+00 6.600000e+01 8.000000e+00 6.000000e+00 4.500000e+01 4.702257e+01
1.000000e+00 6.000000e+00 8.300000e+01 6.000000e+00 9.000000e+00 7.700000e+01 7.248995e+01
1.000000e+00 4.000000e+00 5.100000e+01 8.000000e+00 3.000000e+00 3.200000e+01 3.402842e+01
1.000000e+00 2.000000e+00 4.200000e+01 6.000000e+00 8.000000e+00 1.500000e+01 1.920727e+01
1.000000e+00 8.000000e+00 6.900000e+01 5.000000e+00 5.000000e+00 6.200000e+01 6.268839e+01
1.000000e+00 4.000000e+00 7.100000e+01 8.000000e+00 2.000000e+00 5.500000e+01 5.417123e+01
1.000000e+00 9.000000e+00 6.200000e+01 5.000000e+00 6.000000e+00 5.900000e+01 5.861383e+01
1.000000e+00 7.000000e+00 4.100000e+01 7.000000e+00 5.000000e+00 3.200000e+01 3.231873e+01
1.000000e+00 2.000000e+00 4.600000e+01 7.000000e+00 7.000000e+00 2.100000e+01 2.355538e+01
1.000000e+00 4.000000e+00 7.300000e+01 7.000000e+00 4.000000e+00 5.600000e+01 5.612078e+01
1.000000e+00 5.000000e+00 7.100000e+01 7.000000e+00 5.000000e+00 5.500000e+01 5.713094e+01
1.000000e+00 3.000000e+00 9.200000e+01 8.000000e+00 0.000000e+00 7.400000e+01 7.228695e+01
1.000000e+00 9.000000e+00 7.800000e+01 6.000000e+00 7.000000e+00 7.400000e+01 7.555727e+01
1.000000e+00 5.000000e+00 7.100000e+01 8.000000e+00 0.000000e+00 5.600000e+01 5.662722e+01
1.000000e+00 2.000000e+00 8.200000e+01 9.000000e+00 2.000000e+00 5.800000e+01 6.013791e+01
1.000000e+00 3.000000e+00 8.200000e+01 8.000000e+00 1.000000e+00 6.400000e+01 6.231355e+01
1.000000e+00 9.000000e+00 5.300000e+01 5.000000e+00 5.000000e+00 4.900000e+01 4.926534e+01
1.000000e+00 7.000000e+00 4.200000e+01 6.000000e+00 7.000000e+00 3.100000e+01 3.325135e+01
1.000000e+00 2.000000e+00 8.500000e+01 4.000000e+00 7.000000e+00 6.400000e+01 6.178701e+01
1.000000e+00 9.000000e+00 7.100000e+01 4.000000e+00 6.000000e+00 6.300000e+01 6.728994e+01
1.000000e+00 4.000000e+00 8.200000e+01 6.000000e+00 6.000000e+00 6.600000e+01 6.518893e+01
1.000000e+00 9.000000e+00 7.500000e+01 4.000000e+00 7.000000e+00 7.300000e+01 7.155372e+01
1.000000e+00 2.000000e+00 5.600000e+01 6.000000e+00 4.000000e+00 3.800000e+01 3.266039e+01
1.000000e+00 4.000000e+00 8.700000e+01 5.000000e+00 2.000000e+00 7.000000e+01 6.901321e+01
1.000000e+00 5.000000e+00 4.200000e+01 5.000000e+00 1.000000e+00 2.700000e+01 2.590286e+01
1.000000e+00 2.000000e+00 9.600000e+01 8.000000e+00 2.000000e+00 7.200000e+01 7.389873e+01
1.000000e+00 1.000000e+00 4.900000e+01 4.000000e+00 2.000000e+00 2.100000e+01 2.134903e+01
1.000000e+00 7.000000e+00 9.200000e+01 6.000000e+00 6.000000e+00 8.500000e+01 8.390239e+01
1.000000e+00 1.000000e+00 8.600000e+01 5.000000e+00 0.000000e+00 6.200000e+01 5.906019e+01
1.000000e+00 8.000000e+00 7.900000e+01 8.000000e+00 6.000000e+00 7.300000e+01 7.448290e+01
1.000000e+00 3.000000e+00 5.700000e+01 4.000000e+00 5.000000e+00 3.200000e+01 3.576864e+01
1.000000e+00 6.000000e+00 4.200000e+01 4.000000e+00 9.000000e+00 3.000000e+01 2.984264e+01
1.000000e+00 7.000000e+00 7.800000e+01 4.000000e+00 1.000000e+00 6.400000e+01 6.773242e+01
1.000000e+00 1.000000e+00 4.900000e+01 5.000000e+00 9.000000e+00 2.500000e+01 2.319750e+01
1.000000e+00 6.000000e+00 9.100000e+01 5.000000e+00 0.000000e+00 8.200000e+01 7.838498e+01
1.000000e+00 7.000000e+00 4.800000e+01 4.000000e+00 8.000000e+00 4.100000e+01 3.859629e+01
1.000000e+00 6.000000e+00 8.500000e+01 5.000000e+00 1.000000e+00 7.100000e+01 7.247935e+01
1.000000e+00 4.000000e+00 9.400000e+01 4.000000e+00 3.000000e+00 7.900000e+01 7.585146e+01
1.000000e+00 1.000000e+00 8.500000e+01 7.000000e+00 8.000000e+00 5.900000e+01 6.056409e+01
1.000000e+00 9.000000e+00 5.000000e+01 5.000000e+00 8.000000e+00 4.500000e+01 4.680257e+01
1.000000e+00 4.000000e+00 9.900000e+01 6.000000e+00 0.000000e+00 8.400000e+01 8.130084e+01
1.000000e+00 7.000000e+00 7.200000e+01 5.000000e+00 1.000000e+00 6.200000e+01 6.210713e+01
1.000000e+00 7.000000e+00 7.500000e+01 4.000000e+00 1.000000e+00 6.500000e+01 6.468159e+01
1.000000e+00 2.000000e+00 6.500000e+01 6.000000e+00 1.000000e+00 4.300000e+01 4.122481e+01
1.000000e+00 1.000000e+00 6.600000e+01 8.000000e+00 7.000000e+00 3.900000e+01 4.152255e+01
1.000000e+00 8.000000e+00 7.700000e+01 6.000000e+00 7.000000e+00 7.000000e+01 7.169231e+01
1.000000e+00 8.000000e+00 6.100000e+01 6.000000e+00 9.000000e+00 5.400000e+01 5.581328e+01
1.000000e+00 7.000000e+00 6.500000e+01 5.000000e+00 7.000000e+00 5.500000e+01 5.616464e+01
1.000000e+00 8.000000e+00 6.100000e+01 9.000000e+00 3.000000e+00 5.500000e+01 5.606626e+01
1.000000e+00 3.000000e+00 4.400000e+01 6.000000e+00 7.000000e+00 2.500000e+01 2.389316e+01
1.000000e+00 2.000000e+00 7.400000e+01 6.000000e+00 6.000000e+00 5.200000e+01 5.135736e+01
1.000000e+00 7.000000e+00 4.100000e+01 4.000000e+00 7.000000e+00 3.100000e+01 3.128168e+01
1.000000e+00 8.000000e+00 7.400000e+01 5.000000e+00 0.000000e+00 6.800000e+01 6.679301e+01
1.000000e+00 1.000000e+00 4.800000e+01 4.000000e+00 2.000000e+00 1.900000e+01 2.033209e+01
1.000000e+00 9.000000e+00 9.000000e+01 5.000000e+00 9.000000e+00 8.700000e+01 8.767624e+01
1.000000e+00 4.000000e+00 9.000000e+01 8.000000e+00 5.000000e+00 7.100000e+01 7.408116e+01
1.000000e+00 4.000000e+00 8.800000e+01 9.000000e+00 0.000000e+00 7.400000e+01 7.154356e+01
1.000000e+00 3.000000e+00 5.700000e+01 6.000000e+00 3.000000e+00 3.500000e+01 3.632933e+01
1.000000e+00 6.000000e+00 8.200000e+01 5.000000e+00 8.000000e+00 6.900000e+01 7.080064e+01
1.000000e+00 1.000000e+00 5.100000e+01 6.000000e+00 6.000000e+00 2.400000e+01 2.511969e+01
1.000000e+00 6.000000e+00 4.200000e+01 6.000000e+00 0.000000e+00 2.900000e+01 2.903122e+01
1.000000e+00 2.000000e+00 5.700000e+01 7.000000e+00 5.000000e+00 3.400000e+01 3.434970e+01
1.000000e+00 9.000000e+00 9.500000e+01 4.000000e+00 5.000000e+00 9.300000e+01 9.150052e+01
1.000000e+00 2.000000e+00 7.700000e+01 9.000000e+00 1.000000e+00 5.200000e+01 5.485719e+01
1.000000e+00 7.000000e+00 4.600000e+01 5.000000e+00 5.000000e+00 3.700000e+01 3.645072e+01
1.000000e+00 1.000000e+00 7.200000e+01 8.000000e+00 9.000000e+00 4.900000e+01 4.801623e+01
1.000000e+00 7.000000e+00 4.500000e+01 9.000000e+00 1.000000e+00 3.800000e+01 3.655515e+01
1.000000e+00 5.000000e+00 5.700000e+01 7.000000e+00 7.000000e+00 4.400000e+01 4.328579e+01
1.000000e+00 8.000000e+00 8.400000e+01 4.000000e+00 6.000000e+00 7.500000e+01 7.766216e+01
1.000000e+00 4.000000e+00 6.100000e+01 8.000000e+00 5.000000e+00 4.400000e+01 4.458986e+01
1.000000e+00 7.000000e+00 9.000000e+01 8.000000e+00 9.000000e+00 8.400000e+01 8.340928e+01
1.000000e+00 6.000000e+00 7.800000e+01 6.000000e+00 5.000000e+00 6.500000e+01 6.662118e+01
1.000000e+00 5.000000e+00 9.000000e+01 4.000000e+00 8.000000e+00 7.500000e+01 7.561179e+01
1.000000e+00 4.000000e+00 4.800000e+01 7.000000e+00 8.000000e+00 2.900000e+01 3.148132e+01
1.000000e+00 7.000000e+00 7.400000e+01 5.000000e+00 9.000000e+00 6.700000e+01 6.570914e+01
1.000000e+00 5.000000e+00 6.200000e+01 5.000000e+00 9.000000e+00 5.000000e+01 4.780981e+01
1.000000e+00 5.000000e+00 5.100000e+01 7.000000e+00 1.000000e+00 3.800000e+01 3.600805e+01
1.000000e+00 1.000000e+00 9.100000e+01 6.000000e+00 2.000000e+00 6.600000e+01 6.501328e+01
1.000000e+00 2.000000e+00 6.300000e+01 6.000000e+00 9.000000e+00 4.200000e+01 4.075906e+01
1.000000e+00 5.000000e+00 8.900000e+01 8.000000e+00 6.000000e+00 7.600000e+01 7.610825e+01
1.000000e+00 3.000000e+00 7.900000e+01 4.000000e+00 9.000000e+00 6.400000e+01 5.892542e+01
1.000000e+00 2.000000e+00 4.800000e+01 8.000000e+00 8.000000e+00 2.600000e+01 2.626164e+01
1.000000e+00 4.000000e+00 5.200000e+01 5.000000e+00 5.000000e+00 3.100000e+01 3.400831e+01
1.000000e+00 4.000000e+00 7.900000e+01 7.000000e+00 0.000000e+00 6.300000e+01 6.143837e+01
1.000000e+00 4.000000e+00 9.300000e+01 4.000000e+00 6.000000e+00 7.700000e+01 7.542256e+01
1.000000e+00 4.000000e+00 8.100000e+01 7.000000e+00 0.000000e+00 6.100000e+01 6.347225e+01
1.000000e+00 3.000000e+00 5.600000e+01 4.000000e+00 4.000000e+00 3.300000e+01 3.455569e+01
1.000000e+00 7.000000e+00 4.600000e+01 9.000000e+00 8.000000e+00 3.900000e+01 3.894421e+01
1.000000e+00 9.000000e+00 5.600000e+01 5.000000e+00 9.000000e+00 5.200000e+01 5.310023e+01
1.000000e+00 5.000000e+00 9.400000e+01 5.000000e+00 9.000000e+00 8.200000e+01 8.035193e+01
1.000000e+00 4.000000e+00 8.900000e+01 9.000000e+00 8.000000e+00 7.300000e+01 7.412863e+01
1.000000e+00 2.000000e+00 6.300000e+01 4.000000e+00 0.000000e+00 3.700000e+01 3.804219e+01
1.000000e+00 2.000000e+00 4.100000e+01 6.000000e+00 5.000000e+00 1.600000e+01 1.760228e+01
1.000000e+00 5.000000e+00 7.400000e+01 4.000000e+00 2.000000e+00 5.900000e+01 5.816463e+01
1.000000e+00 7.000000e+00 6.700000e+01 5.000000e+00 8.000000e+00 5.900000e+01 5.839453e+01
1.000000e+00 9.000000e+00 5.800000e+01 7.000000e+00 2.000000e+00 5.600000e+01 5.471472e+01
1.000000e+00 7.000000e+00 7.200000e+01 8.000000e+00 1.000000e+00 5.900000e+01 6.353621e+01
1.000000e+00 5.000000e+00 6.000000e+01 7.000000e+00 7.000000e+00 4.600000e+01 4.633661e+01
1.000000e+00 6.000000e+00 9.200000e+01 5.000000e+00 2.000000e+00 8.000000e+01 7.979395e+01
1.000000e+00 3.000000e+00 4.900000e+01 7.000000e+00 4.000000e+00 3.000000e+01 2.886618e+01
1.000000e+00 5.000000e+00 9.200000e+01 6.000000e+00 5.000000e+00 7.800000e+01 7.801034e+01
1.000000e+00 8.000000e+00 8.500000e+01 6.000000e+00 9.000000e+00 8.100000e+01 8.021987e+01
1.000000e+00 1.000000e+00 8.400000e+01 4.000000e+00 9.000000e+00 5.700000e+01 5.831409e+01
1.000000e+00 1.000000e+00 4.800000e+01 7.000000e+00 0.000000e+00 2.400000e+01 2.136914e+01
1.000000e+00 7.000000e+00 7.700000e+01 7.000000e+00 6.000000e+00 6.600000e+01 6.912464e+01
1.000000e+00 5.000000e+00 4.500000e+01 5.000000e+00 6.000000e+00 3.100000e+01 2.993376e+01
1.000000e+00 5.000000e+00 9.000000e+01 4.000000e+00 4.000000e+00 7.300000e+01 7.482773e+01
1.000000e+00 1.000000e+00 9.200000e+01 4.000000e+00 8.000000e+00 6.600000e+01 6.625360e+01
1.000000e+00 9.000000e+00 8.100000e+01 7.000000e+00 1.000000e+00 7.800000e+01 7.790836e+01
1.000000e+00 1.000000e+00 9.400000e+01 8.000000e+00 4.000000e+00 6.600000e+01 6.940886e+01
1.000000e+00 5.000000e+00 7.400000e+01 7.000000e+00 1.000000e+00 5.700000e+01 5.939770e+01
1.000000e+00 9.000000e+00 5.700000e+01 7.000000e+00 1.000000e+00 5.000000e+01 5.350177e+01
1.000000e+00 4.000000e+00 9.200000e+01 7.000000e+00 8.000000e+00 7.700000e+01 7.622673e+01
1.000000e+00 8.000000e+00 5.800000e+01 6.000000e+00 6.000000e+00 5.400000e+01 5.217441e+01
1.000000e+00 6.000000e+00 4.400000e+01 9.000000e+00 3.000000e+00 3.000000e+01 3.308223e+01
1.000000e+00 3.000000e+00 6.400000e+01 4.000000e+00 7.000000e+00 4.300000e+01 4.327926e+01
1.000000e+00 4.000000e+00 5.000000e+01 9.000000e+00 3.000000e+00 3.400000e+01 3.348784e+01
1.000000e+00 2.000000e+00 4.900000e+01 6.000000e+00 0.000000e+00 2.600000e+01 2.475773e+01
1.000000e+00 1.000000e+00 5.600000e+01 8.000000e+00 9.000000e+00 3.600000e+01 3.174517e+01
1.000000e+00 8.000000e+00 7.500000e+01 5.000000e+00 2.000000e+00 6.900000e+01 6.820199e+01
1.000000e+00 1.000000e+00 6.500000e+01 8.000000e+00 9.000000e+00 3.900000e+01 4.089764e+01
1.000000e+00 1.000000e+00 7.000000e+01 4.000000e+00 0.000000e+00 4.400000e+01 4.231276e+01
1.000000e+00 4.000000e+00 7.100000e+01 5.000000e+00 1.000000e+00 5.600000e+01 5.254614e+01
1.000000e+00 6.000000e+00 6.000000e+01 9.000000e+00 1.000000e+00 4.700000e+01 4.896126e+01
1.000000e+00 9.000000e+00 5.700000e+01 8.000000e+00 6.000000e+00 5.600000e+01 5.495820e+01
1.000000e+00 1.000000e+00 9.900000e+01 4.000000e+00 3.000000e+00 7.300000e+01 7.239211e+01
1.000000e+00 7.000000e+00 5.700000e+01 8.000000e+00 9.000000e+00 4.800000e+01 4.985022e+01
1.000000e+00 5.000000e+00 4.000000e+01 5.000000e+00 8.000000e+00 2.400000e+01 2.524108e+01
1.000000e+00 8.000000e+00 5.300000e+01 5.000000e+00 1.000000e+00 4.900000e+01 4.563326e+01
1.000000e+00 7.000000e+00 4.700000e+01 8.000000e+00 8.000000e+00 4.100000e+01 3.948479e+01
1.000000e+00 4.000000e+00 4.100000e+01 6.000000e+00 5.000000e+00 2.400000e+01 2.329832e+01
1.000000e+00 4.000000e+00 9.000000e+01 8.000000e+00 9.000000e+00 7.200000e+01 7.486523e+01
1.000000e+00 6.000000e+00 5.400000e+01 9.000000e+00 7.000000e+00 4.500000e+01 4.403570e+01
1.000000e+00 6.000000e+00 9.900000e+01 8.000000e+00 6.000000e+00 9.200000e+01 8.912569e+01
1.000000e+00 9.000000e+00 7.300000e+01 8.000000e+00 7.000000e+00 6.800000e+01 7.142528e+01
1.000000e+00 5.000000e+00 7.500000e+01 6.000000e+00 8.000000e+00 6.200000e+01 6.131039e+01
1.000000e+00 8.000000e+00 4.000000e+01 7.000000e+00 7.000000e+00 3.600000e+01 3.454184e+01
1.000000e+00 5.000000e+00 9.000000e+01 5.000000e+00 5.000000e+00 7.700000e+01 7.550010e+01
1.000000e+00 2.000000e+00 6.000000e+01 9.000000e+00 7.000000e+00 4.000000e+01 3.874528e+01
1.000000e+00 6.000000e+00 8.100000e+01 4.000000e+00 7.000000e+00 6.900000e+01 6.911132e+01
1.000000e+00 9.000000e+00 4.000000e+01 5.000000e+00 1.000000e+00 3.800000e+01 3.526104e+01
1.000000e+00 3.000000e+00 7.100000e+01 5.000000e+00 1.000000e+00 5.000000e+01 4.969812e+01
1.000000e+00 1.000000e+00 5.900000e+01 7.000000e+00 0.000000e+00 3.300000e+01 3.255549e+01
1.000000e+00 1.000000e+00 9.300000e+01 5.000000e+00 9.000000e+00 6.900000e+01 6.794292e+01
1.000000e+00 3.000000e+00 8.600000e+01 5.000000e+00 1.000000e+00 6.300000e+01 6.495224e+01
1.000000e+00 5.000000e+00 7.500000e+01 6.000000e+00 6.000000e+00 5.900000e+01 6.091836e+01
1.000000e+00 3.000000e+00 7.800000e+01 6.000000e+00 2.000000e+00 5.400000e+01 5.748908e+01
1.000000e+00 9.000000e+00 6.900000e+01 6.000000e+00 3.000000e+00 6.500000e+01 6.562073e+01
1.000000e+00 8.000000e+00 4.600000e+01 6.000000e+00 3.000000e+00 4.100000e+01 3.938307e+01
1.000000e+00 3.000000e+00 6.100000e+01 6.000000e+00 3.000000e+00 4.100000e+01 4.039710e+01
1.000000e+00 9.000000e+00 9.600000e+01 9.000000e+00 1.000000e+00 9.400000e+01 9.411520e+01
1.000000e+00 6.000000e+00 8.900000e+01 4.000000e+00 5.000000e+00 8.000000e+01 7.685482e+01
1.000000e+00 7.000000e+00 8.400000e+01 7.000000e+00 0.000000e+00 7.400000e+01 7.506713e+01
1.000000e+00 4.000000e+00 4.900000e+01 8.000000e+00 4.000000e+00 3.300000e+01 3.219055e+01
1.000000e+00 4.000000e+00 9.500000e+01 9.000000e+00 1.000000e+00 7.800000e+01 7.885817e+01
1.000000e+00 2.000000e+00 4.700000e+01 6.000000e+00 8.000000e+00 2.100000e+01 2.429198e+01
1.000000e+00 5.000000e+00 6.600000e+01 7.000000e+00 1.000000e+00 4.900000e+01 5.126217e+01
1.000000e+00 8.000000e+00 4.900000e+01 8.000000e+00 5.000000e+00 4.300000e+01 4.377864e+01
1.000000e+00 7.000000e+00 5.300000e+01 5.000000e+00 3.000000e+00 4.000000e+01 4.317728e+01
1.000000e+00 7.000000e+00 8.500000e+01 9.000000e+00 5.000000e+00 7.700000e+01 7.801687e+01
1.000000e+00 6.000000e+00 9.800000e+01 5.000000e+00 1.000000e+00 8.400000e+01 8.569959e+01
1.000000e+00 3.000000e+00 9.100000e+01 7.000000e+00 1.000000e+00 7.400000e+01 7.098966e+01
1.000000e+00 5.000000e+00 9.300000e+01 4.000000e+00 6.000000e+00 7.800000e+01 7.827058e+01
1.000000e+00 1.000000e+00 5.000000e+01 4.000000e+00 2.000000e+00 2.100000e+01 2.236597e+01
1.000000e+00 7.000000e+00 4.500000e+01 7.000000e+00 2.000000e+00 3.400000e+01 3.579845e+01
1.000000e+00 9.000000e+00 6.000000e+01 4.000000e+00 6.000000e+00 5.400000e+01 5.610359e+01
1.000000e+00 1.000000e+00 7.200000e+01 4.000000e+00 7.000000e+00 4.700000e+01 4.571876e+01
1.000000e+00 2.000000e+00 5.800000e+01 5.000000e+00 6.000000e+00 3.600000e+01 3.460994e+01
1.000000e+00 3.000000e+00 7.800000e+01 4.000000e+00 2.000000e+00 5.300000e+01 5.653636e+01
1.000000e+00 3.000000e+00 6.300000e+01 4.000000e+00 2.000000e+00 4.500000e+01 4.128224e+01
1.000000e+00 8.000000e+00 5.700000e+01 7.000000e+00 6.000000e+00 5.200000e+01 5.163383e+01
1.000000e+00 7.000000e+00 7.400000e+01 4.000000e+00 2.000000e+00 6.600000e+01 6.386067e+01
1.000000e+00 6.000000e+00 9.100000e+01 9.000000e+00 1.000000e+00 7.900000e+01 8.048644e+01
1.000000e+00 4.000000e+00 8.200000e+01 6.000000e+00 6.000000e+00 6.300000e+01 6.518893e+01
1.000000e+00 9.000000e+00 7.600000e+01 6.000000e+00 2.000000e+00 7.200000e+01 7.254331e+01
1.000000e+00 1.000000e+00 5.800000e+01 7.000000e+00 4.000000e+00 3.300000e+01 3.232261e+01
1.000000e+00 2.000000e+00 9.200000e+01 6.000000e+00 6.000000e+00 7.000000e+01 6.966231e+01
1.000000e+00 4.000000e+00 6.300000e+01 5.000000e+00 1.000000e+00 4.700000e+01 4.441060e+01
1.000000e+00 3.000000e+00 9.500000e+01 9.000000e+00 7.000000e+00 7.300000e+01 7.718624e+01
1.000000e+00 1.000000e+00 7.300000e+01 9.000000e+00 1.000000e+00 5.000000e+01 4.794140e+01
1.000000e+00 5.000000e+00 6.100000e+01 7.000000e+00 3.000000e+00 4.800000e+01 4.656949e+01
1.000000e+00 7.000000e+00 4.300000e+01 4.000000e+00 3.000000e+00 3.300000e+01 3.253150e+01
1.000000e+00 2.000000e+00 9.600000e+01 6.000000e+00 7.000000e+00 7.200000e+01 7.392609e+01
1.000000e+00 5.000000e+00 4.900000e+01 5.000000e+00 0.000000e+00 3.100000e+01 3.282543e+01
1.000000e+00 6.000000e+00 4.100000e+01 7.000000e+00 8.000000e+00 3.200000e+01 3.005876e+01
1.000000e+00 7.000000e+00 4.700000e+01 7.000000e+00 5.000000e+00 3.400000e+01 3.842038e+01
1.000000e+00 1.000000e+00 7.200000e+01 4.000000e+00 3.000000e+00 4.100000e+01 4.493470e+01
1.000000e+00 7.000000e+00 9.800000e+01 8.000000e+00 5.000000e+00 9.100000e+01 9.076075e+01
1.000000e+00 4.000000e+00 7.700000e+01 6.000000e+00 5.000000e+00 6.100000e+01 5.990821e+01
1.000000e+00 8.000000e+00 8.200000e+01 5.000000e+00 8.000000e+00 7.500000e+01 7.649667e+01
1.000000e+00 4.000000e+00 9.800000e+01 7.000000e+00 3.000000e+00 8.000000e+01 8.134830e+01
1.000000e+00 6.000000e+00 6.700000e+01 6.000000e+00 7.000000e+00 5.700000e+01 5.582686e+01
1.000000e+00 9.000000e+00 4.900000e+01 5.000000e+00 0.000000e+00 4.600000e+01 4.421750e+01
1.000000e+00 5.000000e+00 8.400000e+01 9.000000e+00 5.000000e+00 7.100000e+01 7.130389e+01
1.000000e+00 4.000000e+00 4.000000e+01 9.000000e+00 4.000000e+00 2.100000e+01 2.351444e+01
1.000000e+00 8.000000e+00 7.300000e+01 5.000000e+00 2.000000e+00 6.900000e+01 6.616810e+01
1.000000e+00 9.000000e+00 4.200000e+01 9.000000e+00 3.000000e+00 3.700000e+01 3.959240e+01
1.000000e+00 4.000000e+00 4.800000e+01 7.000000e+00 7.000000e+00 3.200000e+01 3.128530e+01
1.000000e+00 3.000000e+00 4.400000e+01 6.000000e+00 9.000000e+00 2.600000e+01 2.428519e+01
1.000000e+00 8.000000e+00 8.100000e+01 5.000000e+00 1.000000e+00 7.400000e+01 7.410762e+01
1.000000e+00 5.000000e+00 4.900000e+01 7.000000e+00 7.000000e+00 3.400000e+01 3.515026e+01
1.000000e+00 2.000000e+00 5.100000e+01 6.000000e+00 6.000000e+00 2.400000e+01 2.796771e+01
1.000000e+00 9.000000e+00 5.700000e+01 6.000000e+00 0.000000e+00 5.300000e+01 5.282939e+01
1.000000e+00 3.000000e+00 9.700000e+01 7.000000e+00 1.000000e+00 7.400000e+01 7.709131e+01
1.000000e+00 2.000000e+00 6.000000e+01 6.000000e+00 6.000000e+00 3.700000e+01 3.712018e+01
1.000000e+00 1.000000e+00 6.000000e+01 8.000000e+00 2.000000e+00 3.100000e+01 3.444082e+01
1.000000e+00 8.000000e+00 4.000000e+01 5.000000e+00 1.000000e+00 2.900000e+01 3.241303e+01
1.000000e+00 3.000000e+00 4.200000e+01 5.000000e+00 0.000000e+00 2.100000e+01 2.001080e+01
1.000000e+00 7.000000e+00 4.400000e+01 6.000000e+00 6.000000e+00 3.700000e+01 3.508921e+01
1.000000e+00 1.000000e+00 6.400000e+01 7.000000e+00 2.000000e+00 3.700000e+01 3.803223e+01
1.000000e+00 1.000000e+00 9.700000e+01 4.000000e+00 5.000000e+00 7.300000e+01 7.075026e+01
1.000000e+00 9.000000e+00 8.800000e+01 9.000000e+00 9.000000e+00 8.700000e+01 8.754779e+01
1.000000e+00 8.000000e+00 4.700000e+01 6.000000e+00 7.000000e+00 4.500000e+01 4.118407e+01
1.000000e+00 3.000000e+00 5.600000e+01 4.000000e+00 5.000000e+00 3.200000e+01 3.475170e+01
1.000000e+00 6.000000e+00 4.800000e+01 6.000000e+00 6.000000e+00 3.500000e+01 3.630896e+01
1.000000e+00 3.000000e+00 7.100000e+01 4.000000e+00 5.000000e+00 5.200000e+01 5.000582e+01
1.000000e+00 4.000000e+00 4.500000e+01 6.000000e+00 6.000000e+00 2.700000e+01 2.756210e+01
1.000000e+00 1.000000e+00 8.800000e+01 7.000000e+00 4.000000e+00 6.500000e+01 6.283085e+01
1.000000e+00 5.000000e+00 7.900000e+01 9.000000e+00 8.000000e+00 6.400000e+01 6.680723e+01
1.000000e+00 1.000000e+00 6.000000e+01 4.000000e+00 2.000000e+00 3.000000e+01 3.253538e+01
1.000000e+00 1.000000e+00 4.600000e+01 8.000000e+00 5.000000e+00 2.200000e+01 2.079169e+01
1.000000e+00 7.000000e+00 4.600000e+01 7.000000e+00 8.000000e+00 3.500000e+01 3.799149e+01
1.000000e+00 6.000000e+00 8.600000e+01 9.000000e+00 0.000000e+00 7.200000e+01 7.520571e+01
1.000000e+00 2.000000e+00 7.800000e+01 6.000000e+00 4.000000e+00 5.500000e+01 5.503310e+01
1.000000e+00 2.000000e+00 9.300000e+01 4.000000e+00 3.000000e+00 7.100000e+01 6.913848e+01
1.000000e+00 7.000000e+00 6.600000e+01 9.000000e+00 8.000000e+00 6.000000e+01 5.928303e+01
1.000000e+00 1.000000e+00 4.700000e+01 5.000000e+00 0.000000e+00 1.900000e+01 1.939947e+01
1.000000e+00 2.000000e+00 4.800000e+01 7.000000e+00 3.000000e+00 2.500000e+01 2.480520e+01
1.000000e+00 8.000000e+00 6.700000e+01 4.000000e+00 0.000000e+00 5.500000e+01 5.919807e+01
1.000000e+00 6.000000e+00 5.400000e+01 7.000000e+00 2.000000e+00 4.100000e+01 4.210290e+01
1.000000e+00 2.000000e+00 4.100000e+01 4.000000e+00 3.000000e+00 1.700000e+01 1.625753e+01
1.000000e+00 7.000000e+00 4.600000e+01 5.000000e+00 0.000000e+00 3.600000e+01 3.547064e+01
1.000000e+00 4.000000e+00 8.600000e+01 8.000000e+00 4.000000e+00 7.100000e+01 6.981738e+01
1.000000e+00 2.000000e+00 5.700000e+01 5.000000e+00 5.000000e+00 3.500000e+01 3.339698e+01
1.000000e+00 6.000000e+00 6.100000e+01 6.000000e+00 0.000000e+00 4.800000e+01 4.835310e+01
1.000000e+00 9.000000e+00 8.900000e+01 7.000000e+00 9.000000e+00 8.200000e+01 8.761201e+01
1.000000e+00 9.000000e+00 4.900000e+01 8.000000e+00 9.000000e+00 4.800000e+01 4.741072e+01
1.000000e+00 8.000000e+00 9.300000e+01 7.000000e+00 3.000000e+00 8.600000e+01 8.765567e+01
1.000000e+00 3.000000e+00 8.900000e+01 9.000000e+00 3.000000e+00 6.900000e+01 7.030053e+01
1.000000e+00 3.000000e+00 7.200000e+01 4.000000e+00 0.000000e+00 5.000000e+01 5.004268e+01
1.000000e+00 2.000000e+00 4.600000e+01 6.000000e+00 1.000000e+00 2.200000e+01 2.190293e+01
1.000000e+00 5.000000e+00 4.200000e+01 6.000000e+00 9.000000e+00 2.500000e+01 2.794734e+01
1.000000e+00 4.000000e+00 5.300000e+01 7.000000e+00 4.000000e+00 3.300000e+01 3.578196e+01
1.000000e+00 7.000000e+00 8.300000e+01 6.000000e+00 1.000000e+00 7.100000e+01 7.376984e+01
1.000000e+00 4.000000e+00 8.500000e+01 7.000000e+00 2.000000e+00 7.000000e+01 6.793205e+01
1.000000e+00 9.000000e+00 7.500000e+01 4.000000e+00 8.000000e+00 7.100000e+01 7.174974e+01
1.000000e+00 2.000000e+00 5.200000e+01 4.000000e+00 4.000000e+00 2.800000e+01 2.763990e+01
1.000000e+00 6.000000e+00 5.500000e+01 7.000000e+00 0.000000e+00 4.400000e+01 4.272781e+01
1.000000e+00 7.000000e+00 5.500000e+01 5.000000e+00 4.000000e+00 4.600000e+01 4.540718e+01
1.000000e+00 4.000000e+00 9.300000e+01 5.000000e+00 2.000000e+00 7.600000e+01 7.511486e+01
1.000000e+00 6.000000e+00 4.400000e+01 4.000000e+00 0.000000e+00 2.900000e+01 3.011238e+01
1.000000e+00 7.000000e+00 9.100000e+01 8.000000e+00 2.000000e+00 8.400000e+01 8.305411e+01
1.000000e+00 4.000000e+00 6.400000e+01 5.000000e+00 5.000000e+00 4.700000e+01 4.621161e+01
1.000000e+00 8.000000e+00 7.700000e+01 7.000000e+00 9.000000e+00 7.000000e+01 7.256070e+01
1.000000e+00 9.000000e+00 7.700000e+01 4.000000e+00 4.000000e+00 7.300000e+01 7.299956e+01
1.000000e+00 1.000000e+00 8.900000e+01 6.000000e+00 0.000000e+00 6.300000e+01 6.258737e+01
1.000000e+00 7.000000e+00 7.700000e+01 6.000000e+00 1.000000e+00 6.800000e+01 6.766820e+01
1.000000e+00 9.000000e+00 7.800000e+01 5.000000e+00 4.000000e+00 7.400000e+01 7.449286e+01
1.000000e+00 5.000000e+00 9.500000e+01 8.000000e+00 8.000000e+00 8.200000e+01 8.260193e+01
1.000000e+00 2.000000e+00 9.500000e+01 9.000000e+00 4.000000e+00 7.700000e+01 7.375018e+01
1.000000e+00 6.000000e+00 8.700000e+01 5.000000e+00 4.000000e+00 7.700000e+01 7.510128e+01
1.000000e+00 7.000000e+00 8.000000e+01 8.000000e+00 0.000000e+00 7.100000e+01 7.147572e+01
1.000000e+00 2.000000e+00 6.500000e+01 5.000000e+00 4.000000e+00 3.900000e+01 4.133650e+01
1.000000e+00 2.000000e+00 9.800000e+01 6.000000e+00 7.000000e+00 7.700000e+01 7.595997e+01
1.000000e+00 1.000000e+00 5.200000e+01 8.000000e+00 8.000000e+00 2.500000e+01 2.748139e+01
1.000000e+00 4.000000e+00 8.300000e+01 6.000000e+00 9.000000e+00 6.300000e+01 6.679392e+01
1.000000e+00 7.000000e+00 9.000000e+01 7.000000e+00 2.000000e+00 8.000000e+01 8.156081e+01
1.000000e+00 9.000000e+00 6.500000e+01 7.000000e+00 3.000000e+00 6.200000e+01 6.202933e+01
1.000000e+00 3.000000e+00 9.400000e+01 4.000000e+00 6.000000e+00 7.500000e+01 7.359149e+01
1.000000e+00 7.000000e+00 9.400000e+01 6.000000e+00 6.000000e+00 8.800000e+01 8.593628e+01
1.000000e+00 7.000000e+00 4.000000e+01 6.000000e+00 0.000000e+00 3.100000e+01 2.984535e+01
1.000000e+00 7.000000e+00 4.700000e+01 4.000000e+00 5.000000e+00 3.600000e+01 3.699130e+01
1.000000e+00 2.000000e+00 4.300000e+01 7.000000e+00 8.000000e+00 2.100000e+01 2.070057e+01
1.000000e+00 6.000000e+00 6.000000e+01 7.000000e+00 4.000000e+00 5.000000e+01 4.859658e+01
1.000000e+00 2.000000e+00 6.100000e+01 8.000000e+00 7.000000e+00 4.000000e+01 3.928586e+01
1.000000e+00 6.000000e+00 9.000000e+01 8.000000e+00 9.000000e+00 8.100000e+01 8.056126e+01
1.000000e+00 3.000000e+00 9.200000e+01 9.000000e+00 8.000000e+00 7.500000e+01 7.433143e+01
1.000000e+00 2.000000e+00 9.700000e+01 7.000000e+00 9.000000e+00 7.600000e+01 7.581142e+01
1.000000e+00 6.000000e+00 7.600000e+01 9.000000e+00 9.000000e+00 6.600000e+01 6.680044e+01
1.000000e+00 2.000000e+00 8.800000e+01 5.000000e+00 2.000000e+00 5.900000e+01 6.433412e+01
1.000000e+00 5.000000e+00 4.200000e+01 6.000000e+00 0.000000e+00 2.600000e+01 2.618320e+01
1.000000e+00 2.000000e+00 5.800000e+01 8.000000e+00 1.000000e+00 3.300000e+01 3.505894e+01
1.000000e+00 3.000000e+00 4.000000e+01 5.000000e+00 4.000000e+00 1.900000e+01 1.876098e+01
1.000000e+00 3.000000e+00 6.800000e+01 8.000000e+00 9.000000e+00 4.900000e+01 4.964450e+01
1.000000e+00 6.000000e+00 6.200000e+01 4.000000e+00 6.000000e+00 5.000000e+01 4.959342e+01
1.000000e+00 6.000000e+00 7.200000e+01 6.000000e+00 5.000000e+00 5.600000e+01 6.051954e+01
1.000000e+00 3.000000e+00 9.400000e+01 9.000000e+00 3.000000e+00 7.400000e+01 7.538524e+01
1.000000e+00 3.000000e+00 9.100000e+01 9.000000e+00 8.000000e+00 7.200000e+01 7.331449e+01
1.000000e+00 1.000000e+00 8.000000e+01 8.000000e+00 3.000000e+00 5.300000e+01 5.497566e+01
1.000000e+00 7.000000e+00 6.200000e+01 7.000000e+00 2.000000e+00 6.000000e+01 5.308645e+01
1.000000e+00 8.000000e+00 4.400000e+01 9.000000e+00 4.000000e+00 3.500000e+01 3.897428e+01
1.000000e+00 2.000000e+00 4.600000e+01 4.000000e+00 3.000000e+00 2.200000e+01 2.134224e+01
1.000000e+00 4.000000e+00 9.600000e+01 4.000000e+00 1.000000e+00 8.000000e+01 7.749331e+01
1.000000e+00 7.000000e+00 9.700000e+01 7.000000e+00 2.000000e+00 8.800000e+01 8.867940e+01
1.000000e+00 8.000000e+00 4.500000e+01 4.000000e+00 6.000000e+00 3.900000e+01 3.800145e+01
1.000000e+00 1.000000e+00 8.800000e+01 6.000000e+00 1.000000e+00 6.300000e+01 6.176644e+01
1.000000e+00 4.000000e+00 6.100000e+01 8.000000e+00 0.000000e+00 4.400000e+01 4.360979e+01
1.000000e+00 6.000000e+00 8.800000e+01 4.000000e+00 1.000000e+00 7.200000e+01 7.505381e+01
1.000000e+00 3.000000e+00 5.200000e+01 6.000000e+00 7.000000e+00 3.300000e+01 3.202869e+01
1.000000e+00 5.000000e+00 5.100000e+01 7.000000e+00 7.000000e+00 3.900000e+01 3.718414e+01
1.000000e+00 9.000000e+00 4.300000e+01 8.000000e+00 9.000000e+00 4.500000e+01 4.130907e+01
1.000000e+00 3.000000e+00 4.700000e+01 7.000000e+00 1.000000e+00 2.300000e+01 2.624425e+01
1.000000e+00 5.000000e+00 7.600000e+01 8.000000e+00 5.000000e+00 6.300000e+01 6.269200e+01
1.000000e+00 8.000000e+00 7.000000e+01 4.000000e+00 6.000000e+00 6.300000e+01 6.342498e+01
1.000000e+00 6.000000e+00 7.600000e+01 4.000000e+00 0.000000e+00 6.300000e+01 6.265450e+01
1.000000e+00 4.000000e+00 8.400000e+01 8.000000e+00 6.000000e+00 6.400000e+01 6.817553e+01
1.000000e+00 8.000000e+00 6.500000e+01 6.000000e+00 7.000000e+00 6.200000e+01 5.948901e+01
1.000000e+00 3.000000e+00 8.200000e+01 6.000000e+00 8.000000e+00 6.400000e+01 6.273294e+01
1.000000e+00 3.000000e+00 4.700000e+01 6.000000e+00 7.000000e+00 2.800000e+01 2.694398e+01
1.000000e+00 4.000000e+00 7.900000e+01 5.000000e+00 2.000000e+00 6.000000e+01 6.087768e+01
1.000000e+00 9.000000e+00 7.200000e+01 9.000000e+00 7.000000e+00 7.000000e+01 7.088470e+01
1.000000e+00 5.000000e+00 8.400000e+01 9.000000e+00 2.000000e+00 7.000000e+01 7.071584e+01
1.000000e+00 8.000000e+00 6.800000e+01 9.000000e+00 5.000000e+00 6.000000e+01 6.357688e+01
1.000000e+00 6.000000e+00 4.400000e+01 6.000000e+00 3.000000e+00 3.300000e+01 3.165315e+01
1.000000e+00 3.000000e+00 6.700000e+01 4.000000e+00 6.000000e+00 4.600000e+01 4.613407e+01
1.000000e+00 8.000000e+00 9.200000e+01 5.000000e+00 7.000000e+00 8.800000e+01 8.647007e+01
1.000000e+00 9.000000e+00 7.900000e+01 6.000000e+00 9.000000e+00 7.800000e+01 7.696624e+01
1.000000e+00 8.000000e+00 5.600000e+01 4.000000e+00 5.000000e+00 4.700000e+01 4.899179e+01
1.000000e+00 4.000000e+00 9.400000e+01 5.000000e+00 9.000000e+00 7.500000e+01 7.750391e+01
1.000000e+00 6.000000e+00 6.200000e+01 4.000000e+00 3.000000e+00 5.100000e+01 4.900537e+01
1.000000e+00 1.000000e+00 8.400000e+01 8.000000e+00 7.000000e+00 6.100000e+01 5.982749e+01
1.000000e+00 4.000000e+00 4.800000e+01 4.000000e+00 6.000000e+00 2.900000e+01 2.966020e+01
1.000000e+00 8.000000e+00 4.100000e+01 5.000000e+00 9.000000e+00 3.600000e+01 3.499809e+01
1.000000e+00 1.000000e+00 7.100000e+01 6.000000e+00 7.000000e+00 4.400000e+01 4.565454e+01
1.000000e+00 3.000000e+00 9.000000e+01 9.000000e+00 9.000000e+00 7.500000e+01 7.249357e+01
1.000000e+00 1.000000e+00 9.100000e+01 5.000000e+00 6.000000e+00 6.300000e+01 6.532099e+01
1.000000e+00 9.000000e+00 8.800000e+01 6.000000e+00 2.000000e+00 8.500000e+01 8.474660e+01
1.000000e+00 2.000000e+00 7.000000e+01 6.000000e+00 2.000000e+00 4.600000e+01 4.650553e+01
1.000000e+00 9.000000e+00 4.600000e+01 7.000000e+00 8.000000e+00 4.400000e+01 4.368752e+01
1.000000e+00 4.000000e+00 6.900000e+01 8.000000e+00 6.000000e+00 5.500000e+01 5.292141e+01
1.000000e+00 2.000000e+00 9.700000e+01 7.000000e+00 0.000000e+00 7.600000e+01 7.404728e+01
1.000000e+00 4.000000e+00 4.200000e+01 9.000000e+00 2.000000e+00 2.500000e+01 2.515629e+01
1.000000e+00 6.000000e+00 9.000000e+01 5.000000e+00 0.000000e+00 7.400000e+01 7.736804e+01
1.000000e+00 7.000000e+00 9.000000e+01 7.000000e+00 5.000000e+00 7.900000e+01 8.214886e+01
1.000000e+00 3.000000e+00 9.500000e+01 9.000000e+00 1.000000e+00 7.500000e+01 7.601015e+01
1.000000e+00 3.000000e+00 4.800000e+01 6.000000e+00 6.000000e+00 2.800000e+01 2.776491e+01
1.000000e+00 8.000000e+00 4.900000e+01 5.000000e+00 7.000000e+00 4.400000e+01 4.274159e+01
1.000000e+00 5.000000e+00 8.500000e+01 7.000000e+00 5.000000e+00 7.200000e+01 7.136811e+01
1.000000e+00 4.000000e+00 8.900000e+01 4.000000e+00 4.000000e+00 7.200000e+01 7.096277e+01
1.000000e+00 7.000000e+00 9.700000e+01 9.000000e+00 9.000000e+00 9.400000e+01 9.100423e+01
1.000000e+00 7.000000e+00 8.600000e+01 9.000000e+00 3.000000e+00 7.900000e+01 7.864178e+01
1.000000e+00 9.000000e+00 6.500000e+01 8.000000e+00 8.000000e+00 6.400000e+01 6.348577e+01
1.000000e+00 9.000000e+00 4.000000e+01 4.000000e+00 7.000000e+00 3.500000e+01 3.596078e+01
1.000000e+00 5.000000e+00 6.900000e+01 5.000000e+00 4.000000e+00 5.400000e+01 5.394832e+01
1.000000e+00 8.000000e+00 9.600000e+01 7.000000e+00 0.000000e+00 9.000000e+01 9.011844e+01
1.000000e+00 1.000000e+00 7.700000e+01 6.000000e+00 7.000000e+00 5.200000e+01 5.175618e+01
1.000000e+00 9.000000e+00 5.400000e+01 7.000000e+00 7.000000e+00 5.000000e+01 5.162704e+01
1.000000e+00 8.000000e+00 6.400000e+01 5.000000e+00 6.000000e+00 5.800000e+01 5.779970e+01
1.000000e+00 6.000000e+00 4.500000e+01 5.000000e+00 6.000000e+00 3.300000e+01 3.278178e+01
1.000000e+00 3.000000e+00 5.700000e+01 5.000000e+00 7.000000e+00 3.800000e+01 3.663703e+01
1.000000e+00 3.000000e+00 4.000000e+01 5.000000e+00 0.000000e+00 1.700000e+01 1.797692e+01
1.000000e+00 8.000000e+00 9.500000e+01 9.000000e+00 2.000000e+00 9.000000e+01 9.044625e+01
1.000000e+00 5.000000e+00 4.200000e+01 7.000000e+00 3.000000e+00 3.200000e+01 2.724761e+01
1.000000e+00 7.000000e+00 5.600000e+01 4.000000e+00 5.000000e+00 4.600000e+01 4.614377e+01
1.000000e+00 5.000000e+00 8.700000e+01 6.000000e+00 9.000000e+00 7.600000e+01 7.370970e+01
1.000000e+00 8.000000e+00 4.700000e+01 6.000000e+00 9.000000e+00 4.500000e+01 4.157610e+01
1.000000e+00 4.000000e+00 9.900000e+01 8.000000e+00 8.000000e+00 8.100000e+01 8.382168e+01
1.000000e+00 2.000000e+00 8.800000e+01 9.000000e+00 3.000000e+00 6.600000e+01 6.643557e+01
1.000000e+00 3.000000e+00 7.900000e+01 5.000000e+00 5.000000e+00 5.900000e+01 5.861771e+01
1.000000e+00 8.000000e+00 5.600000e+01 5.000000e+00 8.000000e+00 5.400000e+01 5.005620e+01
1.000000e+00 7.000000e+00 6.400000e+01 5.000000e+00 8.000000e+00 5.900000e+01 5.534371e+01
1.000000e+00 2.000000e+00 8.000000e+01 9.000000e+00 5.000000e+00 5.500000e+01 5.869207e+01
1.000000e+00 6.000000e+00 5.100000e+01 4.000000e+00 4.000000e+00 3.600000e+01 3.801503e+01
1.000000e+00 9.000000e+00 6.800000e+01 5.000000e+00 2.000000e+00 6.600000e+01 6.393142e+01
1.000000e+00 4.000000e+00 6.400000e+01 8.000000e+00 4.000000e+00 4.700000e+01 4.744467e+01
1.000000e+00 9.000000e+00 9.000000e+01 8.000000e+00 2.000000e+00 8.900000e+01 8.773320e+01
1.000000e+00 2.000000e+00 7.500000e+01 4.000000e+00 4.000000e+00 5.000000e+01 5.102955e+01
1.000000e+00 2.000000e+00 9.200000e+01 9.000000e+00 9.000000e+00 6.900000e+01 7.167943e+01
1.000000e+00 9.000000e+00 9.300000e+01 5.000000e+00 9.000000e+00 9.400000e+01 9.072706e+01
1.000000e+00 7.000000e+00 6.400000e+01 7.000000e+00 0.000000e+00 5.400000e+01 5.472830e+01
1.000000e+00 7.000000e+00 6.800000e+01 7.000000e+00 5.000000e+00 6.000000e+01 5.977615e+01
1.000000e+00 1.000000e+00 5.000000e+01 6.000000e+00 6.000000e+00 2.200000e+01 2.410275e+01
1.000000e+00 6.000000e+00 9.900000e+01 4.000000e+00 1.000000e+00 8.400000e+01 8.624017e+01
1.000000e+00 7.000000e+00 4.300000e+01 7.000000e+00 2.000000e+00 3.400000e+01 3.376457e+01
1.000000e+00 6.000000e+00 5.300000e+01 6.000000e+00 9.000000e+00 4.000000e+01 4.198171e+01
1.000000e+00 6.000000e+00 8.500000e+01 8.000000e+00 8.000000e+00 7.800000e+01 7.528054e+01
1.000000e+00 2.000000e+00 7.700000e+01 6.000000e+00 7.000000e+00 5.600000e+01 5.460420e+01
1.000000e+00 6.000000e+00 5.600000e+01 5.000000e+00 3.000000e+00 4.500000e+01 4.338008e+01
1.000000e+00 4.000000e+00 4.100000e+01 5.000000e+00 7.000000e+00 2.300000e+01 2.321399e+01
1.000000e+00 9.000000e+00 4.700000e+01 8.000000e+00 7.000000e+00 4.500000e+01 4.498481e+01
1.000000e+00 1.000000e+00 7.500000e+01 4.000000e+00 5.000000e+00 5.000000e+01 4.837755e+01
1.000000e+00 8.000000e+00 4.900000e+01 9.000000e+00 0.000000e+00 3.700000e+01 4.327492e+01
1.000000e+00 5.000000e+00 4.600000e+01 5.000000e+00 1.000000e+00 2.900000e+01 2.997062e+01
1.000000e+00 1.000000e+00 7.500000e+01 5.000000e+00 3.000000e+00 4.400000e+01 4.846188e+01
1.000000e+00 4.000000e+00 5.500000e+01 6.000000e+00 3.000000e+00 3.800000e+01 3.714347e+01
1.000000e+00 1.000000e+00 5.300000e+01 6.000000e+00 1.000000e+00 2.400000e+01 2.617350e+01
1.000000e+00 6.000000e+00 5.500000e+01 6.000000e+00 8.000000e+00 4.300000e+01 4.381958e+01
1.000000e+00 2.000000e+00 6.400000e+01 7.000000e+00 1.000000e+00 3.900000e+01 4.068423e+01
1.000000e+00 5.000000e+00 8.000000e+01 8.000000e+00 5.000000e+00 7.000000e+01 6.675977e+01
1.000000e+00 7.000000e+00 4.300000e+01 4.000000e+00 4.000000e+00 3.700000e+01 3.272752e+01
1.000000e+00 2.000000e+00 6.800000e+01 6.000000e+00 3.000000e+00 4.700000e+01 4.466767e+01
1.000000e+00 6.000000e+00 9.500000e+01 4.000000e+00 5.000000e+00 8.500000e+01 8.295647e+01
1.000000e+00 6.000000e+00 4.500000e+01 6.000000e+00 3.000000e+00 3.200000e+01 3.267009e+01
1.000000e+00 5.000000e+00 4.000000e+01 5.000000e+00 8.000000e+00 2.400000e+01 2.524108e+01
1.000000e+00 5.000000e+00 7.800000e+01 4.000000e+00 9.000000e+00 6.000000e+01 6.360451e+01
1.000000e+00 3.000000e+00 4.000000e+01 7.000000e+00 6.000000e+00 2.000000e+01 2.010574e+01
1.000000e+00 2.000000e+00 9.000000e+01 6.000000e+00 2.000000e+00 6.600000e+01 6.684436e+01
1.000000e+00 7.000000e+00 7.900000e+01 9.000000e+00 9.000000e+00 7.400000e+01 7.269928e+01
1.000000e+00 1.000000e+00 9.600000e+01 8.000000e+00 3.000000e+00 7.000000e+01 7.124673e+01
1.000000e+00 6.000000e+00 4.200000e+01 5.000000e+00 0.000000e+00 2.500000e+01 2.855486e+01
1.000000e+00 6.000000e+00 4.000000e+01 6.000000e+00 5.000000e+00 2.500000e+01 2.797741e+01
1.000000e+00 3.000000e+00 4.000000e+01 4.000000e+00 1.000000e+00 2.000000e+01 1.769658e+01
1.000000e+00 2.000000e+00 7.800000e+01 6.000000e+00 3.000000e+00 5.900000e+01 5.483708e+01
1.000000e+00 2.000000e+00 6.000000e+01 5.000000e+00 4.000000e+00 3.300000e+01 3.625179e+01
1.000000e+00 9.000000e+00 8.400000e+01 8.000000e+00 7.000000e+00 8.100000e+01 8.261164e+01
1.000000e+00 5.000000e+00 6.900000e+01 8.000000e+00 2.000000e+00 5.100000e+01 5.498537e+01
1.000000e+00 7.000000e+00 7.100000e+01 8.000000e+00 5.000000e+00 6.400000e+01 6.330333e+01
1.000000e+00 5.000000e+00 7.200000e+01 9.000000e+00 0.000000e+00 5.800000e+01 5.812052e+01
1.000000e+00 7.000000e+00 8.700000e+01 5.000000e+00 8.000000e+00 7.800000e+01 7.873336e+01
1.000000e+00 4.000000e+00 6.100000e+01 9.000000e+00 0.000000e+00 4.300000e+01 4.408615e+01
1.000000e+00 8.000000e+00 6.900000e+01 9.000000e+00 1.000000e+00 6.400000e+01 6.380976e+01
1.000000e+00 7.000000e+00 9.300000e+01 6.000000e+00 0.000000e+00 8.500000e+01 8.374324e+01
1.000000e+00 5.000000e+00 8.500000e+01 5.000000e+00 7.000000e+00 7.300000e+01 7.080743e+01
1.000000e+00 6.000000e+00 4.300000e+01 5.000000e+00 3.000000e+00 3.200000e+01 3.015985e+01
1.000000e+00 5.000000e+00 6.200000e+01 6.000000e+00 1.000000e+00 4.600000e+01 4.671804e+01
1.000000e+00 7.000000e+00 9.400000e+01 7.000000e+00 6.000000e+00 8.500000e+01 8.641264e+01
1.000000e+00 2.000000e+00 8.300000e+01 9.000000e+00 7.000000e+00 6.400000e+01 6.213493e+01
1.000000e+00 5.000000e+00 6.400000e+01 8.000000e+00 8.000000e+00 5.000000e+01 5.107675e+01
1.000000e+00 3.000000e+00 5.100000e+01 4.000000e+00 4.000000e+00 2.900000e+01 2.947098e+01
1.000000e+00 9.000000e+00 5.600000e+01 9.000000e+00 2.000000e+00 5.300000e+01 5.363356e+01
1.000000e+00 6.000000e+00 9.200000e+01 4.000000e+00 0.000000e+00 8.300000e+01 7.892556e+01
1.000000e+00 3.000000e+00 5.400000e+01 6.000000e+00 7.000000e+00 3.600000e+01 3.406257e+01
1.000000e+00 7.000000e+00 4.900000e+01 4.000000e+00 5.000000e+00 3.700000e+01 3.902518e+01
1.000000e+00 4.000000e+00 7.400000e+01 7.000000e+00 4.000000e+00 5.700000e+01 5.713773e+01
1.000000e+00 3.000000e+00 9.400000e+01 5.000000e+00 6.000000e+00 7.500000e+01 7.406785e+01
1.000000e+00 8.000000e+00 9.100000e+01 8.000000e+00 4.000000e+00 8.400000e+01 8.629416e+01
1.000000e+00 4.000000e+00 9.100000e+01 4.000000e+00 3.000000e+00 7.400000e+01 7.280063e+01
1.000000e+00 1.000000e+00 6.800000e+01 4.000000e+00 4.000000e+00 4.000000e+01 4.106295e+01
1.000000e+00 6.000000e+00 5.100000e+01 6.000000e+00 6.000000e+00 3.700000e+01 3.935978e+01
1.000000e+00 1.000000e+00 4.000000e+01 6.000000e+00 5.000000e+00 1.100000e+01 1.373732e+01
1.000000e+00 5.000000e+00 4.000000e+01 5.000000e+00 9.000000e+00 2.800000e+01 2.543710e+01
1.000000e+00 7.000000e+00 4.900000e+01 8.000000e+00 9.000000e+00 4.000000e+01 4.171469e+01
1.000000e+00 6.000000e+00 5.700000e+01 4.000000e+00 8.000000e+00 4.700000e+01 4.490074e+01
1.000000e+00 2.000000e+00 8.600000e+01 5.000000e+00 9.000000e+00 6.500000e+01 6.367235e+01
1.000000e+00 4.000000e+00 4.100000e+01 8.000000e+00 1.000000e+00 2.200000e+01 2.346698e+01
1.000000e+00 2.000000e+00 8.800000e+01 5.000000e+00 6.000000e+00 6.600000e+01 6.511818e+01
1.000000e+00 1.000000e+00 4.700000e+01 4.000000e+00 0.000000e+00 1.900000e+01 1.892311e+01
1.000000e+00 3.000000e+00 6.100000e+01 6.000000e+00 7.000000e+00 4.300000e+01 4.118116e+01
1.000000e+00 3.000000e+00 6.100000e+01 6.000000e+00 3.000000e+00 4.100000e+01 4.039710e+01
1.000000e+00 7.000000e+00 6.500000e+01 6.000000e+00 7.000000e+00 5.600000e+01 5.664100e+01
1.000000e+00 1.000000e+00 6.500000e+01 7.000000e+00 7.000000e+00 4.200000e+01 4.002925e+01
1.000000e+00 9.000000e+00 4.800000e+01 5.000000e+00 3.000000e+00 4.500000e+01 4.378861e+01
1.000000e+00 6.000000e+00 6.000000e+01 4.000000e+00 3.000000e+00 4.600000e+01 4.697149e+01
1.000000e+00 4.000000e+00 7.000000e+01 5.000000e+00 4.000000e+00 5.100000e+01 5.211724e+01
1.000000e+00 3.000000e+00 9.100000e+01 6.000000e+00 6.000000e+00 7.400000e+01 7.149338e+01
1.000000e+00 3.000000e+00 8.200000e+01 9.000000e+00 5.000000e+00 6.700000e+01 6.357397e+01
1.000000e+00 2.000000e+00 4.500000e+01 9.000000e+00 0.000000e+00 2.100000e+01 2.211905e+01
1.000000e+00 2.000000e+00 9.500000e+01 5.000000e+00 5.000000e+00 7.300000e+01 7.204075e+01
1.000000e+00 5.000000e+00 5.300000e+01 8.000000e+00 2.000000e+00 3.900000e+01 3.871430e+01
1.000000e+00 9.000000e+00 7.200000e+01 9.000000e+00 8.000000e+00 6.900000e+01 7.108072e+01
1.000000e+00 2.000000e+00 4.600000e+01 9.000000e+00 2.000000e+00 2.400000e+01 2.352802e+01
1.000000e+00 2.000000e+00 6.300000e+01 5.000000e+00 8.000000e+00 3.600000e+01 4.008668e+01
1.000000e+00 6.000000e+00 4.800000e+01 7.000000e+00 4.000000e+00 3.800000e+01 3.639329e+01
1.000000e+00 2.000000e+00 5.000000e+01 7.000000e+00 9.000000e+00 2.900000e+01 2.801518e+01
1.000000e+00 4.000000e+00 9.500000e+01 6.000000e+00 7.000000e+00 7.200000e+01 7.860518e+01
1.000000e+00 6.000000e+00 6.200000e+01 4.000000e+00 8.000000e+00 4.800000e+01 4.998545e+01
1.000000e+00 5.000000e+00 8.700000e+01 8.000000e+00 8.000000e+00 7.100000e+01 7.446640e+01
1.000000e+00 1.000000e+00 9.000000e+01 4.000000e+00 6.000000e+00 6.100000e+01 6.382769e+01
1.000000e+00 6.000000e+00 4.100000e+01 4.000000e+00 9.000000e+00 2.900000e+01 2.882570e+01
1.000000e+00 1.000000e+00 5.400000e+01 8.000000e+00 0.000000e+00 3.100000e+01 2.794714e+01
1.000000e+00 3.000000e+00 7.400000e+01 7.000000e+00 7.000000e+00 5.600000e+01 5.487776e+01
1.000000e+00 5.000000e+00 7.500000e+01 9.000000e+00 6.000000e+00 6.200000e+01 6.234744e+01
1.000000e+00 5.000000e+00 9.100000e+01 6.000000e+00 3.000000e+00 7.800000e+01 7.660137e+01
1.000000e+00 6.000000e+00 9.300000e+01 5.000000e+00 5.000000e+00 8.300000e+01 8.139894e+01
1.000000e+00 8.000000e+00 6.700000e+01 7.000000e+00 9.000000e+00 6.500000e+01 6.239129e+01
1.000000e+00 5.000000e+00 7.800000e+01 6.000000e+00 1.000000e+00 6.500000e+01 6.298910e+01
1.000000e+00 1.000000e+00 8.300000e+01 9.000000e+00 3.000000e+00 5.900000e+01 5.850285e+01
1.000000e+00 5.000000e+00 4.300000e+01 7.000000e+00 7.000000e+00 2.600000e+01 2.904861e+01
1.000000e+00 3.000000e+00 4.900000e+01 8.000000e+00 3.000000e+00 3.200000e+01 2.914652e+01
1.000000e+00 4.000000e+00 4.500000e+01 4.000000e+00 9.000000e+00 2.700000e+01 2.719743e+01
1.000000e+00 8.000000e+00 9.600000e+01 8.000000e+00 3.000000e+00 8.900000e+01 9.118285e+01
1.000000e+00 7.000000e+00 6.900000e+01 9.000000e+00 3.000000e+00 5.700000e+01 6.135378e+01
1.000000e+00 5.000000e+00 9.300000e+01 5.000000e+00 9.000000e+00 7.700000e+01 7.933499e+01
1.000000e+00 2.000000e+00 8.500000e+01 8.000000e+00 8.000000e+00 6.500000e+01 6.388847e+01
1.000000e+00 6.000000e+00 7.400000e+01 9.000000e+00 1.000000e+00 6.300000e+01 6.319843e+01
1.000000e+00 6.000000e+00 8.800000e+01 4.000000e+00 6.000000e+00 7.800000e+01 7.603389e+01
1.000000e+00 6.000000e+00 8.200000e+01 7.000000e+00 2.000000e+00 7.400000e+01 7.057726e+01
1.000000e+00 9.000000e+00 4.900000e+01 6.000000e+00 3.000000e+00 4.100000e+01 4.528191e+01
1.000000e+00 8.000000e+00 9.700000e+01 9.000000e+00 0.000000e+00 9.000000e+01 9.208810e+01
1.000000e+00 8.000000e+00 9.200000e+01 9.000000e+00 2.000000e+00 8.800000e+01 8.739543e+01
1.000000e+00 1.000000e+00 7.100000e+01 5.000000e+00 1.000000e+00 4.700000e+01 4.400208e+01
1.000000e+00 5.000000e+00 8.100000e+01 7.000000e+00 9.000000e+00 6.600000e+01 6.808441e+01
1.000000e+00 7.000000e+00 8.100000e+01 9.000000e+00 6.000000e+00 7.500000e+01 7.414512e+01
1.000000e+00 6.000000e+00 4.200000e+01 9.000000e+00 5.000000e+00 2.900000e+01 3.144038e+01
1.000000e+00 5.000000e+00 9.500000e+01 6.000000e+00 0.000000e+00 8.000000e+01 8.008109e+01
1.000000e+00 8.000000e+00 6.500000e+01 4.000000e+00 7.000000e+00 5.900000e+01 5.853629e+01
1.000000e+00 3.000000e+00 5.400000e+01 8.000000e+00 8.000000e+00 3.400000e+01 3.521131e+01
1.000000e+00 6.000000e+00 5.600000e+01 7.000000e+00 0.000000e+00 4.700000e+01 4.374475e+01
1.000000e+00 5.000000e+00 6.600000e+01 6.000000e+00 4.000000e+00 5.300000e+01 5.137385e+01
1.000000e+00 8.000000e+00 5.700000e+01 6.000000e+00 6.000000e+00 5.000000e+01 5.115747e+01
1.000000e+00 4.000000e+00 9.000000e+01 8.000000e+00 1.000000e+00 7.200000e+01 7.329710e+01
1.000000e+00 8.000000e+00 5.800000e+01 7.000000e+00 5.000000e+00 5.400000e+01 5.245475e+01
1.000000e+00 2.000000e+00 5.100000e+01 7.000000e+00 7.000000e+00 2.800000e+01 2.864009e+01
1.000000e+00 9.000000e+00 6.300000e+01 4.000000e+00 7.000000e+00 5.900000e+01 5.935043e+01
1.000000e+00 9.000000e+00 4.400000e+01 7.000000e+00 9.000000e+00 4.000000e+01 4.184966e+01
1.000000e+00 6.000000e+00 6.300000e+01 9.000000e+00 9.000000e+00 5.500000e+01 5.358021e+01
1.000000e+00 4.000000e+00 6.600000e+01 8.000000e+00 7.000000e+00 4.900000e+01 5.006660e+01
1.000000e+00 4.000000e+00 8.700000e+01 7.000000e+00 5.000000e+00 7.000000e+01 7.055398e+01
1.000000e+00 6.000000e+00 6.900000e+01 4.000000e+00 5.000000e+00 5.700000e+01 5.651599e+01
1.000000e+00 5.000000e+00 5.400000e+01 6.000000e+00 2.000000e+00 3.900000e+01 3.877853e+01
1.000000e+00 6.000000e+00 8.600000e+01 9.000000e+00 1.000000e+00 7.500000e+01 7.540173e+01
1.000000e+00 7.000000e+00 9.800000e+01 7.000000e+00 4.000000e+00 8.700000e+01 9.008837e+01
1.000000e+00 7.000000e+00 7.700000e+01 8.000000e+00 8.000000e+00 7.000000e+01 6.999303e+01
1.000000e+00 9.000000e+00 8.300000e+01 7.000000e+00 3.000000e+00 7.600000e+01 8.033427e+01
1.000000e+00 8.000000e+00 7.300000e+01 5.000000e+00 4.000000e+00 6.800000e+01 6.656014e+01
1.000000e+00 6.000000e+00 6.600000e+01 4.000000e+00 5.000000e+00 5.300000e+01 5.346517e+01
1.000000e+00 6.000000e+00 5.900000e+01 6.000000e+00 5.000000e+00 4.800000e+01 4.729930e+01
1.000000e+00 5.000000e+00 8.000000e+01 5.000000e+00 3.000000e+00 6.300000e+01 6.493866e+01
1.000000e+00 1.000000e+00 7.100000e+01 8.000000e+00 3.000000e+00 4.700000e+01 4.582319e+01
1.000000e+00 9.000000e+00 4.300000e+01 7.000000e+00 7.000000e+00 3.800000e+01 4.044068e+01
1.000000e+00 9.000000e+00 4.400000e+01 4.000000e+00 4.000000e+00 4.300000e+01 3.944050e+01
1.000000e+00 9.000000e+00 9.200000e+01 9.000000e+00 4.000000e+00 9.000000e+01 9.063548e+01
1.000000e+00 8.000000e+00 9.700000e+01 7.000000e+00 8.000000e+00 9.500000e+01 9.270351e+01
1.000000e+00 3.000000e+00 4.700000e+01 7.000000e+00 3.000000e+00 2.400000e+01 2.663628e+01
1.000000e+00 1.000000e+00 6.100000e+01 7.000000e+00 6.000000e+00 3.500000e+01 3.576547e+01
1.000000e+00 8.000000e+00 8.100000e+01 9.000000e+00 4.000000e+00 7.500000e+01 7.660111e+01
1.000000e+00 7.000000e+00 4.600000e+01 7.000000e+00 8.000000e+00 3.700000e+01 3.799149e+01
1.000000e+00 5.000000e+00 6.100000e+01 4.000000e+00 7.000000e+00 4.600000e+01 4.592448e+01
1.000000e+00 7.000000e+00 8.500000e+01 9.000000e+00 7.000000e+00 8.000000e+01 7.840890e+01
1.000000e+00 4.000000e+00 6.900000e+01 9.000000e+00 9.000000e+00 5.500000e+01 5.398582e+01
1.000000e+00 9.000000e+00 7.600000e+01 5.000000e+00 9.000000e+00 7.100000e+01 7.343906e+01
1.000000e+00 2.000000e+00 5.500000e+01 8.000000e+00 2.000000e+00 3.200000e+01 3.220413e+01
1.000000e+00 9.000000e+00 5.400000e+01 9.000000e+00 8.000000e+00 5.100000e+01 5.277577e+01
1.000000e+00 9.000000e+00 4.400000e+01 5.000000e+00 7.000000e+00 4.300000e+01 4.050490e+01
1.000000e+00 5.000000e+00 4.200000e+01 4.000000e+00 2.000000e+00 2.300000e+01 2.562251e+01
1.000000e+00 1.000000e+00 6.200000e+01 8.000000e+00 9.000000e+00 3.700000e+01 3.784682e+01
1.000000e+00 7.000000e+00 4.900000e+01 9.000000e+00 0.000000e+00 4.000000e+01 4.042690e+01
1.000000e+00 4.000000e+00 4.400000e+01 6.000000e+00 4.000000e+00 2.400000e+01 2.615313e+01
1.000000e+00 9.000000e+00 6.200000e+01 5.000000e+00 3.000000e+00 6.000000e+01 5.802578e+01
1.000000e+00 6.000000e+00 5.400000e+01 4.000000e+00 7.000000e+00 4.400000e+01 4.165390e+01
1.000000e+00 3.000000e+00 5.700000e+01 4.000000e+00 5.000000e+00 3.400000e+01 3.576864e+01
1.000000e+00 6.000000e+00 6.400000e+01 4.000000e+00 9.000000e+00 5.100000e+01 5.221535e+01
1.000000e+00 6.000000e+00 4.700000e+01 8.000000e+00 4.000000e+00 3.900000e+01 3.585271e+01
1.000000e+00 5.000000e+00 7.000000e+01 7.000000e+00 8.000000e+00 5.700000e+01 5.670204e+01
1.000000e+00 2.000000e+00 6.000000e+01 6.000000e+00 5.000000e+00 3.600000e+01 3.692417e+01
1.000000e+00 2.000000e+00 4.100000e+01 8.000000e+00 2.000000e+00 1.600000e+01 1.796696e+01
1.000000e+00 7.000000e+00 6.100000e+01 8.000000e+00 5.000000e+00 5.200000e+01 5.313392e+01
1.000000e+00 2.000000e+00 4.700000e+01 9.000000e+00 3.000000e+00 2.500000e+01 2.474098e+01
1.000000e+00 6.000000e+00 6.200000e+01 5.000000e+00 4.000000e+00 5.100000e+01 4.967775e+01
1.000000e+00 5.000000e+00 7.100000e+01 6.000000e+00 5.000000e+00 5.600000e+01 5.665458e+01
1.000000e+00 4.000000e+00 4.700000e+01 4.000000e+00 8.000000e+00 2.700000e+01 2.903530e+01
1.000000e+00 7.000000e+00 4.300000e+01 8.000000e+00 2.000000e+00 3.300000e+01 3.424093e+01
1.000000e+00 8.000000e+00 6.900000e+01 6.000000e+00 0.000000e+00 6.000000e+01 6.218467e+01
1.000000e+00 4.000000e+00 5.800000e+01 5.000000e+00 1.000000e+00 3.900000e+01 3.932590e+01
1.000000e+00 1.000000e+00 6.200000e+01 7.000000e+00 7.000000e+00 4.100000e+01 3.697842e+01
1.000000e+00 1.000000e+00 5.700000e+01 6.000000e+00 3.000000e+00 3.500000e+01 3.063330e+01
1.000000e+00 1.000000e+00 9.200000e+01 4.000000e+00 6.000000e+00 6.700000e+01 6.586157e+01
1.000000e+00 1.000000e+00 6.800000e+01 8.000000e+00 1.000000e+00 3.900000e+01 4.238034e+01
1.000000e+00 5.000000e+00 6.200000e+01 7.000000e+00 9.000000e+00 5.100000e+01 4.876253e+01
1.000000e+00 4.000000e+00 7.200000e+01 5.000000e+00 7.000000e+00 5.600000e+01 5.473917e+01
1.000000e+00 9.000000e+00 9.100000e+01 4.000000e+00 9.000000e+00 9.300000e+01 8.821682e+01
1.000000e+00 3.000000e+00 8.600000e+01 7.000000e+00 8.000000e+00 6.800000e+01 6.727707e+01
1.000000e+00 7.000000e+00 5.700000e+01 9.000000e+00 6.000000e+00 4.900000e+01 4.973853e+01
1.000000e+00 8.000000e+00 9.300000e+01 9.000000e+00 9.000000e+00 8.800000e+01 8.978448e+01
1.000000e+00 6.000000e+00 8.300000e+01 5.000000e+00 0.000000e+00 7.200000e+01 7.024945e+01
1.000000e+00 1.000000e+00 7.200000e+01 4.000000e+00 1.000000e+00 4.400000e+01 4.454266e+01
1.000000e+00 8.000000e+00 4.600000e+01 8.000000e+00 8.000000e+00 4.100000e+01 4.131586e+01
1.000000e+00 3.000000e+00 9.000000e+01 5.000000e+00 9.000000e+00 6.900000e+01 7.058813e+01
1.000000e+00 8.000000e+00 6.700000e+01 7.000000e+00 6.000000e+00 6.600000e+01 6.180324e+01
1.000000e+00 4.000000e+00 4.000000e+01 4.000000e+00 2.000000e+00 2.000000e+01 2.074061e+01
1.000000e+00 8.000000e+00 9.500000e+01 9.000000e+00 4.000000e+00 9.200000e+01 9.083828e+01
1.000000e+00 1.000000e+00 7.800000e+01 9.000000e+00 0.000000e+00 5.300000e+01 5.283009e+01
1.000000e+00 3.000000e+00 7.300000e+01 6.000000e+00 9.000000e+00 5.000000e+01 5.377649e+01
1.000000e+00 6.000000e+00 7.800000e+01 4.000000e+00 2.000000e+00 7.000000e+01 6.508042e+01
1.000000e+00 9.000000e+00 5.800000e+01 7.000000e+00 3.000000e+00 5.100000e+01 5.491074e+01
1.000000e+00 2.000000e+00 7.000000e+01 7.000000e+00 3.000000e+00 4.500000e+01 4.717791e+01
1.000000e+00 1.000000e+00 5.200000e+01 6.000000e+00 6.000000e+00 2.500000e+01 2.613664e+01
1.000000e+00 3.000000e+00 9.600000e+01 7.000000e+00 4.000000e+00 7.500000e+01 7.666242e+01
1.000000e+00 4.000000e+00 6.300000e+01 4.000000e+00 8.000000e+00 4.500000e+01 4.530636e+01
1.000000e+00 5.000000e+00 4.400000e+01 9.000000e+00 6.000000e+00 2.900000e+01 3.082226e+01
1.000000e+00 3.000000e+00 6.200000e+01 5.000000e+00 1.000000e+00 4.300000e+01 4.054565e+01
1.000000e+00 2.000000e+00 5.800000e+01 9.000000e+00 7.000000e+00 3.800000e+01 3.671140e+01
1.000000e+00 2.000000e+00 4.000000e+01 9.000000e+00 1.000000e+00 1.600000e+01 1.723036e+01
1.000000e+00 7.000000e+00 7.200000e+01 4.000000e+00 6.000000e+00 6.100000e+01 6.261085e+01
1.000000e+00 9.000000e+00 9.800000e+01 7.000000e+00 4.000000e+00 9.500000e+01 9.578441e+01
1.000000e+00 2.000000e+00 8.900000e+01 6.000000e+00 9.000000e+00 6.500000e+01 6.719953e+01
1.000000e+00 7.000000e+00 9.500000e+01 6.000000e+00 5.000000e+00 8.500000e+01 8.675720e+01
1.000000e+00 7.000000e+00 7.200000e+01 8.000000e+00 3.000000e+00 6.600000e+01 6.392824e+01
1.000000e+00 7.000000e+00 7.100000e+01 6.000000e+00 4.000000e+00 6.100000e+01 6.215460e+01
1.000000e+00 3.000000e+00 9.800000e+01 6.000000e+00 4.000000e+00 7.900000e+01 7.821994e+01
1.000000e+00 7.000000e+00 6.700000e+01 7.000000e+00 6.000000e+00 5.900000e+01 5.895522e+01
1.000000e+00 1.000000e+00 7.600000e+01 5.000000e+00 3.000000e+00 5.200000e+01 4.947882e+01
1.000000e+00 1.000000e+00 8.000000e+01 5.000000e+00 4.000000e+00 5.600000e+01 5.374260e+01
1.000000e+00 5.000000e+00 5.100000e+01 7.000000e+00 3.000000e+00 3.700000e+01 3.640008e+01
1.000000e+00 2.000000e+00 4.800000e+01 6.000000e+00 3.000000e+00 2.900000e+01 2.432884e+01
1.000000e+00 9.000000e+00 8.900000e+01 4.000000e+00 7.000000e+00 8.400000e+01 8.579090e+01
1.000000e+00 7.000000e+00 9.400000e+01 9.000000e+00 4.000000e+00 8.700000e+01 8.697333e+01
1.000000e+00 4.000000e+00 5.000000e+01 9.000000e+00 8.000000e+00 3.600000e+01 3.446792e+01
1.000000e+00 4.000000e+00 7.200000e+01 5.000000e+00 4.000000e+00 5.600000e+01 5.415112e+01
1.000000e+00 2.000000e+00 5.800000e+01 7.000000e+00 7.000000e+00 3.400000e+01 3.575868e+01
1.000000e+00 5.000000e+00 9.300000e+01 4.000000e+00 2.000000e+00 7.700000e+01 7.748652e+01
1.000000e+00 4.000000e+00 9.600000e+01 6.000000e+00 6.000000e+00 8.000000e+01 7.942611e+01
1.000000e+00 1.000000e+00 8.100000e+01 7.000000e+00 0.000000e+00 5.900000e+01 5.492820e+01
1.000000e+00 8.000000e+00 7.300000e+01 5.000000e+00 4.000000e+00 6.800000e+01 6.656014e+01
1.000000e+00 3.000000e+00 4.600000e+01 4.000000e+00 1.000000e+00 2.600000e+01 2.379823e+01
1.000000e+00 6.000000e+00 7.000000e+01 4.000000e+00 7.000000e+00 5.700000e+01 5.792496e+01
1.000000e+00 4.000000e+00 9.100000e+01 5.000000e+00 5.000000e+00 7.200000e+01 7.366902e+01
1.000000e+00 9.000000e+00 4.100000e+01 4.000000e+00 4.000000e+00 3.600000e+01 3.638967e+01
1.000000e+00 7.000000e+00 5.800000e+01 9.000000e+00 2.000000e+00 5.100000e+01 4.997141e+01
1.000000e+00 9.000000e+00 7.700000e+01 5.000000e+00 0.000000e+00 7.600000e+01 7.269186e+01
1.000000e+00 3.000000e+00 7.100000e+01 9.000000e+00 9.000000e+00 5.100000e+01 5.317168e+01
1.000000e+00 1.000000e+00 4.900000e+01 7.000000e+00 9.000000e+00 2.800000e+01 2.415022e+01
1.000000e+00 5.000000e+00 8.000000e+01 8.000000e+00 9.000000e+00 6.900000e+01 6.754383e+01
1.000000e+00 3.000000e+00 4.700000e+01 6.000000e+00 9.000000e+00 3.000000e+01 2.733601e+01
1.000000e+00 6.000000e+00 6.500000e+01 7.000000e+00 7.000000e+00 5.600000e+01 5.426934e+01
1.000000e+00 8.000000e+00 6.900000e+01 9.000000e+00 4.000000e+00 6.400000e+01 6.439781e+01
1.000000e+00 4.000000e+00 5.000000e+01 6.000000e+00 8.000000e+00 3.300000e+01 3.303884e+01
1.000000e+00 5.000000e+00 8.000000e+01 6.000000e+00 6.000000e+00 6.700000e+01 6.600306e+01
1.000000e+00 5.000000e+00 5.900000e+01 9.000000e+00 0.000000e+00 4.500000e+01 4.490028e+01
1.000000e+00 4.000000e+00 9.900000e+01 9.000000e+00 0.000000e+00 8.400000e+01 8.272991e+01
1.000000e+00 4.000000e+00 5.900000e+01 5.000000e+00 6.000000e+00 4.000000e+01 4.132292e+01
1.000000e+00 4.000000e+00 4.800000e+01 8.000000e+00 6.000000e+00 3.300000e+01 3.156564e+01
1.000000e+00 4.000000e+00 4.700000e+01 9.000000e+00 8.000000e+00 3.100000e+01 3.141709e+01
1.000000e+00 4.000000e+00 9.900000e+01 6.000000e+00 1.000000e+00 8.100000e+01 8.149685e+01
1.000000e+00 5.000000e+00 5.400000e+01 6.000000e+00 6.000000e+00 3.800000e+01 3.956259e+01
1.000000e+00 2.000000e+00 7.300000e+01 7.000000e+00 1.000000e+00 4.800000e+01 4.983670e+01
1.000000e+00 2.000000e+00 6.300000e+01 8.000000e+00 9.000000e+00 3.900000e+01 4.171178e+01
1.000000e+00 9.000000e+00 7.200000e+01 8.000000e+00 9.000000e+00 7.100000e+01 7.080037e+01
1.000000e+00 2.000000e+00 8.000000e+01 6.000000e+00 1.000000e+00 5.500000e+01 5.647893e+01
1.000000e+00 6.000000e+00 8.000000e+01 8.000000e+00 4.000000e+00 7.000000e+01 6.941177e+01
1.000000e+00 2.000000e+00 8.400000e+01 7.000000e+00 8.000000e+00 6.500000e+01 6.239517e+01
1.000000e+00 5.000000e+00 7.900000e+01 5.000000e+00 8.000000e+00 6.500000e+01 6.490179e+01
1.000000e+00 4.000000e+00 6.600000e+01 6.000000e+00 9.000000e+00 4.900000e+01 4.950592e+01
1.000000e+00 7.000000e+00 6.000000e+01 4.000000e+00 0.000000e+00 4.900000e+01 4.923146e+01
1.000000e+00 7.000000e+00 4.400000e+01 6.000000e+00 6.000000e+00 3.500000e+01 3.508921e+01
1.000000e+00 6.000000e+00 7.400000e+01 6.000000e+00 9.000000e+00 6.200000e+01 6.333748e+01
1.000000e+00 5.000000e+00 6.000000e+01 5.000000e+00 9.000000e+00 4.800000e+01 4.577593e+01
1.000000e+00 1.000000e+00 4.300000e+01 9.000000e+00 2.000000e+00 1.800000e+01 1.762918e+01
1.000000e+00 3.000000e+00 8.800000e+01 9.000000e+00 9.000000e+00 7.000000e+01 7.045969e+01
1.000000e+00 9.000000e+00 8.700000e+01 4.000000e+00 9.000000e+00 8.300000e+01 8.414905e+01
1.000000e+00 1.000000e+00 5.500000e+01 4.000000e+00 0.000000e+00 2.900000e+01 2.705865e+01
1.000000e+00 5.000000e+00 9.600000e+01 4.000000e+00 1.000000e+00 7.900000e+01 8.034133e+01
1.000000e+00 2.000000e+00 7.000000e+01 9.000000e+00 5.000000e+00 4.900000e+01 4.852266e+01
1.000000e+00 4.000000e+00 6.500000e+01 5.000000e+00 9.000000e+00 4.900000e+01 4.801261e+01
1.000000e+00 1.000000e+00 9.100000e+01 8.000000e+00 1.000000e+00 6.300000e+01 6.576999e+01
1.000000e+00 3.000000e+00 7.400000e+01 4.000000e+00 1.000000e+00 5.000000e+01 5.227258e+01
1.000000e+00 7.000000e+00 4.500000e+01 8.000000e+00 3.000000e+00 3.600000e+01 3.647083e+01
1.000000e+00 3.000000e+00 7.200000e+01 7.000000e+00 2.000000e+00 5.300000e+01 5.186379e+01
1.000000e+00 4.000000e+00 6.000000e+01 5.000000e+00 7.000000e+00 3.900000e+01 4.253588e+01
1.000000e+00 2.000000e+00 5.500000e+01 8.000000e+00 7.000000e+00 3.200000e+01 3.318421e+01
1.000000e+00 3.000000e+00 8.600000e+01 9.000000e+00 5.000000e+00 6.900000e+01 6.764174e+01
1.000000e+00 9.000000e+00 7.800000e+01 9.000000e+00 3.000000e+00 7.400000e+01 7.620228e+01
1.000000e+00 3.000000e+00 7.300000e+01 4.000000e+00 6.000000e+00 5.500000e+01 5.223572e+01
1.000000e+00 5.000000e+00 8.100000e+01 4.000000e+00 8.000000e+00 7.200000e+01 6.645932e+01
1.000000e+00 2.000000e+00 9.600000e+01 8.000000e+00 1.000000e+00 7.200000e+01 7.370271e+01
1.000000e+00 4.000000e+00 9.900000e+01 9.000000e+00 5.000000e+00 8.600000e+01 8.370999e+01
1.000000e+00 7.000000e+00 5.400000e+01 8.000000e+00 6.000000e+00 4.700000e+01 4.621134e+01
1.000000e+00 7.000000e+00 4.500000e+01 7.000000e+00 0.000000e+00 3.400000e+01 3.540642e+01
1.000000e+00 3.000000e+00 4.100000e+01 5.000000e+00 5.000000e+00 2.400000e+01 1.997394e+01
1.000000e+00 5.000000e+00 6.300000e+01 9.000000e+00 7.000000e+00 5.100000e+01 5.034016e+01
1.000000e+00 1.000000e+00 9.500000e+01 6.000000e+00 6.000000e+00 7.300000e+01 6.986511e+01
1.000000e+00 1.000000e+00 8.800000e+01 9.000000e+00 1.000000e+00 6.800000e+01 6.319552e+01
1.000000e+00 5.000000e+00 6.700000e+01 7.000000e+00 1.000000e+00 5.200000e+01 5.227911e+01
1.000000e+00 9.000000e+00 4.000000e+01 9.000000e+00 3.000000e+00 3.800000e+01 3.755851e+01
1.000000e+00 1.000000e+00 4.000000e+01 7.000000e+00 4.000000e+00 1.100000e+01 1.401767e+01
1.000000e+00 1.000000e+00 6.700000e+01 9.000000e+00 4.000000e+00 4.100000e+01 4.242780e+01
1.000000e+00 4.000000e+00 7.500000e+01 7.000000e+00 1.000000e+00 5.700000e+01 5.756662e+01
1.000000e+00 4.000000e+00 5.900000e+01 4.000000e+00 6.000000e+00 4.100000e+01 4.084656e+01
1.000000e+00 2.000000e+00 8.700000e+01 8.000000e+00 7.000000e+00 6.200000e+01 6.572633e+01
1.000000e+00 9.000000e+00 4.700000e+01 9.000000e+00 1.000000e+00 4.800000e+01 4.428507e+01
1.000000e+00 9.000000e+00 4.000000e+01 5.000000e+00 3.000000e+00 3.700000e+01 3.565308e+01
1.000000e+00 2.000000e+00 6.500000e+01 4.000000e+00 2.000000e+00 4.100000e+01 4.046811e+01
1.000000e+00 9.000000e+00 9.000000e+01 7.000000e+00 3.000000e+00 9.100000e+01 8.745286e+01
1.000000e+00 6.000000e+00 8.200000e+01 5.000000e+00 4.000000e+00 7.300000e+01 7.001657e+01
1.000000e+00 8.000000e+00 8.800000e+01 4.000000e+00 5.000000e+00 8.200000e+01 8.153391e+01
1.000000e+00 4.000000e+00 6.400000e+01 6.000000e+00 1.000000e+00 4.400000e+01 4.590391e+01
1.000000e+00 2.000000e+00 4.900000e+01 9.000000e+00 9.000000e+00 2.900000e+01 2.795096e+01
1.000000e+00 2.000000e+00 5.100000e+01 9.000000e+00 5.000000e+00 3.200000e+01 2.920078e+01
1.000000e+00 9.000000e+00 8.000000e+01 7.000000e+00 8.000000e+00 7.800000e+01 7.826353e+01
1.000000e+00 1.000000e+00 4.600000e+01 4.000000e+00 7.000000e+00 2.100000e+01 1.927828e+01
1.000000e+00 7.000000e+00 5.100000e+01 4.000000e+00 0.000000e+00 4.300000e+01 4.007899e+01
1.000000e+00 3.000000e+00 8.600000e+01 7.000000e+00 8.000000e+00 6.900000e+01 6.727707e+01
1.000000e+00 3.000000e+00 7.900000e+01 6.000000e+00 9.000000e+00 5.600000e+01 5.987813e+01
1.000000e+00 2.000000e+00 5.600000e+01 9.000000e+00 1.000000e+00 3.100000e+01 3.350142e+01
1.000000e+00 6.000000e+00 4.400000e+01 8.000000e+00 0.000000e+00 3.600000e+01 3.201782e+01
1.000000e+00 2.000000e+00 5.300000e+01 6.000000e+00 5.000000e+00 3.000000e+01 2.980558e+01
1.000000e+00 4.000000e+00 7.300000e+01 7.000000e+00 0.000000e+00 5.600000e+01 5.533672e+01
1.000000e+00 9.000000e+00 8.700000e+01 8.000000e+00 5.000000e+00 8.700000e+01 8.527043e+01
1.000000e+00 9.000000e+00 5.600000e+01 4.000000e+00 1.000000e+00 5.400000e+01 5.105574e+01
1.000000e+00 6.000000e+00 7.400000e+01 6.000000e+00 6.000000e+00 6.100000e+01 6.274943e+01
1.000000e+00 4.000000e+00 9.400000e+01 6.000000e+00 6.000000e+00 7.700000e+01 7.739222e+01
1.000000e+00 7.000000e+00 4.000000e+01 9.000000e+00 3.000000e+00 3.000000e+01 3.186248e+01
1.000000e+00 1.000000e+00 9.800000e+01 9.000000e+00 1.000000e+00 6.900000e+01 7.336494e+01
1.000000e+00 4.000000e+00 8.900000e+01 8.000000e+00 6.000000e+00 7.400000e+01 7.326024e+01
1.000000e+00 5.000000e+00 8.900000e+01 4.000000e+00 0.000000e+00 7.200000e+01 7.302672e+01
1.000000e+00 8.000000e+00 7.500000e+01 6.000000e+00 1.000000e+00 7.100000e+01 6.848233e+01
1.000000e+00 2.000000e+00 5.400000e+01 8.000000e+00 1.000000e+00 3.000000e+01 3.099118e+01
1.000000e+00 5.000000e+00 9.900000e+01 6.000000e+00 0.000000e+00 8.200000e+01 8.414885e+01
1.000000e+00 6.000000e+00 5.800000e+01 9.000000e+00 8.000000e+00 5.100000e+01 4.829948e+01
1.000000e+00 5.000000e+00 9.000000e+01 4.000000e+00 5.000000e+00 7.600000e+01 7.502374e+01
1.000000e+00 9.000000e+00 8.100000e+01 4.000000e+00 2.000000e+00 7.600000e+01 7.667529e+01
1.000000e+00 1.000000e+00 4.400000e+01 5.000000e+00 5.000000e+00 1.700000e+01 1.732873e+01
1.000000e+00 3.000000e+00 5.800000e+01 8.000000e+00 6.000000e+00 4.000000e+01 3.888704e+01
1.000000e+00 2.000000e+00 8.200000e+01 9.000000e+00 2.000000e+00 6.300000e+01 6.013791e+01
1.000000e+00 3.000000e+00 7.800000e+01 9.000000e+00 3.000000e+00 6.000000e+01 5.911418e+01
1.000000e+00 9.000000e+00 4.400000e+01 9.000000e+00 9.000000e+00 4.400000e+01 4.280237e+01
1.000000e+00 9.000000e+00 9.100000e+01 7.000000e+00 0.000000e+00 8.700000e+01 8.788175e+01
1.000000e+00 2.000000e+00 5.100000e+01 6.000000e+00 5.000000e+00 2.700000e+01 2.777170e+01
1.000000e+00 3.000000e+00 5.800000e+01 4.000000e+00 5.000000e+00 3.000000e+01 3.678558e+01
1.000000e+00 4.000000e+00 8.600000e+01 6.000000e+00 8.000000e+00 6.800000e+01 6.964873e+01
1.000000e+00 9.000000e+00 5.100000e+01 6.000000e+00 1.000000e+00 4.400000e+01 4.692376e+01
1.000000e+00 3.000000e+00 7.500000e+01 7.000000e+00 4.000000e+00 5.300000e+01 5.530665e+01
1.000000e+00 7.000000e+00 5.100000e+01 4.000000e+00 4.000000e+00 4.000000e+01 4.086305e+01
1.000000e+00 3.000000e+00 5.700000e+01 5.000000e+00 6.000000e+00 3.600000e+01 3.644102e+01
1.000000e+00 7.000000e+00 8.800000e+01 9.000000e+00 4.000000e+00 7.900000e+01 8.087168e+01
1.000000e+00 7.000000e+00 9.000000e+01 8.000000e+00 9.000000e+00 8.600000e+01 8.340928e+01
1.000000e+00 9.000000e+00 8.700000e+01 6.000000e+00 3.000000e+00 8.500000e+01 8.392568e+01
1.000000e+00 2.000000e+00 8.200000e+01 7.000000e+00 9.000000e+00 6.100000e+01 6.055730e+01
1.000000e+00 6.000000e+00 7.300000e+01 7.000000e+00 1.000000e+00 6.300000e+01 6.122877e+01
1.000000e+00 9.000000e+00 8.700000e+01 8.000000e+00 7.000000e+00 8.200000e+01 8.566246e+01
1.000000e+00 2.000000e+00 7.200000e+01 8.000000e+00 4.000000e+00 4.700000e+01 4.988417e+01
1.000000e+00 2.000000e+00 8.800000e+01 4.000000e+00 3.000000e+00 6.600000e+01 6.405377e+01
1.000000e+00 5.000000e+00 5.700000e+01 6.000000e+00 8.000000e+00 4.800000e+01 4.300545e+01
1.000000e+00 8.000000e+00 9.600000e+01 6.000000e+00 1.000000e+00 9.000000e+01 8.983810e+01
1.000000e+00 9.000000e+00 6.800000e+01 8.000000e+00 2.000000e+00 7.000000e+01 6.536050e+01
1.000000e+00 2.000000e+00 8.400000e+01 9.000000e+00 7.000000e+00 6.400000e+01 6.315187e+01
1.000000e+00 5.000000e+00 4.400000e+01 5.000000e+00 3.000000e+00 2.700000e+01 2.832877e+01
1.000000e+00 7.000000e+00 6.400000e+01 6.000000e+00 8.000000e+00 5.800000e+01 5.582007e+01
1.000000e+00 6.000000e+00 6.300000e+01 7.000000e+00 9.000000e+00 4.800000e+01 5.262749e+01
1.000000e+00 6.000000e+00 6.800000e+01 9.000000e+00 9.000000e+00 5.700000e+01 5.866491e+01
1.000000e+00 7.000000e+00 9.800000e+01 8.000000e+00 9.000000e+00 9.000000e+01 9.154481e+01
1.000000e+00 3.000000e+00 7.700000e+01 6.000000e+00 9.000000e+00 5.600000e+01 5.784425e+01
1.000000e+00 3.000000e+00 7.200000e+01 4.000000e+00 8.000000e+00 5.000000e+01 5.161081e+01
1.000000e+00 9.000000e+00 4.900000e+01 8.000000e+00 9.000000e+00 4.800000e+01 4.741072e+01
1.000000e+00 8.000000e+00 7.600000e+01 7.000000e+00 8.000000e+00 7.400000e+01 7.134774e+01
1.000000e+00 5.000000e+00 9.900000e+01 4.000000e+00 0.000000e+00 8.600000e+01 8.319613e+01
1.000000e+00 6.000000e+00 7.200000e+01 8.000000e+00 5.000000e+00 5.900000e+01 6.147225e+01
1.000000e+00 1.000000e+00 6.200000e+01 8.000000e+00 9.000000e+00 4.300000e+01 3.784682e+01
1.000000e+00 1.000000e+00 9.700000e+01 6.000000e+00 5.000000e+00 7.500000e+01 7.170298e+01
1.000000e+00 4.000000e+00 5.000000e+01 4.000000e+00 7.000000e+00 3.200000e+01 3.189010e+01
1.000000e+00 2.000000e+00 6.300000e+01 8.000000e+00 6.000000e+00 4.400000e+01 4.112373e+01
1.000000e+00 7.000000e+00 6.300000e+01 9.000000e+00 6.000000e+00 5.400000e+01 5.584018e+01
1.000000e+00 2.000000e+00 4.600000e+01 7.000000e+00 1.000000e+00 2.400000e+01 2.237929e+01
1.000000e+00 2.000000e+00 8.900000e+01 4.000000e+00 3.000000e+00 6.100000e+01 6.507072e+01
1.000000e+00 5.000000e+00 6.000000e+01 9.000000e+00 0.000000e+00 4.500000e+01 4.591722e+01
1.000000e+00 4.000000e+00 5.900000e+01 6.000000e+00 6.000000e+00 4.400000e+01 4.179928e+01
1.000000e+00 8.000000e+00 9.200000e+01 5.000000e+00 3.000000e+00 8.400000e+01 8.568601e+01
1.000000e+00 4.000000e+00 4.900000e+01 8.000000e+00 8.000000e+00 3.200000e+01 3.297462e+01
1.000000e+00 6.000000e+00 6.400000e+01 5.000000e+00 5.000000e+00 5.000000e+01 5.190765e+01
1.000000e+00 5.000000e+00 8.600000e+01 8.000000e+00 5.000000e+00 7.300000e+01 7.286142e+01
1.000000e+00 2.000000e+00 7.500000e+01 9.000000e+00 8.000000e+00 5.200000e+01 5.419541e+01
1.000000e+00 8.000000e+00 8.700000e+01 6.000000e+00 7.000000e+00 8.500000e+01 8.186172e+01
1.000000e+00 2.000000e+00 8.600000e+01 6.000000e+00 5.000000e+00 6.100000e+01 6.336464e+01
1.000000e+00 9.000000e+00 5.400000e+01 6.000000e+00 5.000000e+00 5.200000e+01 5.075865e+01
1.000000e+00 9.000000e+00 8.300000e+01 6.000000e+00 5.000000e+00 8.200000e+01 8.024994e+01
1.000000e+00 3.000000e+00 7.900000e+01 4.000000e+00 3.000000e+00 5.700000e+01 5.774932e+01
1.000000e+00 4.000000e+00 7.900000e+01 4.000000e+00 4.000000e+00 5.800000e+01 6.079335e+01
1.000000e+00 8.000000e+00 8.900000e+01 8.000000e+00 2.000000e+00 8.300000e+01 8.386824e+01
1.000000e+00 9.000000e+00 4.500000e+01 4.000000e+00 8.000000e+00 4.100000e+01 4.124150e+01
1.000000e+00 3.000000e+00 7.600000e+01 8.000000e+00 1.000000e+00 5.800000e+01 5.621190e+01
1.000000e+00 5.000000e+00 4.100000e+01 4.000000e+00 6.000000e+00 2.500000e+01 2.538963e+01
1.000000e+00 8.000000e+00 5.100000e+01 4.000000e+00 0.000000e+00 4.300000e+01 4.292700e+01
1.000000e+00 3.000000e+00 9.700000e+01 4.000000e+00 9.000000e+00 7.400000e+01 7.723036e+01
1.000000e+00 7.000000e+00 4.300000e+01 7.000000e+00 6.000000e+00 3.400000e+01 3.454863e+01
1.000000e+00 8.000000e+00 6.200000e+01 6.000000e+00 1.000000e+00 5.800000e+01 5.526209e+01
1.000000e+00 3.000000e+00 5.200000e+01 7.000000e+00 4.000000e+00 3.400000e+01 3.191700e+01
1.000000e+00 2.000000e+00 5.600000e+01 4.000000e+00 0.000000e+00 3.000000e+01 3.092360e+01
1.000000e+00 7.000000e+00 7.000000e+01 4.000000e+00 4.000000e+00 6.200000e+01 6.018494e+01
1.000000e+00 9.000000e+00 5.500000e+01 7.000000e+00 3.000000e+00 5.200000e+01 5.185991e+01
1.000000e+00 1.000000e+00 8.000000e+01 9.000000e+00 0.000000e+00 5.600000e+01 5.486398e+01
1.000000e+00 3.000000e+00 6.500000e+01 8.000000e+00 0.000000e+00 4.500000e+01 4.482953e+01
1.000000e+00 5.000000e+00 6.700000e+01 6.000000e+00 6.000000e+00 5.100000e+01 5.278283e+01
1.000000e+00 3.000000e+00 4.000000e+01 8.000000e+00 2.000000e+00 1.800000e+01 1.979803e+01
1.000000e+00 1.000000e+00 8.600000e+01 9.000000e+00 9.000000e+00 6.400000e+01 6.272977e+01
1.000000e+00 7.000000e+00 5.100000e+01 6.000000e+00 8.000000e+00 3.800000e+01 4.259983e+01
1.000000e+00 7.000000e+00 7.600000e+01 5.000000e+00 8.000000e+00 6.900000e+01 6.754701e+01
1.000000e+00 8.000000e+00 9.400000e+01 6.000000e+00 9.000000e+00 8.900000e+01 8.937234e+01
1.000000e+00 5.000000e+00 9.500000e+01 8.000000e+00 8.000000e+00 8.100000e+01 8.260193e+01
1.000000e+00 5.000000e+00 8.900000e+01 6.000000e+00 0.000000e+00 7.600000e+01 7.397944e+01
1.000000e+00 5.000000e+00 5.900000e+01 5.000000e+00 3.000000e+00 3.800000e+01 4.358289e+01
1.000000e+00 1.000000e+00 4.100000e+01 5.000000e+00 0.000000e+00 1.400000e+01 1.329783e+01
1.000000e+00 5.000000e+00 7.500000e+01 4.000000e+00 0.000000e+00 6.200000e+01 5.878954e+01
1.000000e+00 6.000000e+00 5.400000e+01 5.000000e+00 8.000000e+00 3.900000e+01 4.232628e+01
1.000000e+00 1.000000e+00 7.700000e+01 7.000000e+00 4.000000e+00 5.100000e+01 5.164450e+01
1.000000e+00 7.000000e+00 6.100000e+01 8.000000e+00 0.000000e+00 5.300000e+01 5.215384e+01
1.000000e+00 1.000000e+00 8.300000e+01 7.000000e+00 2.000000e+00 5.400000e+01 5.735411e+01
1.000000e+00 2.000000e+00 8.900000e+01 9.000000e+00 6.000000e+00 6.800000e+01 6.804056e+01
1.000000e+00 2.000000e+00 7.100000e+01 7.000000e+00 1.000000e+00 5.300000e+01 4.780282e+01
1.000000e+00 5.000000e+00 9.800000e+01 8.000000e+00 3.000000e+00 8.600000e+01 8.467268e+01
1.000000e+00 7.000000e+00 5.900000e+01 9.000000e+00 1.000000e+00 5.100000e+01 5.079233e+01
1.000000e+00 1.000000e+00 7.500000e+01 7.000000e+00 8.000000e+00 4.800000e+01 5.039468e+01
1.000000e+00 1.000000e+00 7.200000e+01 7.000000e+00 8.000000e+00 5.000000e+01 4.734385e+01
1.000000e+00 1.000000e+00 5.400000e+01 9.000000e+00 6.000000e+00 2.400000e+01 2.959960e+01
1.000000e+00 6.000000e+00 8.900000e+01 7.000000e+00 6.000000e+00 7.900000e+01 7.847991e+01
1.000000e+00 2.000000e+00 8.500000e+01 5.000000e+00 1.000000e+00 6.300000e+01 6.108728e+01
1.000000e+00 1.000000e+00 4.200000e+01 8.000000e+00 9.000000e+00 1.300000e+01 1.750799e+01
1.000000e+00 6.000000e+00 6.800000e+01 8.000000e+00 7.000000e+00 5.400000e+01 5.779652e+01
1.000000e+00 2.000000e+00 8.600000e+01 8.000000e+00 0.000000e+00 6.100000e+01 6.333728e+01
1.000000e+00 6.000000e+00 6.600000e+01 7.000000e+00 7.000000e+00 5.800000e+01 5.528628e+01
1.000000e+00 8.000000e+00 4.400000e+01 5.000000e+00 4.000000e+00 3.500000e+01 3.706884e+01
1.000000e+00 2.000000e+00 9.800000e+01 8.000000e+00 3.000000e+00 7.800000e+01 7.612863e+01
1.000000e+00 9.000000e+00 9.500000e+01 6.000000e+00 9.000000e+00 9.500000e+01 9.323730e+01
1.000000e+00 8.000000e+00 7.000000e+01 8.000000e+00 1.000000e+00 6.100000e+01 6.435034e+01
1.000000e+00 1.000000e+00 6.100000e+01 4.000000e+00 2.000000e+00 3.200000e+01 3.355232e+01
1.000000e+00 7.000000e+00 7.400000e+01 6.000000e+00 9.000000e+00 6.600000e+01 6.618550e+01
1.000000e+00 6.000000e+00 9.300000e+01 8.000000e+00 1.000000e+00 8.300000e+01 8.204396e+01
1.000000e+00 6.000000e+00 4.600000e+01 7.000000e+00 3.000000e+00 3.500000e+01 3.416339e+01
1.000000e+00 6.000000e+00 4.500000e+01 8.000000e+00 2.000000e+00 3.300000e+01 3.342679e+01
1.000000e+00 6.000000e+00 6.500000e+01 5.000000e+00 4.000000e+00 5.500000e+01 5.272857e+01
1.000000e+00 7.000000e+00 9.300000e+01 5.000000e+00 6.000000e+00 8.700000e+01 8.444298e+01
1.000000e+00 3.000000e+00 4.000000e+01 8.000000e+00 8.000000e+00 1.800000e+01 2.097413e+01
1.000000e+00 6.000000e+00 5.800000e+01 7.000000e+00 4.000000e+00 4.500000e+01 4.656270e+01
1.000000e+00 3.000000e+00 4.600000e+01 7.000000e+00 7.000000e+00 2.600000e+01 2.640340e+01
1.000000e+00 7.000000e+00 7.500000e+01 7.000000e+00 1.000000e+00 6.600000e+01 6.611067e+01
1.000000e+00 7.000000e+00 5.100000e+01 8.000000e+00 5.000000e+00 4.400000e+01 4.296450e+01
1.000000e+00 8.000000e+00 5.900000e+01 8.000000e+00 7.000000e+00 5.500000e+01 5.434008e+01
1.000000e+00 2.000000e+00 6.200000e+01 4.000000e+00 8.000000e+00 4.000000e+01 3.859338e+01
1.000000e+00 9.000000e+00 6.400000e+01 5.000000e+00 3.000000e+00 6.100000e+01 6.005967e+01
1.000000e+00 5.000000e+00 6.900000e+01 6.000000e+00 3.000000e+00 5.400000e+01 5.422866e+01
1.000000e+00 9.000000e+00 9.800000e+01 6.000000e+00 6.000000e+00 9.500000e+01 9.570008e+01
1.000000e+00 5.000000e+00 6.800000e+01 5.000000e+00 3.000000e+00 5.600000e+01 5.273536e+01
1.000000e+00 7.000000e+00 7.000000e+01 9.000000e+00 4.000000e+00 6.100000e+01 6.256673e+01
1.000000e+00 9.000000e+00 5.700000e+01 4.000000e+00 1.000000e+00 5.300000e+01 5.207269e+01
1.000000e+00 4.000000e+00 8.000000e+01 5.000000e+00 1.000000e+00 6.000000e+01 6.169861e+01
1.000000e+00 2.000000e+00 5.800000e+01 4.000000e+00 9.000000e+00 3.500000e+01 3.472163e+01
1.000000e+00 9.000000e+00 9.300000e+01 9.000000e+00 4.000000e+00 9.300000e+01 9.165242e+01
1.000000e+00 2.000000e+00 4.300000e+01 4.000000e+00 9.000000e+00 2.000000e+01 1.946751e+01
1.000000e+00 3.000000e+00 4.000000e+01 7.000000e+00 9.000000e+00 2.400000e+01 2.069378e+01
1.000000e+00 2.000000e+00 8.000000e+01 5.000000e+00 1.000000e+00 5.400000e+01 5.600257e+01
1.000000e+00 3.000000e+00 9.800000e+01 6.000000e+00 5.000000e+00 7.800000e+01 7.841596e+01
1.000000e+00 6.000000e+00 5.400000e+01 8.000000e+00 5.000000e+00 4.500000e+01 4.316731e+01
1.000000e+00 3.000000e+00 9.300000e+01 9.000000e+00 7.000000e+00 7.700000e+01 7.515236e+01
1.000000e+00 8.000000e+00 4.700000e+01 9.000000e+00 0.000000e+00 4.000000e+01 4.124104e+01
1.000000e+00 6.000000e+00 5.400000e+01 8.000000e+00 6.000000e+00 4.400000e+01 4.336333e+01
1.000000e+00 7.000000e+00 5.400000e+01 5.000000e+00 6.000000e+00 4.500000e+01 4.478227e+01
1.000000e+00 1.000000e+00 8.900000e+01 8.000000e+00 8.000000e+00 6.600000e+01 6.510822e+01
1.000000e+00 3.000000e+00 7.800000e+01 4.000000e+00 3.000000e+00 5.700000e+01 5.673238e+01
1.000000e+00 3.000000e+00 6.100000e+01 8.000000e+00 6.000000e+00 4.200000e+01 4.193786e+01
1.000000e+00 2.000000e+00 5.700000e+01 4.000000e+00 5.000000e+00 3.400000e+01 3.292063e+01
1.000000e+00 7.000000e+00 5.500000e+01 4.000000e+00 3.000000e+00 4.300000e+01 4.473480e+01
1.000000e+00 9.000000e+00 4.100000e+01 6.000000e+00 9.000000e+00 3.700000e+01 3.832247e+01
1.000000e+00 4.000000e+00 7.500000e+01 8.000000e+00 7.000000e+00 5.700000e+01 5.921907e+01
1.000000e+00 5.000000e+00 5.900000e+01 6.000000e+00 2.000000e+00 4.400000e+01 4.386323e+01
1.000000e+00 3.000000e+00 5.500000e+01 8.000000e+00 7.000000e+00 3.500000e+01 3.603223e+01
1.000000e+00 9.000000e+00 4.200000e+01 4.000000e+00 4.000000e+00 3.600000e+01 3.740661e+01
1.000000e+00 4.000000e+00 9.500000e+01 8.000000e+00 3.000000e+00 8.200000e+01 7.877384e+01
1.000000e+00 5.000000e+00 6.900000e+01 9.000000e+00 2.000000e+00 5.500000e+01 5.546173e+01
1.000000e+00 1.000000e+00 9.400000e+01 9.000000e+00 9.000000e+00 7.400000e+01 7.086530e+01
1.000000e+00 2.000000e+00 4.100000e+01 6.000000e+00 6.000000e+00 1.900000e+01 1.779830e+01
1.000000e+00 9.000000e+00 7.400000e+01 7.000000e+00 6.000000e+00 7.200000e+01 7.176985e+01
1.000000e+00 2.000000e+00 6.500000e+01 9.000000e+00 5.000000e+00 4.200000e+01 4.343795e+01
1.000000e+00 5.000000e+00 9.600000e+01 6.000000e+00 2.000000e+00 8.100000e+01 8.149006e+01
1.000000e+00 8.000000e+00 4.400000e+01 7.000000e+00 8.000000e+00 3.800000e+01 3.880562e+01
1.000000e+00 3.000000e+00 4.100000e+01 5.000000e+00 1.000000e+00 2.100000e+01 1.918988e+01
1.000000e+00 6.000000e+00 9.000000e+01 6.000000e+00 2.000000e+00 8.200000e+01 7.823643e+01
1.000000e+00 4.000000e+00 9.500000e+01 9.000000e+00 0.000000e+00 8.000000e+01 7.866215e+01
1.000000e+00 7.000000e+00 5.900000e+01 9.000000e+00 6.000000e+00 5.100000e+01 5.177241e+01
1.000000e+00 3.000000e+00 7.300000e+01 8.000000e+00 1.000000e+00 5.300000e+01 5.316108e+01
1.000000e+00 6.000000e+00 7.300000e+01 7.000000e+00 9.000000e+00 6.200000e+01 6.279690e+01
1.000000e+00 9.000000e+00 9.300000e+01 9.000000e+00 7.000000e+00 9.100000e+01 9.224047e+01
1.000000e+00 1.000000e+00 9.500000e+01 8.000000e+00 8.000000e+00 7.100000e+01 7.120986e+01
1.000000e+00 3.000000e+00 9.400000e+01 7.000000e+00 1.000000e+00 7.400000e+01 7.404049e+01
1.000000e+00 2.000000e+00 5.900000e+01 6.000000e+00 5.000000e+00 4.000000e+01 3.590723e+01
1.000000e+00 8.000000e+00 8.900000e+01 6.000000e+00 0.000000e+00 8.300000e+01 8.252349e+01
1.000000e+00 7.000000e+00 6.400000e+01 8.000000e+00 7.000000e+00 5.800000e+01 5.657677e+01
1.000000e+00 2.000000e+00 5.900000e+01 6.000000e+00 4.000000e+00 3.800000e+01 3.571121e+01
1.000000e+00 6.000000e+00 6.400000e+01 8.000000e+00 8.000000e+00 5.600000e+01 5.392477e+01
1.000000e+00 3.000000e+00 9.200000e+01 4.000000e+00 2.000000e+00 7.300000e+01 7.077354e+01
1.000000e+00 8.000000e+00 5.300000e+01 7.000000e+00 1.000000e+00 4.600000e+01 4.658598e+01
1.000000e+00 3.000000e+00 9.900000e+01 8.000000e+00 6.000000e+00 8.200000e+01 8.058163e+01
1.000000e+00 9.000000e+00 8.600000e+01 7.000000e+00 6.000000e+00 8.800000e+01 8.397314e+01
1.000000e+00 1.000000e+00 8.300000e+01 4.000000e+00 9.000000e+00 5.600000e+01 5.729714e+01
1.000000e+00 5.000000e+00 8.200000e+01 7.000000e+00 4.000000e+00 6.800000e+01 6.812127e+01
1.000000e+00 3.000000e+00 8.200000e+01 8.000000e+00 6.000000e+00 6.300000e+01 6.329363e+01
1.000000e+00 6.000000e+00 7.800000e+01 6.000000e+00 5.000000e+00 7.100000e+01 6.662118e+01
1.000000e+00 2.000000e+00 5.100000e+01 7.000000e+00 8.000000e+00 2.700000e+01 2.883610e+01
1.000000e+00 9.000000e+00 8.700000e+01 7.000000e+00 2.000000e+00 8.500000e+01 8.420602e+01
1.000000e+00 6.000000e+00 4.400000e+01 9.000000e+00 3.000000e+00 3.400000e+01 3.308223e+01
1.000000e+00 7.000000e+00 4.100000e+01 9.000000e+00 8.000000e+00 3.300000e+01 3.385950e+01
1.000000e+00 5.000000e+00 9.300000e+01 4.000000e+00 9.000000e+00 7.700000e+01 7.885863e+01
1.000000e+00 9.000000e+00 5.500000e+01 5.000000e+00 7.000000e+00 5.000000e+01 5.169126e+01
1.000000e+00 1.000000e+00 9.400000e+01 6.000000e+00 9.000000e+00 6.900000e+01 6.943622e+01
1.000000e+00 5.000000e+00 6.900000e+01 8.000000e+00 5.000000e+00 5.500000e+01 5.557341e+01
1.000000e+00 6.000000e+00 8.600000e+01 4.000000e+00 2.000000e+00 7.600000e+01 7.321595e+01
1.000000e+00 7.000000e+00 8.200000e+01 8.000000e+00 8.000000e+00 7.400000e+01 7.507773e+01
1.000000e+00 4.000000e+00 7.700000e+01 8.000000e+00 8.000000e+00 6.100000e+01 6.144897e+01
1.000000e+00 1.000000e+00 8.400000e+01 7.000000e+00 5.000000e+00 6.000000e+01 5.895910e+01
1.000000e+00 8.000000e+00 9.000000e+01 4.000000e+00 1.000000e+00 8.400000e+01 8.278373e+01
1.000000e+00 4.000000e+00 8.100000e+01 4.000000e+00 6.000000e+00 5.600000e+01 6.321927e+01
1.000000e+00 3.000000e+00 6.300000e+01 9.000000e+00 8.000000e+00 4.300000e+01 4.484014e+01
1.000000e+00 7.000000e+00 9.000000e+01 6.000000e+00 8.000000e+00 8.200000e+01 8.226054e+01
1.000000e+00 2.000000e+00 6.900000e+01 5.000000e+00 2.000000e+00 4.300000e+01 4.501223e+01
1.000000e+00 8.000000e+00 7.600000e+01 8.000000e+00 1.000000e+00 7.300000e+01 7.045199e+01
1.000000e+00 6.000000e+00 9.600000e+01 6.000000e+00 4.000000e+00 8.100000e+01 8.473011e+01
1.000000e+00 7.000000e+00 9.800000e+01 9.000000e+00 9.000000e+00 9.400000e+01 9.202117e+01
1.000000e+00 5.000000e+00 9.200000e+01 6.000000e+00 6.000000e+00 7.400000e+01 7.820636e+01
1.000000e+00 9.000000e+00 7.800000e+01 8.000000e+00 2.000000e+00 7.600000e+01 7.552991e+01
1.000000e+00 5.000000e+00 5.000000e+01 7.000000e+00 3.000000e+00 3.800000e+01 3.538314e+01
1.000000e+00 5.000000e+00 5.300000e+01 7.000000e+00 9.000000e+00 3.800000e+01 3.961006e+01
1.000000e+00 3.000000e+00 6.200000e+01 8.000000e+00 1.000000e+00 4.200000e+01 4.197472e+01
1.000000e+00 1.000000e+00 9.200000e+01 9.000000e+00 9.000000e+00 7.100000e+01 6.883142e+01
1.000000e+00 2.000000e+00 5.500000e+01 9.000000e+00 1.000000e+00 3.400000e+01 3.248448e+01
1.000000e+00 8.000000e+00 8.900000e+01 4.000000e+00 6.000000e+00 8.400000e+01 8.274687e+01
1.000000e+00 1.000000e+00 6.000000e+01 5.000000e+00 1.000000e+00 3.200000e+01 3.281573e+01
1.000000e+00 7.000000e+00 9.400000e+01 7.000000e+00 0.000000e+00 8.500000e+01 8.523654e+01
1.000000e+00 5.000000e+00 9.400000e+01 5.000000e+00 3.000000e+00 7.600000e+01 7.917583e+01
1.000000e+00 3.000000e+00 4.300000e+01 6.000000e+00 5.000000e+00 2.100000e+01 2.248418e+01
1.000000e+00 7.000000e+00 7.200000e+01 6.000000e+00 9.000000e+00 6.500000e+01 6.415162e+01
1.000000e+00 9.000000e+00 9.300000e+01 8.000000e+00 9.000000e+00 9.200000e+01 9.215614e+01
1.000000e+00 2.000000e+00 8.600000e+01 8.000000e+00 3.000000e+00 6.900000e+01 6.392533e+01
1.000000e+00 8.000000e+00 5.300000e+01 8.000000e+00 0.000000e+00 4.900000e+01 4.686633e+01
1.000000e+00 9.000000e+00 5.800000e+01 9.000000e+00 0.000000e+00 5.400000e+01 5.527541e+01
1.000000e+00 3.000000e+00 9.800000e+01 7.000000e+00 8.000000e+00 8.100000e+01 7.948036e+01
1.000000e+00 2.000000e+00 4.400000e+01 5.000000e+00 0.000000e+00 1.500000e+01 1.919667e+01
1.000000e+00 7.000000e+00 7.500000e+01 6.000000e+00 6.000000e+00 6.600000e+01 6.661439e+01
1.000000e+00 5.000000e+00 7.000000e+01 5.000000e+00 6.000000e+00 5.600000e+01 5.535729e+01
1.000000e+00 5.000000e+00 8.400000e+01 7.000000e+00 0.000000e+00 7.100000e+01 6.937109e+01
1.000000e+00 5.000000e+00 5.700000e+01 5.000000e+00 0.000000e+00 4.000000e+01 4.096096e+01
1.000000e+00 4.000000e+00 8.300000e+01 5.000000e+00 5.000000e+00 6.600000e+01 6.553349e+01
1.000000e+00 5.000000e+00 7.000000e+01 9.000000e+00 7.000000e+00 5.700000e+01 5.745875e+01
1.000000e+00 4.000000e+00 9.400000e+01 8.000000e+00 6.000000e+00 7.900000e+01 7.834494e+01
1.000000e+00 6.000000e+00 6.900000e+01 9.000000e+00 5.000000e+00 5.700000e+01 5.889779e+01
1.000000e+00 4.000000e+00 6.000000e+01 9.000000e+00 9.000000e+00 4.300000e+01 4.483335e+01
1.000000e+00 2.000000e+00 8.600000e+01 5.000000e+00 2.000000e+00 6.500000e+01 6.230024e+01
1.000000e+00 9.000000e+00 6.900000e+01 5.000000e+00 6.000000e+00 6.600000e+01 6.573242e+01
1.000000e+00 2.000000e+00 9.400000e+01 9.000000e+00 5.000000e+00 7.400000e+01 7.292925e+01
1.000000e+00 9.000000e+00 8.000000e+01 5.000000e+00 7.000000e+00 7.600000e+01 7.711479e+01
1.000000e+00 6.000000e+00 4.300000e+01 9.000000e+00 3.000000e+00 3.000000e+01 3.206528e+01
1.000000e+00 9.000000e+00 4.400000e+01 4.000000e+00 8.000000e+00 3.900000e+01 4.022456e+01
1.000000e+00 9.000000e+00 8.000000e+01 9.000000e+00 0.000000e+00 7.900000e+01 7.764812e+01
1.000000e+00 3.000000e+00 8.400000e+01 6.000000e+00 6.000000e+00 6.000000e+01 6.437479e+01
1.000000e+00 1.000000e+00 4.900000e+01 6.000000e+00 8.000000e+00 2.400000e+01 2.347784e+01
1.000000e+00 1.000000e+00 6.600000e+01 5.000000e+00 9.000000e+00 4.200000e+01 4.048550e+01
1.000000e+00 3.000000e+00 5.500000e+01 9.000000e+00 0.000000e+00 3.300000e+01 3.513648e+01
1.000000e+00 5.000000e+00 6.900000e+01 9.000000e+00 9.000000e+00 5.700000e+01 5.683384e+01
1.000000e+00 3.000000e+00 5.200000e+01 8.000000e+00 2.000000e+00 3.200000e+01 3.200133e+01
1.000000e+00 9.000000e+00 7.500000e+01 8.000000e+00 6.000000e+00 7.100000e+01 7.326315e+01
1.000000e+00 9.000000e+00 6.000000e+01 8.000000e+00 8.000000e+00 5.800000e+01 5.840106e+01
1.000000e+00 3.000000e+00 8.400000e+01 9.000000e+00 0.000000e+00 6.400000e+01 6.462778e+01
1.000000e+00 3.000000e+00 9.200000e+01 9.000000e+00 5.000000e+00 7.200000e+01 7.374339e+01
1.000000e+00 5.000000e+00 7.900000e+01 6.000000e+00 1.000000e+00 6.400000e+01 6.400604e+01
1.000000e+00 2.000000e+00 8.400000e+01 7.000000e+00 4.000000e+00 6.100000e+01 6.161110e+01
1.000000e+00 6.000000e+00 5.400000e+01 5.000000e+00 6.000000e+00 4.300000e+01 4.193425e+01
1.000000e+00 7.000000e+00 5.900000e+01 6.000000e+00 6.000000e+00 5.400000e+01 5.034333e+01
1.000000e+00 9.000000e+00 5.900000e+01 8.000000e+00 9.000000e+00 5.600000e+01 5.758013e+01
1.000000e+00 6.000000e+00 8.400000e+01 6.000000e+00 6.000000e+00 7.500000e+01 7.291885e+01
1.000000e+00 3.000000e+00 9.400000e+01 6.000000e+00 3.000000e+00 7.200000e+01 7.395616e+01
1.000000e+00 5.000000e+00 9.800000e+01 6.000000e+00 5.000000e+00 8.400000e+01 8.411199e+01
1.000000e+00 4.000000e+00 4.400000e+01 8.000000e+00 9.000000e+00 3.000000e+01 2.808593e+01
1.000000e+00 5.000000e+00 9.300000e+01 7.000000e+00 5.000000e+00 8.000000e+01 7.950364e+01
1.000000e+00 8.000000e+00 9.300000e+01 4.000000e+00 6.000000e+00 8.200000e+01 8.681463e+01
1.000000e+00 8.000000e+00 9.900000e+01 5.000000e+00 8.000000e+00 9.600000e+01 9.378467e+01
1.000000e+00 6.000000e+00 7.100000e+01 5.000000e+00 5.000000e+00 6.000000e+01 5.902623e+01
1.000000e+00 1.000000e+00 4.500000e+01 6.000000e+00 9.000000e+00 1.900000e+01 1.960609e+01
1.000000e+00 8.000000e+00 6.900000e+01 7.000000e+00 0.000000e+00 6.200000e+01 6.266103e+01
1.000000e+00 8.000000e+00 6.500000e+01 8.000000e+00 7.000000e+00 6.100000e+01 6.044173e+01
1.000000e+00 2.000000e+00 7.600000e+01 4.000000e+00 1.000000e+00 5.300000e+01 5.145845e+01
1.000000e+00 4.000000e+00 5.200000e+01 4.000000e+00 2.000000e+00 3.400000e+01 3.294391e+01
1.000000e+00 2.000000e+00 6.800000e+01 6.000000e+00 4.000000e+00 4.300000e+01 4.486368e+01
1.000000e+00 4.000000e+00 4.400000e+01 6.000000e+00 5.000000e+00 2.700000e+01 2.634914e+01
1.000000e+00 7.000000e+00 6.400000e+01 8.000000e+00 6.000000e+00 5.500000e+01 5.638076e+01
1.000000e+00 9.000000e+00 5.200000e+01 8.000000e+00 3.000000e+00 5.100000e+01 4.928545e+01
1.000000e+00 8.000000e+00 6.300000e+01 9.000000e+00 2.000000e+00 5.800000e+01 5.790413e+01
1.000000e+00 9.000000e+00 7.000000e+01 8.000000e+00 8.000000e+00 6.900000e+01 6.857047e+01
1.000000e+00 8.000000e+00 5.900000e+01 6.000000e+00 3.000000e+00 5.200000e+01 5.260330e+01
1.000000e+00 2.000000e+00 9.400000e+01 7.000000e+00 8.000000e+00 7.200000e+01 7.256458e+01
1.000000e+00 7.000000e+00 4.700000e+01 6.000000e+00 8.000000e+00 3.800000e+01 3.853207e+01
1.000000e+00 2.000000e+00 9.900000e+01 6.000000e+00 2.000000e+00 7.300000e+01 7.599683e+01
1.000000e+00 2.000000e+00 4.800000e+01 4.000000e+00 2.000000e+00 2.600000e+01 2.318011e+01
1.000000e+00 4.000000e+00 6.000000e+01 8.000000e+00 7.000000e+00 4.600000e+01 4.396496e+01
1.000000e+00 1.000000e+00 9.000000e+01 5.000000e+00 0.000000e+00 6.000000e+01 6.312795e+01
1.000000e+00 5.000000e+00 5.900000e+01 8.000000e+00 5.000000e+00 4.300000e+01 4.540400e+01
1.000000e+00 6.000000e+00 5.400000e+01 9.000000e+00 5.000000e+00 4.300000e+01 4.364367e+01
1.000000e+00 9.000000e+00 6.500000e+01 7.000000e+00 8.000000e+00 6.500000e+01 6.300941e+01
1.000000e+00 8.000000e+00 9.300000e+01 7.000000e+00 1.000000e+00 8.900000e+01 8.726363e+01
1.000000e+00 2.000000e+00 8.100000e+01 8.000000e+00 7.000000e+00 6.000000e+01 5.962469e+01
1.000000e+00 1.000000e+00 5.000000e+01 8.000000e+00 6.000000e+00 2.200000e+01 2.505547e+01
1.000000e+00 2.000000e+00 7.600000e+01 6.000000e+00 1.000000e+00 5.300000e+01 5.241117e+01
1.000000e+00 7.000000e+00 8.000000e+01 5.000000e+00 0.000000e+00 7.000000e+01 7.004664e+01
1.000000e+00 4.000000e+00 5.000000e+01 6.000000e+00 3.000000e+00 3.100000e+01 3.205876e+01
1.000000e+00 5.000000e+00 6.600000e+01 4.000000e+00 1.000000e+00 5.200000e+01 4.983309e+01
1.000000e+00 7.000000e+00 6.900000e+01 4.000000e+00 2.000000e+00 5.900000e+01 5.877596e+01
1.000000e+00 3.000000e+00 5.800000e+01 7.000000e+00 1.000000e+00 4.000000e+01 3.743060e+01
1.000000e+00 2.000000e+00 7.300000e+01 7.000000e+00 8.000000e+00 5.000000e+01 5.120881e+01
1.000000e+00 7.000000e+00 7.700000e+01 5.000000e+00 3.000000e+00 6.600000e+01 6.758387e+01
1.000000e+00 5.000000e+00 6.200000e+01 7.000000e+00 0.000000e+00 4.500000e+01 4.699838e+01
1.000000e+00 1.000000e+00 9.200000e+01 9.000000e+00 7.000000e+00 6.900000e+01 6.843938e+01
1.000000e+00 1.000000e+00 4.000000e+01 4.000000e+00 3.000000e+00 1.300000e+01 1.239257e+01
1.000000e+00 9.000000e+00 4.200000e+01 5.000000e+00 9.000000e+00 3.700000e+01 3.886305e+01
1.000000e+00 5.000000e+00 4.200000e+01 4.000000e+00 7.000000e+00 2.500000e+01 2.660259e+01
1.000000e+00 1.000000e+00 6.700000e+01 8.000000e+00 7.000000e+00 4.500000e+01 4.253949e+01
1.000000e+00 7.000000e+00 5.300000e+01 8.000000e+00 8.000000e+00 4.700000e+01 4.558644e+01
1.000000e+00 9.000000e+00 9.100000e+01 5.000000e+00 9.000000e+00 9.300000e+01 8.869318e+01
1.000000e+00 1.000000e+00 6.900000e+01 6.000000e+00 6.000000e+00 4.000000e+01 4.342464e+01
1.000000e+00 4.000000e+00 9.700000e+01 9.000000e+00 3.000000e+00 8.500000e+01 8.128408e+01
1.000000e+00 3.000000e+00 9.300000e+01 9.000000e+00 1.000000e+00 7.300000e+01 7.397627e+01
1.000000e+00 5.000000e+00 4.400000e+01 7.000000e+00 5.000000e+00 2.700000e+01 2.967352e+01
1.000000e+00 7.000000e+00 8.800000e+01 5.000000e+00 3.000000e+00 8.000000e+01 7.877022e+01
1.000000e+00 8.000000e+00 5.400000e+01 9.000000e+00 5.000000e+00 4.600000e+01 4.933971e+01
1.000000e+00 2.000000e+00 7.700000e+01 7.000000e+00 7.000000e+00 5.700000e+01 5.508056e+01
1.000000e+00 7.000000e+00 5.300000e+01 4.000000e+00 2.000000e+00 4.300000e+01 4.250490e+01
1.000000e+00 1.000000e+00 5.300000e+01 6.000000e+00 0.000000e+00 2.500000e+01 2.597748e+01
1.000000e+00 7.000000e+00 9.600000e+01 7.000000e+00 4.000000e+00 9.000000e+01 8.805449e+01
1.000000e+00 8.000000e+00 9.800000e+01 8.000000e+00 2.000000e+00 9.300000e+01 9.302072e+01
1.000000e+00 2.000000e+00 8.800000e+01 8.000000e+00 5.000000e+00 6.700000e+01 6.635124e+01
1.000000e+00 9.000000e+00 4.700000e+01 4.000000e+00 2.000000e+00 4.400000e+01 4.209929e+01
1.000000e+00 1.000000e+00 4.700000e+01 5.000000e+00 0.000000e+00 1.800000e+01 1.939947e+01
1.000000e+00 6.000000e+00 5.800000e+01 7.000000e+00 8.000000e+00 4.600000e+01 4.734676e+01
1.000000e+00 1.000000e+00 7.100000e+01 4.000000e+00 4.000000e+00 4.400000e+01 4.411377e+01
1.000000e+00 3.000000e+00 7.000000e+01 8.000000e+00 1.000000e+00 4.700000e+01 5.011026e+01
1.000000e+00 6.000000e+00 6.800000e+01 8.000000e+00 1.000000e+00 5.500000e+01 5.662043e+01
1.000000e+00 3.000000e+00 8.000000e+01 8.000000e+00 8.000000e+00 5.900000e+01 6.165178e+01
1.000000e+00 8.000000e+00 5.000000e+01 6.000000e+00 0.000000e+00 4.200000e+01 4.286278e+01
1.000000e+00 5.000000e+00 8.400000e+01 6.000000e+00 9.000000e+00 6.900000e+01 7.065888e+01
1.000000e+00 2.000000e+00 5.200000e+01 8.000000e+00 2.000000e+00 2.900000e+01 2.915331e+01
1.000000e+00 4.000000e+00 6.600000e+01 9.000000e+00 9.000000e+00 5.300000e+01 5.093499e+01
1.000000e+00 9.000000e+00 9.500000e+01 5.000000e+00 6.000000e+00 9.000000e+01 9.217289e+01
1.000000e+00 4.000000e+00 5.800000e+01 6.000000e+00 0.000000e+00 4.000000e+01 3.960624e+01
1.000000e+00 8.000000e+00 6.500000e+01 7.000000e+00 1.000000e+00 5.500000e+01 5.878928e+01
1.000000e+00 5.000000e+00 9.200000e+01 6.000000e+00 5.000000e+00 7.800000e+01 7.801034e+01
1.000000e+00 1.000000e+00 9.000000e+01 7.000000e+00 8.000000e+00 6.400000e+01 6.564880e+01
1.000000e+00 7.000000e+00 7.600000e+01 6.000000e+00 8.000000e+00 6.800000e+01 6.802337e+01
1.000000e+00 3.000000e+00 8.700000e+01 8.000000e+00 7.000000e+00 6.800000e+01 6.857435e+01
1.000000e+00 8.000000e+00 4.800000e+01 7.000000e+00 2.000000e+00 4.400000e+01 4.169729e+01
1.000000e+00 3.000000e+00 6.700000e+01 5.000000e+00 1.000000e+00 4.500000e+01 4.563035e+01
1.000000e+00 1.000000e+00 7.100000e+01 6.000000e+00 0.000000e+00 4.700000e+01 4.428243e+01
1.000000e+00 5.000000e+00 9.100000e+01 6.000000e+00 8.000000e+00 7.300000e+01 7.758145e+01
1.000000e+00 2.000000e+00 9.300000e+01 8.000000e+00 4.000000e+00 7.100000e+01 7.123994e+01
1.000000e+00 4.000000e+00 4.200000e+01 7.000000e+00 2.000000e+00 2.500000e+01 2.420357e+01
1.000000e+00 1.000000e+00 9.000000e+01 9.000000e+00 9.000000e+00 6.500000e+01 6.679753e+01
1.000000e+00 9.000000e+00 7.100000e+01 8.000000e+00 9.000000e+00 7.000000e+01 6.978343e+01
1.000000e+00 6.000000e+00 4.400000e+01 7.000000e+00 4.000000e+00 3.300000e+01 3.232552e+01
1.000000e+00 8.000000e+00 4.700000e+01 6.000000e+00 2.000000e+00 4.200000e+01 4.020399e+01
1.000000e+00 4.000000e+00 5.300000e+01 6.000000e+00 8.000000e+00 3.500000e+01 3.608966e+01
1.000000e+00 9.000000e+00 9.500000e+01 6.000000e+00 0.000000e+00 9.000000e+01 9.147316e+01
1.000000e+00 2.000000e+00 4.200000e+01 6.000000e+00 0.000000e+00 1.700000e+01 1.763915e+01
1.000000e+00 9.000000e+00 6.300000e+01 4.000000e+00 2.000000e+00 5.900000e+01 5.837035e+01
1.000000e+00 5.000000e+00 5.200000e+01 6.000000e+00 5.000000e+00 3.600000e+01 3.733269e+01
1.000000e+00 6.000000e+00 8.200000e+01 6.000000e+00 1.000000e+00 7.100000e+01 6.990488e+01
1.000000e+00 3.000000e+00 6.800000e+01 9.000000e+00 0.000000e+00 4.500000e+01 4.835672e+01
1.000000e+00 4.000000e+00 4.700000e+01 9.000000e+00 7.000000e+00 3.100000e+01 3.122108e+01
1.000000e+00 6.000000e+00 9.000000e+01 7.000000e+00 9.000000e+00 7.700000e+01 8.008490e+01
1.000000e+00 7.000000e+00 8.100000e+01 6.000000e+00 8.000000e+00 7.300000e+01 7.310807e+01
1.000000e+00 1.000000e+00 7.000000e+01 6.000000e+00 9.000000e+00 4.700000e+01 4.502963e+01
1.000000e+00 7.000000e+00 6.500000e+01 7.000000e+00 0.000000e+00 5.600000e+01 5.574524e+01
1.000000e+00 1.000000e+00 5.700000e+01 6.000000e+00 2.000000e+00 3.000000e+01 3.043728e+01
1.000000e+00 5.000000e+00 9.700000e+01 6.000000e+00 4.000000e+00 8.400000e+01 8.289903e+01
1.000000e+00 6.000000e+00 5.700000e+01 8.000000e+00 6.000000e+00 4.100000e+01 4.641415e+01
1.000000e+00 2.000000e+00 9.600000e+01 4.000000e+00 9.000000e+00 7.300000e+01 7.336540e+01
1.000000e+00 9.000000e+00 4.600000e+01 7.000000e+00 3.000000e+00 4.100000e+01 4.270744e+01
1.000000e+00 6.000000e+00 8.700000e+01 8.000000e+00 5.000000e+00 7.700000e+01 7.672637e+01
1.000000e+00 7.000000e+00 7.700000e+01 9.000000e+00 0.000000e+00 6.300000e+01 6.890126e+01
1.000000e+00 8.000000e+00 8.700000e+01 5.000000e+00 3.000000e+00 7.900000e+01 8.060130e+01
1.000000e+00 1.000000e+00 5.500000e+01 5.000000e+00 7.000000e+00 2.800000e+01 2.890712e+01
1.000000e+00 8.000000e+00 9.400000e+01 9.000000e+00 4.000000e+00 9.100000e+01 8.982134e+01
1.000000e+00 4.000000e+00 9.500000e+01 4.000000e+00 7.000000e+00 7.600000e+01 7.765246e+01
1.000000e+00 8.000000e+00 9.900000e+01 5.000000e+00 0.000000e+00 9.200000e+01 9.221655e+01
1.000000e+00 6.000000e+00 7.200000e+01 4.000000e+00 9.000000e+00 6.100000e+01 6.035088e+01
1.000000e+00 9.000000e+00 9.500000e+01 5.000000e+00 8.000000e+00 9.200000e+01 9.256493e+01
1.000000e+00 4.000000e+00 9.000000e+01 5.000000e+00 3.000000e+00 7.200000e+01 7.226005e+01
1.000000e+00 2.000000e+00 4.200000e+01 8.000000e+00 8.000000e+00 2.000000e+01 2.015999e+01
1.000000e+00 2.000000e+00 7.700000e+01 5.000000e+00 7.000000e+00 5.400000e+01 5.412784e+01
1.000000e+00 5.000000e+00 4.300000e+01 9.000000e+00 7.000000e+00 3.500000e+01 3.000133e+01
1.000000e+00 9.000000e+00 7.500000e+01 4.000000e+00 1.000000e+00 6.700000e+01 7.037763e+01
1.000000e+00 3.000000e+00 4.300000e+01 6.000000e+00 2.000000e+00 2.000000e+01 2.189614e+01
1.000000e+00 8.000000e+00 8.100000e+01 6.000000e+00 9.000000e+00 7.600000e+01 7.615211e+01
1.000000e+00 4.000000e+00 4.800000e+01 6.000000e+00 8.000000e+00 3.300000e+01 3.100496e+01
1.000000e+00 6.000000e+00 7.900000e+01 4.000000e+00 2.000000e+00 6.800000e+01 6.609736e+01
1.000000e+00 6.000000e+00 9.000000e+01 4.000000e+00 7.000000e+00 8.100000e+01 7.826379e+01
1.000000e+00 3.000000e+00 5.600000e+01 6.000000e+00 4.000000e+00 3.600000e+01 3.550841e+01
1.000000e+00 5.000000e+00 5.600000e+01 9.000000e+00 6.000000e+00 4.600000e+01 4.302555e+01
1.000000e+00 3.000000e+00 7.200000e+01 5.000000e+00 3.000000e+00 5.000000e+01 5.110709e+01
1.000000e+00 1.000000e+00 5.900000e+01 6.000000e+00 7.000000e+00 3.600000e+01 3.345124e+01
1.000000e+00 7.000000e+00 5.300000e+01 7.000000e+00 3.000000e+00 4.400000e+01 4.413000e+01
1.000000e+00 4.000000e+00 6.100000e+01 4.000000e+00 4.000000e+00 4.300000e+01 4.248841e+01
1.000000e+00 7.000000e+00 9.100000e+01 7.000000e+00 0.000000e+00 7.900000e+01 8.218572e+01
1.000000e+00 3.000000e+00 6.600000e+01 7.000000e+00 9.000000e+00 4.400000e+01 4.713426e+01
1.000000e+00 5.000000e+00 8.200000e+01 4.000000e+00 7.000000e+00 6.700000e+01 6.728024e+01
1.000000e+00 5.000000e+00 4.200000e+01 6.000000e+00 6.000000e+00 2.700000e+01 2.735929e+01
1.000000e+00 2.000000e+00 6.300000e+01 9.000000e+00 4.000000e+00 3.900000e+01 4.120806e+01
1.000000e+00 2.000000e+00 6.900000e+01 8.000000e+00 5.000000e+00 4.900000e+01 4.702936e+01
1.000000e+00 4.000000e+00 4.700000e+01 7.000000e+00 0.000000e+00 2.800000e+01 2.889625e+01
1.000000e+00 4.000000e+00 6.100000e+01 6.000000e+00 7.000000e+00 4.600000e+01 4.402918e+01
1.000000e+00 4.000000e+00 6.400000e+01 8.000000e+00 8.000000e+00 4.800000e+01 4.822874e+01
1.000000e+00 6.000000e+00 9.900000e+01 7.000000e+00 4.000000e+00 9.000000e+01 8.825729e+01
1.000000e+00 2.000000e+00 4.900000e+01 6.000000e+00 9.000000e+00 2.400000e+01 2.652188e+01
1.000000e+00 6.000000e+00 8.800000e+01 7.000000e+00 6.000000e+00 7.500000e+01 7.746297e+01
1.000000e+00 7.000000e+00 6.800000e+01 6.000000e+00 9.000000e+00 6.100000e+01 6.008385e+01
1.000000e+00 3.000000e+00 7.900000e+01 9.000000e+00 3.000000e+00 6.200000e+01 6.013112e+01
1.000000e+00 8.000000e+00 9.300000e+01 5.000000e+00 5.000000e+00 8.700000e+01 8.709498e+01
1.000000e+00 2.000000e+00 4.000000e+01 5.000000e+00 1.000000e+00 1.300000e+01 1.532492e+01
1.000000e+00 8.000000e+00 9.100000e+01 4.000000e+00 3.000000e+00 8.500000e+01 8.419270e+01
1.000000e+00 5.000000e+00 6.000000e+01 8.000000e+00 4.000000e+00 4.700000e+01 4.622493e+01
1.000000e+00 2.000000e+00 7.800000e+01 7.000000e+00 8.000000e+00 5.400000e+01 5.629352e+01
1.000000e+00 7.000000e+00 6.300000e+01 7.000000e+00 8.000000e+00 5.700000e+01 5.527949e+01
1.000000e+00 2.000000e+00 4.800000e+01 6.000000e+00 7.000000e+00 2.600000e+01 2.511290e+01
1.000000e+00 6.000000e+00 9.900000e+01 8.000000e+00 3.000000e+00 8.900000e+01 8.853764e+01
1.000000e+00 3.000000e+00 8.300000e+01 7.000000e+00 5.000000e+00 6.100000e+01 6.363820e+01
1.000000e+00 9.000000e+00 9.300000e+01 8.000000e+00 6.000000e+00 9.300000e+01 9.156809e+01
1.000000e+00 3.000000e+00 6.500000e+01 8.000000e+00 0.000000e+00 4.300000e+01 4.482953e+01
1.000000e+00 3.000000e+00 4.800000e+01 5.000000e+00 0.000000e+00 2.400000e+01 2.611245e+01
1.000000e+00 5.000000e+00 5.900000e+01 7.000000e+00 3.000000e+00 4.500000e+01 4.453561e+01
1.000000e+00 7.000000e+00 9.500000e+01 7.000000e+00 2.000000e+00 8.600000e+01 8.664552e+01
1.000000e+00 8.000000e+00 7.400000e+01 4.000000e+00 9.000000e+00 6.500000e+01 6.808080e+01
1.000000e+00 7.000000e+00 7.500000e+01 8.000000e+00 3.000000e+00 7.000000e+01 6.697906e+01
1.000000e+00 9.000000e+00 8.100000e+01 6.000000e+00 8.000000e+00 7.900000e+01 7.880411e+01
1.000000e+00 5.000000e+00 7.500000e+01 5.000000e+00 1.000000e+00 5.900000e+01 5.946192e+01
1.000000e+00 3.000000e+00 9.300000e+01 4.000000e+00 3.000000e+00 7.200000e+01 7.198650e+01
1.000000e+00 6.000000e+00 4.800000e+01 5.000000e+00 6.000000e+00 3.600000e+01 3.583260e+01
1.000000e+00 5.000000e+00 6.100000e+01 6.000000e+00 1.000000e+00 4.600000e+01 4.570110e+01
1.000000e+00 4.000000e+00 4.000000e+01 4.000000e+00 7.000000e+00 2.400000e+01 2.172069e+01
1.000000e+00 2.000000e+00 4.400000e+01 5.000000e+00 9.000000e+00 2.500000e+01 2.096081e+01
1.000000e+00 7.000000e+00 4.800000e+01 6.000000e+00 3.000000e+00 3.800000e+01 3.856893e+01
1.000000e+00 5.000000e+00 7.600000e+01 9.000000e+00 8.000000e+00 6.500000e+01 6.375641e+01
1.000000e+00 4.000000e+00 7.700000e+01 4.000000e+00 0.000000e+00 5.900000e+01 5.797541e+01
1.000000e+00 8.000000e+00 5.800000e+01 6.000000e+00 6.000000e+00 5.300000e+01 5.217441e+01
1.000000e+00 9.000000e+00 4.700000e+01 4.000000e+00 0.000000e+00 4.500000e+01 4.170726e+01
1.000000e+00 9.000000e+00 8.100000e+01 7.000000e+00 9.000000e+00 8.200000e+01 7.947648e+01
1.000000e+00 3.000000e+00 8.200000e+01 7.000000e+00 8.000000e+00 6.400000e+01 6.320930e+01
1.000000e+00 3.000000e+00 7.100000e+01 5.000000e+00 9.000000e+00 5.000000e+01 5.126624e+01
1.000000e+00 5.000000e+00 5.200000e+01 8.000000e+00 9.000000e+00 3.900000e+01 3.906947e+01
1.000000e+00 5.000000e+00 5.900000e+01 9.000000e+00 0.000000e+00 4.300000e+01 4.490028e+01
1.000000e+00 2.000000e+00 7.500000e+01 8.000000e+00 2.000000e+00 5.400000e+01 5.254296e+01
1.000000e+00 1.000000e+00 8.200000e+01 6.000000e+00 6.000000e+00 5.800000e+01 5.664488e+01
1.000000e+00 8.000000e+00 8.300000e+01 4.000000e+00 0.000000e+00 7.300000e+01 7.546913e+01
1.000000e+00 3.000000e+00 7.600000e+01 7.000000e+00 4.000000e+00 5.600000e+01 5.632359e+01
1.000000e+00 1.000000e+00 6.900000e+01 8.000000e+00 5.000000e+00 4.200000e+01 4.418134e+01
1.000000e+00 1.000000e+00 4.900000e+01 7.000000e+00 2.000000e+00 2.500000e+01 2.277811e+01
1.000000e+00 2.000000e+00 7.000000e+01 9.000000e+00 5.000000e+00 4.800000e+01 4.852266e+01
1.000000e+00 6.000000e+00 6.400000e+01 6.000000e+00 3.000000e+00 4.900000e+01 5.199197e+01
1.000000e+00 6.000000e+00 6.800000e+01 9.000000e+00 5.000000e+00 5.900000e+01 5.788085e+01
1.000000e+00 3.000000e+00 6.300000e+01 9.000000e+00 5.000000e+00 4.500000e+01 4.425209e+01
1.000000e+00 4.000000e+00 7.800000e+01 6.000000e+00 3.000000e+00 6.000000e+01 6.053312e+01
1.000000e+00 2.000000e+00 6.000000e+01 4.000000e+00 0.000000e+00 3.200000e+01 3.499137e+01
1.000000e+00 2.000000e+00 8.000000e+01 9.000000e+00 2.000000e+00 5.900000e+01 5.810403e+01
1.000000e+00 7.000000e+00 4.800000e+01 8.000000e+00 9.000000e+00 4.000000e+01 4.069774e+01
1.000000e+00 1.000000e+00 8.100000e+01 6.000000e+00 6.000000e+00 5.500000e+01 5.562793e+01
1.000000e+00 7.000000e+00 8.100000e+01 6.000000e+00 1.000000e+00 6.900000e+01 7.173596e+01
1.000000e+00 1.000000e+00 4.100000e+01 7.000000e+00 3.000000e+00 1.200000e+01 1.483859e+01
1.000000e+00 6.000000e+00 4.300000e+01 5.000000e+00 5.000000e+00 3.900000e+01 3.055188e+01
1.000000e+00 3.000000e+00 4.700000e+01 9.000000e+00 4.000000e+00 2.500000e+01 2.778501e+01
1.000000e+00 8.000000e+00 7.100000e+01 8.000000e+00 5.000000e+00 6.200000e+01 6.615135e+01
1.000000e+00 6.000000e+00 5.300000e+01 4.000000e+00 4.000000e+00 4.000000e+01 4.004892e+01
1.000000e+00 2.000000e+00 8.800000e+01 9.000000e+00 8.000000e+00 6.700000e+01 6.741565e+01
1.000000e+00 8.000000e+00 5.200000e+01 4.000000e+00 1.000000e+00 4.200000e+01 4.413996e+01
1.000000e+00 5.000000e+00 6.000000e+01 7.000000e+00 3.000000e+00 4.400000e+01 4.555255e+01
1.000000e+00 8.000000e+00 6.300000e+01 9.000000e+00 0.000000e+00 5.700000e+01 5.751210e+01
1.000000e+00 8.000000e+00 8.900000e+01 4.000000e+00 6.000000e+00 8.300000e+01 8.274687e+01
1.000000e+00 6.000000e+00 5.700000e+01 9.000000e+00 0.000000e+00 4.300000e+01 4.571442e+01
1.000000e+00 2.000000e+00 8.400000e+01 6.000000e+00 5.000000e+00 6.100000e+01 6.133076e+01
1.000000e+00 8.000000e+00 7.900000e+01 9.000000e+00 9.000000e+00 7.600000e+01 7.554730e+01
1.000000e+00 6.000000e+00 6.500000e+01 8.000000e+00 9.000000e+00 5.400000e+01 5.513773e+01
1.000000e+00 6.000000e+00 7.100000e+01 9.000000e+00 8.000000e+00 6.000000e+01 6.151972e+01
1.000000e+00 8.000000e+00 8.300000e+01 4.000000e+00 1.000000e+00 7.400000e+01 7.566514e+01
1.000000e+00 1.000000e+00 9.600000e+01 8.000000e+00 0.000000e+00 7.400000e+01 7.065868e+01
1.000000e+00 2.000000e+00 9.400000e+01 4.000000e+00 9.000000e+00 6.600000e+01 7.133152e+01
1.000000e+00 9.000000e+00 9.500000e+01 5.000000e+00 2.000000e+00 9.400000e+01 9.138883e+01
1.000000e+00 8.000000e+00 9.200000e+01 5.000000e+00 5.000000e+00 8.300000e+01 8.607804e+01
1.000000e+00 7.000000e+00 7.200000e+01 8.000000e+00 6.000000e+00 6.500000e+01 6.451629e+01
1.000000e+00 7.000000e+00 9.100000e+01 5.000000e+00 7.000000e+00 8.200000e+01 8.260511e+01
1.000000e+00 5.000000e+00 7.000000e+01 5.000000e+00 3.000000e+00 5.200000e+01 5.476924e+01
1.000000e+00 2.000000e+00 5.700000e+01 6.000000e+00 7.000000e+00 3.400000e+01 3.426538e+01
1.000000e+00 6.000000e+00 7.400000e+01 4.000000e+00 6.000000e+00 6.100000e+01 6.179671e+01
1.000000e+00 3.000000e+00 5.100000e+01 5.000000e+00 7.000000e+00 3.000000e+01 3.053539e+01
1.000000e+00 4.000000e+00 9.000000e+01 8.000000e+00 4.000000e+00 7.700000e+01 7.388515e+01
1.000000e+00 2.000000e+00 6.400000e+01 6.000000e+00 9.000000e+00 4.500000e+01 4.177600e+01
1.000000e+00 2.000000e+00 8.400000e+01 5.000000e+00 6.000000e+00 5.900000e+01 6.105042e+01
1.000000e+00 8.000000e+00 7.000000e+01 9.000000e+00 3.000000e+00 6.600000e+01 6.521874e+01
1.000000e+00 8.000000e+00 4.900000e+01 8.000000e+00 0.000000e+00 4.500000e+01 4.279856e+01
1.000000e+00 6.000000e+00 8.600000e+01 4.000000e+00 2.000000e+00 7.300000e+01 7.321595e+01
1.000000e+00 5.000000e+00 9.100000e+01 9.000000e+00 9.000000e+00 8.100000e+01 7.920654e+01
1.000000e+00 8.000000e+00 7.300000e+01 5.000000e+00 8.000000e+00 7.200000e+01 6.734420e+01
1.000000e+00 4.000000e+00 9.000000e+01 8.000000e+00 3.000000e+00 7.200000e+01 7.368913e+01
1.000000e+00 4.000000e+00 4.200000e+01 9.000000e+00 4.000000e+00 2.700000e+01 2.554832e+01
1.000000e+00 5.000000e+00 8.500000e+01 8.000000e+00 2.000000e+00 7.000000e+01 7.125643e+01
1.000000e+00 1.000000e+00 7.800000e+01 7.000000e+00 5.000000e+00 5.100000e+01 5.285745e+01
1.000000e+00 1.000000e+00 4.700000e+01 9.000000e+00 3.000000e+00 2.100000e+01 2.189296e+01
1.000000e+00 2.000000e+00 7.100000e+01 8.000000e+00 4.000000e+00 5.000000e+01 4.886723e+01
1.000000e+00 8.000000e+00 8.200000e+01 9.000000e+00 6.000000e+00 8.200000e+01 7.801008e+01
1.000000e+00 7.000000e+00 6.800000e+01 7.000000e+00 6.000000e+00 5.800000e+01 5.997216e+01
1.000000e+00 9.000000e+00 6.100000e+01 4.000000e+00 8.000000e+00 5.900000e+01 5.751256e+01
1.000000e+00 5.000000e+00 5.900000e+01 4.000000e+00 1.000000e+00 4.100000e+01 4.271450e+01
1.000000e+00 2.000000e+00 4.500000e+01 6.000000e+00 3.000000e+00 2.100000e+01 2.127802e+01
1.000000e+00 7.000000e+00 8.200000e+01 9.000000e+00 7.000000e+00 7.800000e+01 7.535808e+01
1.000000e+00 8.000000e+00 8.800000e+01 7.000000e+00 3.000000e+00 8.500000e+01 8.257096e+01
1.000000e+00 7.000000e+00 6.800000e+01 8.000000e+00 2.000000e+00 5.900000e+01 5.966446e+01
1.000000e+00 7.000000e+00 8.100000e+01 6.000000e+00 9.000000e+00 7.200000e+01 7.330409e+01
1.000000e+00 5.000000e+00 9.500000e+01 9.000000e+00 5.000000e+00 8.300000e+01 8.249025e+01
1.000000e+00 2.000000e+00 5.600000e+01 6.000000e+00 2.000000e+00 3.100000e+01 3.226836e+01
1.000000e+00 6.000000e+00 7.000000e+01 9.000000e+00 1.000000e+00 5.800000e+01 5.913067e+01
1.000000e+00 4.000000e+00 9.200000e+01 4.000000e+00 8.000000e+00 7.400000e+01 7.479765e+01
1.000000e+00 2.000000e+00 7.300000e+01 8.000000e+00 2.000000e+00 5.000000e+01 5.050908e+01
1.000000e+00 9.000000e+00 7.700000e+01 7.000000e+00 0.000000e+00 7.200000e+01 7.364458e+01
1.000000e+00 7.000000e+00 9.600000e+01 4.000000e+00 8.000000e+00 8.400000e+01 8.740947e+01
1.000000e+00 6.000000e+00 7.600000e+01 6.000000e+00 4.000000e+00 6.700000e+01 6.439128e+01
1.000000e+00 5.000000e+00 4.300000e+01 5.000000e+00 6.000000e+00 2.900000e+01 2.789988e+01
1.000000e+00 3.000000e+00 4.100000e+01 6.000000e+00 1.000000e+00 2.000000e+01 1.966624e+01
1.000000e+00 4.000000e+00 5.100000e+01 5.000000e+00 0.000000e+00 3.100000e+01 3.201129e+01
1.000000e+00 3.000000e+00 7.400000e+01 9.000000e+00 5.000000e+00 5.800000e+01 5.543844e+01
1.000000e+00 8.000000e+00 4.500000e+01 4.000000e+00 4.000000e+00 3.900000e+01 3.760942e+01
1.000000e+00 3.000000e+00 9.500000e+01 9.000000e+00 9.000000e+00 7.700000e+01 7.757827e+01
1.000000e+00 7.000000e+00 8.500000e+01 7.000000e+00 5.000000e+00 7.800000e+01 7.706415e+01
1.000000e+00 7.000000e+00 4.700000e+01 8.000000e+00 1.000000e+00 3.900000e+01 3.811268e+01
1.000000e+00 7.000000e+00 6.000000e+01 5.000000e+00 6.000000e+00 5.100000e+01 5.088391e+01
1.000000e+00 7.000000e+00 9.200000e+01 8.000000e+00 0.000000e+00 8.600000e+01 8.367902e+01
1.000000e+00 2.000000e+00 9.700000e+01 9.000000e+00 7.000000e+00 7.800000e+01 7.637211e+01
1.000000e+00 3.000000e+00 8.500000e+01 4.000000e+00 6.000000e+00 6.600000e+01 6.443902e+01
1.000000e+00 9.000000e+00 7.400000e+01 4.000000e+00 6.000000e+00 7.400000e+01 7.034077e+01
1.000000e+00 3.000000e+00 8.700000e+01 9.000000e+00 5.000000e+00 7.000000e+01 6.865868e+01
1.000000e+00 2.000000e+00 5.400000e+01 9.000000e+00 9.000000e+00 3.800000e+01 3.303566e+01
1.000000e+00 9.000000e+00 4.600000e+01 4.000000e+00 4.000000e+00 4.400000e+01 4.147438e+01
1.000000e+00 9.000000e+00 5.400000e+01 7.000000e+00 8.000000e+00 5.200000e+01 5.182305e+01
1.000000e+00 4.000000e+00 8.400000e+01 5.000000e+00 2.000000e+00 6.300000e+01 6.596239e+01
1.000000e+00 9.000000e+00 4.500000e+01 8.000000e+00 8.000000e+00 4.600000e+01 4.314694e+01
1.000000e+00 3.000000e+00 8.600000e+01 6.000000e+00 4.000000e+00 6.300000e+01 6.601664e+01
1.000000e+00 7.000000e+00 5.600000e+01 9.000000e+00 7.000000e+00 5.000000e+01 4.891760e+01
1.000000e+00 7.000000e+00 4.300000e+01 9.000000e+00 2.000000e+00 3.700000e+01 3.471729e+01
1.000000e+00 8.000000e+00 6.100000e+01 4.000000e+00 6.000000e+00 5.200000e+01 5.427251e+01
1.000000e+00 4.000000e+00 7.100000e+01 8.000000e+00 9.000000e+00 5.500000e+01 5.554334e+01
1.000000e+00 3.000000e+00 9.800000e+01 8.000000e+00 3.000000e+00 7.700000e+01 7.897664e+01
1.000000e+00 3.000000e+00 6.100000e+01 7.000000e+00 4.000000e+00 4.600000e+01 4.106947e+01
1.000000e+00 5.000000e+00 6.600000e+01 5.000000e+00 3.000000e+00 5.200000e+01 5.070148e+01
1.000000e+00 1.000000e+00 8.500000e+01 7.000000e+00 8.000000e+00 5.900000e+01 6.056409e+01
1.000000e+00 3.000000e+00 5.400000e+01 7.000000e+00 6.000000e+00 3.200000e+01 3.434291e+01
1.000000e+00 6.000000e+00 9.900000e+01 8.000000e+00 5.000000e+00 8.700000e+01 8.892967e+01
1.000000e+00 3.000000e+00 8.300000e+01 5.000000e+00 5.000000e+00 6.100000e+01 6.268548e+01
1.000000e+00 5.000000e+00 9.000000e+01 5.000000e+00 9.000000e+00 7.500000e+01 7.628416e+01
1.000000e+00 9.000000e+00 6.100000e+01 5.000000e+00 6.000000e+00 5.900000e+01 5.759689e+01
1.000000e+00 2.000000e+00 6.700000e+01 4.000000e+00 4.000000e+00 4.000000e+01 4.289402e+01
1.000000e+00 2.000000e+00 8.100000e+01 5.000000e+00 9.000000e+00 6.100000e+01 5.858764e+01
1.000000e+00 6.000000e+00 7.700000e+01 8.000000e+00 2.000000e+00 6.200000e+01 6.596891e+01
1.000000e+00 6.000000e+00 9.900000e+01 4.000000e+00 2.000000e+00 8.600000e+01 8.643618e+01
1.000000e+00 8.000000e+00 9.600000e+01 6.000000e+00 6.000000e+00 8.900000e+01 9.081818e+01
1.000000e+00 2.000000e+00 4.800000e+01 9.000000e+00 9.000000e+00 2.900000e+01 2.693402e+01
1.000000e+00 9.000000e+00 7.300000e+01 7.000000e+00 0.000000e+00 7.200000e+01 6.957681e+01
1.000000e+00 2.000000e+00 7.500000e+01 5.000000e+00 3.000000e+00 5.300000e+01 5.130990e+01
1.000000e+00 1.000000e+00 4.800000e+01 6.000000e+00 9.000000e+00 2.400000e+01 2.265692e+01
1.000000e+00 2.000000e+00 5.400000e+01 5.000000e+00 7.000000e+00 3.000000e+01 3.073819e+01
1.000000e+00 7.000000e+00 8.400000e+01 7.000000e+00 3.000000e+00 7.900000e+01 7.565518e+01
1.000000e+00 8.000000e+00 5.900000e+01 8.000000e+00 0.000000e+00 5.100000e+01 5.296797e+01
1.000000e+00 5.000000e+00 4.700000e+01 8.000000e+00 4.000000e+00 3.400000e+01 3.300469e+01
1.000000e+00 6.000000e+00 9.700000e+01 7.000000e+00 0.000000e+00 8.700000e+01 8.543935e+01
1.000000e+00 1.000000e+00 6.700000e+01 6.000000e+00 8.000000e+00 4.300000e+01 4.178279e+01
1.000000e+00 6.000000e+00 9.000000e+01 4.000000e+00 7.000000e+00 8.000000e+01 7.826379e+01
1.000000e+00 8.000000e+00 5.800000e+01 9.000000e+00 6.000000e+00 5.400000e+01 5.360349e+01
1.000000e+00 3.000000e+00 9.600000e+01 9.000000e+00 4.000000e+00 8.000000e+01 7.761514e+01
1.000000e+00 1.000000e+00 5.500000e+01 9.000000e+00 3.000000e+00 2.900000e+01 3.002849e+01
1.000000e+00 4.000000e+00 5.000000e+01 4.000000e+00 6.000000e+00 3.400000e+01 3.169409e+01
1.000000e+00 1.000000e+00 8.100000e+01 5.000000e+00 2.000000e+00 5.800000e+01 5.436751e+01
1.000000e+00 8.000000e+00 4.700000e+01 7.000000e+00 7.000000e+00 3.800000e+01 4.166043e+01
1.000000e+00 5.000000e+00 7.200000e+01 7.000000e+00 4.000000e+00 5.700000e+01 5.795186e+01
1.000000e+00 1.000000e+00 4.900000e+01 4.000000e+00 4.000000e+00 2.000000e+01 2.174106e+01
1.000000e+00 8.000000e+00 5.700000e+01 6.000000e+00 0.000000e+00 4.900000e+01 4.998137e+01
1.000000e+00 9.000000e+00 7.400000e+01 9.000000e+00 9.000000e+00 7.300000e+01 7.331061e+01
1.000000e+00 2.000000e+00 8.200000e+01 7.000000e+00 7.000000e+00 6.100000e+01 6.016527e+01
1.000000e+00 9.000000e+00 8.900000e+01 8.000000e+00 6.000000e+00 8.700000e+01 8.750033e+01
1.000000e+00 8.000000e+00 4.200000e+01 8.000000e+00 0.000000e+00 3.700000e+01 3.567997e+01
1.000000e+00 7.000000e+00 7.900000e+01 7.000000e+00 3.000000e+00 6.900000e+01 7.057047e+01
1.000000e+00 3.000000e+00 6.600000e+01 9.000000e+00 3.000000e+00 4.600000e+01 4.691088e+01
1.000000e+00 2.000000e+00 9.800000e+01 9.000000e+00 8.000000e+00 7.900000e+01 7.758506e+01
1.000000e+00 7.000000e+00 6.700000e+01 9.000000e+00 9.000000e+00 6.000000e+01 6.049599e+01
1.000000e+00 5.000000e+00 8.500000e+01 6.000000e+00 1.000000e+00 6.800000e+01 7.010769e+01
1.000000e+00 6.000000e+00 4.500000e+01 8.000000e+00 3.000000e+00 3.800000e+01 3.362281e+01
1.000000e+00 4.000000e+00 8.600000e+01 6.000000e+00 9.000000e+00 7.100000e+01 6.984474e+01
1.000000e+00 2.000000e+00 5.300000e+01 4.000000e+00 2.000000e+00 2.800000e+01 2.826481e+01
1.000000e+00 9.000000e+00 4.600000e+01 5.000000e+00 9.000000e+00 4.400000e+01 4.293082e+01
1.000000e+00 3.000000e+00 4.900000e+01 9.000000e+00 4.000000e+00 3.100000e+01 2.981890e+01
1.000000e+00 7.000000e+00 5.400000e+01 4.000000e+00 6.000000e+00 4.100000e+01 4.430591e+01
1.000000e+00 8.000000e+00 7.000000e+01 5.000000e+00 4.000000e+00 6.300000e+01 6.350931e+01
1.000000e+00 2.000000e+00 6.800000e+01 8.000000e+00 4.000000e+00 4.400000e+01 4.581640e+01
1.000000e+00 6.000000e+00 8.100000e+01 5.000000e+00 3.000000e+00 6.900000e+01 6.880362e+01
1.000000e+00 8.000000e+00 9.300000e+01 5.000000e+00 8.000000e+00 8.800000e+01 8.768303e+01
1.000000e+00 7.000000e+00 5.600000e+01 7.000000e+00 5.000000e+00 4.900000e+01 4.757285e+01
1.000000e+00 3.000000e+00 9.800000e+01 5.000000e+00 9.000000e+00 7.600000e+01 7.872366e+01
1.000000e+00 1.000000e+00 9.000000e+01 7.000000e+00 5.000000e+00 6.300000e+01 6.506075e+01
1.000000e+00 6.000000e+00 6.800000e+01 5.000000e+00 5.000000e+00 5.500000e+01 5.597541e+01
1.000000e+00 8.000000e+00 8.800000e+01 7.000000e+00 5.000000e+00 8.600000e+01 8.296299e+01
1.000000e+00 6.000000e+00 8.300000e+01 8.000000e+00 0.000000e+00 7.100000e+01 7.167853e+01
1.000000e+00 5.000000e+00 5.400000e+01 8.000000e+00 5.000000e+00 4.100000e+01 4.031929e+01
1.000000e+00 8.000000e+00 6.500000e+01 5.000000e+00 3.000000e+00 5.800000e+01 5.822859e+01
1.000000e+00 2.000000e+00 5.100000e+01 6.000000e+00 1.000000e+00 2.600000e+01 2.698763e+01
1.000000e+00 1.000000e+00 6.400000e+01 8.000000e+00 5.000000e+00 3.900000e+01 3.909664e+01
1.000000e+00 1.000000e+00 8.000000e+01 4.000000e+00 0.000000e+00 5.400000e+01 5.248218e+01
1.000000e+00 4.000000e+00 4.400000e+01 4.000000e+00 0.000000e+00 2.500000e+01 2.441634e+01
1.000000e+00 6.000000e+00 4.300000e+01 7.000000e+00 4.000000e+00 2.900000e+01 3.130858e+01
1.000000e+00 9.000000e+00 8.300000e+01 6.000000e+00 5.000000e+00 8.100000e+01 8.024994e+01
1.000000e+00 1.000000e+00 8.700000e+01 9.000000e+00 1.000000e+00 6.500000e+01 6.217858e+01
1.000000e+00 1.000000e+00 8.000000e+01 7.000000e+00 9.000000e+00 5.700000e+01 5.567540e+01
1.000000e+00 5.000000e+00 9.600000e+01 5.000000e+00 7.000000e+00 8.500000e+01 8.199378e+01
1.000000e+00 5.000000e+00 7.000000e+01 8.000000e+00 3.000000e+00 6.000000e+01 5.619832e+01
1.000000e+00 5.000000e+00 4.200000e+01 6.000000e+00 3.000000e+00 2.700000e+01 2.677125e+01
1.000000e+00 6.000000e+00 9.200000e+01 7.000000e+00 9.000000e+00 8.200000e+01 8.211878e+01
1.000000e+00 8.000000e+00 4.200000e+01 7.000000e+00 4.000000e+00 3.700000e+01 3.598768e+01
1.000000e+00 3.000000e+00 6.500000e+01 4.000000e+00 9.000000e+00 4.800000e+01 4.468824e+01
1.000000e+00 9.000000e+00 8.900000e+01 5.000000e+00 3.000000e+00 8.500000e+01 8.548320e+01
1.000000e+00 1.000000e+00 5.600000e+01 7.000000e+00 4.000000e+00 2.800000e+01 3.028873e+01
1.000000e+00 4.000000e+00 9.900000e+01 4.000000e+00 9.000000e+00 8.300000e+01 8.211226e+01
1.000000e+00 9.000000e+00 4.900000e+01 6.000000e+00 2.000000e+00 4.700000e+01 4.508589e+01
1.000000e+00 8.000000e+00 4.100000e+01 7.000000e+00 7.000000e+00 3.700000e+01 3.555878e+01
1.000000e+00 9.000000e+00 6.300000e+01 9.000000e+00 5.000000e+00 6.200000e+01 6.134020e+01
1.000000e+00 1.000000e+00 5.000000e+01 9.000000e+00 7.000000e+00 2.600000e+01 2.572785e+01
1.000000e+00 9.000000e+00 6.300000e+01 4.000000e+00 4.000000e+00 5.900000e+01 5.876238e+01
1.000000e+00 3.000000e+00 7.400000e+01 9.000000e+00 6.000000e+00 5.900000e+01 5.563446e+01
1.000000e+00 9.000000e+00 6.200000e+01 5.000000e+00 9.000000e+00 5.600000e+01 5.920188e+01
1.000000e+00 1.000000e+00 7.100000e+01 8.000000e+00 6.000000e+00 4.600000e+01 4.641124e+01
1.000000e+00 1.000000e+00 6.200000e+01 9.000000e+00 5.000000e+00 3.500000e+01 3.753911e+01
1.000000e+00 9.000000e+00 7.300000e+01 6.000000e+00 9.000000e+00 7.100000e+01 7.086459e+01
1.000000e+00 6.000000e+00 8.000000e+01 7.000000e+00 3.000000e+00 6.900000e+01 6.873939e+01
1.000000e+00 4.000000e+00 5.800000e+01 4.000000e+00 5.000000e+00 4.100000e+01 3.963360e+01
1.000000e+00 7.000000e+00 4.100000e+01 7.000000e+00 8.000000e+00 3.400000e+01 3.290678e+01
1.000000e+00 5.000000e+00 9.900000e+01 8.000000e+00 3.000000e+00 8.900000e+01 8.568962e+01
1.000000e+00 7.000000e+00 9.000000e+01 7.000000e+00 5.000000e+00 8.300000e+01 8.214886e+01
1.000000e+00 8.000000e+00 4.100000e+01 7.000000e+00 5.000000e+00 3.300000e+01 3.516675e+01
1.000000e+00 8.000000e+00 5.400000e+01 4.000000e+00 2.000000e+00 4.800000e+01 4.636986e+01
1.000000e+00 1.000000e+00 9.500000e+01 8.000000e+00 3.000000e+00 7.100000e+01 7.022978e+01
1.000000e+00 8.000000e+00 6.000000e+01 6.000000e+00 2.000000e+00 5.200000e+01 5.342423e+01
1.000000e+00 6.000000e+00 7.400000e+01 4.000000e+00 2.000000e+00 6.300000e+01 6.101265e+01
1.000000e+00 4.000000e+00 4.400000e+01 8.000000e+00 9.000000e+00 2.700000e+01 2.808593e+01
1.000000e+00 8.000000e+00 8.200000e+01 8.000000e+00 3.000000e+00 7.900000e+01 7.694567e+01
1.000000e+00 3.000000e+00 6.600000e+01 7.000000e+00 3.000000e+00 4.400000e+01 4.595816e+01
1.000000e+00 4.000000e+00 6.300000e+01 5.000000e+00 5.000000e+00 4.500000e+01 4.519467e+01
1.000000e+00 6.000000e+00 4.600000e+01 5.000000e+00 3.000000e+00 3.400000e+01 3.321067e+01
1.000000e+00 7.000000e+00 4.500000e+01 6.000000e+00 5.000000e+00 3.400000e+01 3.591014e+01
1.000000e+00 4.000000e+00 8.500000e+01 7.000000e+00 1.000000e+00 6.900000e+01 6.773603e+01
1.000000e+00 4.000000e+00 7.200000e+01 5.000000e+00 3.000000e+00 5.600000e+01 5.395511e+01
1.000000e+00 7.000000e+00 9.700000e+01 4.000000e+00 1.000000e+00 8.600000e+01 8.705430e+01
1.000000e+00 6.000000e+00 8.800000e+01 6.000000e+00 7.000000e+00 7.800000e+01 7.718263e+01
1.000000e+00 8.000000e+00 5.600000e+01 7.000000e+00 8.000000e+00 4.900000e+01 5.100892e+01
1.000000e+00 1.000000e+00 8.500000e+01 9.000000e+00 6.000000e+00 6.700000e+01 6.112478e+01
1.000000e+00 7.000000e+00 8.100000e+01 4.000000e+00 5.000000e+00 7.100000e+01 7.156731e+01
1.000000e+00 7.000000e+00 6.900000e+01 5.000000e+00 7.000000e+00 6.100000e+01 6.023240e+01
1.000000e+00 7.000000e+00 4.700000e+01 5.000000e+00 3.000000e+00 3.600000e+01 3.707563e+01
1.000000e+00 7.000000e+00 7.900000e+01 5.000000e+00 9.000000e+00 6.900000e+01 7.079385e+01
1.000000e+00 8.000000e+00 8.500000e+01 5.000000e+00 1.000000e+00 8.000000e+01 7.817538e+01
1.000000e+00 9.000000e+00 4.600000e+01 8.000000e+00 3.000000e+00 3.900000e+01 4.318380e+01
1.000000e+00 9.000000e+00 4.500000e+01 9.000000e+00 4.000000e+00 3.900000e+01 4.283924e+01
1.000000e+00 2.000000e+00 4.300000e+01 6.000000e+00 8.000000e+00 2.100000e+01 2.022421e+01
1.000000e+00 7.000000e+00 4.000000e+01 6.000000e+00 4.000000e+00 3.000000e+01 3.062942e+01
1.000000e+00 7.000000e+00 5.400000e+01 5.000000e+00 8.000000e+00 4.700000e+01 4.517430e+01
1.000000e+00 4.000000e+00 7.000000e+01 6.000000e+00 8.000000e+00 5.300000e+01 5.337766e+01
1.000000e+00 9.000000e+00 6.400000e+01 9.000000e+00 7.000000e+00 5.900000e+01 6.274917e+01
1.000000e+00 8.000000e+00 8.600000e+01 4.000000e+00 4.000000e+00 7.900000e+01 7.930401e+01
1.000000e+00 1.000000e+00 7.200000e+01 4.000000e+00 1.000000e+00 4.400000e+01 4.454266e+01
1.000000e+00 2.000000e+00 9.100000e+01 6.000000e+00 4.000000e+00 6.600000e+01 6.825333e+01
1.000000e+00 2.000000e+00 7.400000e+01 5.000000e+00 0.000000e+00 5.100000e+01 4.970491e+01
1.000000e+00 8.000000e+00 9.400000e+01 7.000000e+00 7.000000e+00 9.000000e+01 8.945667e+01
1.000000e+00 1.000000e+00 4.400000e+01 9.000000e+00 1.000000e+00 1.600000e+01 1.845011e+01
1.000000e+00 4.000000e+00 4.400000e+01 5.000000e+00 6.000000e+00 2.300000e+01 2.606880e+01
1.000000e+00 5.000000e+00 7.500000e+01 8.000000e+00 1.000000e+00 6.200000e+01 6.089100e+01
1.000000e+00 9.000000e+00 5.600000e+01 7.000000e+00 4.000000e+00 5.100000e+01 5.307287e+01
1.000000e+00 7.000000e+00 9.200000e+01 9.000000e+00 9.000000e+00 8.400000e+01 8.591952e+01
1.000000e+00 8.000000e+00 9.100000e+01 8.000000e+00 6.000000e+00 8.600000e+01 8.668619e+01
1.000000e+00 9.000000e+00 5.300000e+01 6.000000e+00 5.000000e+00 5.000000e+01 4.974170e+01
1.000000e+00 7.000000e+00 9.700000e+01 8.000000e+00 4.000000e+00 9.000000e+01 8.954779e+01
1.000000e+00 5.000000e+00 6.800000e+01 6.000000e+00 5.000000e+00 5.500000e+01 5.360375e+01
1.000000e+00 5.000000e+00 4.700000e+01 8.000000e+00 1.000000e+00 3.100000e+01 3.241664e+01
1.000000e+00 6.000000e+00 7.300000e+01 7.000000e+00 9.000000e+00 6.400000e+01 6.279690e+01
1.000000e+00 5.000000e+00 7.900000e+01 8.000000e+00 0.000000e+00 6.400000e+01 6.476275e+01
1.000000e+00 9.000000e+00 4.000000e+01 5.000000e+00 0.000000e+00 3.800000e+01 3.506503e+01
1.000000e+00 3.000000e+00 6.800000e+01 6.000000e+00 7.000000e+00 4.600000e+01 4.829975e+01
1.000000e+00 3.000000e+00 7.500000e+01 4.000000e+00 2.000000e+00 5.400000e+01 5.348554e+01
1.000000e+00 7.000000e+00 9.000000e+01 8.000000e+00 2.000000e+00 8.100000e+01 8.203717e+01
1.000000e+00 7.000000e+00 7.600000e+01 6.000000e+00 8.000000e+00 6.700000e+01 6.802337e+01
1.000000e+00 6.000000e+00 6.800000e+01 4.000000e+00 5.000000e+00 5.400000e+01 5.549905e+01
1.000000e+00 3.000000e+00 4.400000e+01 6.000000e+00 3.000000e+00 1.900000e+01 2.310909e+01
1.000000e+00 7.000000e+00 9.200000e+01 6.000000e+00 3.000000e+00 8.500000e+01 8.331435e+01
1.000000e+00 5.000000e+00 7.100000e+01 4.000000e+00 6.000000e+00 5.400000e+01 5.589787e+01
1.000000e+00 7.000000e+00 9.900000e+01 4.000000e+00 5.000000e+00 8.900000e+01 8.987225e+01
1.000000e+00 2.000000e+00 9.100000e+01 7.000000e+00 1.000000e+00 6.600000e+01 6.814165e+01
1.000000e+00 6.000000e+00 6.300000e+01 9.000000e+00 8.000000e+00 5.500000e+01 5.338419e+01
1.000000e+00 8.000000e+00 5.800000e+01 8.000000e+00 1.000000e+00 5.200000e+01 5.214705e+01
1.000000e+00 1.000000e+00 5.100000e+01 8.000000e+00 7.000000e+00 2.700000e+01 2.626843e+01
1.000000e+00 4.000000e+00 9.100000e+01 6.000000e+00 3.000000e+00 7.400000e+01 7.375335e+01
1.000000e+00 1.000000e+00 4.000000e+01 5.000000e+00 9.000000e+00 1.400000e+01 1.404503e+01
1.000000e+00 1.000000e+00 4.600000e+01 5.000000e+00 0.000000e+00 1.900000e+01 1.838253e+01
1.000000e+00 8.000000e+00 5.600000e+01 9.000000e+00 0.000000e+00 5.200000e+01 5.039351e+01
1.000000e+00 7.000000e+00 7.300000e+01 6.000000e+00 8.000000e+00 6.300000e+01 6.497254e+01
1.000000e+00 1.000000e+00 8.200000e+01 7.000000e+00 3.000000e+00 5.500000e+01 5.653319e+01
1.000000e+00 2.000000e+00 4.600000e+01 4.000000e+00 0.000000e+00 1.800000e+01 2.075419e+01
1.000000e+00 4.000000e+00 5.600000e+01 6.000000e+00 2.000000e+00 3.900000e+01 3.796439e+01
1.000000e+00 1.000000e+00 9.800000e+01 8.000000e+00 2.000000e+00 7.400000e+01 7.308459e+01
1.000000e+00 3.000000e+00 4.200000e+01 5.000000e+00 6.000000e+00 2.300000e+01 2.118690e+01
1.000000e+00 8.000000e+00 6.800000e+01 5.000000e+00 5.000000e+00 5.700000e+01 6.167145e+01
1.000000e+00 8.000000e+00 6.100000e+01 5.000000e+00 7.000000e+00 5.400000e+01 5.494489e+01
1.000000e+00 8.000000e+00 7.700000e+01 7.000000e+00 6.000000e+00 6.700000e+01 7.197265e+01
1.000000e+00 6.000000e+00 9.300000e+01 8.000000e+00 0.000000e+00 8.600000e+01 8.184794e+01
1.000000e+00 6.000000e+00 8.200000e+01 7.000000e+00 2.000000e+00 7.100000e+01 7.057726e+01
1.000000e+00 5.000000e+00 6.800000e+01 4.000000e+00 8.000000e+00 5.200000e+01 5.323908e+01
1.000000e+00 9.000000e+00 8.900000e+01 6.000000e+00 3.000000e+00 8.500000e+01 8.595956e+01
1.000000e+00 4.000000e+00 8.900000e+01 6.000000e+00 2.000000e+00 7.200000e+01 7.152345e+01
1.000000e+00 7.000000e+00 9.300000e+01 5.000000e+00 4.000000e+00 8.800000e+01 8.405094e+01
1.000000e+00 1.000000e+00 8.100000e+01 5.000000e+00 7.000000e+00 5.500000e+01 5.534759e+01
1.000000e+00 9.000000e+00 4.400000e+01 4.000000e+00 0.000000e+00 3.900000e+01 3.865643e+01
1.000000e+00 7.000000e+00 6.900000e+01 7.000000e+00 1.000000e+00 5.800000e+01 6.000903e+01
1.000000e+00 9.000000e+00 6.200000e+01 9.000000e+00 6.000000e+00 6.500000e+01 6.051927e+01
1.000000e+00 7.000000e+00 9.400000e+01 9.000000e+00 0.000000e+00 9.000000e+01 8.618926e+01
1.000000e+00 2.000000e+00 6.000000e+01 9.000000e+00 4.000000e+00 3.500000e+01 3.815723e+01
1.000000e+00 6.000000e+00 9.500000e+01 8.000000e+00 9.000000e+00 8.800000e+01 8.564597e+01
1.000000e+00 4.000000e+00 6.500000e+01 4.000000e+00 7.000000e+00 4.800000e+01 4.714422e+01
1.000000e+00 3.000000e+00 9.300000e+01 6.000000e+00 5.000000e+00 7.200000e+01 7.333125e+01
1.000000e+00 2.000000e+00 8.600000e+01 6.000000e+00 2.000000e+00 6.000000e+01 6.277659e+01
1.000000e+00 6.000000e+00 6.000000e+01 7.000000e+00 6.000000e+00 4.500000e+01 4.898862e+01
1.000000e+00 8.000000e+00 5.900000e+01 4.000000e+00 2.000000e+00 5.300000e+01 5.145457e+01
1.000000e+00 6.000000e+00 6.200000e+01 8.000000e+00 4.000000e+00 4.900000e+01 5.110683e+01
1.000000e+00 9.000000e+00 4.300000e+01 4.000000e+00 6.000000e+00 3.900000e+01 3.881559e+01
1.000000e+00 5.000000e+00 6.000000e+01 4.000000e+00 1.000000e+00 4.200000e+01 4.373144e+01
1.000000e+00 2.000000e+00 6.000000e+01 7.000000e+00 9.000000e+00 3.500000e+01 3.818459e+01
1.000000e+00 8.000000e+00 4.000000e+01 8.000000e+00 3.000000e+00 3.400000e+01 3.423414e+01
1.000000e+00 9.000000e+00 5.400000e+01 9.000000e+00 1.000000e+00 5.400000e+01 5.140366e+01
1.000000e+00 4.000000e+00 5.600000e+01 6.000000e+00 6.000000e+00 3.700000e+01 3.874845e+01
1.000000e+00 6.000000e+00 9.000000e+01 5.000000e+00 2.000000e+00 7.800000e+01 7.776007e+01
1.000000e+00 8.000000e+00 5.300000e+01 9.000000e+00 8.000000e+00 4.900000e+01 4.891081e+01
1.000000e+00 9.000000e+00 9.800000e+01 8.000000e+00 5.000000e+00 9.600000e+01 9.645678e+01
1.000000e+00 5.000000e+00 5.800000e+01 6.000000e+00 0.000000e+00 4.300000e+01 4.245426e+01
1.000000e+00 6.000000e+00 8.900000e+01 9.000000e+00 9.000000e+00 8.000000e+01 8.002068e+01
1.000000e+00 4.000000e+00 9.900000e+01 7.000000e+00 7.000000e+00 8.000000e+01 8.314931e+01
1.000000e+00 5.000000e+00 7.300000e+01 8.000000e+00 6.000000e+00 6.200000e+01 5.983719e+01
1.000000e+00 7.000000e+00 4.500000e+01 8.000000e+00 0.000000e+00 3.700000e+01 3.588278e+01
1.000000e+00 9.000000e+00 8.400000e+01 6.000000e+00 2.000000e+00 8.100000e+01 8.067884e+01
1.000000e+00 6.000000e+00 8.800000e+01 6.000000e+00 2.000000e+00 7.400000e+01 7.620255e+01
1.000000e+00 6.000000e+00 4.500000e+01 4.000000e+00 2.000000e+00 3.000000e+01 3.152135e+01
1.000000e+00 8.000000e+00 9.200000e+01 4.000000e+00 6.000000e+00 8.700000e+01 8.579769e+01
1.000000e+00 4.000000e+00 9.300000e+01 8.000000e+00 5.000000e+00 7.400000e+01 7.713199e+01
1.000000e+00 3.000000e+00 4.400000e+01 5.000000e+00 1.000000e+00 2.000000e+01 2.224070e+01
1.000000e+00 7.000000e+00 4.600000e+01 7.000000e+00 4.000000e+00 3.700000e+01 3.720742e+01
1.000000e+00 5.000000e+00 7.200000e+01 6.000000e+00 5.000000e+00 5.500000e+01 5.767152e+01
1.000000e+00 2.000000e+00 5.200000e+01 4.000000e+00 1.000000e+00 2.500000e+01 2.705186e+01
1.000000e+00 2.000000e+00 9.000000e+01 7.000000e+00 0.000000e+00 6.700000e+01 6.692869e+01
1.000000e+00 6.000000e+00 9.300000e+01 9.000000e+00 3.000000e+00 7.800000e+01 8.291235e+01
1.000000e+00 8.000000e+00 4.000000e+01 9.000000e+00 3.000000e+00 3.500000e+01 3.471050e+01
1.000000e+00 1.000000e+00 5.200000e+01 8.000000e+00 3.000000e+00 2.400000e+01 2.650131e+01
1.000000e+00 6.000000e+00 8.200000e+01 6.000000e+00 0.000000e+00 7.200000e+01 6.970887e+01
1.000000e+00 2.000000e+00 6.600000e+01 9.000000e+00 2.000000e+00 4.200000e+01 4.386685e+01
1.000000e+00 2.000000e+00 4.600000e+01 6.000000e+00 6.000000e+00 2.400000e+01 2.288301e+01
1.000000e+00 7.000000e+00 9.100000e+01 4.000000e+00 3.000000e+00 8.200000e+01 8.134469e+01
1.000000e+00 1.000000e+00 4.200000e+01 9.000000e+00 1.000000e+00 1.500000e+01 1.641622e+01
1.000000e+00 6.000000e+00 9.700000e+01 5.000000e+00 7.000000e+00 8.700000e+01 8.585874e+01
1.000000e+00 7.000000e+00 6.400000e+01 9.000000e+00 0.000000e+00 5.900000e+01 5.568102e+01
1.000000e+00 8.000000e+00 7.200000e+01 6.000000e+00 8.000000e+00 6.700000e+01 6.680362e+01
1.000000e+00 7.000000e+00 7.900000e+01 5.000000e+00 4.000000e+00 6.900000e+01 6.981377e+01
1.000000e+00 6.000000e+00 5.600000e+01 7.000000e+00 1.000000e+00 4.500000e+01 4.394077e+01
1.000000e+00 9.000000e+00 8.400000e+01 9.000000e+00 3.000000e+00 8.300000e+01 8.230393e+01
1.000000e+00 3.000000e+00 5.300000e+01 6.000000e+00 2.000000e+00 3.100000e+01 3.206555e+01
1.000000e+00 6.000000e+00 7.600000e+01 9.000000e+00 6.000000e+00 6.100000e+01 6.621240e+01
1.000000e+00 4.000000e+00 9.700000e+01 9.000000e+00 5.000000e+00 8.000000e+01 8.167611e+01
1.000000e+00 2.000000e+00 9.500000e+01 6.000000e+00 8.000000e+00 7.000000e+01 7.310516e+01
1.000000e+00 1.000000e+00 9.300000e+01 5.000000e+00 3.000000e+00 6.700000e+01 6.676682e+01
1.000000e+00 1.000000e+00 6.200000e+01 4.000000e+00 2.000000e+00 3.700000e+01 3.456927e+01
1.000000e+00 3.000000e+00 9.800000e+01 9.000000e+00 6.000000e+00 8.100000e+01 8.004105e+01
1.000000e+00 4.000000e+00 6.300000e+01 8.000000e+00 5.000000e+00 4.600000e+01 4.662375e+01
1.000000e+00 2.000000e+00 6.800000e+01 7.000000e+00 4.000000e+00 4.600000e+01 4.534004e+01
1.000000e+00 1.000000e+00 7.700000e+01 6.000000e+00 9.000000e+00 5.200000e+01 5.214822e+01
1.000000e+00 4.000000e+00 9.800000e+01 9.000000e+00 6.000000e+00 8.400000e+01 8.288907e+01
1.000000e+00 7.000000e+00 9.300000e+01 4.000000e+00 4.000000e+00 8.400000e+01 8.357459e+01
1.000000e+00 6.000000e+00 6.600000e+01 6.000000e+00 8.000000e+00 5.800000e+01 5.500593e+01
1.000000e+00 6.000000e+00 7.700000e+01 9.000000e+00 3.000000e+00 6.600000e+01 6.664129e+01
1.000000e+00 9.000000e+00 9.200000e+01 7.000000e+00 0.000000e+00 8.500000e+01 8.889870e+01
1.000000e+00 2.000000e+00 7.900000e+01 8.000000e+00 9.000000e+00 5.500000e+01 5.798284e+01
1.000000e+00 4.000000e+00 8.400000e+01 6.000000e+00 4.000000e+00 6.700000e+01 6.683078e+01
1.000000e+00 5.000000e+00 8.900000e+01 9.000000e+00 0.000000e+00 7.500000e+01 7.540852e+01
1.000000e+00 1.000000e+00 6.200000e+01 5.000000e+00 0.000000e+00 3.600000e+01 3.465359e+01
1.000000e+00 8.000000e+00 7.000000e+01 4.000000e+00 0.000000e+00 6.400000e+01 6.224889e+01
1.000000e+00 8.000000e+00 7.500000e+01 8.000000e+00 0.000000e+00 6.900000e+01 6.923903e+01
1.000000e+00 6.000000e+00 5.600000e+01 6.000000e+00 7.000000e+00 4.200000e+01 4.464051e+01
1.000000e+00 5.000000e+00 7.600000e+01 9.000000e+00 1.000000e+00 6.400000e+01 6.238430e+01
1.000000e+00 8.000000e+00 4.200000e+01 8.000000e+00 8.000000e+00 3.800000e+01 3.724810e+01
1.000000e+00 3.000000e+00 7.500000e+01 5.000000e+00 6.000000e+00 5.600000e+01 5.474596e+01
1.000000e+00 3.000000e+00 9.400000e+01 6.000000e+00 2.000000e+00 7.300000e+01 7.376014e+01
1.000000e+00 2.000000e+00 4.400000e+01 8.000000e+00 8.000000e+00 2.800000e+01 2.219387e+01
1.000000e+00 5.000000e+00 8.500000e+01 6.000000e+00 3.000000e+00 6.700000e+01 7.049972e+01
1.000000e+00 3.000000e+00 5.400000e+01 6.000000e+00 6.000000e+00 3.400000e+01 3.386655e+01
1.000000e+00 3.000000e+00 9.100000e+01 8.000000e+00 2.000000e+00 7.300000e+01 7.166204e+01
1.000000e+00 6.000000e+00 8.800000e+01 6.000000e+00 4.000000e+00 7.900000e+01 7.659458e+01
1.000000e+00 8.000000e+00 4.500000e+01 5.000000e+00 3.000000e+00 3.800000e+01 3.788976e+01
1.000000e+00 2.000000e+00 9.800000e+01 8.000000e+00 5.000000e+00 7.800000e+01 7.652066e+01
1.000000e+00 4.000000e+00 4.900000e+01 9.000000e+00 8.000000e+00 3.500000e+01 3.345098e+01
1.000000e+00 7.000000e+00 9.300000e+01 8.000000e+00 4.000000e+00 8.500000e+01 8.548002e+01
1.000000e+00 1.000000e+00 7.100000e+01 5.000000e+00 0.000000e+00 4.500000e+01 4.380607e+01
1.000000e+00 1.000000e+00 6.200000e+01 5.000000e+00 4.000000e+00 3.700000e+01 3.543766e+01
1.000000e+00 7.000000e+00 8.700000e+01 5.000000e+00 4.000000e+00 7.800000e+01 7.794930e+01
1.000000e+00 7.000000e+00 5.600000e+01 9.000000e+00 8.000000e+00 5.200000e+01 4.911362e+01
1.000000e+00 1.000000e+00 8.500000e+01 9.000000e+00 7.000000e+00 6.400000e+01 6.132079e+01
1.000000e+00 1.000000e+00 5.900000e+01 6.000000e+00 4.000000e+00 3.200000e+01 3.286319e+01
1.000000e+00 4.000000e+00 8.300000e+01 6.000000e+00 4.000000e+00 6.500000e+01 6.581384e+01
1.000000e+00 5.000000e+00 8.000000e+01 7.000000e+00 1.000000e+00 6.700000e+01 6.549934e+01
1.000000e+00 5.000000e+00 5.400000e+01 6.000000e+00 8.000000e+00 4.000000e+01 3.995462e+01
1.000000e+00 4.000000e+00 8.300000e+01 5.000000e+00 3.000000e+00 6.400000e+01 6.514146e+01
1.000000e+00 8.000000e+00 8.500000e+01 7.000000e+00 6.000000e+00 7.900000e+01 8.010818e+01
1.000000e+00 7.000000e+00 9.700000e+01 5.000000e+00 9.000000e+00 9.100000e+01 8.909879e+01
1.000000e+00 9.000000e+00 6.100000e+01 4.000000e+00 5.000000e+00 5.600000e+01 5.692451e+01
1.000000e+00 7.000000e+00 8.900000e+01 9.000000e+00 4.000000e+00 8.500000e+01 8.188862e+01
1.000000e+00 1.000000e+00 9.100000e+01 8.000000e+00 4.000000e+00 6.400000e+01 6.635803e+01
1.000000e+00 7.000000e+00 4.500000e+01 4.000000e+00 6.000000e+00 3.400000e+01 3.515343e+01
1.000000e+00 1.000000e+00 4.300000e+01 9.000000e+00 1.000000e+00 1.600000e+01 1.743316e+01
1.000000e+00 7.000000e+00 9.700000e+01 9.000000e+00 8.000000e+00 8.800000e+01 9.080821e+01
1.000000e+00 8.000000e+00 6.200000e+01 5.000000e+00 1.000000e+00 5.300000e+01 5.478573e+01
1.000000e+00 9.000000e+00 8.300000e+01 6.000000e+00 8.000000e+00 8.000000e+01 8.083799e+01
1.000000e+00 3.000000e+00 8.400000e+01 8.000000e+00 3.000000e+00 6.400000e+01 6.473947e+01
1.000000e+00 4.000000e+00 5.800000e+01 6.000000e+00 9.000000e+00 3.700000e+01 4.137038e+01
1.000000e+00 4.000000e+00 9.300000e+01 6.000000e+00 9.000000e+00 7.500000e+01 7.696333e+01
1.000000e+00 9.000000e+00 8.400000e+01 8.000000e+00 5.000000e+00 8.200000e+01 8.221960e+01
1.000000e+00 7.000000e+00 7.000000e+01 8.000000e+00 0.000000e+00 6.000000e+01 6.130631e+01
1.000000e+00 3.000000e+00 8.300000e+01 4.000000e+00 4.000000e+00 6.400000e+01 6.201310e+01
1.000000e+00 5.000000e+00 9.100000e+01 5.000000e+00 5.000000e+00 7.600000e+01 7.651704e+01
1.000000e+00 7.000000e+00 4.200000e+01 6.000000e+00 8.000000e+00 3.500000e+01 3.344736e+01
1.000000e+00 8.000000e+00 6.700000e+01 5.000000e+00 8.000000e+00 6.100000e+01 6.124255e+01
1.000000e+00 1.000000e+00 4.200000e+01 5.000000e+00 8.000000e+00 1.800000e+01 1.588290e+01
1.000000e+00 2.000000e+00 5.300000e+01 7.000000e+00 2.000000e+00 2.500000e+01 2.969389e+01
1.000000e+00 7.000000e+00 5.700000e+01 4.000000e+00 3.000000e+00 4.700000e+01 4.676868e+01
1.000000e+00 2.000000e+00 6.600000e+01 6.000000e+00 7.000000e+00 4.700000e+01 4.341785e+01
1.000000e+00 7.000000e+00 9.000000e+01 9.000000e+00 7.000000e+00 8.100000e+01 8.349361e+01
1.000000e+00 9.000000e+00 9.900000e+01 8.000000e+00 1.000000e+00 9.900000e+01 9.668966e+01
1.000000e+00 2.000000e+00 4.900000e+01 8.000000e+00 7.000000e+00 2.800000e+01 2.708257e+01
1.000000e+00 7.000000e+00 8.800000e+01 5.000000e+00 6.000000e+00 7.700000e+01 7.935827e+01
1.000000e+00 4.000000e+00 5.400000e+01 4.000000e+00 8.000000e+00 3.700000e+01 3.615388e+01
1.000000e+00 2.000000e+00 5.800000e+01 4.000000e+00 4.000000e+00 3.500000e+01 3.374155e+01
1.000000e+00 7.000000e+00 4.800000e+01 6.000000e+00 1.000000e+00 3.800000e+01 3.817690e+01
1.000000e+00 5.000000e+00 4.300000e+01 6.000000e+00 4.000000e+00 3.100000e+01 2.798420e+01
1.000000e+00 1.000000e+00 5.400000e+01 5.000000e+00 1.000000e+00 2.900000e+01 2.671408e+01
1.000000e+00 5.000000e+00 9.000000e+01 5.000000e+00 4.000000e+00 7.700000e+01 7.530409e+01
1.000000e+00 3.000000e+00 8.700000e+01 5.000000e+00 8.000000e+00 7.000000e+01 6.734129e+01
1.000000e+00 7.000000e+00 4.700000e+01 7.000000e+00 6.000000e+00 3.700000e+01 3.861640e+01
1.000000e+00 6.000000e+00 8.800000e+01 4.000000e+00 6.000000e+00 7.500000e+01 7.603389e+01
1.000000e+00 8.000000e+00 9.200000e+01 5.000000e+00 0.000000e+00 8.300000e+01 8.509796e+01
1.000000e+00 5.000000e+00 4.000000e+01 4.000000e+00 8.000000e+00 2.400000e+01 2.476472e+01
1.000000e+00 2.000000e+00 4.600000e+01 9.000000e+00 5.000000e+00 2.300000e+01 2.411607e+01
1.000000e+00 9.000000e+00 9.200000e+01 8.000000e+00 6.000000e+00 9.000000e+01 9.055115e+01
1.000000e+00 8.000000e+00 7.000000e+01 8.000000e+00 1.000000e+00 6.400000e+01 6.435034e+01
1.000000e+00 6.000000e+00 5.700000e+01 4.000000e+00 0.000000e+00 4.100000e+01 4.333262e+01
1.000000e+00 7.000000e+00 5.100000e+01 9.000000e+00 3.000000e+00 4.400000e+01 4.304883e+01
1.000000e+00 9.000000e+00 8.700000e+01 8.000000e+00 8.000000e+00 8.400000e+01 8.585848e+01
1.000000e+00 7.000000e+00 6.900000e+01 8.000000e+00 8.000000e+00 6.500000e+01 6.185750e+01
1.000000e+00 3.000000e+00 7.200000e+01 8.000000e+00 2.000000e+00 5.400000e+01 5.234015e+01
1.000000e+00 6.000000e+00 9.800000e+01 6.000000e+00 0.000000e+00 8.400000e+01 8.597993e+01
1.000000e+00 7.000000e+00 8.600000e+01 9.000000e+00 1.000000e+00 7.800000e+01 7.824975e+01
1.000000e+00 2.000000e+00 4.600000e+01 6.000000e+00 8.000000e+00 2.100000e+01 2.327504e+01
1.000000e+00 3.000000e+00 6.700000e+01 4.000000e+00 8.000000e+00 4.900000e+01 4.652610e+01
1.000000e+00 4.000000e+00 8.800000e+01 4.000000e+00 0.000000e+00 6.900000e+01 6.916176e+01
1.000000e+00 6.000000e+00 4.200000e+01 7.000000e+00 8.000000e+00 3.100000e+01 3.107570e+01
1.000000e+00 1.000000e+00 8.200000e+01 6.000000e+00 0.000000e+00 5.600000e+01 5.546878e+01
1.000000e+00 9.000000e+00 4.500000e+01 4.000000e+00 9.000000e+00 4.100000e+01 4.143752e+01
1.000000e+00 5.000000e+00 7.000000e+01 6.000000e+00 3.000000e+00 5.400000e+01 5.524560e+01
1.000000e+00 7.000000e+00 7.700000e+01 7.000000e+00 4.000000e+00 6.900000e+01 6.873260e+01
1.000000e+00 9.000000e+00 5.400000e+01 4.000000e+00 7.000000e+00 5.300000e+01 5.019796e+01
1.000000e+00 9.000000e+00 4.600000e+01 4.000000e+00 4.000000e+00 4.000000e+01 4.147438e+01
1.000000e+00 1.000000e+00 8.200000e+01 4.000000e+00 4.000000e+00 5.800000e+01 5.530012e+01
1.000000e+00 1.000000e+00 6.900000e+01 4.000000e+00 3.000000e+00 4.100000e+01 4.188387e+01
1.000000e+00 3.000000e+00 6.600000e+01 5.000000e+00 8.000000e+00 4.600000e+01 4.598552e+01
1.000000e+00 6.000000e+00 5.600000e+01 9.000000e+00 7.000000e+00 5.000000e+01 4.606959e+01
1.000000e+00 2.000000e+00 9.400000e+01 9.000000e+00 8.000000e+00 7.500000e+01 7.351730e+01
1.000000e+00 1.000000e+00 5.700000e+01 6.000000e+00 6.000000e+00 3.200000e+01 3.122134e+01
1.000000e+00 1.000000e+00 6.100000e+01 6.000000e+00 6.000000e+00 3.700000e+01 3.528911e+01
1.000000e+00 5.000000e+00 9.500000e+01 6.000000e+00 4.000000e+00 8.300000e+01 8.086515e+01
1.000000e+00 4.000000e+00 9.200000e+01 7.000000e+00 9.000000e+00 7.500000e+01 7.642275e+01
1.000000e+00 1.000000e+00 6.500000e+01 5.000000e+00 0.000000e+00 3.900000e+01 3.770442e+01
1.000000e+00 4.000000e+00 9.000000e+01 6.000000e+00 5.000000e+00 7.400000e+01 7.312844e+01
1.000000e+00 3.000000e+00 6.600000e+01 6.000000e+00 9.000000e+00 4.300000e+01 4.665790e+01
1.000000e+00 2.000000e+00 7.900000e+01 4.000000e+00 5.000000e+00 5.600000e+01 5.529333e+01
1.000000e+00 9.000000e+00 6.300000e+01 4.000000e+00 9.000000e+00 5.800000e+01 5.974246e+01
1.000000e+00 1.000000e+00 9.100000e+01 4.000000e+00 3.000000e+00 6.400000e+01 6.425658e+01
1.000000e+00 7.000000e+00 4.700000e+01 6.000000e+00 1.000000e+00 3.900000e+01 3.715996e+01
1.000000e+00 4.000000e+00 6.000000e+01 4.000000e+00 0.000000e+00 3.800000e+01 4.068741e+01
1.000000e+00 5.000000e+00 6.800000e+01 6.000000e+00 2.000000e+00 5.300000e+01 5.301570e+01
1.000000e+00 5.000000e+00 8.200000e+01 7.000000e+00 8.000000e+00 6.800000e+01 6.890534e+01
1.000000e+00 1.000000e+00 6.000000e+01 7.000000e+00 0.000000e+00 3.600000e+01 3.357243e+01
1.000000e+00 6.000000e+00 4.200000e+01 8.000000e+00 4.000000e+00 2.900000e+01 3.076800e+01
1.000000e+00 9.000000e+00 7.000000e+01 5.000000e+00 9.000000e+00 6.700000e+01 6.733741e+01
1.000000e+00 2.000000e+00 9.400000e+01 4.000000e+00 5.000000e+00 7.200000e+01 7.054745e+01
1.000000e+00 7.000000e+00 6.600000e+01 9.000000e+00 8.000000e+00 6.100000e+01 5.928303e+01
1.000000e+00 6.000000e+00 8.500000e+01 4.000000e+00 0.000000e+00 7.000000e+01 7.180697e+01
1.000000e+00 5.000000e+00 6.600000e+01 5.000000e+00 4.000000e+00 5.100000e+01 5.089749e+01
1.000000e+00 4.000000e+00 4.800000e+01 5.000000e+00 0.000000e+00 3.200000e+01 2.896047e+01
1.000000e+00 4.000000e+00 9.600000e+01 8.000000e+00 1.000000e+00 8.000000e+01 7.939875e+01
1.000000e+00 6.000000e+00 7.200000e+01 5.000000e+00 1.000000e+00 6.200000e+01 5.925911e+01
1.000000e+00 4.000000e+00 7.200000e+01 6.000000e+00 4.000000e+00 5.900000e+01 5.462748e+01
1.000000e+00 5.000000e+00 6.500000e+01 4.000000e+00 9.000000e+00 5.000000e+01 5.038427e+01
1.000000e+00 6.000000e+00 6.700000e+01 5.000000e+00 3.000000e+00 5.700000e+01 5.456644e+01
1.000000e+00 5.000000e+00 8.300000e+01 6.000000e+00 5.000000e+00 7.000000e+01 6.885787e+01
1.000000e+00 7.000000e+00 8.200000e+01 5.000000e+00 4.000000e+00 7.000000e+01 7.286459e+01
1.000000e+00 9.000000e+00 7.000000e+01 9.000000e+00 1.000000e+00 6.900000e+01 6.767472e+01
1.000000e+00 7.000000e+00 9.200000e+01 6.000000e+00 8.000000e+00 8.700000e+01 8.429443e+01
1.000000e+00 7.000000e+00 4.000000e+01 7.000000e+00 9.000000e+00 2.900000e+01 3.208585e+01
1.000000e+00 4.000000e+00 5.900000e+01 6.000000e+00 7.000000e+00 4.200000e+01 4.199529e+01
1.000000e+00 1.000000e+00 5.100000e+01 8.000000e+00 8.000000e+00 2.700000e+01 2.646445e+01
1.000000e+00 8.000000e+00 5.600000e+01 6.000000e+00 5.000000e+00 4.900000e+01 4.994451e+01
1.000000e+00 4.000000e+00 5.400000e+01 5.000000e+00 4.000000e+00 3.500000e+01 3.584618e+01
1.000000e+00 1.000000e+00 7.300000e+01 7.000000e+00 4.000000e+00 4.600000e+01 4.757673e+01
1.000000e+00 5.000000e+00 8.900000e+01 7.000000e+00 1.000000e+00 7.600000e+01 7.465182e+01
1.000000e+00 8.000000e+00 5.500000e+01 6.000000e+00 3.000000e+00 4.700000e+01 4.853554e+01
1.000000e+00 4.000000e+00 4.300000e+01 5.000000e+00 1.000000e+00 2.200000e+01 2.407178e+01
1.000000e+00 8.000000e+00 4.700000e+01 7.000000e+00 1.000000e+00 3.600000e+01 4.048433e+01
1.000000e+00 8.000000e+00 7.300000e+01 9.000000e+00 7.000000e+00 6.600000e+01 6.905362e+01
1.000000e+00 3.000000e+00 8.500000e+01 6.000000e+00 3.000000e+00 6.800000e+01 6.480369e+01
1.000000e+00 9.000000e+00 6.400000e+01 6.000000e+00 3.000000e+00 6.100000e+01 6.053603e+01
1.000000e+00 3.000000e+00 5.400000e+01 6.000000e+00 6.000000e+00 3.600000e+01 3.386655e+01
1.000000e+00 1.000000e+00 6.700000e+01 7.000000e+00 3.000000e+00 3.900000e+01 4.127907e+01
1.000000e+00 2.000000e+00 4.800000e+01 4.000000e+00 8.000000e+00 2.000000e+01 2.435620e+01
1.000000e+00 6.000000e+00 4.100000e+01 5.000000e+00 8.000000e+00 2.800000e+01 2.910604e+01
1.000000e+00 2.000000e+00 5.600000e+01 8.000000e+00 2.000000e+00 2.900000e+01 3.322108e+01
1.000000e+00 6.000000e+00 9.700000e+01 8.000000e+00 5.000000e+00 8.600000e+01 8.689579e+01
1.000000e+00 1.000000e+00 4.900000e+01 5.000000e+00 6.000000e+00 2.500000e+01 2.260945e+01
1.000000e+00 1.000000e+00 4.800000e+01 4.000000e+00 2.000000e+00 2.000000e+01 2.033209e+01
1.000000e+00 5.000000e+00 7.000000e+01 5.000000e+00 3.000000e+00 5.800000e+01 5.476924e+01
1.000000e+00 9.000000e+00 4.100000e+01 6.000000e+00 0.000000e+00 3.800000e+01 3.655833e+01
1.000000e+00 8.000000e+00 6.300000e+01 9.000000e+00 8.000000e+00 6.200000e+01 5.908023e+01
1.000000e+00 3.000000e+00 5.800000e+01 5.000000e+00 6.000000e+00 3.700000e+01 3.745796e+01
1.000000e+00 3.000000e+00 5.600000e+01 5.000000e+00 9.000000e+00 3.400000e+01 3.601212e+01
1.000000e+00 1.000000e+00 8.200000e+01 9.000000e+00 6.000000e+00 5.600000e+01 5.807395e+01
1.000000e+00 3.000000e+00 8.800000e+01 7.000000e+00 8.000000e+00 7.200000e+01 6.931095e+01
1.000000e+00 1.000000e+00 4.900000e+01 8.000000e+00 5.000000e+00 2.500000e+01 2.384252e+01
1.000000e+00 8.000000e+00 8.900000e+01 8.000000e+00 7.000000e+00 8.200000e+01 8.484832e+01
1.000000e+00 1.000000e+00 9.400000e+01 6.000000e+00 4.000000e+00 7.000000e+01 6.845614e+01
1.000000e+00 5.000000e+00 6.700000e+01 9.000000e+00 7.000000e+00 5.200000e+01 5.440792e+01
1.000000e+00 9.000000e+00 7.700000e+01 6.000000e+00 9.000000e+00 7.600000e+01 7.493236e+01
1.000000e+00 7.000000e+00 8.700000e+01 7.000000e+00 0.000000e+00 7.800000e+01 7.811795e+01
1.000000e+00 4.000000e+00 6.700000e+01 6.000000e+00 2.000000e+00 5.100000e+01 4.915075e+01
1.000000e+00 9.000000e+00 9.800000e+01 9.000000e+00 3.000000e+00 9.600000e+01 9.654111e+01
1.000000e+00 9.000000e+00 8.900000e+01 9.000000e+00 8.000000e+00 9.000000e+01 8.836872e+01
1.000000e+00 2.000000e+00 9.100000e+01 4.000000e+00 7.000000e+00 6.400000e+01 6.788866e+01
1.000000e+00 6.000000e+00 8.900000e+01 7.000000e+00 7.000000e+00 7.900000e+01 7.867593e+01
1.000000e+00 4.000000e+00 4.000000e+01 9.000000e+00 1.000000e+00 2.200000e+01 2.292639e+01
1.000000e+00 8.000000e+00 9.900000e+01 9.000000e+00 6.000000e+00 9.600000e+01 9.529808e+01
1.000000e+00 7.000000e+00 4.200000e+01 7.000000e+00 2.000000e+00 3.200000e+01 3.274763e+01
1.000000e+00 7.000000e+00 5.400000e+01 5.000000e+00 5.000000e+00 4.200000e+01 4.458625e+01
1.000000e+00 9.000000e+00 9.100000e+01 5.000000e+00 3.000000e+00 8.800000e+01 8.751708e+01
1.000000e+00 5.000000e+00 4.900000e+01 4.000000e+00 5.000000e+00 3.600000e+01 3.332915e+01
1.000000e+00 6.000000e+00 6.000000e+01 9.000000e+00 3.000000e+00 4.800000e+01 4.935329e+01
1.000000e+00 1.000000e+00 7.600000e+01 7.000000e+00 2.000000e+00 5.100000e+01 5.023552e+01
1.000000e+00 6.000000e+00 5.400000e+01 7.000000e+00 1.000000e+00 4.000000e+01 4.190689e+01
1.000000e+00 2.000000e+00 6.200000e+01 5.000000e+00 3.000000e+00 3.400000e+01 3.808966e+01
1.000000e+00 6.000000e+00 5.300000e+01 8.000000e+00 9.000000e+00 4.300000e+01 4.293443e+01
1.000000e+00 9.000000e+00 5.400000e+01 8.000000e+00 1.000000e+00 5.900000e+01 5.092730e+01
1.000000e+00 8.000000e+00 4.900000e+01 9.000000e+00 6.000000e+00 4.200000e+01 4.445102e+01
1.000000e+00 9.000000e+00 9.500000e+01 5.000000e+00 0.000000e+00 9.300000e+01 9.099680e+01
1.000000e+00 8.000000e+00 4.800000e+01 9.000000e+00 0.000000e+00 3.700000e+01 4.225798e+01
1.000000e+00 3.000000e+00 8.300000e+01 6.000000e+00 4.000000e+00 6.300000e+01 6.296582e+01
1.000000e+00 8.000000e+00 7.800000e+01 7.000000e+00 6.000000e+00 7.000000e+01 7.298959e+01
1.000000e+00 6.000000e+00 4.400000e+01 9.000000e+00 0.000000e+00 3.300000e+01 3.249418e+01
1.000000e+00 6.000000e+00 6.400000e+01 4.000000e+00 3.000000e+00 5.000000e+01 5.103925e+01
1.000000e+00 6.000000e+00 9.500000e+01 8.000000e+00 4.000000e+00 8.400000e+01 8.466589e+01
1.000000e+00 3.000000e+00 8.100000e+01 9.000000e+00 1.000000e+00 6.000000e+01 6.177297e+01
1.000000e+00 1.000000e+00 9.600000e+01 6.000000e+00 6.000000e+00 6.700000e+01 7.088205e+01
1.000000e+00 4.000000e+00 6.500000e+01 7.000000e+00 3.000000e+00 4.700000e+01 4.778924e+01
1.000000e+00 6.000000e+00 4.700000e+01 6.000000e+00 7.000000e+00 3.400000e+01 3.548803e+01
1.000000e+00 2.000000e+00 6.100000e+01 9.000000e+00 0.000000e+00 3.800000e+01 3.839011e+01
1.000000e+00 7.000000e+00 9.100000e+01 7.000000e+00 9.000000e+00 8.400000e+01 8.394986e+01
1.000000e+00 7.000000e+00 6.400000e+01 7.000000e+00 0.000000e+00 5.300000e+01 5.472830e+01
1.000000e+00 4.000000e+00 8.700000e+01 5.000000e+00 0.000000e+00 6.900000e+01 6.862118e+01
1.000000e+00 4.000000e+00 5.100000e+01 5.000000e+00 3.000000e+00 3.200000e+01 3.259934e+01
1.000000e+00 1.000000e+00 4.800000e+01 4.000000e+00 0.000000e+00 2.100000e+01 1.994006e+01
1.000000e+00 2.000000e+00 4.900000e+01 4.000000e+00 4.000000e+00 3.000000e+01 2.458908e+01
1.000000e+00 9.000000e+00 8.700000e+01 6.000000e+00 5.000000e+00 8.500000e+01 8.431771e+01
1.000000e+00 8.000000e+00 4.900000e+01 5.000000e+00 6.000000e+00 4.500000e+01 4.254558e+01
1.000000e+00 8.000000e+00 4.800000e+01 7.000000e+00 7.000000e+00 4.300000e+01 4.267737e+01
1.000000e+00 9.000000e+00 6.500000e+01 5.000000e+00 7.000000e+00 6.300000e+01 6.186067e+01
1.000000e+00 7.000000e+00 7.400000e+01 7.000000e+00 1.000000e+00 6.400000e+01 6.509373e+01
1.000000e+00 9.000000e+00 6.600000e+01 5.000000e+00 3.000000e+00 6.200000e+01 6.209355e+01
1.000000e+00 2.000000e+00 9.900000e+01 7.000000e+00 6.000000e+00 7.600000e+01 7.725726e+01
1.000000e+00 6.000000e+00 7.000000e+01 6.000000e+00 8.000000e+00 6.200000e+01 5.907370e+01
1.000000e+00 3.000000e+00 5.800000e+01 5.000000e+00 8.000000e+00 4.000000e+01 3.784999e+01
1.000000e+00 6.000000e+00 8.200000e+01 8.000000e+00 2.000000e+00 7.100000e+01 7.105362e+01
1.000000e+00 3.000000e+00 7.700000e+01 8.000000e+00 6.000000e+00 5.600000e+01 5.820892e+01
1.000000e+00 8.000000e+00 4.500000e+01 7.000000e+00 3.000000e+00 3.800000e+01 3.884248e+01
1.000000e+00 4.000000e+00 5.400000e+01 6.000000e+00 8.000000e+00 3.900000e+01 3.710660e+01
1.000000e+00 6.000000e+00 6.800000e+01 7.000000e+00 6.000000e+00 6.200000e+01 5.712415e+01
1.000000e+00 9.000000e+00 8.600000e+01 6.000000e+00 5.000000e+00 8.400000e+01 8.330077e+01
1.000000e+00 2.000000e+00 8.400000e+01 4.000000e+00 8.000000e+00 6.400000e+01 6.096609e+01
1.000000e+00 2.000000e+00 9.300000e+01 5.000000e+00 6.000000e+00 7.100000e+01 7.020289e+01
1.000000e+00 7.000000e+00 4.400000e+01 6.000000e+00 7.000000e+00 3.800000e+01 3.528523e+01
1.000000e+00 2.000000e+00 5.300000e+01 7.000000e+00 4.000000e+00 2.600000e+01 3.008592e+01
1.000000e+00 2.000000e+00 9.200000e+01 4.000000e+00 3.000000e+00 6.700000e+01 6.812154e+01
1.000000e+00 4.000000e+00 4.100000e+01 7.000000e+00 0.000000e+00 2.300000e+01 2.279460e+01
1.000000e+00 9.000000e+00 6.200000e+01 8.000000e+00 7.000000e+00 5.700000e+01 6.023893e+01
1.000000e+00 8.000000e+00 8.300000e+01 8.000000e+00 5.000000e+00 8.000000e+01 7.835464e+01
1.000000e+00 2.000000e+00 9.100000e+01 5.000000e+00 3.000000e+00 6.800000e+01 6.758096e+01
1.000000e+00 8.000000e+00 8.500000e+01 9.000000e+00 2.000000e+00 7.700000e+01 8.027684e+01
1.000000e+00 4.000000e+00 5.800000e+01 5.000000e+00 4.000000e+00 3.700000e+01 3.991395e+01
1.000000e+00 2.000000e+00 6.300000e+01 4.000000e+00 3.000000e+00 3.900000e+01 3.863024e+01
1.000000e+00 7.000000e+00 5.900000e+01 8.000000e+00 6.000000e+00 4.900000e+01 5.129605e+01
1.000000e+00 6.000000e+00 8.600000e+01 6.000000e+00 5.000000e+00 7.400000e+01 7.475671e+01
1.000000e+00 5.000000e+00 6.600000e+01 8.000000e+00 2.000000e+00 5.300000e+01 5.193454e+01
1.000000e+00 1.000000e+00 9.100000e+01 9.000000e+00 9.000000e+00 6.700000e+01 6.781447e+01
1.000000e+00 2.000000e+00 6.300000e+01 5.000000e+00 0.000000e+00 3.800000e+01 3.851855e+01
1.000000e+00 8.000000e+00 5.600000e+01 7.000000e+00 6.000000e+00 4.700000e+01 5.061689e+01
1.000000e+00 1.000000e+00 6.400000e+01 4.000000e+00 4.000000e+00 4.000000e+01 3.699518e+01
1.000000e+00 3.000000e+00 8.500000e+01 9.000000e+00 0.000000e+00 6.800000e+01 6.564472e+01
1.000000e+00 2.000000e+00 9.400000e+01 8.000000e+00 0.000000e+00 7.000000e+01 7.147281e+01
1.000000e+00 5.000000e+00 7.000000e+01 6.000000e+00 5.000000e+00 5.400000e+01 5.563763e+01
1.000000e+00 4.000000e+00 6.700000e+01 9.000000e+00 3.000000e+00 4.900000e+01 5.077584e+01
1.000000e+00 7.000000e+00 8.900000e+01 6.000000e+00 7.000000e+00 7.900000e+01 8.104759e+01
1.000000e+00 5.000000e+00 9.800000e+01 6.000000e+00 1.000000e+00 8.200000e+01 8.332793e+01
1.000000e+00 8.000000e+00 6.700000e+01 4.000000e+00 3.000000e+00 6.200000e+01 5.978611e+01
1.000000e+00 4.000000e+00 6.100000e+01 6.000000e+00 7.000000e+00 4.600000e+01 4.402918e+01
1.000000e+00 6.000000e+00 9.500000e+01 6.000000e+00 7.000000e+00 8.600000e+01 8.430122e+01
1.000000e+00 4.000000e+00 9.800000e+01 8.000000e+00 4.000000e+00 8.000000e+01 8.202068e+01
1.000000e+00 2.000000e+00 4.400000e+01 4.000000e+00 2.000000e+00 1.700000e+01 1.911234e+01
1.000000e+00 1.000000e+00 9.300000e+01 7.000000e+00 3.000000e+00 6.900000e+01 6.771954e+01
1.000000e+00 1.000000e+00 8.300000e+01 7.000000e+00 2.000000e+00 5.800000e+01 5.735411e+01
1.000000e+00 8.000000e+00 8.100000e+01 6.000000e+00 1.000000e+00 7.400000e+01 7.458398e+01
1.000000e+00 4.000000e+00 4.700000e+01 9.000000e+00 3.000000e+00 3.200000e+01 3.043701e+01
1.000000e+00 5.000000e+00 7.700000e+01 5.000000e+00 8.000000e+00 6.400000e+01 6.286791e+01
1.000000e+00 8.000000e+00 6.700000e+01 4.000000e+00 5.000000e+00 5.700000e+01 6.017814e+01
1.000000e+00 7.000000e+00 9.600000e+01 5.000000e+00 3.000000e+00 8.200000e+01 8.690575e+01
1.000000e+00 8.000000e+00 8.600000e+01 4.000000e+00 0.000000e+00 7.800000e+01 7.851995e+01
1.000000e+00 8.000000e+00 5.100000e+01 4.000000e+00 6.000000e+00 4.000000e+01 4.410310e+01
1.000000e+00 6.000000e+00 9.600000e+01 8.000000e+00 1.000000e+00 8.800000e+01 8.509478e+01
1.000000e+00 2.000000e+00 6.400000e+01 6.000000e+00 5.000000e+00 4.200000e+01 4.099193e+01
1.000000e+00 6.000000e+00 7.700000e+01 8.000000e+00 9.000000e+00 6.700000e+01 6.734102e+01
1.000000e+00 1.000000e+00 8.300000e+01 9.000000e+00 0.000000e+00 5.600000e+01 5.791480e+01
1.000000e+00 1.000000e+00 5.400000e+01 5.000000e+00 6.000000e+00 2.600000e+01 2.769416e+01
1.000000e+00 3.000000e+00 8.300000e+01 5.000000e+00 3.000000e+00 5.600000e+01 6.229344e+01
1.000000e+00 3.000000e+00 8.000000e+01 7.000000e+00 2.000000e+00 6.300000e+01 5.999932e+01
1.000000e+00 5.000000e+00 9.000000e+01 9.000000e+00 9.000000e+00 7.800000e+01 7.818960e+01
1.000000e+00 1.000000e+00 9.200000e+01 9.000000e+00 6.000000e+00 6.800000e+01 6.824337e+01
1.000000e+00 6.000000e+00 7.300000e+01 8.000000e+00 2.000000e+00 6.600000e+01 6.190115e+01
1.000000e+00 7.000000e+00 9.900000e+01 8.000000e+00 7.000000e+00 9.000000e+01 9.216972e+01
1.000000e+00 3.000000e+00 8.400000e+01 9.000000e+00 3.000000e+00 6.500000e+01 6.521582e+01
1.000000e+00 4.000000e+00 5.200000e+01 8.000000e+00 2.000000e+00 3.300000e+01 3.484935e+01
1.000000e+00 3.000000e+00 4.700000e+01 7.000000e+00 6.000000e+00 3.200000e+01 2.722432e+01
1.000000e+00 1.000000e+00 9.800000e+01 8.000000e+00 6.000000e+00 7.400000e+01 7.386866e+01
1.000000e+00 8.000000e+00 5.200000e+01 8.000000e+00 8.000000e+00 4.800000e+01 4.741751e+01
1.000000e+00 2.000000e+00 7.500000e+01 9.000000e+00 9.000000e+00 5.700000e+01 5.439143e+01
1.000000e+00 1.000000e+00 4.500000e+01 9.000000e+00 6.000000e+00 2.200000e+01 2.044713e+01
1.000000e+00 8.000000e+00 7.700000e+01 8.000000e+00 5.000000e+00 6.900000e+01 7.225300e+01
1.000000e+00 7.000000e+00 7.100000e+01 8.000000e+00 2.000000e+00 6.200000e+01 6.271528e+01
1.000000e+00 7.000000e+00 6.000000e+01 9.000000e+00 3.000000e+00 5.200000e+01 5.220130e+01
1.000000e+00 4.000000e+00 8.300000e+01 5.000000e+00 7.000000e+00 6.600000e+01 6.592553e+01
1.000000e+00 9.000000e+00 8.300000e+01 6.000000e+00 5.000000e+00 8.100000e+01 8.024994e+01
1.000000e+00 6.000000e+00 8.800000e+01 5.000000e+00 8.000000e+00 7.500000e+01 7.690228e+01
1.000000e+00 2.000000e+00 9.800000e+01 8.000000e+00 7.000000e+00 8.000000e+01 7.691269e+01
1.000000e+00 1.000000e+00 4.600000e+01 4.000000e+00 7.000000e+00 2.000000e+01 1.927828e+01
1.000000e+00 1.000000e+00 6.500000e+01 4.000000e+00 9.000000e+00 4.000000e+01 3.899220e+01
1.000000e+00 9.000000e+00 5.400000e+01 7.000000e+00 9.000000e+00 5.500000e+01 5.201907e+01
1.000000e+00 4.000000e+00 9.500000e+01 5.000000e+00 6.000000e+00 7.800000e+01 7.793281e+01
1.000000e+00 5.000000e+00 8.800000e+01 9.000000e+00 9.000000e+00 7.600000e+01 7.615572e+01
1.000000e+00 3.000000e+00 8.100000e+01 7.000000e+00 0.000000e+00 6.000000e+01 6.062423e+01
1.000000e+00 4.000000e+00 6.200000e+01 7.000000e+00 4.000000e+00 4.400000e+01 4.493443e+01
1.000000e+00 8.000000e+00 9.100000e+01 4.000000e+00 6.000000e+00 8.500000e+01 8.478075e+01
1.000000e+00 4.000000e+00 7.700000e+01 5.000000e+00 9.000000e+00 5.600000e+01 6.021591e+01
1.000000e+00 9.000000e+00 8.000000e+01 6.000000e+00 8.000000e+00 7.600000e+01 7.778717e+01
1.000000e+00 9.000000e+00 5.400000e+01 9.000000e+00 3.000000e+00 4.900000e+01 5.179569e+01
1.000000e+00 6.000000e+00 8.700000e+01 5.000000e+00 7.000000e+00 7.200000e+01 7.568933e+01
1.000000e+00 2.000000e+00 9.200000e+01 7.000000e+00 0.000000e+00 6.900000e+01 6.896257e+01
1.000000e+00 7.000000e+00 7.900000e+01 8.000000e+00 3.000000e+00 7.200000e+01 7.104683e+01
1.000000e+00 9.000000e+00 5.500000e+01 7.000000e+00 3.000000e+00 5.000000e+01 5.185991e+01
1.000000e+00 6.000000e+00 7.100000e+01 5.000000e+00 1.000000e+00 5.700000e+01 5.824217e+01
1.000000e+00 3.000000e+00 7.600000e+01 4.000000e+00 2.000000e+00 5.600000e+01 5.450248e+01
1.000000e+00 7.000000e+00 5.700000e+01 5.000000e+00 2.000000e+00 4.600000e+01 4.704903e+01
1.000000e+00 5.000000e+00 5.900000e+01 6.000000e+00 8.000000e+00 4.500000e+01 4.503933e+01
1.000000e+00 1.000000e+00 8.500000e+01 9.000000e+00 6.000000e+00 6.000000e+01 6.112478e+01
1.000000e+00 3.000000e+00 4.100000e+01 9.000000e+00 1.000000e+00 2.200000e+01 2.109532e+01
1.000000e+00 5.000000e+00 9.400000e+01 8.000000e+00 8.000000e+00 8.100000e+01 8.158499e+01
1.000000e+00 7.000000e+00 6.200000e+01 8.000000e+00 7.000000e+00 5.400000e+01 5.454289e+01
1.000000e+00 3.000000e+00 6.900000e+01 7.000000e+00 5.000000e+00 4.800000e+01 4.940102e+01
1.000000e+00 6.000000e+00 4.200000e+01 5.000000e+00 5.000000e+00 2.800000e+01 2.953494e+01
1.000000e+00 5.000000e+00 8.500000e+01 9.000000e+00 1.000000e+00 7.300000e+01 7.153677e+01
1.000000e+00 1.000000e+00 7.800000e+01 4.000000e+00 2.000000e+00 5.200000e+01 5.084033e+01
1.000000e+00 6.000000e+00 8.600000e+01 6.000000e+00 5.000000e+00 7.400000e+01 7.475671e+01
1.000000e+00 8.000000e+00 8.800000e+01 7.000000e+00 2.000000e+00 8.400000e+01 8.237494e+01
1.000000e+00 1.000000e+00 4.000000e+01 5.000000e+00 6.000000e+00 1.300000e+01 1.345698e+01
1.000000e+00 2.000000e+00 8.000000e+01 4.000000e+00 4.000000e+00 5.700000e+01 5.611426e+01
1.000000e+00 4.000000e+00 6.100000e+01 5.000000e+00 3.000000e+00 4.200000e+01 4.276875e+01
1.000000e+00 2.000000e+00 6.800000e+01 4.000000e+00 7.000000e+00 4.700000e+01 4.449901e+01
1.000000e+00 9.000000e+00 5.300000e+01 5.000000e+00 1.000000e+00 4.800000e+01 4.848128e+01
1.000000e+00 8.000000e+00 8.700000e+01 5.000000e+00 2.000000e+00 8.100000e+01 8.040528e+01
1.000000e+00 8.000000e+00 6.700000e+01 9.000000e+00 9.000000e+00 6.300000e+01 6.334401e+01
1.000000e+00 4.000000e+00 6.000000e+01 7.000000e+00 3.000000e+00 4.300000e+01 4.270453e+01
1.000000e+00 5.000000e+00 8.400000e+01 5.000000e+00 9.000000e+00 7.100000e+01 7.018252e+01
1.000000e+00 4.000000e+00 7.100000e+01 5.000000e+00 5.000000e+00 4.900000e+01 5.333020e+01
1.000000e+00 9.000000e+00 4.500000e+01 7.000000e+00 4.000000e+00 4.300000e+01 4.188652e+01
1.000000e+00 2.000000e+00 9.300000e+01 7.000000e+00 4.000000e+00 6.900000e+01 7.076358e+01
1.000000e+00 8.000000e+00 4.000000e+01 8.000000e+00 6.000000e+00 3.400000e+01 3.482218e+01
1.000000e+00 2.000000e+00 6.000000e+01 8.000000e+00 7.000000e+00 3.700000e+01 3.826892e+01
1.000000e+00 1.000000e+00 9.600000e+01 9.000000e+00 5.000000e+00 7.400000e+01 7.211512e+01
1.000000e+00 3.000000e+00 4.300000e+01 7.000000e+00 2.000000e+00 2.100000e+01 2.237250e+01
1.000000e+00 9.000000e+00 4.200000e+01 6.000000e+00 3.000000e+00 3.800000e+01 3.816332e+01
1.000000e+00 3.000000e+00 8.800000e+01 9.000000e+00 0.000000e+00 6.700000e+01 6.869554e+01
1.000000e+00 9.000000e+00 6.900000e+01 4.000000e+00 4.000000e+00 6.400000e+01 6.486403e+01
1.000000e+00 7.000000e+00 7.000000e+01 7.000000e+00 9.000000e+00 6.100000e+01 6.259409e+01
1.000000e+00 1.000000e+00 7.300000e+01 8.000000e+00 7.000000e+00 4.600000e+01 4.864114e+01
1.000000e+00 5.000000e+00 5.800000e+01 5.000000e+00 2.000000e+00 4.100000e+01 4.236993e+01
1.000000e+00 9.000000e+00 5.900000e+01 7.000000e+00 9.000000e+00 5.800000e+01 5.710377e+01
1.000000e+00 3.000000e+00 6.200000e+01 7.000000e+00 3.000000e+00 4.000000e+01 4.189040e+01
1.000000e+00 9.000000e+00 9.300000e+01 8.000000e+00 3.000000e+00 9.200000e+01 9.098004e+01
1.000000e+00 5.000000e+00 9.800000e+01 8.000000e+00 5.000000e+00 8.600000e+01 8.506471e+01
1.000000e+00 9.000000e+00 7.900000e+01 6.000000e+00 8.000000e+00 7.700000e+01 7.677023e+01
1.000000e+00 6.000000e+00 6.400000e+01 9.000000e+00 9.000000e+00 5.200000e+01 5.459715e+01
1.000000e+00 9.000000e+00 5.400000e+01 8.000000e+00 2.000000e+00 4.700000e+01 5.112332e+01
1.000000e+00 7.000000e+00 7.700000e+01 8.000000e+00 3.000000e+00 7.000000e+01 6.901295e+01
1.000000e+00 7.000000e+00 6.200000e+01 8.000000e+00 5.000000e+00 5.700000e+01 5.415086e+01
1.000000e+00 8.000000e+00 9.100000e+01 9.000000e+00 5.000000e+00 9.000000e+01 8.696653e+01
1.000000e+00 7.000000e+00 4.100000e+01 5.000000e+00 6.000000e+00 3.200000e+01 3.156203e+01
1.000000e+00 9.000000e+00 9.600000e+01 7.000000e+00 0.000000e+00 9.300000e+01 9.296646e+01
1.000000e+00 9.000000e+00 9.600000e+01 7.000000e+00 8.000000e+00 9.400000e+01 9.453459e+01
1.000000e+00 6.000000e+00 5.400000e+01 8.000000e+00 1.000000e+00 4.200000e+01 4.238325e+01
1.000000e+00 7.000000e+00 9.100000e+01 9.000000e+00 3.000000e+00 8.200000e+01 8.372649e+01
1.000000e+00 2.000000e+00 8.300000e+01 6.000000e+00 2.000000e+00 5.800000e+01 5.972577e+01
1.000000e+00 9.000000e+00 7.400000e+01 8.000000e+00 2.000000e+00 6.800000e+01 7.146214e+01
1.000000e+00 1.000000e+00 4.900000e+01 9.000000e+00 4.000000e+00 2.500000e+01 2.412286e+01
1.000000e+00 1.000000e+00 5.300000e+01 9.000000e+00 6.000000e+00 3.000000e+01 2.858266e+01
1.000000e+00 3.000000e+00 6.600000e+01 6.000000e+00 6.000000e+00 4.600000e+01 4.606985e+01
1.000000e+00 6.000000e+00 9.300000e+01 9.000000e+00 6.000000e+00 8.600000e+01 8.350040e+01
1.000000e+00 5.000000e+00 5.300000e+01 7.000000e+00 2.000000e+00 4.200000e+01 3.823794e+01
1.000000e+00 2.000000e+00 7.400000e+01 6.000000e+00 8.000000e+00 4.900000e+01 5.174939e+01
1.000000e+00 9.000000e+00 7.200000e+01 6.000000e+00 5.000000e+00 7.000000e+01 6.906359e+01
1.000000e+00 4.000000e+00 9.100000e+01 4.000000e+00 9.000000e+00 7.400000e+01 7.397673e+01
1.000000e+00 4.000000e+00 4.000000e+01 6.000000e+00 7.000000e+00 2.600000e+01 2.267341e+01
1.000000e+00 5.000000e+00 7.300000e+01 6.000000e+00 0.000000e+00 5.600000e+01 5.770838e+01
1.000000e+00 8.000000e+00 5.800000e+01 5.000000e+00 3.000000e+00 5.400000e+01 5.111000e+01
1.000000e+00 4.000000e+00 6.300000e+01 7.000000e+00 6.000000e+00 4.800000e+01 4.634340e+01
1.000000e+00 5.000000e+00 8.100000e+01 8.000000e+00 8.000000e+00 7.000000e+01 6.836476e+01
1.000000e+00 4.000000e+00 4.300000e+01 4.000000e+00 2.000000e+00 2.200000e+01 2.379143e+01
1.000000e+00 6.000000e+00 7.500000e+01 6.000000e+00 5.000000e+00 6.200000e+01 6.357036e+01
1.000000e+00 3.000000e+00 5.200000e+01 5.000000e+00 7.000000e+00 3.300000e+01 3.155233e+01
1.000000e+00 8.000000e+00 9.700000e+01 5.000000e+00 2.000000e+00 9.300000e+01 9.057470e+01
1.000000e+00 6.000000e+00 7.100000e+01 9.000000e+00 5.000000e+00 6.200000e+01 6.093167e+01
1.000000e+00 5.000000e+00 4.800000e+01 8.000000e+00 8.000000e+00 3.100000e+01 3.480569e+01
1.000000e+00 2.000000e+00 7.800000e+01 8.000000e+00 8.000000e+00 6.000000e+01 5.676988e+01
1.000000e+00 7.000000e+00 5.500000e+01 7.000000e+00 5.000000e+00 5.000000e+01 4.655591e+01
1.000000e+00 2.000000e+00 8.900000e+01 9.000000e+00 4.000000e+00 6.700000e+01 6.764853e+01
1.000000e+00 1.000000e+00 4.200000e+01 6.000000e+00 0.000000e+00 1.700000e+01 1.479113e+01
1.000000e+00 7.000000e+00 9.100000e+01 5.000000e+00 2.000000e+00 8.200000e+01 8.162503e+01
1.000000e+00 5.000000e+00 5.900000e+01 4.000000e+00 2.000000e+00 4.100000e+01 4.291051e+01
1.000000e+00 1.000000e+00 4.900000e+01 7.000000e+00 3.000000e+00 2.400000e+01 2.297412e+01
1.000000e+00 4.000000e+00 9.500000e+01 6.000000e+00 4.000000e+00 7.800000e+01 7.801713e+01
1.000000e+00 4.000000e+00 9.700000e+01 9.000000e+00 7.000000e+00 8.000000e+01 8.206814e+01
1.000000e+00 7.000000e+00 9.700000e+01 8.000000e+00 8.000000e+00 9.300000e+01 9.033185e+01
1.000000e+00 9.000000e+00 6.100000e+01 9.000000e+00 6.000000e+00 6.400000e+01 5.950233e+01
1.000000e+00 2.000000e+00 8.700000e+01 6.000000e+00 9.000000e+00 6.000000e+01 6.516565e+01
1.000000e+00 1.000000e+00 4.200000e+01 9.000000e+00 5.000000e+00 1.800000e+01 1.720029e+01
1.000000e+00 2.000000e+00 5.000000e+01 8.000000e+00 2.000000e+00 2.800000e+01 2.711943e+01
1.000000e+00 7.000000e+00 6.400000e+01 6.000000e+00 8.000000e+00 5.400000e+01 5.582007e+01
1.000000e+00 6.000000e+00 8.100000e+01 4.000000e+00 9.000000e+00 7.100000e+01 6.950335e+01
1.000000e+00 4.000000e+00 8.700000e+01 7.000000e+00 0.000000e+00 6.800000e+01 6.957390e+01
1.000000e+00 1.000000e+00 4.700000e+01 9.000000e+00 8.000000e+00 2.300000e+01 2.287304e+01
1.000000e+00 1.000000e+00 4.800000e+01 8.000000e+00 2.000000e+00 2.000000e+01 2.223753e+01
1.000000e+00 5.000000e+00 5.400000e+01 4.000000e+00 8.000000e+00 3.700000e+01 3.900190e+01
1.000000e+00 1.000000e+00 7.100000e+01 5.000000e+00 9.000000e+00 4.700000e+01 4.557021e+01
1.000000e+00 7.000000e+00 9.200000e+01 4.000000e+00 0.000000e+00 8.100000e+01 8.177358e+01
1.000000e+00 1.000000e+00 4.200000e+01 4.000000e+00 7.000000e+00 1.800000e+01 1.521052e+01
1.000000e+00 1.000000e+00 4.300000e+01 4.000000e+00 5.000000e+00 1.600000e+01 1.583543e+01
1.000000e+00 2.000000e+00 6.900000e+01 8.000000e+00 8.000000e+00 4.900000e+01 4.761741e+01
1.000000e+00 3.000000e+00 5.200000e+01 5.000000e+00 3.000000e+00 3.300000e+01 3.076826e+01
1.000000e+00 1.000000e+00 8.300000e+01 7.000000e+00 4.000000e+00 6.000000e+01 5.774614e+01
1.000000e+00 9.000000e+00 6.000000e+01 4.000000e+00 5.000000e+00 5.500000e+01 5.590757e+01
1.000000e+00 8.000000e+00 8.000000e+01 8.000000e+00 8.000000e+00 7.500000e+01 7.589187e+01
1.000000e+00 5.000000e+00 9.600000e+01 8.000000e+00 5.000000e+00 8.100000e+01 8.303083e+01
1.000000e+00 2.000000e+00 8.500000e+01 7.000000e+00 8.000000e+00 6.400000e+01 6.341211e+01
1.000000e+00 5.000000e+00 5.800000e+01 6.000000e+00 1.000000e+00 4.100000e+01 4.265028e+01
1.000000e+00 6.000000e+00 7.800000e+01 5.000000e+00 3.000000e+00 6.800000e+01 6.575279e+01
1.000000e+00 1.000000e+00 8.700000e+01 5.000000e+00 2.000000e+00 5.900000e+01 6.046916e+01
1.000000e+00 4.000000e+00 6.100000e+01 9.000000e+00 3.000000e+00 4.400000e+01 4.467419e+01
1.000000e+00 9.000000e+00 5.900000e+01 4.000000e+00 0.000000e+00 5.500000e+01 5.391055e+01
1.000000e+00 2.000000e+00 7.600000e+01 6.000000e+00 1.000000e+00 5.400000e+01 5.241117e+01
1.000000e+00 5.000000e+00 7.000000e+01 5.000000e+00 3.000000e+00 5.300000e+01 5.476924e+01
1.000000e+00 1.000000e+00 4.900000e+01 9.000000e+00 9.000000e+00 2.400000e+01 2.510294e+01
1.000000e+00 4.000000e+00 5.700000e+01 4.000000e+00 3.000000e+00 3.700000e+01 3.822463e+01
1.000000e+00 4.000000e+00 8.200000e+01 6.000000e+00 4.000000e+00 6.500000e+01 6.479690e+01
1.000000e+00 6.000000e+00 7.800000e+01 8.000000e+00 8.000000e+00 6.900000e+01 6.816195e+01
1.000000e+00 9.000000e+00 8.500000e+01 4.000000e+00 0.000000e+00 8.200000e+01 8.035103e+01
1.000000e+00 3.000000e+00 5.900000e+01 6.000000e+00 7.000000e+00 3.900000e+01 3.914728e+01
1.000000e+00 9.000000e+00 5.700000e+01 7.000000e+00 2.000000e+00 5.400000e+01 5.369778e+01
1.000000e+00 6.000000e+00 5.000000e+01 5.000000e+00 8.000000e+00 3.600000e+01 3.825851e+01
1.000000e+00 7.000000e+00 6.100000e+01 4.000000e+00 7.000000e+00 5.500000e+01 5.162051e+01
1.000000e+00 2.000000e+00 9.800000e+01 9.000000e+00 7.000000e+00 7.800000e+01 7.738905e+01
1.000000e+00 6.000000e+00 8.300000e+01 8.000000e+00 8.000000e+00 7.300000e+01 7.324666e+01
1.000000e+00 6.000000e+00 5.700000e+01 9.000000e+00 3.000000e+00 4.900000e+01 4.630246e+01
1.000000e+00 2.000000e+00 9.700000e+01 4.000000e+00 4.000000e+00 7.400000e+01 7.340226e+01
1.000000e+00 2.000000e+00 7.300000e+01 5.000000e+00 6.000000e+00 5.100000e+01 4.986406e+01
1.000000e+00 2.000000e+00 6.200000e+01 5.000000e+00 1.000000e+00 3.700000e+01 3.769763e+01
1.000000e+00 1.000000e+00 4.000000e+01 6.000000e+00 6.000000e+00 1.600000e+01 1.393334e+01
1.000000e+00 5.000000e+00 9.400000e+01 9.000000e+00 2.000000e+00 8.400000e+01 8.088526e+01
1.000000e+00 8.000000e+00 4.900000e+01 9.000000e+00 5.000000e+00 4.700000e+01 4.425500e+01
1.000000e+00 2.000000e+00 9.200000e+01 8.000000e+00 5.000000e+00 7.000000e+01 7.041901e+01
1.000000e+00 5.000000e+00 4.000000e+01 6.000000e+00 5.000000e+00 2.800000e+01 2.512940e+01
1.000000e+00 8.000000e+00 7.700000e+01 8.000000e+00 9.000000e+00 7.200000e+01 7.303706e+01
1.000000e+00 5.000000e+00 7.800000e+01 4.000000e+00 1.000000e+00 6.000000e+01 6.203638e+01
1.000000e+00 2.000000e+00 8.800000e+01 4.000000e+00 8.000000e+00 6.700000e+01 6.503385e+01
1.000000e+00 3.000000e+00 4.800000e+01 9.000000e+00 7.000000e+00 3.300000e+01 2.939000e+01
1.000000e+00 6.000000e+00 7.000000e+01 6.000000e+00 6.000000e+00 5.800000e+01 5.868167e+01
1.000000e+00 5.000000e+00 4.600000e+01 7.000000e+00 8.000000e+00 3.600000e+01 3.229545e+01
1.000000e+00 4.000000e+00 5.600000e+01 5.000000e+00 3.000000e+00 3.500000e+01 3.768405e+01
1.000000e+00 4.000000e+00 7.400000e+01 6.000000e+00 1.000000e+00 5.600000e+01 5.607332e+01
1.000000e+00 5.000000e+00 8.700000e+01 6.000000e+00 3.000000e+00 7.100000e+01 7.253361e+01
1.000000e+00 2.000000e+00 7.600000e+01 4.000000e+00 9.000000e+00 5.100000e+01 5.302657e+01
1.000000e+00 9.000000e+00 9.100000e+01 5.000000e+00 2.000000e+00 8.800000e+01 8.732107e+01
1.000000e+00 2.000000e+00 5.700000e+01 6.000000e+00 1.000000e+00 3.600000e+01 3.308928e+01
1.000000e+00 2.000000e+00 7.200000e+01 4.000000e+00 1.000000e+00 5.000000e+01 4.739068e+01
1.000000e+00 9.000000e+00 4.300000e+01 4.000000e+00 7.000000e+00 4.200000e+01 3.901160e+01
1.000000e+00 3.000000e+00 6.200000e+01 9.000000e+00 4.000000e+00 4.400000e+01 4.303913e+01
1.000000e+00 7.000000e+00 5.000000e+01 9.000000e+00 5.000000e+00 4.200000e+01 4.242392e+01
1.000000e+00 4.000000e+00 9.100000e+01 6.000000e+00 7.000000e+00 7.500000e+01 7.453742e+01
1.000000e+00 6.000000e+00 4.800000e+01 6.000000e+00 6.000000e+00 3.400000e+01 3.630896e+01
1.000000e+00 4.000000e+00 6.900000e+01 4.000000e+00 6.000000e+00 5.400000e+01 5.101597e+01
1.000000e+00 7.000000e+00 4.700000e+01 9.000000e+00 6.000000e+00 3.600000e+01 3.956912e+01
1.000000e+00 1.000000e+00 7.900000e+01 6.000000e+00 6.000000e+00 5.300000e+01 5.359405e+01
1.000000e+00 3.000000e+00 4.400000e+01 5.000000e+00 7.000000e+00 2.400000e+01 2.341680e+01
1.000000e+00 3.000000e+00 5.100000e+01 4.000000e+00 0.000000e+00 3.000000e+01 2.868692e+01
1.000000e+00 1.000000e+00 4.000000e+01 4.000000e+00 2.000000e+00 1.300000e+01 1.219656e+01
1.000000e+00 6.000000e+00 5.400000e+01 6.000000e+00 0.000000e+00 4.300000e+01 4.123451e+01
1.000000e+00 9.000000e+00 6.400000e+01 6.000000e+00 7.000000e+00 5.600000e+01 6.132009e+01
1.000000e+00 8.000000e+00 5.700000e+01 6.000000e+00 1.000000e+00 5.000000e+01 5.017739e+01
1.000000e+00 7.000000e+00 7.700000e+01 5.000000e+00 6.000000e+00 6.700000e+01 6.817192e+01
1.000000e+00 8.000000e+00 8.100000e+01 4.000000e+00 5.000000e+00 7.400000e+01 7.441532e+01
1.000000e+00 6.000000e+00 8.500000e+01 7.000000e+00 0.000000e+00 7.300000e+01 7.323605e+01
1.000000e+00 9.000000e+00 9.200000e+01 5.000000e+00 5.000000e+00 9.000000e+01 8.892605e+01
1.000000e+00 3.000000e+00 6.500000e+01 5.000000e+00 8.000000e+00 4.200000e+01 4.496858e+01
1.000000e+00 9.000000e+00 7.900000e+01 9.000000e+00 2.000000e+00 7.700000e+01 7.702321e+01
1.000000e+00 4.000000e+00 9.800000e+01 4.000000e+00 6.000000e+00 8.400000e+01 8.050727e+01
1.000000e+00 7.000000e+00 4.200000e+01 7.000000e+00 3.000000e+00 3.700000e+01 3.294364e+01
1.000000e+00 9.000000e+00 9.300000e+01 4.000000e+00 0.000000e+00 9.100000e+01 8.848656e+01
1.000000e+00 2.000000e+00 6.100000e+01 5.000000e+00 6.000000e+00 3.400000e+01 3.766077e+01
1.000000e+00 2.000000e+00 6.500000e+01 6.000000e+00 0.000000e+00 4.000000e+01 4.102880e+01
1.000000e+00 9.000000e+00 5.800000e+01 4.000000e+00 3.000000e+00 5.300000e+01 5.348166e+01
1.000000e+00 3.000000e+00 8.300000e+01 4.000000e+00 8.000000e+00 6.300000e+01 6.279716e+01
1.000000e+00 9.000000e+00 8.300000e+01 6.000000e+00 4.000000e+00 8.200000e+01 8.005393e+01
1.000000e+00 5.000000e+00 8.600000e+01 7.000000e+00 6.000000e+00 7.300000e+01 7.258107e+01
1.000000e+00 6.000000e+00 9.900000e+01 7.000000e+00 6.000000e+00 8.600000e+01 8.864933e+01
1.000000e+00 2.000000e+00 7.800000e+01 4.000000e+00 2.000000e+00 5.600000e+01 5.368834e+01
1.000000e+00 8.000000e+00 9.800000e+01 6.000000e+00 7.000000e+00 9.400000e+01 9.304808e+01
1.000000e+00 9.000000e+00 7.500000e+01 9.000000e+00 0.000000e+00 7.400000e+01 7.256341e+01
1.000000e+00 2.000000e+00 6.000000e+01 4.000000e+00 3.000000e+00 3.700000e+01 3.557942e+01
1.000000e+00 6.000000e+00 8.000000e+01 6.000000e+00 9.000000e+00 6.900000e+01 6.943913e+01
1.000000e+00 6.000000e+00 9.300000e+01 5.000000e+00 3.000000e+00 7.900000e+01 8.100691e+01
1.000000e+00 8.000000e+00 8.700000e+01 9.000000e+00 1.000000e+00 8.300000e+01 8.211471e+01
1.000000e+00 5.000000e+00 6.500000e+01 6.000000e+00 5.000000e+00 5.000000e+01 5.055293e+01
1.000000e+00 9.000000e+00 5.200000e+01 4.000000e+00 0.000000e+00 4.700000e+01 4.679196e+01
1.000000e+00 1.000000e+00 7.500000e+01 8.000000e+00 2.000000e+00 5.300000e+01 4.969494e+01
1.000000e+00 9.000000e+00 6.300000e+01 7.000000e+00 8.000000e+00 6.200000e+01 6.097552e+01
1.000000e+00 7.000000e+00 8.000000e+01 4.000000e+00 9.000000e+00 7.500000e+01 7.133443e+01
1.000000e+00 4.000000e+00 6.500000e+01 6.000000e+00 5.000000e+00 4.800000e+01 4.770491e+01
1.000000e+00 3.000000e+00 6.000000e+01 9.000000e+00 1.000000e+00 4.000000e+01 4.041720e+01
1.000000e+00 6.000000e+00 5.700000e+01 9.000000e+00 8.000000e+00 4.500000e+01 4.728254e+01
1.000000e+00 1.000000e+00 5.400000e+01 6.000000e+00 1.000000e+00 2.700000e+01 2.719044e+01
1.000000e+00 3.000000e+00 5.400000e+01 7.000000e+00 6.000000e+00 3.200000e+01 3.434291e+01
1.000000e+00 2.000000e+00 4.500000e+01 4.000000e+00 0.000000e+00 2.000000e+01 1.973725e+01
1.000000e+00 9.000000e+00 8.200000e+01 9.000000e+00 4.000000e+00 8.000000e+01 8.046606e+01
1.000000e+00 3.000000e+00 7.000000e+01 9.000000e+00 6.000000e+00 5.100000e+01 5.156669e+01
1.000000e+00 2.000000e+00 6.700000e+01 8.000000e+00 2.000000e+00 4.400000e+01 4.440743e+01
1.000000e+00 4.000000e+00 4.700000e+01 5.000000e+00 3.000000e+00 2.900000e+01 2.853158e+01
1.000000e+00 2.000000e+00 6.800000e+01 8.000000e+00 4.000000e+00 4.600000e+01 4.581640e+01
1.000000e+00 1.000000e+00 6.000000e+01 5.000000e+00 2.000000e+00 3.700000e+01 3.301174e+01
1.000000e+00 6.000000e+00 5.600000e+01 9.000000e+00 5.000000e+00 4.400000e+01 4.567755e+01
1.000000e+00 8.000000e+00 9.500000e+01 5.000000e+00 2.000000e+00 9.000000e+01 8.854081e+01
1.000000e+00 2.000000e+00 9.600000e+01 4.000000e+00 7.000000e+00 7.500000e+01 7.297337e+01
1.000000e+00 9.000000e+00 8.800000e+01 9.000000e+00 6.000000e+00 8.400000e+01 8.695974e+01
1.000000e+00 3.000000e+00 6.300000e+01 9.000000e+00 0.000000e+00 4.400000e+01 4.327201e+01
1.000000e+00 8.000000e+00 9.700000e+01 5.000000e+00 1.000000e+00 9.100000e+01 9.037868e+01
1.000000e+00 8.000000e+00 9.900000e+01 6.000000e+00 3.000000e+00 9.400000e+01 9.328095e+01
1.000000e+00 3.000000e+00 8.900000e+01 5.000000e+00 4.000000e+00 6.900000e+01 6.859111e+01
1.000000e+00 3.000000e+00 7.500000e+01 5.000000e+00 9.000000e+00 5.700000e+01 5.533401e+01
1.000000e+00 6.000000e+00 7.000000e+01 7.000000e+00 3.000000e+00 5.500000e+01 5.856998e+01
1.000000e+00 1.000000e+00 8.600000e+01 7.000000e+00 3.000000e+00 6.100000e+01 6.060095e+01
1.000000e+00 4.000000e+00 7.300000e+01 4.000000e+00 8.000000e+00 5.400000e+01 5.547577e+01
1.000000e+00 1.000000e+00 4.100000e+01 4.000000e+00 3.000000e+00 1.200000e+01 1.340951e+01
1.000000e+00 3.000000e+00 8.100000e+01 6.000000e+00 3.000000e+00 6.200000e+01 6.073592e+01
1.000000e+00 9.000000e+00 4.200000e+01 7.000000e+00 3.000000e+00 4.000000e+01 3.863968e+01
1.000000e+00 5.000000e+00 6.900000e+01 8.000000e+00 1.000000e+00 5.700000e+01 5.478935e+01
1.000000e+00 5.000000e+00 4.700000e+01 4.000000e+00 7.000000e+00 3.300000e+01 3.168730e+01
1.000000e+00 4.000000e+00 9.100000e+01 4.000000e+00 3.000000e+00 7.100000e+01 7.280063e+01
1.000000e+00 3.000000e+00 4.600000e+01 7.000000e+00 4.000000e+00 2.600000e+01 2.581535e+01
1.000000e+00 5.000000e+00 5.100000e+01 7.000000e+00 7.000000e+00 3.900000e+01 3.718414e+01
1.000000e+00 4.000000e+00 9.700000e+01 6.000000e+00 3.000000e+00 7.400000e+01 7.985500e+01
1.000000e+00 8.000000e+00 5.800000e+01 7.000000e+00 4.000000e+00 5.600000e+01 5.225874e+01
1.000000e+00 4.000000e+00 6.500000e+01 5.000000e+00 4.000000e+00 4.500000e+01 4.703253e+01
1.000000e+00 8.000000e+00 6.700000e+01 9.000000e+00 5.000000e+00 6.100000e+01 6.255994e+01
1.000000e+00 6.000000e+00 5.400000e+01 8.000000e+00 6.000000e+00 4.500000e+01 4.336333e+01
1.000000e+00 5.000000e+00 5.300000e+01 9.000000e+00 2.000000e+00 4.300000e+01 3.919066e+01
1.000000e+00 4.000000e+00 8.700000e+01 5.000000e+00 9.000000e+00 6.800000e+01 7.038532e+01
1.000000e+00 4.000000e+00 9.800000e+01 5.000000e+00 2.000000e+00 7.900000e+01 8.019957e+01
1.000000e+00 4.000000e+00 5.300000e+01 9.000000e+00 8.000000e+00 4.000000e+01 3.751874e+01
1.000000e+00 9.000000e+00 4.200000e+01 5.000000e+00 0.000000e+00 3.700000e+01 3.709891e+01
1.000000e+00 4.000000e+00 8.900000e+01 4.000000e+00 9.000000e+00 7.200000e+01 7.194285e+01
1.000000e+00 9.000000e+00 6.800000e+01 9.000000e+00 7.000000e+00 6.700000e+01 6.681693e+01
1.000000e+00 6.000000e+00 9.900000e+01 5.000000e+00 9.000000e+00 9.300000e+01 8.828465e+01
1.000000e+00 7.000000e+00 9.300000e+01 4.000000e+00 2.000000e+00 8.500000e+01 8.318255e+01
1.000000e+00 3.000000e+00 4.500000e+01 7.000000e+00 4.000000e+00 2.600000e+01 2.479841e+01
1.000000e+00 8.000000e+00 8.800000e+01 8.000000e+00 2.000000e+00 8.400000e+01 8.285130e+01
1.000000e+00 3.000000e+00 6.200000e+01 8.000000e+00 9.000000e+00 4.500000e+01 4.354285e+01
1.000000e+00 1.000000e+00 6.700000e+01 5.000000e+00 0.000000e+00 4.100000e+01 3.973830e+01
1.000000e+00 5.000000e+00 5.300000e+01 8.000000e+00 9.000000e+00 3.900000e+01 4.008642e+01
1.000000e+00 2.000000e+00 5.300000e+01 4.000000e+00 4.000000e+00 2.800000e+01 2.865684e+01
1.000000e+00 6.000000e+00 5.900000e+01 7.000000e+00 7.000000e+00 4.800000e+01 4.816769e+01
1.000000e+00 9.000000e+00 5.200000e+01 5.000000e+00 4.000000e+00 4.600000e+01 4.805239e+01
1.000000e+00 1.000000e+00 6.600000e+01 6.000000e+00 3.000000e+00 3.800000e+01 3.978577e+01
1.000000e+00 4.000000e+00 9.900000e+01 9.000000e+00 8.000000e+00 8.700000e+01 8.429804e+01
1.000000e+00 1.000000e+00 7.400000e+01 8.000000e+00 0.000000e+00 5.000000e+01 4.828597e+01
1.000000e+00 1.000000e+00 8.400000e+01 8.000000e+00 4.000000e+00 6.300000e+01 5.923945e+01
1.000000e+00 8.000000e+00 9.500000e+01 5.000000e+00 0.000000e+00 8.900000e+01 8.814878e+01
1.000000e+00 2.000000e+00 4.100000e+01 9.000000e+00 5.000000e+00 1.900000e+01 1.903136e+01
1.000000e+00 1.000000e+00 8.000000e+01 9.000000e+00 9.000000e+00 5.600000e+01 5.662812e+01
1.000000e+00 8.000000e+00 8.400000e+01 8.000000e+00 8.000000e+00 8.200000e+01 7.995963e+01
1.000000e+00 4.000000e+00 7.900000e+01 8.000000e+00 1.000000e+00 6.000000e+01 6.211074e+01
1.000000e+00 3.000000e+00 8.700000e+01 6.000000e+00 3.000000e+00 6.700000e+01 6.683757e+01
1.000000e+00 4.000000e+00 6.300000e+01 9.000000e+00 7.000000e+00 5.000000e+01 4.749214e+01
1.000000e+00 5.000000e+00 6.800000e+01 4.000000e+00 2.000000e+00 5.200000e+01 5.206299e+01
1.000000e+00 1.000000e+00 4.200000e+01 5.000000e+00 6.000000e+00 1.700000e+01 1.549086e+01
1.000000e+00 1.000000e+00 8.400000e+01 5.000000e+00 6.000000e+00 6.100000e+01 5.820240e+01
1.000000e+00 3.000000e+00 4.300000e+01 6.000000e+00 1.000000e+00 2.200000e+01 2.170012e+01
1.000000e+00 6.000000e+00 8.900000e+01 6.000000e+00 9.000000e+00 7.900000e+01 7.859160e+01
1.000000e+00 1.000000e+00 4.100000e+01 4.000000e+00 3.000000e+00 1.500000e+01 1.340951e+01
1.000000e+00 2.000000e+00 5.900000e+01 7.000000e+00 0.000000e+00 3.400000e+01 3.540351e+01
1.000000e+00 7.000000e+00 9.300000e+01 5.000000e+00 7.000000e+00 8.300000e+01 8.463899e+01
1.000000e+00 1.000000e+00 9.200000e+01 9.000000e+00 9.000000e+00 7.100000e+01 6.883142e+01
1.000000e+00 7.000000e+00 5.400000e+01 8.000000e+00 9.000000e+00 4.700000e+01 4.679939e+01
1.000000e+00 4.000000e+00 8.800000e+01 4.000000e+00 8.000000e+00 7.000000e+01 7.072989e+01
1.000000e+00 6.000000e+00 7.100000e+01 5.000000e+00 0.000000e+00 5.800000e+01 5.804615e+01
1.000000e+00 8.000000e+00 8.100000e+01 9.000000e+00 6.000000e+00 7.400000e+01 7.699314e+01
1.000000e+00 9.000000e+00 4.000000e+01 4.000000e+00 0.000000e+00 3.400000e+01 3.458867e+01
1.000000e+00 6.000000e+00 7.700000e+01 7.000000e+00 0.000000e+00 6.600000e+01 6.510052e+01
1.000000e+00 9.000000e+00 7.400000e+01 9.000000e+00 8.000000e+00 7.300000e+01 7.311460e+01
1.000000e+00 4.000000e+00 9.000000e+01 5.000000e+00 9.000000e+00 7.200000e+01 7.343615e+01
1.000000e+00 6.000000e+00 4.600000e+01 8.000000e+00 9.000000e+00 3.400000e+01 3.581584e+01
1.000000e+00 8.000000e+00 8.400000e+01 9.000000e+00 5.000000e+00 8.000000e+01 7.984795e+01
1.000000e+00 9.000000e+00 5.200000e+01 5.000000e+00 0.000000e+00 4.900000e+01 4.726832e+01
1.000000e+00 3.000000e+00 8.800000e+01 4.000000e+00 6.000000e+00 6.900000e+01 6.748984e+01
1.000000e+00 2.000000e+00 4.000000e+01 7.000000e+00 2.000000e+00 1.600000e+01 1.647365e+01
1.000000e+00 6.000000e+00 5.300000e+01 9.000000e+00 9.000000e+00 4.600000e+01 4.341079e+01
1.000000e+00 4.000000e+00 6.800000e+01 4.000000e+00 3.000000e+00 5.000000e+01 4.941098e+01
1.000000e+00 1.000000e+00 9.700000e+01 4.000000e+00 3.000000e+00 6.700000e+01 7.035823e+01
1.000000e+00 8.000000e+00 4.200000e+01 6.000000e+00 7.000000e+00 3.700000e+01 3.609936e+01
1.000000e+00 9.000000e+00 8.500000e+01 4.000000e+00 0.000000e+00 7.800000e+01 8.035103e+01
1.000000e+00 9.000000e+00 6.300000e+01 9.000000e+00 7.000000e+00 6.200000e+01 6.173223e+01
1.000000e+00 2.000000e+00 4.000000e+01 7.000000e+00 8.000000e+00 1.800000e+01 1.764975e+01
1.000000e+00 9.000000e+00 8.700000e+01 8.000000e+00 6.000000e+00 8.300000e+01 8.546644e+01
1.000000e+00 7.000000e+00 4.900000e+01 6.000000e+00 0.000000e+00 4.200000e+01 3.899782e+01
1.000000e+00 5.000000e+00 5.200000e+01 4.000000e+00 6.000000e+00 3.600000e+01 3.657599e+01
1.000000e+00 7.000000e+00 7.500000e+01 9.000000e+00 5.000000e+00 6.400000e+01 6.784746e+01
1.000000e+00 9.000000e+00 4.800000e+01 5.000000e+00 4.000000e+00 4.700000e+01 4.398462e+01
1.000000e+00 8.000000e+00 5.300000e+01 6.000000e+00 4.000000e+00 4.800000e+01 4.669767e+01
1.000000e+00 6.000000e+00 7.500000e+01 7.000000e+00 0.000000e+00 6.300000e+01 6.306664e+01
1.000000e+00 4.000000e+00 4.900000e+01 5.000000e+00 5.000000e+00 3.100000e+01 3.095749e+01
1.000000e+00 1.000000e+00 7.900000e+01 7.000000e+00 3.000000e+00 5.400000e+01 5.348236e+01
1.000000e+00 6.000000e+00 6.200000e+01 5.000000e+00 0.000000e+00 4.600000e+01 4.889368e+01
1.000000e+00 3.000000e+00 7.400000e+01 8.000000e+00 7.000000e+00 5.300000e+01 5.535412e+01
1.000000e+00 6.000000e+00 9.400000e+01 7.000000e+00 7.000000e+00 8.600000e+01 8.376064e+01
1.000000e+00 6.000000e+00 4.600000e+01 5.000000e+00 3.000000e+00 3.400000e+01 3.321067e+01
1.000000e+00 4.000000e+00 8.100000e+01 7.000000e+00 6.000000e+00 6.600000e+01 6.464835e+01
1.000000e+00 2.000000e+00 7.400000e+01 6.000000e+00 2.000000e+00 5.300000e+01 5.057330e+01
1.000000e+00 9.000000e+00 4.100000e+01 7.000000e+00 7.000000e+00 3.200000e+01 3.840680e+01
1.000000e+00 2.000000e+00 5.400000e+01 9.000000e+00 6.000000e+00 3.200000e+01 3.244762e+01
1.000000e+00 3.000000e+00 4.800000e+01 7.000000e+00 4.000000e+00 2.600000e+01 2.784923e+01
1.000000e+00 1.000000e+00 8.600000e+01 5.000000e+00 4.000000e+00 5.900000e+01 5.984425e+01
1.000000e+00 7.000000e+00 5.600000e+01 7.000000e+00 8.000000e+00 4.500000e+01 4.816090e+01
1.000000e+00 1.000000e+00 7.800000e+01 8.000000e+00 5.000000e+00 5.400000e+01 5.333381e+01
1.000000e+00 9.000000e+00 9.100000e+01 4.000000e+00 5.000000e+00 8.900000e+01 8.743275e+01
1.000000e+00 1.000000e+00 5.700000e+01 6.000000e+00 1.000000e+00 3.500000e+01 3.024126e+01
1.000000e+00 5.000000e+00 5.400000e+01 9.000000e+00 4.000000e+00 4.000000e+01 4.059964e+01
1.000000e+00 7.000000e+00 5.700000e+01 5.000000e+00 3.000000e+00 4.900000e+01 4.724504e+01
1.000000e+00 3.000000e+00 6.300000e+01 7.000000e+00 9.000000e+00 4.600000e+01 4.408343e+01
1.000000e+00 9.000000e+00 6.200000e+01 7.000000e+00 2.000000e+00 6.300000e+01 5.878249e+01
1.000000e+00 8.000000e+00 5.100000e+01 7.000000e+00 8.000000e+00 4.300000e+01 4.592421e+01
1.000000e+00 3.000000e+00 6.200000e+01 6.000000e+00 6.000000e+00 4.400000e+01 4.200208e+01
1.000000e+00 5.000000e+00 6.000000e+01 9.000000e+00 3.000000e+00 4.800000e+01 4.650527e+01
1.000000e+00 7.000000e+00 6.500000e+01 4.000000e+00 8.000000e+00 5.300000e+01 5.588429e+01
1.000000e+00 4.000000e+00 4.700000e+01 8.000000e+00 8.000000e+00 3.200000e+01 3.094073e+01
1.000000e+00 5.000000e+00 6.900000e+01 9.000000e+00 6.000000e+00 5.800000e+01 5.624579e+01
1.000000e+00 3.000000e+00 7.300000e+01 8.000000e+00 4.000000e+00 5.000000e+01 5.374913e+01
1.000000e+00 9.000000e+00 4.100000e+01 9.000000e+00 8.000000e+00 3.900000e+01 3.955553e+01
1.000000e+00 9.000000e+00 4.400000e+01 5.000000e+00 6.000000e+00 4.100000e+01 4.030889e+01
1.000000e+00 7.000000e+00 7.000000e+01 4.000000e+00 8.000000e+00 6.100000e+01 6.096900e+01
1.000000e+00 2.000000e+00 7.200000e+01 4.000000e+00 2.000000e+00 4.900000e+01 4.758670e+01
1.000000e+00 7.000000e+00 9.300000e+01 6.000000e+00 8.000000e+00 8.400000e+01 8.531137e+01
1.000000e+00 7.000000e+00 4.300000e+01 9.000000e+00 0.000000e+00 3.200000e+01 3.432525e+01
1.000000e+00 5.000000e+00 4.500000e+01 7.000000e+00 4.000000e+00 3.200000e+01 3.049445e+01
1.000000e+00 9.000000e+00 6.200000e+01 4.000000e+00 1.000000e+00 6.000000e+01 5.715739e+01
1.000000e+00 3.000000e+00 8.400000e+01 9.000000e+00 0.000000e+00 6.700000e+01 6.462778e+01
1.000000e+00 4.000000e+00 5.800000e+01 7.000000e+00 2.000000e+00 4.600000e+01 4.047463e+01
1.000000e+00 1.000000e+00 8.200000e+01 6.000000e+00 6.000000e+00 5.600000e+01 5.664488e+01
1.000000e+00 6.000000e+00 8.400000e+01 9.000000e+00 2.000000e+00 7.400000e+01 7.356386e+01
1.000000e+00 4.000000e+00 4.700000e+01 9.000000e+00 9.000000e+00 2.800000e+01 3.161311e+01
1.000000e+00 1.000000e+00 7.800000e+01 5.000000e+00 9.000000e+00 5.200000e+01 5.268880e+01
1.000000e+00 2.000000e+00 5.200000e+01 9.000000e+00 8.000000e+00 2.800000e+01 3.080576e+01
1.000000e+00 3.000000e+00 4.000000e+01 5.000000e+00 2.000000e+00 1.800000e+01 1.836895e+01
1.000000e+00 9.000000e+00 4.500000e+01 7.000000e+00 5.000000e+00 4.500000e+01 4.208253e+01
1.000000e+00 8.000000e+00 4.600000e+01 7.000000e+00 1.000000e+00 4.100000e+01 3.946739e+01
1.000000e+00 7.000000e+00 8.700000e+01 4.000000e+00 7.000000e+00 7.800000e+01 7.806098e+01
1.000000e+00 4.000000e+00 6.600000e+01 6.000000e+00 9.000000e+00 4.800000e+01 4.950592e+01
1.000000e+00 1.000000e+00 5.400000e+01 5.000000e+00 4.000000e+00 2.600000e+01 2.730213e+01
1.000000e+00 8.000000e+00 9.100000e+01 4.000000e+00 1.000000e+00 8.600000e+01 8.380067e+01
1.000000e+00 4.000000e+00 7.300000e+01 8.000000e+00 6.000000e+00 5.600000e+01 5.698918e+01
1.000000e+00 3.000000e+00 9.700000e+01 4.000000e+00 2.000000e+00 7.700000e+01 7.585825e+01
1.000000e+00 9.000000e+00 9.600000e+01 7.000000e+00 4.000000e+00 9.500000e+01 9.375052e+01
1.000000e+00 4.000000e+00 6.200000e+01 8.000000e+00 8.000000e+00 4.700000e+01 4.619485e+01
1.000000e+00 4.000000e+00 8.700000e+01 4.000000e+00 0.000000e+00 6.200000e+01 6.814482e+01
1.000000e+00 9.000000e+00 8.800000e+01 9.000000e+00 1.000000e+00 8.700000e+01 8.597967e+01
1.000000e+00 2.000000e+00 6.300000e+01 6.000000e+00 4.000000e+00 4.000000e+01 3.977898e+01
1.000000e+00 5.000000e+00 5.400000e+01 5.000000e+00 3.000000e+00 3.500000e+01 3.849818e+01
1.000000e+00 4.000000e+00 7.400000e+01 9.000000e+00 0.000000e+00 6.000000e+01 5.730638e+01
1.000000e+00 9.000000e+00 4.300000e+01 8.000000e+00 6.000000e+00 4.100000e+01 4.072103e+01
1.000000e+00 5.000000e+00 8.300000e+01 6.000000e+00 8.000000e+00 6.700000e+01 6.944592e+01
1.000000e+00 9.000000e+00 7.600000e+01 4.000000e+00 0.000000e+00 7.000000e+01 7.119855e+01
1.000000e+00 9.000000e+00 5.600000e+01 9.000000e+00 7.000000e+00 5.500000e+01 5.461364e+01
1.000000e+00 2.000000e+00 7.000000e+01 7.000000e+00 8.000000e+00 5.400000e+01 4.815799e+01
1.000000e+00 9.000000e+00 7.700000e+01 7.000000e+00 1.000000e+00 7.200000e+01 7.384059e+01
1.000000e+00 3.000000e+00 4.900000e+01 6.000000e+00 0.000000e+00 2.600000e+01 2.760575e+01
1.000000e+00 4.000000e+00 9.300000e+01 7.000000e+00 5.000000e+00 7.700000e+01 7.665563e+01
1.000000e+00 1.000000e+00 8.900000e+01 5.000000e+00 6.000000e+00 6.700000e+01 6.328710e+01
1.000000e+00 1.000000e+00 6.600000e+01 6.000000e+00 1.000000e+00 3.900000e+01 3.939374e+01
1.000000e+00 1.000000e+00 8.100000e+01 6.000000e+00 4.000000e+00 5.400000e+01 5.523590e+01
1.000000e+00 9.000000e+00 4.500000e+01 7.000000e+00 4.000000e+00 4.300000e+01 4.188652e+01
1.000000e+00 8.000000e+00 9.500000e+01 6.000000e+00 6.000000e+00 8.900000e+01 8.980124e+01
1.000000e+00 5.000000e+00 4.500000e+01 4.000000e+00 0.000000e+00 2.800000e+01 2.828130e+01
1.000000e+00 5.000000e+00 9.100000e+01 8.000000e+00 9.000000e+00 8.000000e+01 7.873019e+01
1.000000e+00 9.000000e+00 5.400000e+01 9.000000e+00 7.000000e+00 5.100000e+01 5.257976e+01
1.000000e+00 3.000000e+00 4.300000e+01 8.000000e+00 4.000000e+00 2.300000e+01 2.324089e+01
1.000000e+00 3.000000e+00 9.600000e+01 9.000000e+00 2.000000e+00 7.900000e+01 7.722310e+01
1.000000e+00 7.000000e+00 8.700000e+01 7.000000e+00 8.000000e+00 7.700000e+01 7.968608e+01
1.000000e+00 9.000000e+00 9.300000e+01 5.000000e+00 2.000000e+00 8.900000e+01 8.935495e+01
1.000000e+00 6.000000e+00 9.500000e+01 5.000000e+00 6.000000e+00 8.000000e+01 8.362884e+01
1.000000e+00 2.000000e+00 7.900000e+01 7.000000e+00 9.000000e+00 5.700000e+01 5.750648e+01
1.000000e+00 1.000000e+00 4.600000e+01 7.000000e+00 6.000000e+00 2.000000e+01 2.051135e+01
1.000000e+00 2.000000e+00 9.000000e+01 6.000000e+00 9.000000e+00 6.800000e+01 6.821647e+01
1.000000e+00 1.000000e+00 9.700000e+01 5.000000e+00 7.000000e+00 7.100000e+01 7.161865e+01
1.000000e+00 9.000000e+00 8.800000e+01 8.000000e+00 9.000000e+00 8.800000e+01 8.707143e+01
1.000000e+00 8.000000e+00 9.200000e+01 7.000000e+00 7.000000e+00 8.500000e+01 8.742279e+01
1.000000e+00 7.000000e+00 8.400000e+01 8.000000e+00 3.000000e+00 7.700000e+01 7.613154e+01
1.000000e+00 3.000000e+00 8.600000e+01 9.000000e+00 0.000000e+00 6.600000e+01 6.666166e+01
1.000000e+00 8.000000e+00 6.500000e+01 8.000000e+00 3.000000e+00 6.100000e+01 5.965767e+01
1.000000e+00 2.000000e+00 9.700000e+01 5.000000e+00 5.000000e+00 7.400000e+01 7.407464e+01
1.000000e+00 2.000000e+00 7.000000e+01 9.000000e+00 9.000000e+00 4.800000e+01 4.930672e+01
1.000000e+00 3.000000e+00 4.100000e+01 8.000000e+00 5.000000e+00 1.800000e+01 2.140302e+01
1.000000e+00 7.000000e+00 6.700000e+01 6.000000e+00 5.000000e+00 5.900000e+01 5.828285e+01
1.000000e+00 1.000000e+00 8.100000e+01 6.000000e+00 6.000000e+00 5.500000e+01 5.562793e+01
1.000000e+00 8.000000e+00 5.200000e+01 5.000000e+00 0.000000e+00 4.700000e+01 4.442031e+01
1.000000e+00 7.000000e+00 5.700000e+01 6.000000e+00 9.000000e+00 5.200000e+01 4.889750e+01
1.000000e+00 4.000000e+00 6.900000e+01 7.000000e+00 0.000000e+00 5.000000e+01 5.126896e+01
1.000000e+00 5.000000e+00 9.400000e+01 9.000000e+00 6.000000e+00 7.700000e+01 8.166932e+01
1.000000e+00 1.000000e+00 5.000000e+01 5.000000e+00 3.000000e+00 2.500000e+01 2.303835e+01
1.000000e+00 4.000000e+00 5.200000e+01 9.000000e+00 5.000000e+00 3.500000e+01 3.591375e+01
1.000000e+00 1.000000e+00 9.000000e+01 8.000000e+00 5.000000e+00 6.500000e+01 6.553711e+01
1.000000e+00 1.000000e+00 6.300000e+01 7.000000e+00 8.000000e+00 4.000000e+01 3.819138e+01
1.000000e+00 1.000000e+00 9.600000e+01 5.000000e+00 1.000000e+00 7.000000e+01 6.942561e+01
1.000000e+00 7.000000e+00 6.800000e+01 8.000000e+00 3.000000e+00 6.100000e+01 5.986048e+01
1.000000e+00 7.000000e+00 9.500000e+01 8.000000e+00 3.000000e+00 8.900000e+01 8.731789e+01
1.000000e+00 4.000000e+00 9.300000e+01 8.000000e+00 6.000000e+00 7.700000e+01 7.732800e+01
1.000000e+00 2.000000e+00 4.400000e+01 8.000000e+00 0.000000e+00 2.200000e+01 2.062575e+01
1.000000e+00 3.000000e+00 7.400000e+01 8.000000e+00 4.000000e+00 5.500000e+01 5.476607e+01
1.000000e+00 8.000000e+00 5.800000e+01 5.000000e+00 3.000000e+00 5.200000e+01 5.111000e+01
1.000000e+00 8.000000e+00 9.400000e+01 6.000000e+00 1.000000e+00 8.800000e+01 8.780422e+01
1.000000e+00 6.000000e+00 5.200000e+01 8.000000e+00 4.000000e+00 4.400000e+01 4.093741e+01
1.000000e+00 9.000000e+00 4.400000e+01 7.000000e+00 8.000000e+00 3.900000e+01 4.165364e+01
1.000000e+00 9.000000e+00 8.300000e+01 5.000000e+00 7.000000e+00 8.000000e+01 8.016561e+01
1.000000e+00 4.000000e+00 5.300000e+01 4.000000e+00 8.000000e+00 3.500000e+01 3.513694e+01
1.000000e+00 1.000000e+00 7.700000e+01 6.000000e+00 6.000000e+00 5.200000e+01 5.156017e+01
1.000000e+00 1.000000e+00 6.100000e+01 7.000000e+00 9.000000e+00 3.400000e+01 3.635352e+01
1.000000e+00 5.000000e+00 4.800000e+01 8.000000e+00 6.000000e+00 3.300000e+01 3.441366e+01
1.000000e+00 2.000000e+00 8.800000e+01 5.000000e+00 1.000000e+00 6.400000e+01 6.413810e+01
1.000000e+00 6.000000e+00 7.900000e+01 5.000000e+00 2.000000e+00 6.500000e+01 6.657372e+01
1.000000e+00 7.000000e+00 6.500000e+01 8.000000e+00 9.000000e+00 5.500000e+01 5.798575e+01
1.000000e+00 1.000000e+00 8.400000e+01 7.000000e+00 7.000000e+00 5.800000e+01 5.935113e+01
1.000000e+00 6.000000e+00 4.400000e+01 5.000000e+00 1.000000e+00 2.900000e+01 3.078476e+01
1.000000e+00 8.000000e+00 6.800000e+01 9.000000e+00 6.000000e+00 6.500000e+01 6.377290e+01
1.000000e+00 5.000000e+00 9.300000e+01 6.000000e+00 5.000000e+00 8.000000e+01 7.902728e+01
1.000000e+00 7.000000e+00 6.100000e+01 7.000000e+00 9.000000e+00 5.500000e+01 5.344162e+01
1.000000e+00 6.000000e+00 8.800000e+01 8.000000e+00 3.000000e+00 7.800000e+01 7.735128e+01
1.000000e+00 4.000000e+00 4.200000e+01 7.000000e+00 3.000000e+00 2.200000e+01 2.439959e+01
1.000000e+00 7.000000e+00 6.700000e+01 9.000000e+00 2.000000e+00 5.300000e+01 5.912388e+01
1.000000e+00 9.000000e+00 7.700000e+01 7.000000e+00 5.000000e+00 7.700000e+01 7.462465e+01
1.000000e+00 7.000000e+00 5.300000e+01 4.000000e+00 2.000000e+00 4.100000e+01 4.250490e+01
1.000000e+00 5.000000e+00 8.600000e+01 8.000000e+00 8.000000e+00 6.900000e+01 7.344946e+01
1.000000e+00 7.000000e+00 5.300000e+01 6.000000e+00 3.000000e+00 4.700000e+01 4.365364e+01
1.000000e+00 3.000000e+00 8.200000e+01 8.000000e+00 3.000000e+00 6.400000e+01 6.270558e+01
1.000000e+00 2.000000e+00 5.000000e+01 4.000000e+00 1.000000e+00 2.800000e+01 2.501797e+01
1.000000e+00 5.000000e+00 4.800000e+01 8.000000e+00 1.000000e+00 3.500000e+01 3.343358e+01
1.000000e+00 4.000000e+00 7.700000e+01 8.000000e+00 6.000000e+00 6.300000e+01 6.105694e+01
1.000000e+00 5.000000e+00 8.600000e+01 6.000000e+00 4.000000e+00 7.100000e+01 7.171268e+01
1.000000e+00 8.000000e+00 8.300000e+01 4.000000e+00 2.000000e+00 7.800000e+01 7.586116e+01
1.000000e+00 4.000000e+00 4.500000e+01 8.000000e+00 5.000000e+00 3.200000e+01 2.831880e+01
1.000000e+00 9.000000e+00 4.000000e+01 9.000000e+00 5.000000e+00 4.000000e+01 3.795055e+01
1.000000e+00 7.000000e+00 6.400000e+01 8.000000e+00 0.000000e+00 5.500000e+01 5.520466e+01
1.000000e+00 7.000000e+00 5.500000e+01 5.000000e+00 2.000000e+00 4.200000e+01 4.501514e+01
1.000000e+00 8.000000e+00 9.100000e+01 8.000000e+00 4.000000e+00 8.800000e+01 8.629416e+01
1.000000e+00 6.000000e+00 5.400000e+01 6.000000e+00 6.000000e+00 4.300000e+01 4.241061e+01
1.000000e+00 8.000000e+00 7.300000e+01 5.000000e+00 3.000000e+00 6.600000e+01 6.636412e+01
1.000000e+00 3.000000e+00 5.600000e+01 9.000000e+00 7.000000e+00 3.300000e+01 3.752553e+01
1.000000e+00 1.000000e+00 4.200000e+01 9.000000e+00 2.000000e+00 1.200000e+01 1.661224e+01
1.000000e+00 6.000000e+00 4.200000e+01 9.000000e+00 5.000000e+00 3.200000e+01 3.144038e+01
1.000000e+00 1.000000e+00 7.600000e+01 4.000000e+00 5.000000e+00 4.800000e+01 4.939449e+01
1.000000e+00 9.000000e+00 5.600000e+01 9.000000e+00 8.000000e+00 5.600000e+01 5.480965e+01
1.000000e+00 2.000000e+00 9.400000e+01 7.000000e+00 3.000000e+00 7.300000e+01 7.158450e+01
1.000000e+00 2.000000e+00 8.800000e+01 6.000000e+00 6.000000e+00 6.500000e+01 6.559454e+01
1.000000e+00 7.000000e+00 9.100000e+01 4.000000e+00 9.000000e+00 8.300000e+01 8.252078e+01
1.000000e+00 2.000000e+00 7.700000e+01 5.000000e+00 0.000000e+00 5.300000e+01 5.275573e+01
1.000000e+00 8.000000e+00 4.000000e+01 7.000000e+00 0.000000e+00 3.900000e+01 3.316973e+01
1.000000e+00 6.000000e+00 4.600000e+01 4.000000e+00 1.000000e+00 3.200000e+01 3.234228e+01
1.000000e+00 7.000000e+00 6.500000e+01 6.000000e+00 3.000000e+00 5.500000e+01 5.585693e+01
1.000000e+00 7.000000e+00 8.600000e+01 5.000000e+00 5.000000e+00 7.600000e+01 7.712837e+01
1.000000e+00 6.000000e+00 7.800000e+01 6.000000e+00 3.000000e+00 6.900000e+01 6.622915e+01
1.000000e+00 9.000000e+00 5.800000e+01 6.000000e+00 5.000000e+00 5.400000e+01 5.482641e+01
1.000000e+00 9.000000e+00 9.100000e+01 5.000000e+00 1.000000e+00 8.900000e+01 8.712505e+01
1.000000e+00 7.000000e+00 9.300000e+01 9.000000e+00 8.000000e+00 8.700000e+01 8.674045e+01
1.000000e+00 9.000000e+00 6.900000e+01 8.000000e+00 2.000000e+00 6.600000e+01 6.637744e+01
1.000000e+00 3.000000e+00 8.200000e+01 6.000000e+00 6.000000e+00 6.500000e+01 6.234091e+01
1.000000e+00 3.000000e+00 9.400000e+01 9.000000e+00 0.000000e+00 7.100000e+01 7.479719e+01
1.000000e+00 1.000000e+00 5.300000e+01 5.000000e+00 7.000000e+00 2.700000e+01 2.687323e+01
1.000000e+00 5.000000e+00 5.200000e+01 6.000000e+00 3.000000e+00 3.800000e+01 3.694066e+01
1.000000e+00 4.000000e+00 5.900000e+01 8.000000e+00 4.000000e+00 4.300000e+01 4.235997e+01
1.000000e+00 2.000000e+00 6.500000e+01 5.000000e+00 6.000000e+00 3.800000e+01 4.172853e+01
1.000000e+00 9.000000e+00 6.600000e+01 4.000000e+00 2.000000e+00 5.900000e+01 6.142117e+01
1.000000e+00 3.000000e+00 6.400000e+01 4.000000e+00 8.000000e+00 4.400000e+01 4.347528e+01
1.000000e+00 8.000000e+00 4.800000e+01 9.000000e+00 8.000000e+00 3.900000e+01 4.382611e+01
1.000000e+00 6.000000e+00 8.000000e+01 4.000000e+00 7.000000e+00 6.700000e+01 6.809438e+01
1.000000e+00 5.000000e+00 8.700000e+01 7.000000e+00 0.000000e+00 7.000000e+01 7.242192e+01
1.000000e+00 1.000000e+00 5.100000e+01 6.000000e+00 1.000000e+00 2.400000e+01 2.413962e+01
1.000000e+00 4.000000e+00 4.900000e+01 6.000000e+00 1.000000e+00 3.100000e+01 3.064979e+01
1.000000e+00 3.000000e+00 4.500000e+01 5.000000e+00 2.000000e+00 2.400000e+01 2.345366e+01
1.000000e+00 1.000000e+00 8.900000e+01 7.000000e+00 1.000000e+00 6.100000e+01 6.325974e+01
1.000000e+00 5.000000e+00 7.300000e+01 6.000000e+00 0.000000e+00 5.900000e+01 5.770838e+01
1.000000e+00 6.000000e+00 9.800000e+01 5.000000e+00 4.000000e+00 8.700000e+01 8.628763e+01
1.000000e+00 2.000000e+00 9.100000e+01 8.000000e+00 5.000000e+00 6.800000e+01 6.940207e+01
1.000000e+00 3.000000e+00 8.000000e+01 6.000000e+00 6.000000e+00 6.200000e+01 6.030703e+01
1.000000e+00 6.000000e+00 5.800000e+01 9.000000e+00 9.000000e+00 5.000000e+01 4.849550e+01
1.000000e+00 4.000000e+00 4.500000e+01 6.000000e+00 6.000000e+00 2.700000e+01 2.756210e+01
1.000000e+00 9.000000e+00 4.100000e+01 8.000000e+00 1.000000e+00 3.600000e+01 3.770706e+01
1.000000e+00 5.000000e+00 5.400000e+01 8.000000e+00 6.000000e+00 4.300000e+01 4.051531e+01
1.000000e+00 4.000000e+00 5.600000e+01 6.000000e+00 1.000000e+00 3.500000e+01 3.776838e+01
1.000000e+00 2.000000e+00 5.500000e+01 8.000000e+00 1.000000e+00 2.900000e+01 3.200812e+01
1.000000e+00 6.000000e+00 6.700000e+01 5.000000e+00 5.000000e+00 5.600000e+01 5.495847e+01
1.000000e+00 2.000000e+00 6.000000e+01 6.000000e+00 5.000000e+00 4.100000e+01 3.692417e+01
1.000000e+00 7.000000e+00 4.700000e+01 6.000000e+00 7.000000e+00 3.700000e+01 3.833605e+01
1.000000e+00 3.000000e+00 4.900000e+01 4.000000e+00 4.000000e+00 2.600000e+01 2.743710e+01
1.000000e+00 9.000000e+00 4.900000e+01 9.000000e+00 4.000000e+00 4.600000e+01 4.690700e+01
1.000000e+00 5.000000e+00 8.900000e+01 6.000000e+00 9.000000e+00 7.500000e+01 7.574358e+01
1.000000e+00 8.000000e+00 4.900000e+01 4.000000e+00 0.000000e+00 4.000000e+01 4.089312e+01
1.000000e+00 6.000000e+00 4.800000e+01 8.000000e+00 3.000000e+00 3.600000e+01 3.667363e+01
1.000000e+00 8.000000e+00 6.700000e+01 9.000000e+00 0.000000e+00 6.200000e+01 6.157986e+01
1.000000e+00 3.000000e+00 6.300000e+01 9.000000e+00 9.000000e+00 4.700000e+01 4.503615e+01
1.000000e+00 3.000000e+00 5.800000e+01 8.000000e+00 4.000000e+00 3.900000e+01 3.849501e+01
1.000000e+00 5.000000e+00 7.200000e+01 5.000000e+00 7.000000e+00 5.700000e+01 5.758719e+01
1.000000e+00 3.000000e+00 4.300000e+01 4.000000e+00 0.000000e+00 2.000000e+01 2.055139e+01
1.000000e+00 8.000000e+00 9.500000e+01 6.000000e+00 2.000000e+00 8.700000e+01 8.901717e+01
1.000000e+00 8.000000e+00 4.200000e+01 4.000000e+00 0.000000e+00 3.100000e+01 3.377453e+01
1.000000e+00 2.000000e+00 8.100000e+01 8.000000e+00 5.000000e+00 5.700000e+01 5.923266e+01
1.000000e+00 4.000000e+00 5.100000e+01 8.000000e+00 9.000000e+00 3.700000e+01 3.520452e+01
1.000000e+00 1.000000e+00 5.700000e+01 5.000000e+00 0.000000e+00 2.900000e+01 2.956889e+01
1.000000e+00 4.000000e+00 6.200000e+01 9.000000e+00 9.000000e+00 4.800000e+01 4.686723e+01
1.000000e+00 4.000000e+00 5.900000e+01 9.000000e+00 2.000000e+00 4.100000e+01 4.244429e+01
1.000000e+00 9.000000e+00 4.500000e+01 8.000000e+00 4.000000e+00 4.300000e+01 4.236288e+01
1.000000e+00 3.000000e+00 9.200000e+01 4.000000e+00 4.000000e+00 7.000000e+01 7.116557e+01
1.000000e+00 2.000000e+00 7.300000e+01 9.000000e+00 1.000000e+00 5.400000e+01 5.078942e+01
1.000000e+00 9.000000e+00 8.100000e+01 6.000000e+00 2.000000e+00 7.700000e+01 7.762801e+01
1.000000e+00 9.000000e+00 4.100000e+01 6.000000e+00 8.000000e+00 4.000000e+01 3.812646e+01
1.000000e+00 1.000000e+00 6.900000e+01 4.000000e+00 0.000000e+00 3.900000e+01 4.129582e+01
1.000000e+00 6.000000e+00 4.800000e+01 5.000000e+00 0.000000e+00 3.800000e+01 3.465650e+01
1.000000e+00 8.000000e+00 6.600000e+01 6.000000e+00 1.000000e+00 6.100000e+01 5.932986e+01
1.000000e+00 3.000000e+00 8.100000e+01 4.000000e+00 7.000000e+00 5.900000e+01 6.056727e+01
1.000000e+00 9.000000e+00 7.300000e+01 4.000000e+00 5.000000e+00 6.800000e+01 6.912781e+01
1.000000e+00 2.000000e+00 7.900000e+01 8.000000e+00 3.000000e+00 5.900000e+01 5.680674e+01
1.000000e+00 6.000000e+00 6.300000e+01 9.000000e+00 6.000000e+00 5.500000e+01 5.299216e+01
1.000000e+00 1.000000e+00 8.800000e+01 8.000000e+00 5.000000e+00 6.300000e+01 6.350323e+01
1.000000e+00 7.000000e+00 5.600000e+01 9.000000e+00 8.000000e+00 4.700000e+01 4.911362e+01
1.000000e+00 3.000000e+00 6.800000e+01 5.000000e+00 5.000000e+00 4.900000e+01 4.743136e+01
1.000000e+00 7.000000e+00 7.500000e+01 5.000000e+00 1.000000e+00 6.400000e+01 6.515795e+01
1.000000e+00 4.000000e+00 8.900000e+01 5.000000e+00 2.000000e+00 7.200000e+01 7.104709e+01
1.000000e+00 9.000000e+00 5.100000e+01 4.000000e+00 8.000000e+00 4.600000e+01 4.734315e+01
1.000000e+00 5.000000e+00 7.000000e+01 4.000000e+00 6.000000e+00 5.500000e+01 5.488093e+01
1.000000e+00 3.000000e+00 8.800000e+01 8.000000e+00 5.000000e+00 7.300000e+01 6.919926e+01
1.000000e+00 8.000000e+00 4.800000e+01 6.000000e+00 4.000000e+00 4.100000e+01 4.161296e+01
1.000000e+00 6.000000e+00 5.800000e+01 9.000000e+00 2.000000e+00 5.000000e+01 4.712339e+01
1.000000e+00 2.000000e+00 8.500000e+01 9.000000e+00 3.000000e+00 6.100000e+01 6.338475e+01
1.000000e+00 3.000000e+00 8.500000e+01 5.000000e+00 0.000000e+00 6.000000e+01 6.373928e+01
1.000000e+00 8.000000e+00 5.600000e+01 9.000000e+00 4.000000e+00 5.200000e+01 5.117757e+01
1.000000e+00 7.000000e+00 4.100000e+01 7.000000e+00 6.000000e+00 3.100000e+01 3.251475e+01
1.000000e+00 6.000000e+00 7.900000e+01 5.000000e+00 1.000000e+00 6.600000e+01 6.637770e+01
1.000000e+00 1.000000e+00 4.400000e+01 9.000000e+00 7.000000e+00 1.600000e+01 1.962620e+01
1.000000e+00 9.000000e+00 9.800000e+01 8.000000e+00 9.000000e+00 9.300000e+01 9.724085e+01
1.000000e+00 3.000000e+00 7.800000e+01 9.000000e+00 5.000000e+00 5.900000e+01 5.950621e+01
1.000000e+00 5.000000e+00 9.300000e+01 4.000000e+00 9.000000e+00 7.800000e+01 7.885863e+01
1.000000e+00 7.000000e+00 8.700000e+01 8.000000e+00 2.000000e+00 7.900000e+01 7.898634e+01
1.000000e+00 7.000000e+00 5.500000e+01 8.000000e+00 1.000000e+00 5.000000e+01 4.624821e+01
1.000000e+00 3.000000e+00 5.600000e+01 8.000000e+00 7.000000e+00 3.800000e+01 3.704917e+01
1.000000e+00 4.000000e+00 9.300000e+01 7.000000e+00 3.000000e+00 8.000000e+01 7.626360e+01
1.000000e+00 7.000000e+00 6.600000e+01 7.000000e+00 6.000000e+00 5.800000e+01 5.793828e+01
1.000000e+00 8.000000e+00 4.600000e+01 9.000000e+00 6.000000e+00 4.400000e+01 4.140019e+01
1.000000e+00 2.000000e+00 9.100000e+01 5.000000e+00 9.000000e+00 7.000000e+01 6.875705e+01
1.000000e+00 9.000000e+00 4.700000e+01 9.000000e+00 8.000000e+00 4.500000e+01 4.565718e+01
1.000000e+00 7.000000e+00 4.700000e+01 9.000000e+00 9.000000e+00 4.000000e+01 4.015716e+01
1.000000e+00 8.000000e+00 6.200000e+01 9.000000e+00 7.000000e+00 5.700000e+01 5.786727e+01
1.000000e+00 6.000000e+00 7.100000e+01 4.000000e+00 7.000000e+00 6.100000e+01 5.894191e+01
1.000000e+00 6.000000e+00 8.200000e+01 8.000000e+00 6.000000e+00 7.200000e+01 7.183768e+01
1.000000e+00 9.000000e+00 8.600000e+01 6.000000e+00 9.000000e+00 8.300000e+01 8.408483e+01
1.000000e+00 4.000000e+00 5.700000e+01 5.000000e+00 4.000000e+00 3.600000e+01 3.889700e+01
1.000000e+00 5.000000e+00 7.700000e+01 5.000000e+00 8.000000e+00 6.100000e+01 6.286791e+01
1.000000e+00 9.000000e+00 9.300000e+01 8.000000e+00 6.000000e+00 9.000000e+01 9.156809e+01
1.000000e+00 1.000000e+00 5.100000e+01 5.000000e+00 2.000000e+00 2.200000e+01 2.385927e+01
1.000000e+00 4.000000e+00 5.400000e+01 8.000000e+00 5.000000e+00 3.500000e+01 3.747128e+01
1.000000e+00 7.000000e+00 6.700000e+01 5.000000e+00 2.000000e+00 5.900000e+01 5.721844e+01
1.000000e+00 9.000000e+00 9.400000e+01 9.000000e+00 5.000000e+00 8.900000e+01 9.286538e+01
1.000000e+00 6.000000e+00 7.700000e+01 4.000000e+00 7.000000e+00 6.600000e+01 6.504355e+01
1.000000e+00 8.000000e+00 8.900000e+01 5.000000e+00 8.000000e+00 8.800000e+01 8.361526e+01
1.000000e+00 9.000000e+00 9.500000e+01 5.000000e+00 1.000000e+00 9.100000e+01 9.119282e+01
1.000000e+00 4.000000e+00 7.000000e+01 6.000000e+00 5.000000e+00 5.300000e+01 5.278962e+01
1.000000e+00 1.000000e+00 9.100000e+01 4.000000e+00 2.000000e+00 6.400000e+01 6.406056e+01
1.000000e+00 8.000000e+00 4.800000e+01 9.000000e+00 6.000000e+00 4.000000e+01 4.343407e+01
1.000000e+00 2.000000e+00 4.700000e+01 4.000000e+00 3.000000e+00 2.400000e+01 2.235918e+01
1.000000e+00 1.000000e+00 8.500000e+01 4.000000e+00 4.000000e+00 5.900000e+01 5.835095e+01
1.000000e+00 7.000000e+00 5.800000e+01 5.000000e+00 9.000000e+00 4.900000e+01 4.943808e+01
1.000000e+00 9.000000e+00 9.000000e+01 7.000000e+00 5.000000e+00 8.500000e+01 8.784489e+01
1.000000e+00 9.000000e+00 4.700000e+01 5.000000e+00 7.000000e+00 4.700000e+01 4.355573e+01
1.000000e+00 3.000000e+00 7.300000e+01 8.000000e+00 1.000000e+00 5.400000e+01 5.316108e+01
1.000000e+00 6.000000e+00 9.600000e+01 6.000000e+00 3.000000e+00 8.200000e+01 8.453409e+01
1.000000e+00 7.000000e+00 4.300000e+01 4.000000e+00 3.000000e+00 3.100000e+01 3.253150e+01
1.000000e+00 9.000000e+00 7.000000e+01 8.000000e+00 5.000000e+00 6.700000e+01 6.798243e+01
1.000000e+00 2.000000e+00 7.700000e+01 9.000000e+00 3.000000e+00 5.800000e+01 5.524922e+01
1.000000e+00 8.000000e+00 4.200000e+01 8.000000e+00 4.000000e+00 3.600000e+01 3.646404e+01
1.000000e+00 7.000000e+00 7.400000e+01 7.000000e+00 4.000000e+00 6.600000e+01 6.568178e+01
1.000000e+00 4.000000e+00 5.800000e+01 4.000000e+00 7.000000e+00 3.900000e+01 4.002563e+01
1.000000e+00 2.000000e+00 8.200000e+01 5.000000e+00 3.000000e+00 6.100000e+01 5.842849e+01
1.000000e+00 8.000000e+00 6.800000e+01 4.000000e+00 5.000000e+00 6.400000e+01 6.119509e+01
1.000000e+00 5.000000e+00 4.900000e+01 6.000000e+00 6.000000e+00 3.100000e+01 3.447788e+01
1.000000e+00 6.000000e+00 5.100000e+01 4.000000e+00 7.000000e+00 3.900000e+01 3.860308e+01
1.000000e+00 7.000000e+00 8.500000e+01 8.000000e+00 8.000000e+00 7.800000e+01 7.812856e+01
1.000000e+00 1.000000e+00 6.900000e+01 8.000000e+00 9.000000e+00 4.300000e+01 4.496541e+01
1.000000e+00 8.000000e+00 6.900000e+01 5.000000e+00 7.000000e+00 6.200000e+01 6.308042e+01
1.000000e+00 4.000000e+00 9.900000e+01 5.000000e+00 3.000000e+00 8.000000e+01 8.141252e+01
1.000000e+00 9.000000e+00 5.700000e+01 5.000000e+00 3.000000e+00 5.100000e+01 5.294108e+01
1.000000e+00 1.000000e+00 6.300000e+01 9.000000e+00 9.000000e+00 4.000000e+01 3.934012e+01
1.000000e+00 2.000000e+00 7.100000e+01 6.000000e+00 4.000000e+00 4.800000e+01 4.791451e+01
1.000000e+00 6.000000e+00 4.800000e+01 9.000000e+00 2.000000e+00 3.800000e+01 3.695398e+01
1.000000e+00 1.000000e+00 8.600000e+01 9.000000e+00 1.000000e+00 6.100000e+01 6.116164e+01
1.000000e+00 4.000000e+00 6.300000e+01 9.000000e+00 1.000000e+00 4.200000e+01 4.631604e+01
1.000000e+00 8.000000e+00 6.500000e+01 4.000000e+00 8.000000e+00 5.700000e+01 5.873231e+01
1.000000e+00 5.000000e+00 4.200000e+01 7.000000e+00 7.000000e+00 2.600000e+01 2.803167e+01
1.000000e+00 9.000000e+00 6.200000e+01 4.000000e+00 5.000000e+00 5.800000e+01 5.794146e+01
1.000000e+00 6.000000e+00 5.000000e+01 5.000000e+00 8.000000e+00 4.000000e+01 3.825851e+01
1.000000e+00 1.000000e+00 4.900000e+01 6.000000e+00 4.000000e+00 2.600000e+01 2.269378e+01
1.000000e+00 6.000000e+00 8.900000e+01 9.000000e+00 9.000000e+00 7.800000e+01 8.002068e+01
1.000000e+00 6.000000e+00 7.500000e+01 4.000000e+00 0.000000e+00 6.200000e+01 6.163756e+01
1.000000e+00 6.000000e+00 9.900000e+01 8.000000e+00 7.000000e+00 9.000000e+01 8.932170e+01
1.000000e+00 8.000000e+00 5.200000e+01 9.000000e+00 2.000000e+00 5.000000e+01 4.671778e+01
1.000000e+00 6.000000e+00 6.800000e+01 4.000000e+00 8.000000e+00 5.700000e+01 5.608710e+01
1.000000e+00 5.000000e+00 7.700000e+01 8.000000e+00 0.000000e+00 6.200000e+01 6.272886e+01
1.000000e+00 2.000000e+00 9.800000e+01 4.000000e+00 2.000000e+00 7.400000e+01 7.402717e+01
1.000000e+00 4.000000e+00 9.200000e+01 4.000000e+00 0.000000e+00 7.400000e+01 7.322953e+01
1.000000e+00 5.000000e+00 5.200000e+01 9.000000e+00 0.000000e+00 4.000000e+01 3.778169e+01
1.000000e+00 4.000000e+00 9.600000e+01 4.000000e+00 5.000000e+00 8.100000e+01 7.827737e+01
1.000000e+00 2.000000e+00 6.500000e+01 5.000000e+00 3.000000e+00 4.500000e+01 4.114048e+01
1.000000e+00 7.000000e+00 5.900000e+01 8.000000e+00 9.000000e+00 5.000000e+01 5.188410e+01
1.000000e+00 2.000000e+00 4.400000e+01 6.000000e+00 3.000000e+00 1.700000e+01 2.026108e+01
1.000000e+00 1.000000e+00 5.900000e+01 7.000000e+00 4.000000e+00 3.100000e+01 3.333955e+01
1.000000e+00 5.000000e+00 5.300000e+01 9.000000e+00 2.000000e+00 4.000000e+01 3.919066e+01
1.000000e+00 1.000000e+00 8.400000e+01 8.000000e+00 1.000000e+00 6.100000e+01 5.865140e+01
1.000000e+00 1.000000e+00 5.300000e+01 5.000000e+00 9.000000e+00 2.600000e+01 2.726527e+01
1.000000e+00 1.000000e+00 4.700000e+01 8.000000e+00 7.000000e+00 2.000000e+01 2.220066e+01
1.000000e+00 6.000000e+00 8.700000e+01 6.000000e+00 6.000000e+00 7.300000e+01 7.596967e+01
1.000000e+00 9.000000e+00 5.200000e+01 9.000000e+00 9.000000e+00 5.500000e+01 5.093791e+01
1.000000e+00 1.000000e+00 6.300000e+01 8.000000e+00 3.000000e+00 3.700000e+01 3.768766e+01
1.000000e+00 5.000000e+00 5.400000e+01 5.000000e+00 1.000000e+00 3.500000e+01 3.810615e+01
1.000000e+00 9.000000e+00 9.000000e+01 9.000000e+00 8.000000e+00 9.000000e+01 8.938566e+01
1.000000e+00 9.000000e+00 4.000000e+01 5.000000e+00 7.000000e+00 3.600000e+01 3.643714e+01
1.000000e+00 1.000000e+00 6.100000e+01 9.000000e+00 3.000000e+00 3.800000e+01 3.613014e+01
1.000000e+00 8.000000e+00 7.300000e+01 7.000000e+00 4.000000e+00 6.500000e+01 6.751286e+01
1.000000e+00 1.000000e+00 8.900000e+01 6.000000e+00 9.000000e+00 6.600000e+01 6.435151e+01
1.000000e+00 8.000000e+00 9.000000e+01 7.000000e+00 5.000000e+00 8.800000e+01 8.499687e+01
1.000000e+00 1.000000e+00 7.900000e+01 4.000000e+00 3.000000e+00 5.300000e+01 5.205328e+01
1.000000e+00 5.000000e+00 4.200000e+01 5.000000e+00 1.000000e+00 2.700000e+01 2.590286e+01
1.000000e+00 8.000000e+00 9.400000e+01 7.000000e+00 4.000000e+00 9.000000e+01 8.886862e+01
1.000000e+00 6.000000e+00 6.500000e+01 5.000000e+00 0.000000e+00 5.000000e+01 5.194451e+01
1.000000e+00 9.000000e+00 5.300000e+01 9.000000e+00 6.000000e+00 4.900000e+01 5.136680e+01
1.000000e+00 1.000000e+00 9.700000e+01 5.000000e+00 8.000000e+00 7.100000e+01 7.181467e+01
1.000000e+00 9.000000e+00 8.000000e+01 4.000000e+00 2.000000e+00 7.200000e+01 7.565835e+01
1.000000e+00 1.000000e+00 4.700000e+01 5.000000e+00 5.000000e+00 2.100000e+01 2.037955e+01
1.000000e+00 3.000000e+00 8.800000e+01 9.000000e+00 8.000000e+00 7.300000e+01 7.026367e+01
1.000000e+00 1.000000e+00 9.400000e+01 9.000000e+00 3.000000e+00 6.800000e+01 6.968920e+01
1.000000e+00 3.000000e+00 9.400000e+01 7.000000e+00 5.000000e+00 7.400000e+01 7.482455e+01
1.000000e+00 2.000000e+00 9.500000e+01 6.000000e+00 2.000000e+00 7.200000e+01 7.192907e+01
1.000000e+00 2.000000e+00 5.500000e+01 8.000000e+00 8.000000e+00 3.800000e+01 3.338023e+01
1.000000e+00 9.000000e+00 8.100000e+01 7.000000e+00 6.000000e+00 7.800000e+01 7.888844e+01
1.000000e+00 8.000000e+00 6.000000e+01 4.000000e+00 6.000000e+00 5.500000e+01 5.325557e+01
1.000000e+00 1.000000e+00 4.900000e+01 8.000000e+00 3.000000e+00 2.400000e+01 2.345048e+01
1.000000e+00 4.000000e+00 9.600000e+01 5.000000e+00 5.000000e+00 7.200000e+01 7.875373e+01
1.000000e+00 1.000000e+00 6.400000e+01 7.000000e+00 7.000000e+00 3.800000e+01 3.901231e+01
1.000000e+00 1.000000e+00 9.500000e+01 8.000000e+00 5.000000e+00 7.300000e+01 7.062182e+01
1.000000e+00 4.000000e+00 7.700000e+01 7.000000e+00 5.000000e+00 6.000000e+01 6.038457e+01
1.000000e+00 2.000000e+00 6.100000e+01 5.000000e+00 3.000000e+00 3.800000e+01 3.707272e+01
1.000000e+00 3.000000e+00 8.800000e+01 9.000000e+00 7.000000e+00 7.400000e+01 7.006765e+01
1.000000e+00 9.000000e+00 8.700000e+01 7.000000e+00 9.000000e+00 8.600000e+01 8.557813e+01
1.000000e+00 2.000000e+00 8.600000e+01 4.000000e+00 7.000000e+00 6.200000e+01 6.280395e+01
1.000000e+00 4.000000e+00 9.300000e+01 8.000000e+00 8.000000e+00 8.000000e+01 7.772003e+01
1.000000e+00 1.000000e+00 8.500000e+01 8.000000e+00 5.000000e+00 6.200000e+01 6.045240e+01
1.000000e+00 2.000000e+00 4.300000e+01 8.000000e+00 1.000000e+00 2.200000e+01 1.980482e+01
1.000000e+00 5.000000e+00 4.300000e+01 7.000000e+00 3.000000e+00 2.800000e+01 2.826455e+01
1.000000e+00 1.000000e+00 6.900000e+01 5.000000e+00 3.000000e+00 4.100000e+01 4.236023e+01
1.000000e+00 7.000000e+00 4.100000e+01 7.000000e+00 7.000000e+00 3.400000e+01 3.271076e+01
1.000000e+00 4.000000e+00 6.800000e+01 7.000000e+00 4.000000e+00 5.200000e+01 5.103608e+01
1.000000e+00 6.000000e+00 8.200000e+01 9.000000e+00 3.000000e+00 7.100000e+01 7.172600e+01
1.000000e+00 8.000000e+00 7.500000e+01 8.000000e+00 7.000000e+00 6.800000e+01 7.061115e+01
1.000000e+00 6.000000e+00 6.000000e+01 5.000000e+00 2.000000e+00 4.700000e+01 4.725183e+01
1.000000e+00 2.000000e+00 9.900000e+01 6.000000e+00 1.000000e+00 7.300000e+01 7.580082e+01
1.000000e+00 1.000000e+00 6.000000e+01 5.000000e+00 3.000000e+00 3.300000e+01 3.320776e+01
1.000000e+00 8.000000e+00 8.700000e+01 7.000000e+00 0.000000e+00 8.300000e+01 8.096597e+01
1.000000e+00 8.000000e+00 6.000000e+01 4.000000e+00 0.000000e+00 4.800000e+01 5.207948e+01
1.000000e+00 9.000000e+00 4.300000e+01 5.000000e+00 4.000000e+00 3.900000e+01 3.889992e+01
1.000000e+00 6.000000e+00 4.000000e+01 8.000000e+00 0.000000e+00 2.900000e+01 2.795005e+01
1.000000e+00 1.000000e+00 6.500000e+01 4.000000e+00 3.000000e+00 3.600000e+01 3.781611e+01
1.000000e+00 9.000000e+00 9.500000e+01 6.000000e+00 7.000000e+00 9.400000e+01 9.284527e+01
1.000000e+00 3.000000e+00 9.000000e+01 6.000000e+00 7.000000e+00 7.300000e+01 7.067246e+01
1.000000e+00 6.000000e+00 4.100000e+01 4.000000e+00 1.000000e+00 2.800000e+01 2.725757e+01
1.000000e+00 9.000000e+00 4.800000e+01 6.000000e+00 2.000000e+00 4.900000e+01 4.406895e+01
1.000000e+00 3.000000e+00 9.400000e+01 4.000000e+00 2.000000e+00 7.300000e+01 7.280742e+01
1.000000e+00 5.000000e+00 9.600000e+01 7.000000e+00 0.000000e+00 8.300000e+01 8.157439e+01
1.000000e+00 5.000000e+00 8.400000e+01 4.000000e+00 2.000000e+00 7.300000e+01 6.833405e+01
1.000000e+00 7.000000e+00 5.700000e+01 7.000000e+00 7.000000e+00 5.000000e+01 4.898182e+01
1.000000e+00 4.000000e+00 8.700000e+01 8.000000e+00 5.000000e+00 7.400000e+01 7.103034e+01
1.000000e+00 4.000000e+00 8.700000e+01 8.000000e+00 4.000000e+00 7.100000e+01 7.083432e+01
1.000000e+00 7.000000e+00 9.600000e+01 6.000000e+00 9.000000e+00 9.200000e+01 8.855821e+01
1.000000e+00 9.000000e+00 8.100000e+01 9.000000e+00 8.000000e+00 7.800000e+01 8.023319e+01
1.000000e+00 4.000000e+00 8.000000e+01 9.000000e+00 6.000000e+00 6.400000e+01 6.458413e+01
1.000000e+00 4.000000e+00 5.000000e+01 4.000000e+00 5.000000e+00 3.700000e+01 3.149807e+01
1.000000e+00 6.000000e+00 6.400000e+01 7.000000e+00 4.000000e+00 4.900000e+01 5.266435e+01
1.000000e+00 6.000000e+00 6.500000e+01 8.000000e+00 4.000000e+00 5.300000e+01 5.415765e+01
1.000000e+00 7.000000e+00 9.700000e+01 8.000000e+00 9.000000e+00 9.500000e+01 9.052787e+01
1.000000e+00 1.000000e+00 7.500000e+01 8.000000e+00 8.000000e+00 5.000000e+01 5.087104e+01
1.000000e+00 3.000000e+00 8.100000e+01 6.000000e+00 9.000000e+00 6.200000e+01 6.191202e+01
1.000000e+00 9.000000e+00 7.400000e+01 8.000000e+00 5.000000e+00 7.400000e+01 7.205019e+01
1.000000e+00 6.000000e+00 7.700000e+01 9.000000e+00 3.000000e+00 7.000000e+01 6.664129e+01
1.000000e+00 6.000000e+00 4.200000e+01 5.000000e+00 3.000000e+00 2.900000e+01 2.914290e+01
1.000000e+00 5.000000e+00 9.800000e+01 6.000000e+00 3.000000e+00 8.100000e+01 8.371996e+01
1.000000e+00 3.000000e+00 8.000000e+01 4.000000e+00 5.000000e+00 5.800000e+01 5.915829e+01
1.000000e+00 5.000000e+00 7.400000e+01 5.000000e+00 0.000000e+00 5.700000e+01 5.824896e+01
1.000000e+00 1.000000e+00 8.900000e+01 6.000000e+00 8.000000e+00 6.100000e+01 6.415550e+01
1.000000e+00 3.000000e+00 7.900000e+01 6.000000e+00 1.000000e+00 5.600000e+01 5.831001e+01
1.000000e+00 4.000000e+00 6.100000e+01 7.000000e+00 1.000000e+00 4.400000e+01 4.332944e+01
1.000000e+00 5.000000e+00 4.700000e+01 5.000000e+00 4.000000e+00 3.000000e+01 3.157561e+01
1.000000e+00 9.000000e+00 5.400000e+01 5.000000e+00 3.000000e+00 5.300000e+01 4.989025e+01
1.000000e+00 4.000000e+00 8.400000e+01 9.000000e+00 2.000000e+00 6.700000e+01 6.786783e+01
1.000000e+00 3.000000e+00 4.600000e+01 5.000000e+00 4.000000e+00 2.100000e+01 2.486263e+01
1.000000e+00 1.000000e+00 5.800000e+01 8.000000e+00 6.000000e+00 3.500000e+01 3.319100e+01
1.000000e+00 6.000000e+00 7.900000e+01 9.000000e+00 9.000000e+00 7.700000e+01 6.985127e+01
1.000000e+00 7.000000e+00 8.100000e+01 8.000000e+00 1.000000e+00 7.200000e+01 7.268868e+01
1.000000e+00 8.000000e+00 5.600000e+01 9.000000e+00 5.000000e+00 5.200000e+01 5.137359e+01
1.000000e+00 1.000000e+00 4.000000e+01 4.000000e+00 3.000000e+00 1.500000e+01 1.239257e+01
1.000000e+00 4.000000e+00 8.400000e+01 9.000000e+00 1.000000e+00 6.700000e+01 6.767181e+01
1.000000e+00 5.000000e+00 6.800000e+01 4.000000e+00 0.000000e+00 5.500000e+01 5.167095e+01
1.000000e+00 2.000000e+00 9.700000e+01 9.000000e+00 7.000000e+00 7.300000e+01 7.637211e+01
1.000000e+00 1.000000e+00 5.200000e+01 4.000000e+00 4.000000e+00 2.500000e+01 2.479188e+01
1.000000e+00 8.000000e+00 9.500000e+01 8.000000e+00 9.000000e+00 9.000000e+01 9.134200e+01
1.000000e+00 6.000000e+00 8.700000e+01 9.000000e+00 1.000000e+00 7.400000e+01 7.641867e+01
1.000000e+00 5.000000e+00 6.800000e+01 7.000000e+00 7.000000e+00 5.300000e+01 5.447214e+01
1.000000e+00 9.000000e+00 8.000000e+01 9.000000e+00 2.000000e+00 7.900000e+01 7.804015e+01
1.000000e+00 2.000000e+00 8.100000e+01 4.000000e+00 6.000000e+00 5.900000e+01 5.752323e+01
1.000000e+00 8.000000e+00 4.500000e+01 6.000000e+00 1.000000e+00 4.000000e+01 3.797409e+01
1.000000e+00 9.000000e+00 4.400000e+01 8.000000e+00 6.000000e+00 3.900000e+01 4.173797e+01
1.000000e+00 1.000000e+00 7.300000e+01 7.000000e+00 3.000000e+00 4.900000e+01 4.738072e+01
1.000000e+00 7.000000e+00 5.000000e+01 6.000000e+00 9.000000e+00 4.100000e+01 4.177891e+01
1.000000e+00 8.000000e+00 4.800000e+01 6.000000e+00 0.000000e+00 3.900000e+01 4.082890e+01
1.000000e+00 3.000000e+00 7.700000e+01 8.000000e+00 4.000000e+00 5.700000e+01 5.781689e+01
1.000000e+00 4.000000e+00 7.900000e+01 9.000000e+00 3.000000e+00 6.600000e+01 6.297914e+01
1.000000e+00 3.000000e+00 8.000000e+01 5.000000e+00 7.000000e+00 5.900000e+01 6.002668e+01
1.000000e+00 7.000000e+00 4.800000e+01 7.000000e+00 0.000000e+00 4.000000e+01 3.845724e+01
1.000000e+00 9.000000e+00 4.700000e+01 9.000000e+00 1.000000e+00 4.700000e+01 4.428507e+01
1.000000e+00 3.000000e+00 8.300000e+01 8.000000e+00 4.000000e+00 6.500000e+01 6.391854e+01
1.000000e+00 6.000000e+00 9.700000e+01 5.000000e+00 9.000000e+00 8.600000e+01 8.625077e+01
1.000000e+00 8.000000e+00 7.900000e+01 8.000000e+00 9.000000e+00 7.500000e+01 7.507094e+01
1.000000e+00 6.000000e+00 4.200000e+01 8.000000e+00 1.000000e+00 3.000000e+01 3.017995e+01
1.000000e+00 2.000000e+00 5.200000e+01 6.000000e+00 0.000000e+00 2.600000e+01 2.780856e+01
1.000000e+00 7.000000e+00 5.800000e+01 9.000000e+00 5.000000e+00 4.900000e+01 5.055945e+01
1.000000e+00 2.000000e+00 7.300000e+01 8.000000e+00 9.000000e+00 5.200000e+01 5.188119e+01
1.000000e+00 2.000000e+00 7.100000e+01 9.000000e+00 3.000000e+00 4.700000e+01 4.914757e+01
1.000000e+00 2.000000e+00 8.800000e+01 5.000000e+00 4.000000e+00 6.400000e+01 6.472615e+01
1.000000e+00 1.000000e+00 5.500000e+01 6.000000e+00 2.000000e+00 2.800000e+01 2.840340e+01
1.000000e+00 1.000000e+00 7.500000e+01 5.000000e+00 9.000000e+00 4.800000e+01 4.963797e+01
1.000000e+00 7.000000e+00 5.700000e+01 5.000000e+00 5.000000e+00 4.700000e+01 4.763707e+01
1.000000e+00 5.000000e+00 5.300000e+01 6.000000e+00 3.000000e+00 3.700000e+01 3.795760e+01
1.000000e+00 3.000000e+00 6.900000e+01 9.000000e+00 5.000000e+00 5.400000e+01 5.035374e+01
1.000000e+00 1.000000e+00 4.100000e+01 5.000000e+00 4.000000e+00 1.800000e+01 1.408189e+01
1.000000e+00 6.000000e+00 5.200000e+01 4.000000e+00 1.000000e+00 3.700000e+01 3.844393e+01
1.000000e+00 1.000000e+00 6.600000e+01 9.000000e+00 3.000000e+00 4.100000e+01 4.121485e+01
1.000000e+00 9.000000e+00 9.800000e+01 8.000000e+00 1.000000e+00 9.600000e+01 9.567272e+01
1.000000e+00 2.000000e+00 9.200000e+01 6.000000e+00 4.000000e+00 6.900000e+01 6.927027e+01
1.000000e+00 1.000000e+00 9.100000e+01 6.000000e+00 2.000000e+00 6.400000e+01 6.501328e+01
1.000000e+00 7.000000e+00 5.600000e+01 9.000000e+00 5.000000e+00 4.800000e+01 4.852557e+01
1.000000e+00 6.000000e+00 7.000000e+01 4.000000e+00 4.000000e+00 5.900000e+01 5.733692e+01
1.000000e+00 6.000000e+00 5.400000e+01 4.000000e+00 1.000000e+00 3.900000e+01 4.047781e+01
1.000000e+00 5.000000e+00 9.600000e+01 4.000000e+00 9.000000e+00 8.000000e+01 8.190945e+01
1.000000e+00 4.000000e+00 5.900000e+01 4.000000e+00 7.000000e+00 3.800000e+01 4.104258e+01
1.000000e+00 4.000000e+00 4.400000e+01 7.000000e+00 5.000000e+00 2.600000e+01 2.682550e+01
1.000000e+00 3.000000e+00 4.600000e+01 6.000000e+00 8.000000e+00 2.700000e+01 2.612306e+01
1.000000e+00 8.000000e+00 5.700000e+01 5.000000e+00 2.000000e+00 5.000000e+01 4.989704e+01
1.000000e+00 7.000000e+00 9.500000e+01 6.000000e+00 3.000000e+00 8.900000e+01 8.636517e+01
1.000000e+00 9.000000e+00 5.000000e+01 6.000000e+00 7.000000e+00 4.500000e+01 4.708291e+01
1.000000e+00 1.000000e+00 7.100000e+01 6.000000e+00 6.000000e+00 4.200000e+01 4.545852e+01
1.000000e+00 7.000000e+00 8.900000e+01 4.000000e+00 7.000000e+00 8.000000e+01 8.009487e+01
1.000000e+00 4.000000e+00 6.600000e+01 4.000000e+00 8.000000e+00 4.800000e+01 4.835718e+01
1.000000e+00 7.000000e+00 6.500000e+01 7.000000e+00 7.000000e+00 5.900000e+01 5.711736e+01
1.000000e+00 1.000000e+00 7.600000e+01 9.000000e+00 7.000000e+00 5.300000e+01 5.216832e+01
1.000000e+00 5.000000e+00 8.400000e+01 6.000000e+00 5.000000e+00 7.200000e+01 6.987481e+01
1.000000e+00 3.000000e+00 6.700000e+01 8.000000e+00 1.000000e+00 4.600000e+01 4.705943e+01
1.000000e+00 5.000000e+00 8.900000e+01 9.000000e+00 6.000000e+00 7.500000e+01 7.658461e+01
1.000000e+00 4.000000e+00 4.100000e+01 7.000000e+00 3.000000e+00 2.500000e+01 2.338265e+01
1.000000e+00 2.000000e+00 5.900000e+01 4.000000e+00 2.000000e+00 3.600000e+01 3.436646e+01
1.000000e+00 4.000000e+00 4.300000e+01 6.000000e+00 3.000000e+00 2.400000e+01 2.494017e+01
1.000000e+00 3.000000e+00 5.200000e+01 4.000000e+00 3.000000e+00 3.100000e+01 3.029190e+01
1.000000e+00 1.000000e+00 6.300000e+01 9.000000e+00 2.000000e+00 3.900000e+01 3.796801e+01
1.000000e+00 8.000000e+00 8.700000e+01 5.000000e+00 8.000000e+00 8.100000e+01 8.158138e+01
1.000000e+00 5.000000e+00 7.700000e+01 4.000000e+00 2.000000e+00 6.300000e+01 6.121546e+01
1.000000e+00 4.000000e+00 9.700000e+01 4.000000e+00 1.000000e+00 8.100000e+01 7.851025e+01
1.000000e+00 5.000000e+00 7.900000e+01 7.000000e+00 0.000000e+00 6.300000e+01 6.428639e+01
1.000000e+00 4.000000e+00 8.700000e+01 5.000000e+00 0.000000e+00 6.900000e+01 6.862118e+01
1.000000e+00 3.000000e+00 8.400000e+01 9.000000e+00 4.000000e+00 6.600000e+01 6.541184e+01
1.000000e+00 5.000000e+00 9.400000e+01 8.000000e+00 4.000000e+00 8.000000e+01 8.080093e+01
1.000000e+00 4.000000e+00 6.800000e+01 8.000000e+00 8.000000e+00 5.200000e+01 5.229650e+01
1.000000e+00 1.000000e+00 9.700000e+01 8.000000e+00 3.000000e+00 6.800000e+01 7.226367e+01
1.000000e+00 3.000000e+00 7.500000e+01 6.000000e+00 4.000000e+00 5.700000e+01 5.483029e+01
1.000000e+00 8.000000e+00 4.100000e+01 8.000000e+00 5.000000e+00 3.700000e+01 3.564311e+01
1.000000e+00 7.000000e+00 8.000000e+01 6.000000e+00 9.000000e+00 6.800000e+01 7.228715e+01
1.000000e+00 2.000000e+00 5.700000e+01 9.000000e+00 6.000000e+00 3.500000e+01 3.549844e+01
1.000000e+00 1.000000e+00 8.800000e+01 9.000000e+00 8.000000e+00 6.500000e+01 6.456763e+01
1.000000e+00 3.000000e+00 4.700000e+01 4.000000e+00 5.000000e+00 2.800000e+01 2.559923e+01
1.000000e+00 5.000000e+00 9.700000e+01 8.000000e+00 0.000000e+00 8.200000e+01 8.306769e+01
1.000000e+00 1.000000e+00 5.400000e+01 7.000000e+00 7.000000e+00 2.900000e+01 2.884289e+01
1.000000e+00 3.000000e+00 8.000000e+01 9.000000e+00 1.000000e+00 6.200000e+01 6.075603e+01
1.000000e+00 3.000000e+00 5.600000e+01 5.000000e+00 8.000000e+00 3.500000e+01 3.581611e+01
1.000000e+00 5.000000e+00 6.200000e+01 5.000000e+00 6.000000e+00 5.100000e+01 4.722176e+01
1.000000e+00 3.000000e+00 4.100000e+01 9.000000e+00 6.000000e+00 2.200000e+01 2.207540e+01
1.000000e+00 9.000000e+00 4.500000e+01 4.000000e+00 9.000000e+00 4.200000e+01 4.143752e+01
1.000000e+00 1.000000e+00 6.800000e+01 5.000000e+00 9.000000e+00 4.500000e+01 4.251938e+01
1.000000e+00 4.000000e+00 6.600000e+01 5.000000e+00 4.000000e+00 4.800000e+01 4.804948e+01
1.000000e+00 4.000000e+00 7.600000e+01 4.000000e+00 7.000000e+00 6.100000e+01 5.833058e+01
1.000000e+00 1.000000e+00 8.800000e+01 4.000000e+00 9.000000e+00 5.900000e+01 6.238185e+01
1.000000e+00 2.000000e+00 7.300000e+01 4.000000e+00 0.000000e+00 5.000000e+01 4.821161e+01
1.000000e+00 1.000000e+00 5.700000e+01 7.000000e+00 2.000000e+00 3.300000e+01 3.091364e+01
1.000000e+00 6.000000e+00 8.100000e+01 4.000000e+00 8.000000e+00 6.500000e+01 6.930734e+01
1.000000e+00 3.000000e+00 4.900000e+01 4.000000e+00 0.000000e+00 2.600000e+01 2.665303e+01
1.000000e+00 7.000000e+00 7.700000e+01 4.000000e+00 7.000000e+00 6.900000e+01 6.789157e+01
1.000000e+00 5.000000e+00 9.800000e+01 9.000000e+00 5.000000e+00 8.700000e+01 8.554107e+01
1.000000e+00 9.000000e+00 8.300000e+01 8.000000e+00 9.000000e+00 8.500000e+01 8.198673e+01
1.000000e+00 7.000000e+00 5.600000e+01 9.000000e+00 4.000000e+00 4.600000e+01 4.832956e+01
1.000000e+00 4.000000e+00 9.800000e+01 8.000000e+00 5.000000e+00 8.200000e+01 8.221669e+01
1.000000e+00 5.000000e+00 5.200000e+01 7.000000e+00 4.000000e+00 3.600000e+01 3.761304e+01
1.000000e+00 5.000000e+00 9.100000e+01 7.000000e+00 8.000000e+00 7.700000e+01 7.805781e+01
1.000000e+00 5.000000e+00 9.900000e+01 5.000000e+00 1.000000e+00 8.500000e+01 8.386851e+01
1.000000e+00 9.000000e+00 8.700000e+01 9.000000e+00 9.000000e+00 8.500000e+01 8.653085e+01
1.000000e+00 3.000000e+00 8.100000e+01 8.000000e+00 5.000000e+00 6.200000e+01 6.208067e+01
1.000000e+00 6.000000e+00 6.600000e+01 7.000000e+00 3.000000e+00 5.400000e+01 5.450222e+01
1.000000e+00 8.000000e+00 9.200000e+01 7.000000e+00 2.000000e+00 8.900000e+01 8.644271e+01
1.000000e+00 9.000000e+00 4.100000e+01 9.000000e+00 4.000000e+00 3.500000e+01 3.877147e+01
1.000000e+00 7.000000e+00 7.300000e+01 5.000000e+00 1.000000e+00 6.500000e+01 6.312407e+01
1.000000e+00 3.000000e+00 7.000000e+01 4.000000e+00 2.000000e+00 5.200000e+01 4.840083e+01
1.000000e+00 1.000000e+00 6.200000e+01 6.000000e+00 6.000000e+00 3.700000e+01 3.630605e+01
1.000000e+00 4.000000e+00 4.600000e+01 5.000000e+00 0.000000e+00 2.700000e+01 2.692659e+01
1.000000e+00 6.000000e+00 7.700000e+01 6.000000e+00 1.000000e+00 6.000000e+01 6.482018e+01
1.000000e+00 3.000000e+00 7.200000e+01 5.000000e+00 2.000000e+00 5.200000e+01 5.091107e+01
1.000000e+00 1.000000e+00 5.100000e+01 5.000000e+00 9.000000e+00 2.800000e+01 2.523138e+01
1.000000e+00 6.000000e+00 8.400000e+01 4.000000e+00 6.000000e+00 7.200000e+01 7.196613e+01
1.000000e+00 1.000000e+00 5.100000e+01 7.000000e+00 3.000000e+00 2.300000e+01 2.500801e+01
1.000000e+00 9.000000e+00 5.800000e+01 8.000000e+00 7.000000e+00 5.900000e+01 5.617116e+01
1.000000e+00 1.000000e+00 4.800000e+01 5.000000e+00 7.000000e+00 2.000000e+01 2.178853e+01
1.000000e+00 6.000000e+00 4.900000e+01 4.000000e+00 0.000000e+00 3.800000e+01 3.519709e+01
1.000000e+00 1.000000e+00 5.600000e+01 6.000000e+00 4.000000e+00 3.100000e+01 2.981237e+01
1.000000e+00 7.000000e+00 8.900000e+01 9.000000e+00 0.000000e+00 8.100000e+01 8.110455e+01
1.000000e+00 3.000000e+00 7.900000e+01 9.000000e+00 6.000000e+00 6.600000e+01 6.071917e+01
1.000000e+00 6.000000e+00 7.800000e+01 7.000000e+00 3.000000e+00 6.800000e+01 6.670551e+01
1.000000e+00 7.000000e+00 8.000000e+01 9.000000e+00 7.000000e+00 7.500000e+01 7.332419e+01
1.000000e+00 1.000000e+00 4.900000e+01 5.000000e+00 7.000000e+00 2.400000e+01 2.280547e+01
1.000000e+00 1.000000e+00 5.100000e+01 6.000000e+00 8.000000e+00 2.600000e+01 2.551173e+01
1.000000e+00 5.000000e+00 5.400000e+01 5.000000e+00 5.000000e+00 3.900000e+01 3.889021e+01
1.000000e+00 6.000000e+00 7.000000e+01 9.000000e+00 6.000000e+00 6.100000e+01 6.011075e+01
1.000000e+00 9.000000e+00 5.400000e+01 8.000000e+00 6.000000e+00 5.200000e+01 5.190738e+01
1.000000e+00 1.000000e+00 6.700000e+01 9.000000e+00 4.000000e+00 3.800000e+01 4.242780e+01
1.000000e+00 4.000000e+00 4.300000e+01 8.000000e+00 6.000000e+00 2.500000e+01 2.648094e+01
1.000000e+00 8.000000e+00 7.500000e+01 9.000000e+00 8.000000e+00 7.300000e+01 7.128352e+01
1.000000e+00 9.000000e+00 9.400000e+01 7.000000e+00 3.000000e+00 9.300000e+01 9.152063e+01
1.000000e+00 3.000000e+00 4.000000e+01 6.000000e+00 1.000000e+00 1.600000e+01 1.864930e+01
1.000000e+00 2.000000e+00 9.700000e+01 8.000000e+00 7.000000e+00 7.500000e+01 7.589575e+01
1.000000e+00 4.000000e+00 8.300000e+01 4.000000e+00 6.000000e+00 6.400000e+01 6.525315e+01
1.000000e+00 2.000000e+00 9.600000e+01 7.000000e+00 5.000000e+00 7.700000e+01 7.401042e+01
1.000000e+00 1.000000e+00 7.300000e+01 5.000000e+00 6.000000e+00 4.400000e+01 4.701604e+01
1.000000e+00 3.000000e+00 8.600000e+01 9.000000e+00 2.000000e+00 6.600000e+01 6.705369e+01
1.000000e+00 7.000000e+00 5.600000e+01 6.000000e+00 5.000000e+00 4.800000e+01 4.709649e+01
1.000000e+00 1.000000e+00 7.800000e+01 6.000000e+00 9.000000e+00 5.000000e+01 5.316516e+01
1.000000e+00 2.000000e+00 7.700000e+01 9.000000e+00 6.000000e+00 5.600000e+01 5.583727e+01
1.000000e+00 1.000000e+00 8.300000e+01 4.000000e+00 6.000000e+00 5.500000e+01 5.670910e+01
1.000000e+00 8.000000e+00 9.000000e+01 8.000000e+00 4.000000e+00 8.300000e+01 8.527722e+01
1.000000e+00 5.000000e+00 7.200000e+01 9.000000e+00 2.000000e+00 5.800000e+01 5.851255e+01
1.000000e+00 8.000000e+00 9.900000e+01 6.000000e+00 1.000000e+00 9.300000e+01 9.288892e+01
1.000000e+00 3.000000e+00 6.000000e+01 4.000000e+00 6.000000e+00 3.800000e+01 3.901548e+01
1.000000e+00 7.000000e+00 6.500000e+01 4.000000e+00 3.000000e+00 5.500000e+01 5.490421e+01
1.000000e+00 8.000000e+00 8.500000e+01 5.000000e+00 1.000000e+00 8.000000e+01 7.817538e+01
1.000000e+00 6.000000e+00 7.500000e+01 4.000000e+00 7.000000e+00 6.400000e+01 6.300967e+01
1.000000e+00 7.000000e+00 4.400000e+01 7.000000e+00 1.000000e+00 3.700000e+01 3.458549e+01
1.000000e+00 2.000000e+00 7.200000e+01 6.000000e+00 5.000000e+00 4.900000e+01 4.912746e+01
1.000000e+00 8.000000e+00 4.000000e+01 7.000000e+00 3.000000e+00 3.300000e+01 3.375778e+01
1.000000e+00 5.000000e+00 9.200000e+01 4.000000e+00 8.000000e+00 7.800000e+01 7.764567e+01
1.000000e+00 7.000000e+00 4.500000e+01 4.000000e+00 4.000000e+00 3.100000e+01 3.476140e+01
1.000000e+00 1.000000e+00 7.600000e+01 7.000000e+00 3.000000e+00 5.300000e+01 5.043154e+01
1.000000e+00 5.000000e+00 4.100000e+01 5.000000e+00 7.000000e+00 2.500000e+01 2.606201e+01
1.000000e+00 1.000000e+00 9.600000e+01 4.000000e+00 2.000000e+00 6.900000e+01 6.914527e+01
1.000000e+00 8.000000e+00 9.200000e+01 7.000000e+00 8.000000e+00 8.900000e+01 8.761880e+01
1.000000e+00 4.000000e+00 9.800000e+01 7.000000e+00 7.000000e+00 8.000000e+01 8.213237e+01
1.000000e+00 4.000000e+00 9.800000e+01 6.000000e+00 7.000000e+00 8.000000e+01 8.165601e+01
1.000000e+00 2.000000e+00 4.400000e+01 5.000000e+00 9.000000e+00 2.200000e+01 2.096081e+01
1.000000e+00 5.000000e+00 6.500000e+01 8.000000e+00 4.000000e+00 5.200000e+01 5.130963e+01
1.000000e+00 1.000000e+00 8.000000e+01 7.000000e+00 0.000000e+00 5.900000e+01 5.391126e+01
1.000000e+00 9.000000e+00 9.000000e+01 6.000000e+00 9.000000e+00 8.800000e+01 8.815260e+01
1.000000e+00 5.000000e+00 9.200000e+01 8.000000e+00 8.000000e+00 8.100000e+01 7.955111e+01
1.000000e+00 6.000000e+00 8.600000e+01 6.000000e+00 1.000000e+00 7.900000e+01 7.397265e+01
1.000000e+00 2.000000e+00 5.200000e+01 6.000000e+00 0.000000e+00 2.800000e+01 2.780856e+01
1.000000e+00 1.000000e+00 5.100000e+01 9.000000e+00 5.000000e+00 2.800000e+01 2.635276e+01
1.000000e+00 4.000000e+00 4.400000e+01 5.000000e+00 0.000000e+00 1.900000e+01 2.489270e+01
1.000000e+00 7.000000e+00 4.100000e+01 4.000000e+00 9.000000e+00 3.100000e+01 3.167372e+01
1.000000e+00 6.000000e+00 9.800000e+01 5.000000e+00 9.000000e+00 8.700000e+01 8.726771e+01
1.000000e+00 1.000000e+00 4.300000e+01 8.000000e+00 9.000000e+00 1.700000e+01 1.852493e+01
1.000000e+00 1.000000e+00 9.800000e+01 9.000000e+00 6.000000e+00 7.500000e+01 7.434502e+01
1.000000e+00 8.000000e+00 6.600000e+01 5.000000e+00 6.000000e+00 6.100000e+01 5.983358e+01
1.000000e+00 4.000000e+00 8.900000e+01 4.000000e+00 0.000000e+00 7.200000e+01 7.017870e+01
1.000000e+00 5.000000e+00 9.200000e+01 5.000000e+00 9.000000e+00 7.800000e+01 7.831805e+01
1.000000e+00 7.000000e+00 4.900000e+01 5.000000e+00 4.000000e+00 3.600000e+01 3.930553e+01
1.000000e+00 8.000000e+00 5.200000e+01 5.000000e+00 2.000000e+00 4.500000e+01 4.481234e+01
1.000000e+00 7.000000e+00 8.300000e+01 7.000000e+00 1.000000e+00 7.400000e+01 7.424620e+01
1.000000e+00 2.000000e+00 4.100000e+01 7.000000e+00 4.000000e+00 1.700000e+01 1.788263e+01
1.000000e+00 4.000000e+00 6.500000e+01 5.000000e+00 4.000000e+00 4.700000e+01 4.703253e+01
1.000000e+00 1.000000e+00 5.400000e+01 4.000000e+00 1.000000e+00 2.500000e+01 2.623772e+01
1.000000e+00 9.000000e+00 8.500000e+01 4.000000e+00 5.000000e+00 8.100000e+01 8.133111e+01
1.000000e+00 3.000000e+00 9.600000e+01 4.000000e+00 6.000000e+00 7.400000e+01 7.562537e+01
1.000000e+00 3.000000e+00 4.900000e+01 4.000000e+00 0.000000e+00 3.000000e+01 2.665303e+01
1.000000e+00 9.000000e+00 6.100000e+01 9.000000e+00 2.000000e+00 5.900000e+01 5.871827e+01
1.000000e+00 3.000000e+00 7.900000e+01 9.000000e+00 3.000000e+00 6.000000e+01 6.013112e+01
1.000000e+00 8.000000e+00 6.400000e+01 6.000000e+00 1.000000e+00 5.800000e+01 5.729598e+01
1.000000e+00 2.000000e+00 5.400000e+01 5.000000e+00 9.000000e+00 2.800000e+01 3.113022e+01
1.000000e+00 3.000000e+00 5.200000e+01 5.000000e+00 4.000000e+00 3.300000e+01 3.096428e+01
1.000000e+00 2.000000e+00 4.700000e+01 6.000000e+00 3.000000e+00 3.000000e+01 2.331190e+01
1.000000e+00 1.000000e+00 6.000000e+01 4.000000e+00 1.000000e+00 3.100000e+01 3.233937e+01
1.000000e+00 2.000000e+00 6.000000e+01 8.000000e+00 0.000000e+00 3.600000e+01 3.689681e+01
1.000000e+00 8.000000e+00 6.100000e+01 8.000000e+00 7.000000e+00 5.600000e+01 5.637397e+01
1.000000e+00 9.000000e+00 8.500000e+01 6.000000e+00 1.000000e+00 8.200000e+01 8.149976e+01
1.000000e+00 2.000000e+00 7.200000e+01 8.000000e+00 3.000000e+00 5.000000e+01 4.968815e+01
1.000000e+00 7.000000e+00 8.400000e+01 7.000000e+00 9.000000e+00 7.600000e+01 7.683127e+01
1.000000e+00 5.000000e+00 6.600000e+01 5.000000e+00 4.000000e+00 5.200000e+01 5.089749e+01
1.000000e+00 3.000000e+00 7.900000e+01 8.000000e+00 1.000000e+00 6.000000e+01 5.926273e+01
1.000000e+00 9.000000e+00 8.900000e+01 9.000000e+00 9.000000e+00 9.100000e+01 8.856473e+01
1.000000e+00 6.000000e+00 6.100000e+01 9.000000e+00 8.000000e+00 5.200000e+01 5.135031e+01
1.000000e+00 1.000000e+00 6.900000e+01 7.000000e+00 1.000000e+00 4.300000e+01 4.292092e+01
1.000000e+00 5.000000e+00 4.800000e+01 5.000000e+00 5.000000e+00 3.200000e+01 3.278857e+01
1.000000e+00 7.000000e+00 8.400000e+01 7.000000e+00 6.000000e+00 7.700000e+01 7.624322e+01
1.000000e+00 4.000000e+00 7.400000e+01 5.000000e+00 5.000000e+00 5.500000e+01 5.638102e+01
1.000000e+00 8.000000e+00 5.700000e+01 5.000000e+00 3.000000e+00 5.200000e+01 5.009306e+01
1.000000e+00 5.000000e+00 8.100000e+01 8.000000e+00 0.000000e+00 6.800000e+01 6.679663e+01
1.000000e+00 9.000000e+00 4.400000e+01 9.000000e+00 1.000000e+00 4.100000e+01 4.123425e+01
1.000000e+00 9.000000e+00 6.600000e+01 6.000000e+00 9.000000e+00 6.300000e+01 6.374600e+01
1.000000e+00 9.000000e+00 9.600000e+01 8.000000e+00 9.000000e+00 9.900000e+01 9.520696e+01
1.000000e+00 1.000000e+00 4.500000e+01 4.000000e+00 5.000000e+00 1.700000e+01 1.786931e+01
1.000000e+00 2.000000e+00 7.100000e+01 7.000000e+00 7.000000e+00 4.700000e+01 4.897891e+01
1.000000e+00 3.000000e+00 4.700000e+01 4.000000e+00 2.000000e+00 2.400000e+01 2.501118e+01
1.000000e+00 4.000000e+00 9.500000e+01 5.000000e+00 6.000000e+00 8.000000e+01 7.793281e+01
1.000000e+00 9.000000e+00 7.800000e+01 8.000000e+00 8.000000e+00 7.900000e+01 7.670600e+01
1.000000e+00 6.000000e+00 6.000000e+01 4.000000e+00 3.000000e+00 4.900000e+01 4.697149e+01
1.000000e+00 1.000000e+00 5.700000e+01 4.000000e+00 6.000000e+00 2.700000e+01 3.026862e+01
1.000000e+00 9.000000e+00 5.300000e+01 9.000000e+00 6.000000e+00 5.100000e+01 5.136680e+01
1.000000e+00 6.000000e+00 5.400000e+01 4.000000e+00 9.000000e+00 4.100000e+01 4.204594e+01
1.000000e+00 4.000000e+00 8.100000e+01 9.000000e+00 8.000000e+00 6.700000e+01 6.599310e+01
1.000000e+00 4.000000e+00 6.500000e+01 9.000000e+00 2.000000e+00 4.800000e+01 4.854594e+01
1.000000e+00 3.000000e+00 9.200000e+01 5.000000e+00 0.000000e+00 7.200000e+01 7.085787e+01
1.000000e+00 7.000000e+00 8.300000e+01 9.000000e+00 7.000000e+00 7.500000e+01 7.637502e+01
1.000000e+00 3.000000e+00 7.100000e+01 5.000000e+00 3.000000e+00 4.800000e+01 5.009015e+01
1.000000e+00 2.000000e+00 7.800000e+01 9.000000e+00 1.000000e+00 5.800000e+01 5.587413e+01
1.000000e+00 8.000000e+00 6.700000e+01 9.000000e+00 4.000000e+00 6.200000e+01 6.236393e+01
1.000000e+00 4.000000e+00 9.900000e+01 5.000000e+00 3.000000e+00 8.300000e+01 8.141252e+01
1.000000e+00 8.000000e+00 7.800000e+01 4.000000e+00 0.000000e+00 6.800000e+01 7.038442e+01
1.000000e+00 1.000000e+00 8.200000e+01 7.000000e+00 6.000000e+00 5.500000e+01 5.712124e+01
1.000000e+00 5.000000e+00 7.100000e+01 8.000000e+00 3.000000e+00 5.500000e+01 5.721526e+01
1.000000e+00 9.000000e+00 5.200000e+01 8.000000e+00 7.000000e+00 4.900000e+01 5.006951e+01
1.000000e+00 1.000000e+00 5.400000e+01 5.000000e+00 8.000000e+00 2.700000e+01 2.808619e+01
1.000000e+00 4.000000e+00 5.700000e+01 4.000000e+00 7.000000e+00 3.800000e+01 3.900869e+01
1.000000e+00 6.000000e+00 7.800000e+01 7.000000e+00 0.000000e+00 6.600000e+01 6.611746e+01
1.000000e+00 8.000000e+00 4.500000e+01 6.000000e+00 7.000000e+00 3.700000e+01 3.915019e+01
1.000000e+00 3.000000e+00 9.400000e+01 5.000000e+00 4.000000e+00 7.200000e+01 7.367582e+01
1.000000e+00 5.000000e+00 5.000000e+01 6.000000e+00 0.000000e+00 3.400000e+01 3.431873e+01
1.000000e+00 7.000000e+00 7.100000e+01 8.000000e+00 8.000000e+00 6.800000e+01 6.389138e+01
1.000000e+00 1.000000e+00 7.900000e+01 8.000000e+00 8.000000e+00 5.600000e+01 5.493880e+01
1.000000e+00 7.000000e+00 5.900000e+01 7.000000e+00 6.000000e+00 5.200000e+01 5.081969e+01
1.000000e+00 8.000000e+00 7.200000e+01 7.000000e+00 6.000000e+00 6.700000e+01 6.688795e+01
1.000000e+00 8.000000e+00 7.900000e+01 6.000000e+00 0.000000e+00 6.900000e+01 7.235408e+01
1.000000e+00 9.000000e+00 4.700000e+01 8.000000e+00 8.000000e+00 4.500000e+01 4.518082e+01
1.000000e+00 6.000000e+00 9.000000e+01 7.000000e+00 0.000000e+00 7.600000e+01 7.832076e+01
1.000000e+00 6.000000e+00 7.400000e+01 7.000000e+00 6.000000e+00 6.500000e+01 6.322579e+01
1.000000e+00 2.000000e+00 4.400000e+01 8.000000e+00 8.000000e+00 2.600000e+01 2.219387e+01
1.000000e+00 3.000000e+00 7.400000e+01 8.000000e+00 8.000000e+00 5.400000e+01 5.555013e+01
1.000000e+00 4.000000e+00 8.600000e+01 4.000000e+00 4.000000e+00 6.800000e+01 6.791194e+01
1.000000e+00 4.000000e+00 5.300000e+01 9.000000e+00 5.000000e+00 3.400000e+01 3.693069e+01
1.000000e+00 8.000000e+00 6.000000e+01 7.000000e+00 1.000000e+00 5.600000e+01 5.370457e+01
1.000000e+00 1.000000e+00 8.600000e+01 6.000000e+00 1.000000e+00 6.300000e+01 5.973256e+01
1.000000e+00 4.000000e+00 6.300000e+01 5.000000e+00 9.000000e+00 4.700000e+01 4.597873e+01
1.000000e+00 4.000000e+00 5.600000e+01 5.000000e+00 8.000000e+00 4.000000e+01 3.866413e+01
1.000000e+00 1.000000e+00 5.700000e+01 8.000000e+00 0.000000e+00 3.100000e+01 3.099797e+01
1.000000e+00 3.000000e+00 7.300000e+01 9.000000e+00 9.000000e+00 5.600000e+01 5.520557e+01
1.000000e+00 5.000000e+00 5.100000e+01 6.000000e+00 4.000000e+00 3.600000e+01 3.611973e+01
1.000000e+00 6.000000e+00 5.500000e+01 4.000000e+00 6.000000e+00 4.100000e+01 4.247483e+01
1.000000e+00 9.000000e+00 4.300000e+01 7.000000e+00 9.000000e+00 4.300000e+01 4.083271e+01
1.000000e+00 9.000000e+00 6.400000e+01 4.000000e+00 5.000000e+00 6.100000e+01 5.997534e+01
1.000000e+00 9.000000e+00 7.300000e+01 6.000000e+00 5.000000e+00 6.900000e+01 7.008053e+01
1.000000e+00 1.000000e+00 6.700000e+01 4.000000e+00 5.000000e+00 4.400000e+01 4.024202e+01
1.000000e+00 9.000000e+00 8.500000e+01 8.000000e+00 7.000000e+00 8.200000e+01 8.362858e+01
1.000000e+00 8.000000e+00 5.000000e+01 5.000000e+00 6.000000e+00 4.800000e+01 4.356252e+01
1.000000e+00 2.000000e+00 5.200000e+01 8.000000e+00 4.000000e+00 2.700000e+01 2.954534e+01
1.000000e+00 1.000000e+00 7.000000e+01 7.000000e+00 9.000000e+00 4.500000e+01 4.550599e+01
1.000000e+00 1.000000e+00 9.900000e+01 8.000000e+00 1.000000e+00 7.500000e+01 7.390552e+01
1.000000e+00 6.000000e+00 6.400000e+01 6.000000e+00 9.000000e+00 5.400000e+01 5.316807e+01
1.000000e+00 9.000000e+00 7.800000e+01 6.000000e+00 5.000000e+00 7.600000e+01 7.516524e+01
1.000000e+00 7.000000e+00 4.900000e+01 7.000000e+00 9.000000e+00 4.400000e+01 4.123833e+01
1.000000e+00 5.000000e+00 6.300000e+01 7.000000e+00 4.000000e+00 5.000000e+01 4.879939e+01
1.000000e+00 2.000000e+00 4.000000e+01 5.000000e+00 3.000000e+00 1.700000e+01 1.571695e+01
1.000000e+00 1.000000e+00 9.200000e+01 4.000000e+00 9.000000e+00 6.600000e+01 6.644962e+01
1.000000e+00 2.000000e+00 6.400000e+01 5.000000e+00 4.000000e+00 4.200000e+01 4.031956e+01
1.000000e+00 1.000000e+00 6.700000e+01 8.000000e+00 8.000000e+00 4.200000e+01 4.273551e+01
1.000000e+00 3.000000e+00 7.500000e+01 4.000000e+00 1.000000e+00 5.600000e+01 5.328952e+01
1.000000e+00 6.000000e+00 5.700000e+01 7.000000e+00 5.000000e+00 4.800000e+01 4.574178e+01
1.000000e+00 8.000000e+00 4.500000e+01 6.000000e+00 8.000000e+00 4.000000e+01 3.934620e+01
1.000000e+00 3.000000e+00 4.100000e+01 8.000000e+00 9.000000e+00 2.400000e+01 2.218708e+01
1.000000e+00 9.000000e+00 4.200000e+01 5.000000e+00 4.000000e+00 3.800000e+01 3.788297e+01
1.000000e+00 5.000000e+00 8.500000e+01 9.000000e+00 5.000000e+00 7.300000e+01 7.232083e+01
1.000000e+00 7.000000e+00 4.700000e+01 9.000000e+00 9.000000e+00 4.000000e+01 4.015716e+01
1.000000e+00 8.000000e+00 7.000000e+01 7.000000e+00 3.000000e+00 6.200000e+01 6.426602e+01
1.000000e+00 3.000000e+00 8.700000e+01 4.000000e+00 4.000000e+00 6.500000e+01 6.608087e+01
1.000000e+00 2.000000e+00 5.800000e+01 9.000000e+00 7.000000e+00 3.700000e+01 3.671140e+01
1.000000e+00 2.000000e+00 8.900000e+01 4.000000e+00 0.000000e+00 6.800000e+01 6.448267e+01
1.000000e+00 5.000000e+00 4.500000e+01 6.000000e+00 0.000000e+00 3.000000e+01 2.923402e+01
1.000000e+00 1.000000e+00 5.300000e+01 7.000000e+00 9.000000e+00 3.100000e+01 2.821798e+01
1.000000e+00 2.000000e+00 4.200000e+01 7.000000e+00 3.000000e+00 1.500000e+01 1.870355e+01
1.000000e+00 9.000000e+00 8.700000e+01 8.000000e+00 9.000000e+00 8.900000e+01 8.605449e+01
1.000000e+00 7.000000e+00 4.000000e+01 8.000000e+00 2.000000e+00 3.300000e+01 3.119010e+01
1.000000e+00 6.000000e+00 8.300000e+01 4.000000e+00 4.000000e+00 7.200000e+01 7.055715e+01
1.000000e+00 9.000000e+00 6.900000e+01 9.000000e+00 9.000000e+00 6.400000e+01 6.822591e+01
1.000000e+00 7.000000e+00 8.500000e+01 9.000000e+00 7.000000e+00 7.800000e+01 7.840890e+01
1.000000e+00 5.000000e+00 5.800000e+01 5.000000e+00 0.000000e+00 4.000000e+01 4.197790e+01
1.000000e+00 9.000000e+00 9.300000e+01 4.000000e+00 4.000000e+00 9.100000e+01 8.927062e+01
1.000000e+00 6.000000e+00 5.800000e+01 9.000000e+00 4.000000e+00 4.900000e+01 4.751542e+01
1.000000e+00 6.000000e+00 4.800000e+01 8.000000e+00 1.000000e+00 3.800000e+01 3.628160e+01
1.000000e+00 4.000000e+00 4.600000e+01 8.000000e+00 4.000000e+00 2.800000e+01 2.913973e+01
1.000000e+00 1.000000e+00 8.500000e+01 8.000000e+00 7.000000e+00 6.200000e+01 6.084443e+01
1.000000e+00 5.000000e+00 7.600000e+01 4.000000e+00 9.000000e+00 6.200000e+01 6.157063e+01
1.000000e+00 9.000000e+00 8.900000e+01 7.000000e+00 6.000000e+00 8.900000e+01 8.702397e+01
1.000000e+00 8.000000e+00 8.000000e+01 5.000000e+00 1.000000e+00 7.400000e+01 7.309068e+01
1.000000e+00 8.000000e+00 9.200000e+01 5.000000e+00 5.000000e+00 8.500000e+01 8.607804e+01
1.000000e+00 5.000000e+00 4.600000e+01 8.000000e+00 9.000000e+00 3.300000e+01 3.296783e+01
1.000000e+00 9.000000e+00 4.800000e+01 6.000000e+00 0.000000e+00 4.100000e+01 4.367692e+01
1.000000e+00 3.000000e+00 4.300000e+01 4.000000e+00 9.000000e+00 2.400000e+01 2.231553e+01
1.000000e+00 3.000000e+00 6.400000e+01 9.000000e+00 9.000000e+00 4.700000e+01 4.605309e+01
1.000000e+00 1.000000e+00 8.800000e+01 9.000000e+00 2.000000e+00 6.500000e+01 6.339154e+01
1.000000e+00 9.000000e+00 5.100000e+01 7.000000e+00 5.000000e+00 5.000000e+01 4.818418e+01
1.000000e+00 6.000000e+00 4.500000e+01 8.000000e+00 8.000000e+00 3.500000e+01 3.460289e+01
1.000000e+00 2.000000e+00 5.700000e+01 6.000000e+00 0.000000e+00 3.000000e+01 3.289327e+01
1.000000e+00 8.000000e+00 7.900000e+01 8.000000e+00 5.000000e+00 7.600000e+01 7.428688e+01
1.000000e+00 9.000000e+00 6.000000e+01 6.000000e+00 1.000000e+00 5.500000e+01 5.607623e+01
1.000000e+00 9.000000e+00 5.400000e+01 5.000000e+00 8.000000e+00 4.900000e+01 5.087033e+01
1.000000e+00 2.000000e+00 4.200000e+01 6.000000e+00 1.000000e+00 1.900000e+01 1.783516e+01
1.000000e+00 2.000000e+00 4.100000e+01 5.000000e+00 2.000000e+00 1.500000e+01 1.653788e+01
1.000000e+00 7.000000e+00 9.500000e+01 5.000000e+00 1.000000e+00 8.600000e+01 8.549678e+01
1.000000e+00 4.000000e+00 9.400000e+01 4.000000e+00 3.000000e+00 7.700000e+01 7.585146e+01
1.000000e+00 1.000000e+00 8.000000e+01 6.000000e+00 3.000000e+00 5.500000e+01 5.402295e+01
1.000000e+00 8.000000e+00 7.900000e+01 7.000000e+00 9.000000e+00 7.700000e+01 7.459458e+01
1.000000e+00 2.000000e+00 9.800000e+01 7.000000e+00 0.000000e+00 7.400000e+01 7.506422e+01
1.000000e+00 3.000000e+00 4.300000e+01 6.000000e+00 7.000000e+00 2.300000e+01 2.287622e+01
1.000000e+00 5.000000e+00 7.100000e+01 4.000000e+00 4.000000e+00 5.600000e+01 5.550584e+01
1.000000e+00 3.000000e+00 4.100000e+01 7.000000e+00 7.000000e+00 1.800000e+01 2.131869e+01
1.000000e+00 7.000000e+00 8.500000e+01 8.000000e+00 5.000000e+00 7.600000e+01 7.754051e+01
1.000000e+00 7.000000e+00 6.800000e+01 7.000000e+00 1.000000e+00 5.700000e+01 5.899208e+01
1.000000e+00 2.000000e+00 4.100000e+01 4.000000e+00 6.000000e+00 1.300000e+01 1.684558e+01
1.000000e+00 7.000000e+00 7.300000e+01 5.000000e+00 9.000000e+00 6.400000e+01 6.469220e+01
1.000000e+00 6.000000e+00 6.600000e+01 5.000000e+00 8.000000e+00 5.400000e+01 5.452958e+01
1.000000e+00 9.000000e+00 9.900000e+01 5.000000e+00 6.000000e+00 9.700000e+01 9.624066e+01
1.000000e+00 9.000000e+00 9.300000e+01 4.000000e+00 4.000000e+00 8.900000e+01 8.927062e+01
1.000000e+00 2.000000e+00 7.800000e+01 5.000000e+00 3.000000e+00 5.300000e+01 5.436072e+01
1.000000e+00 7.000000e+00 8.300000e+01 5.000000e+00 7.000000e+00 7.400000e+01 7.446958e+01
1.000000e+00 5.000000e+00 7.700000e+01 4.000000e+00 5.000000e+00 6.100000e+01 6.180350e+01
1.000000e+00 6.000000e+00 5.700000e+01 8.000000e+00 4.000000e+00 4.100000e+01 4.602212e+01
1.000000e+00 1.000000e+00 7.500000e+01 7.000000e+00 6.000000e+00 4.800000e+01 5.000265e+01
1.000000e+00 7.000000e+00 5.800000e+01 4.000000e+00 2.000000e+00 4.800000e+01 4.758961e+01
1.000000e+00 6.000000e+00 6.600000e+01 4.000000e+00 8.000000e+00 5.400000e+01 5.405322e+01
1.000000e+00 4.000000e+00 8.400000e+01 6.000000e+00 3.000000e+00 6.700000e+01 6.663476e+01
1.000000e+00 1.000000e+00 5.900000e+01 5.000000e+00 3.000000e+00 3.400000e+01 3.219082e+01
1.000000e+00 9.000000e+00 6.000000e+01 9.000000e+00 7.000000e+00 6.000000e+01 5.868140e+01
1.000000e+00 4.000000e+00 6.200000e+01 8.000000e+00 5.000000e+00 4.600000e+01 4.560681e+01
1.000000e+00 2.000000e+00 6.900000e+01 9.000000e+00 0.000000e+00 4.500000e+01 4.652564e+01
1.000000e+00 8.000000e+00 6.400000e+01 6.000000e+00 1.000000e+00 5.600000e+01 5.729598e+01
1.000000e+00 2.000000e+00 7.000000e+01 8.000000e+00 8.000000e+00 4.900000e+01 4.863435e+01
1.000000e+00 5.000000e+00 6.600000e+01 5.000000e+00 5.000000e+00 4.900000e+01 5.109351e+01
1.000000e+00 6.000000e+00 7.300000e+01 9.000000e+00 6.000000e+00 6.500000e+01 6.316157e+01
1.000000e+00 8.000000e+00 4.700000e+01 5.000000e+00 8.000000e+00 3.900000e+01 4.090373e+01
1.000000e+00 1.000000e+00 5.800000e+01 5.000000e+00 2.000000e+00 3.300000e+01 3.097786e+01
1.000000e+00 1.000000e+00 8.000000e+01 7.000000e+00 4.000000e+00 5.500000e+01 5.469532e+01
1.000000e+00 4.000000e+00 6.500000e+01 8.000000e+00 4.000000e+00 5.000000e+01 4.846161e+01
1.000000e+00 5.000000e+00 6.700000e+01 8.000000e+00 9.000000e+00 5.200000e+01 5.432359e+01
1.000000e+00 9.000000e+00 4.300000e+01 6.000000e+00 6.000000e+00 4.300000e+01 3.976831e+01
1.000000e+00 7.000000e+00 7.000000e+01 4.000000e+00 1.000000e+00 5.800000e+01 5.959689e+01
1.000000e+00 7.000000e+00 5.500000e+01 5.000000e+00 3.000000e+00 4.500000e+01 4.521116e+01
1.000000e+00 8.000000e+00 9.000000e+01 5.000000e+00 3.000000e+00 8.100000e+01 8.365212e+01
1.000000e+00 5.000000e+00 4.900000e+01 9.000000e+00 7.000000e+00 3.600000e+01 3.610298e+01
1.000000e+00 5.000000e+00 7.700000e+01 6.000000e+00 9.000000e+00 6.400000e+01 6.354029e+01
1.000000e+00 1.000000e+00 8.700000e+01 8.000000e+00 2.000000e+00 5.700000e+01 6.189824e+01
1.000000e+00 9.000000e+00 4.900000e+01 7.000000e+00 1.000000e+00 4.600000e+01 4.536623e+01
1.000000e+00 6.000000e+00 8.400000e+01 8.000000e+00 8.000000e+00 7.600000e+01 7.426360e+01
1.000000e+00 9.000000e+00 4.800000e+01 7.000000e+00 3.000000e+00 4.300000e+01 4.474133e+01
1.000000e+00 3.000000e+00 7.800000e+01 7.000000e+00 8.000000e+00 5.800000e+01 5.914154e+01
1.000000e+00 5.000000e+00 7.500000e+01 8.000000e+00 5.000000e+00 6.100000e+01 6.167506e+01
1.000000e+00 2.000000e+00 9.000000e+01 9.000000e+00 0.000000e+00 7.200000e+01 6.788141e+01
1.000000e+00 5.000000e+00 9.700000e+01 5.000000e+00 2.000000e+00 8.200000e+01 8.203064e+01
1.000000e+00 8.000000e+00 7.500000e+01 7.000000e+00 6.000000e+00 6.900000e+01 6.993877e+01
1.000000e+00 2.000000e+00 5.800000e+01 9.000000e+00 8.000000e+00 3.500000e+01 3.690741e+01
1.000000e+00 8.000000e+00 9.900000e+01 6.000000e+00 7.000000e+00 9.100000e+01 9.406502e+01
1.000000e+00 4.000000e+00 5.800000e+01 6.000000e+00 4.000000e+00 4.000000e+01 4.039031e+01
1.000000e+00 1.000000e+00 5.100000e+01 7.000000e+00 7.000000e+00 2.600000e+01 2.579207e+01
1.000000e+00 5.000000e+00 5.200000e+01 5.000000e+00 1.000000e+00 3.400000e+01 3.607227e+01
1.000000e+00 1.000000e+00 6.400000e+01 7.000000e+00 2.000000e+00 3.500000e+01 3.803223e+01
1.000000e+00 7.000000e+00 7.500000e+01 6.000000e+00 7.000000e+00 6.700000e+01 6.681041e+01
1.000000e+00 8.000000e+00 6.400000e+01 6.000000e+00 8.000000e+00 6.000000e+01 5.866809e+01
1.000000e+00 3.000000e+00 6.700000e+01 8.000000e+00 9.000000e+00 4.800000e+01 4.862756e+01
1.000000e+00 3.000000e+00 8.100000e+01 5.000000e+00 7.000000e+00 6.200000e+01 6.104363e+01
1.000000e+00 7.000000e+00 9.200000e+01 8.000000e+00 3.000000e+00 8.400000e+01 8.426707e+01
1.000000e+00 4.000000e+00 7.800000e+01 9.000000e+00 5.000000e+00 6.700000e+01 6.235423e+01
1.000000e+00 3.000000e+00 6.900000e+01 9.000000e+00 4.000000e+00 5.000000e+01 5.015772e+01
1.000000e+00 8.000000e+00 4.400000e+01 9.000000e+00 3.000000e+00 4.200000e+01 3.877826e+01
1.000000e+00 3.000000e+00 5.600000e+01 4.000000e+00 8.000000e+00 3.700000e+01 3.533975e+01
1.000000e+00 7.000000e+00 5.700000e+01 9.000000e+00 9.000000e+00 5.000000e+01 5.032658e+01
1.000000e+00 2.000000e+00 8.200000e+01 7.000000e+00 2.000000e+00 6.100000e+01 5.918519e+01
1.000000e+00 1.000000e+00 8.600000e+01 8.000000e+00 0.000000e+00 6.100000e+01 6.048926e+01
1.000000e+00 6.000000e+00 6.000000e+01 9.000000e+00 6.000000e+00 4.800000e+01 4.994133e+01
1.000000e+00 8.000000e+00 6.100000e+01 5.000000e+00 9.000000e+00 5.600000e+01 5.533692e+01
1.000000e+00 1.000000e+00 7.800000e+01 9.000000e+00 7.000000e+00 5.400000e+01 5.420221e+01
1.000000e+00 9.000000e+00 8.900000e+01 7.000000e+00 2.000000e+00 8.600000e+01 8.623990e+01
1.000000e+00 3.000000e+00 9.700000e+01 7.000000e+00 2.000000e+00 7.700000e+01 7.728733e+01
1.000000e+00 3.000000e+00 9.600000e+01 7.000000e+00 5.000000e+00 7.700000e+01 7.685843e+01
1.000000e+00 4.000000e+00 4.500000e+01 7.000000e+00 1.000000e+00 2.500000e+01 2.705838e+01
1.000000e+00 1.000000e+00 8.900000e+01 7.000000e+00 5.000000e+00 6.700000e+01 6.404381e+01
1.000000e+00 9.000000e+00 5.500000e+01 5.000000e+00 4.000000e+00 5.100000e+01 5.110321e+01
1.000000e+00 3.000000e+00 4.100000e+01 4.000000e+00 6.000000e+00 2.000000e+01 1.969360e+01
1.000000e+00 4.000000e+00 9.000000e+01 6.000000e+00 8.000000e+00 7.400000e+01 7.371649e+01
1.000000e+00 1.000000e+00 4.000000e+01 4.000000e+00 8.000000e+00 1.200000e+01 1.337265e+01
1.000000e+00 4.000000e+00 9.600000e+01 6.000000e+00 0.000000e+00 7.800000e+01 7.825001e+01
1.000000e+00 1.000000e+00 6.900000e+01 8.000000e+00 6.000000e+00 4.800000e+01 4.437736e+01
1.000000e+00 5.000000e+00 9.700000e+01 7.000000e+00 2.000000e+00 7.900000e+01 8.298336e+01
1.000000e+00 5.000000e+00 8.200000e+01 8.000000e+00 3.000000e+00 6.600000e+01 6.840162e+01
1.000000e+00 7.000000e+00 9.100000e+01 8.000000e+00 1.000000e+00 8.200000e+01 8.285809e+01
1.000000e+00 8.000000e+00 7.600000e+01 6.000000e+00 0.000000e+00 6.700000e+01 6.930326e+01
1.000000e+00 4.000000e+00 8.700000e+01 5.000000e+00 9.000000e+00 7.500000e+01 7.038532e+01
1.000000e+00 7.000000e+00 6.200000e+01 7.000000e+00 2.000000e+00 5.200000e+01 5.308645e+01
1.000000e+00 4.000000e+00 4.000000e+01 9.000000e+00 9.000000e+00 2.500000e+01 2.449452e+01
1.000000e+00 3.000000e+00 5.800000e+01 8.000000e+00 8.000000e+00 3.900000e+01 3.927907e+01
1.000000e+00 6.000000e+00 8.500000e+01 4.000000e+00 0.000000e+00 6.600000e+01 7.180697e+01
1.000000e+00 4.000000e+00 4.200000e+01 7.000000e+00 2.000000e+00 2.400000e+01 2.420357e+01
1.000000e+00 3.000000e+00 4.100000e+01 5.000000e+00 4.000000e+00 1.700000e+01 1.977793e+01
1.000000e+00 9.000000e+00 9.500000e+01 7.000000e+00 2.000000e+00 9.300000e+01 9.234155e+01
1.000000e+00 5.000000e+00 7.600000e+01 9.000000e+00 3.000000e+00 6.200000e+01 6.277633e+01
1.000000e+00 7.000000e+00 5.600000e+01 9.000000e+00 3.000000e+00 4.700000e+01 4.813354e+01
1.000000e+00 6.000000e+00 6.700000e+01 8.000000e+00 0.000000e+00 5.500000e+01 5.540747e+01
1.000000e+00 5.000000e+00 5.700000e+01 4.000000e+00 5.000000e+00 4.100000e+01 4.146468e+01
1.000000e+00 7.000000e+00 7.200000e+01 8.000000e+00 6.000000e+00 6.700000e+01 6.451629e+01
1.000000e+00 6.000000e+00 5.400000e+01 5.000000e+00 6.000000e+00 4.300000e+01 4.193425e+01
1.000000e+00 2.000000e+00 6.100000e+01 6.000000e+00 5.000000e+00 4.200000e+01 3.794111e+01
1.000000e+00 3.000000e+00 8.000000e+01 9.000000e+00 6.000000e+00 6.400000e+01 6.173611e+01
1.000000e+00 2.000000e+00 6.600000e+01 4.000000e+00 2.000000e+00 4.200000e+01 4.148505e+01
1.000000e+00 3.000000e+00 9.400000e+01 9.000000e+00 4.000000e+00 7.700000e+01 7.558125e+01
1.000000e+00 1.000000e+00 7.600000e+01 5.000000e+00 6.000000e+00 5.200000e+01 5.006687e+01
1.000000e+00 8.000000e+00 7.100000e+01 5.000000e+00 9.000000e+00 6.200000e+01 6.550633e+01
1.000000e+00 6.000000e+00 9.900000e+01 9.000000e+00 4.000000e+00 9.000000e+01 8.921001e+01
1.000000e+00 2.000000e+00 8.400000e+01 8.000000e+00 9.000000e+00 6.000000e+01 6.306754e+01
1.000000e+00 8.000000e+00 5.800000e+01 9.000000e+00 1.000000e+00 4.900000e+01 5.262341e+01
1.000000e+00 6.000000e+00 6.700000e+01 8.000000e+00 5.000000e+00 5.400000e+01 5.638755e+01
1.000000e+00 7.000000e+00 6.700000e+01 9.000000e+00 6.000000e+00 6.100000e+01 5.990794e+01
1.000000e+00 1.000000e+00 9.500000e+01 8.000000e+00 1.000000e+00 6.700000e+01 6.983775e+01
1.000000e+00 7.000000e+00 4.900000e+01 6.000000e+00 9.000000e+00 4.200000e+01 4.076197e+01
1.000000e+00 3.000000e+00 5.900000e+01 7.000000e+00 7.000000e+00 4.300000e+01 3.962364e+01
1.000000e+00 8.000000e+00 6.400000e+01 7.000000e+00 4.000000e+00 5.800000e+01 5.836038e+01
1.000000e+00 6.000000e+00 6.000000e+01 8.000000e+00 7.000000e+00 5.000000e+01 4.966099e+01
1.000000e+00 4.000000e+00 5.300000e+01 8.000000e+00 2.000000e+00 3.400000e+01 3.586629e+01
1.000000e+00 8.000000e+00 6.100000e+01 6.000000e+00 1.000000e+00 5.100000e+01 5.424515e+01
1.000000e+00 9.000000e+00 9.200000e+01 7.000000e+00 6.000000e+00 8.900000e+01 9.007479e+01
1.000000e+00 2.000000e+00 6.500000e+01 6.000000e+00 4.000000e+00 4.100000e+01 4.181286e+01
1.000000e+00 6.000000e+00 8.300000e+01 5.000000e+00 4.000000e+00 7.000000e+01 7.103351e+01
1.000000e+00 5.000000e+00 5.000000e+01 9.000000e+00 7.000000e+00 3.500000e+01 3.711992e+01
1.000000e+00 5.000000e+00 9.400000e+01 7.000000e+00 8.000000e+00 7.900000e+01 8.110863e+01
1.000000e+00 3.000000e+00 4.600000e+01 8.000000e+00 7.000000e+00 2.600000e+01 2.687976e+01
1.000000e+00 8.000000e+00 5.600000e+01 4.000000e+00 9.000000e+00 4.600000e+01 4.977585e+01
1.000000e+00 8.000000e+00 5.700000e+01 5.000000e+00 1.000000e+00 5.100000e+01 4.970103e+01
1.000000e+00 5.000000e+00 4.600000e+01 9.000000e+00 9.000000e+00 3.000000e+01 3.344419e+01
1.000000e+00 8.000000e+00 9.500000e+01 4.000000e+00 6.000000e+00 8.800000e+01 8.884852e+01
1.000000e+00 8.000000e+00 5.900000e+01 6.000000e+00 4.000000e+00 5.500000e+01 5.279932e+01
1.000000e+00 3.000000e+00 7.700000e+01 9.000000e+00 6.000000e+00 6.000000e+01 5.868528e+01
1.000000e+00 2.000000e+00 5.000000e+01 6.000000e+00 2.000000e+00 2.600000e+01 2.616671e+01
1.000000e+00 9.000000e+00 8.300000e+01 6.000000e+00 3.000000e+00 8.500000e+01 7.985791e+01
1.000000e+00 2.000000e+00 9.700000e+01 8.000000e+00 6.000000e+00 7.600000e+01 7.569973e+01
1.000000e+00 9.000000e+00 5.500000e+01 6.000000e+00 1.000000e+00 5.300000e+01 5.099152e+01
1.000000e+00 4.000000e+00 9.000000e+01 4.000000e+00 1.000000e+00 7.000000e+01 7.139166e+01
1.000000e+00 2.000000e+00 9.400000e+01 5.000000e+00 0.000000e+00 6.400000e+01 7.004373e+01
1.000000e+00 1.000000e+00 6.600000e+01 8.000000e+00 0.000000e+00 4.100000e+01 4.015044e+01
1.000000e+00 4.000000e+00 9.000000e+01 5.000000e+00 0.000000e+00 7.300000e+01 7.167200e+01
1.000000e+00 9.000000e+00 5.000000e+01 6.000000e+00 5.000000e+00 4.700000e+01 4.669088e+01
1.000000e+00 9.000000e+00 5.500000e+01 7.000000e+00 4.000000e+00 4.900000e+01 5.205593e+01
1.000000e+00 4.000000e+00 6.200000e+01 9.000000e+00 9.000000e+00 5.300000e+01 4.686723e+01
1.000000e+00 9.000000e+00 9.900000e+01 8.000000e+00 7.000000e+00 9.500000e+01 9.786575e+01
1.000000e+00 6.000000e+00 9.800000e+01 6.000000e+00 4.000000e+00 8.700000e+01 8.676399e+01
1.000000e+00 1.000000e+00 5.100000e+01 8.000000e+00 0.000000e+00 2.600000e+01 2.489632e+01
1.000000e+00 6.000000e+00 9.800000e+01 7.000000e+00 7.000000e+00 8.900000e+01 8.782840e+01
1.000000e+00 9.000000e+00 7.900000e+01 4.000000e+00 5.000000e+00 7.300000e+01 7.522946e+01
1.000000e+00 2.000000e+00 4.200000e+01 4.000000e+00 7.000000e+00 1.900000e+01 1.805854e+01
1.000000e+00 6.000000e+00 4.100000e+01 9.000000e+00 1.000000e+00 3.300000e+01 2.963937e+01
1.000000e+00 2.000000e+00 9.900000e+01 4.000000e+00 9.000000e+00 7.500000e+01 7.641622e+01
1.000000e+00 4.000000e+00 7.700000e+01 7.000000e+00 7.000000e+00 5.900000e+01 6.077660e+01
1.000000e+00 8.000000e+00 8.700000e+01 5.000000e+00 5.000000e+00 7.900000e+01 8.099333e+01
1.000000e+00 7.000000e+00 9.100000e+01 7.000000e+00 0.000000e+00 8.200000e+01 8.218572e+01
1.000000e+00 9.000000e+00 6.300000e+01 7.000000e+00 0.000000e+00 5.800000e+01 5.940740e+01
1.000000e+00 7.000000e+00 6.800000e+01 6.000000e+00 9.000000e+00 6.100000e+01 6.008385e+01
1.000000e+00 1.000000e+00 8.600000e+01 4.000000e+00 4.000000e+00 5.900000e+01 5.936789e+01
1.000000e+00 2.000000e+00 8.500000e+01 8.000000e+00 6.000000e+00 6.300000e+01 6.349644e+01
1.000000e+00 6.000000e+00 7.300000e+01 9.000000e+00 3.000000e+00 6.000000e+01 6.257352e+01
1.000000e+00 7.000000e+00 5.900000e+01 5.000000e+00 9.000000e+00 5.500000e+01 5.045502e+01
1.000000e+00 3.000000e+00 5.700000e+01 8.000000e+00 4.000000e+00 3.800000e+01 3.747807e+01
1.000000e+00 9.000000e+00 5.300000e+01 6.000000e+00 9.000000e+00 4.900000e+01 5.052577e+01
1.000000e+00 7.000000e+00 5.700000e+01 6.000000e+00 2.000000e+00 4.800000e+01 4.752539e+01
1.000000e+00 6.000000e+00 4.100000e+01 5.000000e+00 1.000000e+00 2.400000e+01 2.773393e+01
1.000000e+00 6.000000e+00 4.000000e+01 8.000000e+00 1.000000e+00 2.700000e+01 2.814607e+01
1.000000e+00 1.000000e+00 5.900000e+01 5.000000e+00 4.000000e+00 3.400000e+01 3.238683e+01
1.000000e+00 5.000000e+00 7.300000e+01 5.000000e+00 3.000000e+00 5.900000e+01 5.782007e+01
1.000000e+00 3.000000e+00 8.000000e+01 4.000000e+00 1.000000e+00 6.000000e+01 5.837423e+01
1.000000e+00 7.000000e+00 8.000000e+01 8.000000e+00 4.000000e+00 7.500000e+01 7.225979e+01
1.000000e+00 3.000000e+00 8.700000e+01 4.000000e+00 9.000000e+00 6.700000e+01 6.706095e+01
1.000000e+00 5.000000e+00 5.000000e+01 4.000000e+00 8.000000e+00 3.600000e+01 3.493414e+01
1.000000e+00 7.000000e+00 6.600000e+01 9.000000e+00 7.000000e+00 6.000000e+01 5.908702e+01
1.000000e+00 3.000000e+00 6.200000e+01 4.000000e+00 8.000000e+00 4.300000e+01 4.144140e+01
1.000000e+00 2.000000e+00 7.700000e+01 7.000000e+00 8.000000e+00 5.200000e+01 5.527658e+01
1.000000e+00 6.000000e+00 8.300000e+01 6.000000e+00 7.000000e+00 7.300000e+01 7.209792e+01
1.000000e+00 8.000000e+00 4.200000e+01 6.000000e+00 8.000000e+00 3.600000e+01 3.629538e+01
1.000000e+00 4.000000e+00 5.100000e+01 7.000000e+00 3.000000e+00 3.700000e+01 3.355206e+01
1.000000e+00 9.000000e+00 6.900000e+01 5.000000e+00 7.000000e+00 6.600000e+01 6.592844e+01
1.000000e+00 8.000000e+00 7.000000e+01 8.000000e+00 1.000000e+00 6.400000e+01 6.435034e+01
1.000000e+00 7.000000e+00 6.200000e+01 8.000000e+00 8.000000e+00 5.400000e+01 5.473891e+01
1.000000e+00 7.000000e+00 4.000000e+01 8.000000e+00 8.000000e+00 3.100000e+01 3.236620e+01
1.000000e+00 3.000000e+00 8.000000e+01 4.000000e+00 2.000000e+00 5.900000e+01 5.857025e+01
1.000000e+00 6.000000e+00 5.900000e+01 8.000000e+00 5.000000e+00 4.900000e+01 4.825202e+01
1.000000e+00 5.000000e+00 9.300000e+01 8.000000e+00 6.000000e+00 8.000000e+01 8.017602e+01
1.000000e+00 1.000000e+00 4.500000e+01 8.000000e+00 2.000000e+00 1.900000e+01 1.918670e+01
1.000000e+00 3.000000e+00 5.000000e+01 6.000000e+00 4.000000e+00 2.700000e+01 2.940676e+01
1.000000e+00 1.000000e+00 7.400000e+01 7.000000e+00 0.000000e+00 5.100000e+01 4.780961e+01
1.000000e+00 4.000000e+00 4.300000e+01 9.000000e+00 2.000000e+00 2.500000e+01 2.617323e+01
1.000000e+00 3.000000e+00 6.800000e+01 5.000000e+00 7.000000e+00 4.800000e+01 4.782339e+01
1.000000e+00 4.000000e+00 9.800000e+01 7.000000e+00 2.000000e+00 8.200000e+01 8.115229e+01
1.000000e+00 9.000000e+00 4.900000e+01 8.000000e+00 7.000000e+00 4.700000e+01 4.701869e+01
1.000000e+00 3.000000e+00 9.000000e+01 5.000000e+00 8.000000e+00 7.000000e+01 7.039211e+01
1.000000e+00 6.000000e+00 6.800000e+01 5.000000e+00 5.000000e+00 5.700000e+01 5.597541e+01
1.000000e+00 6.000000e+00 7.700000e+01 7.000000e+00 6.000000e+00 6.900000e+01 6.627662e+01
1.000000e+00 7.000000e+00 4.000000e+01 7.000000e+00 5.000000e+00 3.200000e+01 3.130179e+01
1.000000e+00 9.000000e+00 7.900000e+01 7.000000e+00 7.000000e+00 7.800000e+01 7.705057e+01
1.000000e+00 7.000000e+00 4.700000e+01 9.000000e+00 6.000000e+00 4.100000e+01 3.956912e+01
1.000000e+00 1.000000e+00 9.600000e+01 7.000000e+00 9.000000e+00 7.200000e+01 7.194646e+01
1.000000e+00 8.000000e+00 7.700000e+01 9.000000e+00 0.000000e+00 7.100000e+01 7.174928e+01
1.000000e+00 5.000000e+00 5.600000e+01 4.000000e+00 2.000000e+00 4.400000e+01 3.985969e+01
1.000000e+00 9.000000e+00 5.800000e+01 6.000000e+00 2.000000e+00 5.700000e+01 5.423836e+01
1.000000e+00 5.000000e+00 7.200000e+01 9.000000e+00 2.000000e+00 5.700000e+01 5.851255e+01
1.000000e+00 5.000000e+00 5.400000e+01 6.000000e+00 3.000000e+00 4.100000e+01 3.897454e+01
1.000000e+00 2.000000e+00 8.400000e+01 8.000000e+00 0.000000e+00 6.200000e+01 6.130340e+01
1.000000e+00 3.000000e+00 7.000000e+01 4.000000e+00 1.000000e+00 4.800000e+01 4.820482e+01
1.000000e+00 9.000000e+00 6.000000e+01 5.000000e+00 4.000000e+00 5.900000e+01 5.618792e+01
1.000000e+00 7.000000e+00 4.200000e+01 7.000000e+00 5.000000e+00 3.400000e+01 3.333567e+01
1.000000e+00 1.000000e+00 4.100000e+01 8.000000e+00 8.000000e+00 1.700000e+01 1.629503e+01
1.000000e+00 3.000000e+00 7.400000e+01 5.000000e+00 1.000000e+00 5.400000e+01 5.274894e+01
1.000000e+00 2.000000e+00 8.000000e+01 6.000000e+00 8.000000e+00 5.500000e+01 5.785104e+01
1.000000e+00 1.000000e+00 9.800000e+01 5.000000e+00 6.000000e+00 7.300000e+01 7.243958e+01
1.000000e+00 9.000000e+00 5.500000e+01 7.000000e+00 8.000000e+00 5.000000e+01 5.283999e+01
1.000000e+00 8.000000e+00 9.500000e+01 7.000000e+00 3.000000e+00 9.100000e+01 8.968955e+01
1.000000e+00 5.000000e+00 8.400000e+01 9.000000e+00 6.000000e+00 7.300000e+01 7.149991e+01
1.000000e+00 2.000000e+00 9.000000e+01 9.000000e+00 0.000000e+00 7.000000e+01 6.788141e+01
1.000000e+00 1.000000e+00 9.800000e+01 6.000000e+00 7.000000e+00 7.400000e+01 7.311195e+01
1.000000e+00 7.000000e+00 8.900000e+01 7.000000e+00 6.000000e+00 8.600000e+01 8.132793e+01
1.000000e+00 2.000000e+00 6.000000e+01 4.000000e+00 6.000000e+00 3.400000e+01 3.616746e+01
1.000000e+00 1.000000e+00 5.100000e+01 8.000000e+00 1.000000e+00 2.500000e+01 2.509233e+01
1.000000e+00 2.000000e+00 6.700000e+01 6.000000e+00 9.000000e+00 4.700000e+01 4.482682e+01
1.000000e+00 7.000000e+00 5.100000e+01 6.000000e+00 8.000000e+00 4.500000e+01 4.259983e+01
1.000000e+00 7.000000e+00 7.200000e+01 5.000000e+00 7.000000e+00 6.200000e+01 6.328323e+01
1.000000e+00 6.000000e+00 5.900000e+01 6.000000e+00 0.000000e+00 4.900000e+01 4.631922e+01
1.000000e+00 5.000000e+00 7.900000e+01 8.000000e+00 0.000000e+00 6.200000e+01 6.476275e+01
1.000000e+00 3.000000e+00 8.800000e+01 4.000000e+00 4.000000e+00 6.500000e+01 6.709781e+01
1.000000e+00 3.000000e+00 6.000000e+01 5.000000e+00 1.000000e+00 4.000000e+01 3.851176e+01
1.000000e+00 9.000000e+00 9.900000e+01 8.000000e+00 0.000000e+00 9.700000e+01 9.649364e+01
1.000000e+00 4.000000e+00 9.100000e+01 9.000000e+00 9.000000e+00 7.900000e+01 7.635853e+01
1.000000e+00 9.000000e+00 9.300000e+01 6.000000e+00 7.000000e+00 9.300000e+01 9.081139e+01
1.000000e+00 4.000000e+00 7.800000e+01 7.000000e+00 3.000000e+00 6.000000e+01 6.100948e+01
1.000000e+00 2.000000e+00 8.000000e+01 9.000000e+00 1.000000e+00 6.100000e+01 5.790801e+01
1.000000e+00 4.000000e+00 8.800000e+01 7.000000e+00 4.000000e+00 7.300000e+01 7.137490e+01
1.000000e+00 6.000000e+00 9.800000e+01 8.000000e+00 5.000000e+00 8.900000e+01 8.791273e+01
1.000000e+00 6.000000e+00 8.100000e+01 4.000000e+00 7.000000e+00 7.100000e+01 6.911132e+01
1.000000e+00 5.000000e+00 7.500000e+01 7.000000e+00 6.000000e+00 6.100000e+01 6.139472e+01
1.000000e+00 1.000000e+00 6.100000e+01 8.000000e+00 6.000000e+00 3.900000e+01 3.624183e+01
1.000000e+00 3.000000e+00 6.500000e+01 5.000000e+00 0.000000e+00 4.400000e+01 4.340045e+01
1.000000e+00 5.000000e+00 4.600000e+01 6.000000e+00 2.000000e+00 3.200000e+01 3.064300e+01
1.000000e+00 6.000000e+00 4.600000e+01 4.000000e+00 2.000000e+00 3.500000e+01 3.253829e+01
1.000000e+00 1.000000e+00 4.700000e+01 4.000000e+00 6.000000e+00 2.000000e+01 2.009921e+01
1.000000e+00 9.000000e+00 6.500000e+01 5.000000e+00 1.000000e+00 6.200000e+01 6.068458e+01
1.000000e+00 3.000000e+00 6.300000e+01 4.000000e+00 9.000000e+00 4.200000e+01 4.265435e+01
1.000000e+00 3.000000e+00 6.300000e+01 8.000000e+00 6.000000e+00 4.300000e+01 4.397175e+01
1.000000e+00 2.000000e+00 7.900000e+01 4.000000e+00 8.000000e+00 5.600000e+01 5.588138e+01
1.000000e+00 8.000000e+00 8.700000e+01 4.000000e+00 0.000000e+00 7.900000e+01 7.953689e+01
1.000000e+00 3.000000e+00 5.100000e+01 4.000000e+00 1.000000e+00 3.000000e+01 2.888293e+01
1.000000e+00 6.000000e+00 8.600000e+01 8.000000e+00 5.000000e+00 7.300000e+01 7.570943e+01
1.000000e+00 2.000000e+00 4.700000e+01 9.000000e+00 1.000000e+00 2.500000e+01 2.434895e+01
1.000000e+00 7.000000e+00 9.300000e+01 6.000000e+00 1.000000e+00 8.400000e+01 8.393926e+01
1.000000e+00 4.000000e+00 4.800000e+01 7.000000e+00 4.000000e+00 2.700000e+01 3.069725e+01
1.000000e+00 9.000000e+00 4.200000e+01 9.000000e+00 6.000000e+00 4.100000e+01 4.018044e+01
1.000000e+00 9.000000e+00 9.300000e+01 4.000000e+00 3.000000e+00 9.200000e+01 8.907460e+01
1.000000e+00 7.000000e+00 6.000000e+01 5.000000e+00 5.000000e+00 5.300000e+01 5.068790e+01
1.000000e+00 8.000000e+00 7.000000e+01 5.000000e+00 2.000000e+00 6.300000e+01 6.311728e+01
1.000000e+00 3.000000e+00 8.700000e+01 8.000000e+00 3.000000e+00 6.700000e+01 6.779029e+01
1.000000e+00 5.000000e+00 8.600000e+01 6.000000e+00 3.000000e+00 7.400000e+01 7.151666e+01
1.000000e+00 2.000000e+00 6.300000e+01 4.000000e+00 3.000000e+00 3.700000e+01 3.863024e+01
1.000000e+00 7.000000e+00 4.300000e+01 8.000000e+00 0.000000e+00 3.300000e+01 3.384890e+01
1.000000e+00 8.000000e+00 5.900000e+01 7.000000e+00 3.000000e+00 5.800000e+01 5.307966e+01
1.000000e+00 9.000000e+00 5.500000e+01 6.000000e+00 3.000000e+00 5.500000e+01 5.138355e+01
1.000000e+00 7.000000e+00 4.900000e+01 6.000000e+00 5.000000e+00 4.000000e+01 3.997790e+01
1.000000e+00 8.000000e+00 8.200000e+01 8.000000e+00 8.000000e+00 7.900000e+01 7.792575e+01
1.000000e+00 9.000000e+00 6.500000e+01 9.000000e+00 9.000000e+00 6.800000e+01 6.415814e+01
1.000000e+00 6.000000e+00 6.800000e+01 5.000000e+00 5.000000e+00 5.700000e+01 5.597541e+01
1.000000e+00 2.000000e+00 4.400000e+01 9.000000e+00 5.000000e+00 2.000000e+01 2.208219e+01
1.000000e+00 2.000000e+00 5.000000e+01 6.000000e+00 6.000000e+00 2.800000e+01 2.695077e+01
1.000000e+00 4.000000e+00 6.800000e+01 5.000000e+00 6.000000e+00 5.000000e+01 5.047539e+01
1.000000e+00 9.000000e+00 8.400000e+01 6.000000e+00 0.000000e+00 8.000000e+01 8.028680e+01
1.000000e+00 7.000000e+00 5.400000e+01 6.000000e+00 7.000000e+00 4.400000e+01 4.545464e+01
1.000000e+00 2.000000e+00 4.500000e+01 6.000000e+00 0.000000e+00 1.900000e+01 2.068997e+01
1.000000e+00 8.000000e+00 8.700000e+01 7.000000e+00 8.000000e+00 8.100000e+01 8.253410e+01
1.000000e+00 7.000000e+00 5.400000e+01 5.000000e+00 3.000000e+00 4.600000e+01 4.419422e+01
1.000000e+00 9.000000e+00 8.200000e+01 7.000000e+00 8.000000e+00 8.300000e+01 8.029741e+01
1.000000e+00 8.000000e+00 5.900000e+01 5.000000e+00 7.000000e+00 5.800000e+01 5.291101e+01
1.000000e+00 3.000000e+00 7.300000e+01 7.000000e+00 8.000000e+00 5.300000e+01 5.405683e+01
1.000000e+00 1.000000e+00 9.900000e+01 7.000000e+00 5.000000e+00 7.300000e+01 7.421322e+01
1.000000e+00 2.000000e+00 9.900000e+01 7.000000e+00 8.000000e+00 7.900000e+01 7.764929e+01
1.000000e+00 2.000000e+00 4.100000e+01 8.000000e+00 3.000000e+00 1.500000e+01 1.816297e+01
1.000000e+00 4.000000e+00 8.300000e+01 7.000000e+00 2.000000e+00 6.200000e+01 6.589817e+01
1.000000e+00 6.000000e+00 5.500000e+01 9.000000e+00 2.000000e+00 4.600000e+01 4.407256e+01
1.000000e+00 4.000000e+00 5.800000e+01 9.000000e+00 7.000000e+00 4.100000e+01 4.240743e+01
1.000000e+00 9.000000e+00 7.300000e+01 6.000000e+00 1.000000e+00 6.800000e+01 6.929647e+01
1.000000e+00 4.000000e+00 8.800000e+01 4.000000e+00 5.000000e+00 7.200000e+01 7.014184e+01
1.000000e+00 6.000000e+00 5.300000e+01 7.000000e+00 8.000000e+00 4.300000e+01 4.226206e+01
1.000000e+00 6.000000e+00 6.300000e+01 4.000000e+00 8.000000e+00 5.100000e+01 5.100239e+01
1.000000e+00 1.000000e+00 6.700000e+01 4.000000e+00 7.000000e+00 3.800000e+01 4.063405e+01
1.000000e+00 8.000000e+00 8.700000e+01 6.000000e+00 7.000000e+00 8.000000e+01 8.186172e+01
1.000000e+00 3.000000e+00 7.100000e+01 4.000000e+00 0.000000e+00 4.800000e+01 4.902574e+01
1.000000e+00 6.000000e+00 7.600000e+01 4.000000e+00 6.000000e+00 6.300000e+01 6.383060e+01
1.000000e+00 3.000000e+00 4.900000e+01 9.000000e+00 0.000000e+00 3.100000e+01 2.903483e+01
1.000000e+00 2.000000e+00 8.800000e+01 4.000000e+00 8.000000e+00 6.600000e+01 6.503385e+01
1.000000e+00 5.000000e+00 8.400000e+01 5.000000e+00 2.000000e+00 6.900000e+01 6.881041e+01
1.000000e+00 1.000000e+00 8.700000e+01 7.000000e+00 0.000000e+00 6.200000e+01 6.102985e+01
1.000000e+00 9.000000e+00 4.800000e+01 7.000000e+00 7.000000e+00 4.900000e+01 4.552539e+01
1.000000e+00 7.000000e+00 6.300000e+01 4.000000e+00 6.000000e+00 5.400000e+01 5.345838e+01
1.000000e+00 3.000000e+00 7.500000e+01 6.000000e+00 1.000000e+00 5.700000e+01 5.424224e+01
1.000000e+00 4.000000e+00 9.500000e+01 5.000000e+00 6.000000e+00 7.700000e+01 7.793281e+01
1.000000e+00 6.000000e+00 6.800000e+01 6.000000e+00 4.000000e+00 5.600000e+01 5.625575e+01
1.000000e+00 3.000000e+00 9.900000e+01 6.000000e+00 6.000000e+00 7.900000e+01 7.962891e+01
1.000000e+00 7.000000e+00 6.800000e+01 4.000000e+00 9.000000e+00 6.000000e+01 5.913113e+01
1.000000e+00 6.000000e+00 9.700000e+01 8.000000e+00 6.000000e+00 8.800000e+01 8.709180e+01
1.000000e+00 9.000000e+00 8.700000e+01 4.000000e+00 1.000000e+00 8.300000e+01 8.258093e+01
1.000000e+00 5.000000e+00 6.200000e+01 9.000000e+00 1.000000e+00 4.300000e+01 4.814712e+01
1.000000e+00 4.000000e+00 6.600000e+01 8.000000e+00 6.000000e+00 4.800000e+01 4.987059e+01
1.000000e+00 3.000000e+00 7.000000e+01 5.000000e+00 2.000000e+00 5.000000e+01 4.887719e+01
1.000000e+00 1.000000e+00 8.200000e+01 8.000000e+00 3.000000e+00 6.100000e+01 5.700955e+01
1.000000e+00 3.000000e+00 4.600000e+01 4.000000e+00 6.000000e+00 2.400000e+01 2.477830e+01
1.000000e+00 3.000000e+00 8.800000e+01 4.000000e+00 1.000000e+00 7.100000e+01 6.650976e+01
1.000000e+00 7.000000e+00 9.300000e+01 6.000000e+00 1.000000e+00 8.100000e+01 8.393926e+01
1.000000e+00 7.000000e+00 8.400000e+01 4.000000e+00 8.000000e+00 7.600000e+01 7.520618e+01
1.000000e+00 1.000000e+00 4.300000e+01 9.000000e+00 0.000000e+00 1.700000e+01 1.723715e+01
1.000000e+00 3.000000e+00 5.300000e+01 4.000000e+00 2.000000e+00 3.000000e+01 3.111283e+01
1.000000e+00 8.000000e+00 8.100000e+01 7.000000e+00 9.000000e+00 7.800000e+01 7.662847e+01
1.000000e+00 9.000000e+00 8.100000e+01 7.000000e+00 3.000000e+00 7.800000e+01 7.830039e+01
1.000000e+00 7.000000e+00 4.900000e+01 6.000000e+00 4.000000e+00 3.700000e+01 3.978189e+01
1.000000e+00 7.000000e+00 9.800000e+01 8.000000e+00 2.000000e+00 8.600000e+01 9.017270e+01
1.000000e+00 8.000000e+00 8.300000e+01 8.000000e+00 8.000000e+00 7.700000e+01 7.894269e+01
1.000000e+00 6.000000e+00 7.300000e+01 7.000000e+00 4.000000e+00 6.300000e+01 6.181682e+01
1.000000e+00 3.000000e+00 6.500000e+01 9.000000e+00 6.000000e+00 4.600000e+01 4.648199e+01
1.000000e+00 1.000000e+00 6.200000e+01 5.000000e+00 6.000000e+00 3.800000e+01 3.582969e+01
1.000000e+00 7.000000e+00 4.800000e+01 9.000000e+00 8.000000e+00 4.100000e+01 4.097809e+01
1.000000e+00 1.000000e+00 7.600000e+01 7.000000e+00 1.000000e+00 5.100000e+01 5.003951e+01
1.000000e+00 1.000000e+00 4.700000e+01 9.000000e+00 2.000000e+00 2.400000e+01 2.169695e+01
1.000000e+00 9.000000e+00 9.200000e+01 5.000000e+00 3.000000e+00 8.800000e+01 8.853402e+01
1.000000e+00 7.000000e+00 5.300000e+01 8.000000e+00 7.000000e+00 5.000000e+01 4.539042e+01
1.000000e+00 4.000000e+00 4.600000e+01 7.000000e+00 0.000000e+00 3.000000e+01 2.787931e+01
1.000000e+00 6.000000e+00 4.600000e+01 4.000000e+00 8.000000e+00 3.200000e+01 3.371439e+01
1.000000e+00 1.000000e+00 4.800000e+01 5.000000e+00 4.000000e+00 1.800000e+01 2.120048e+01
1.000000e+00 7.000000e+00 4.200000e+01 5.000000e+00 3.000000e+00 2.900000e+01 3.199092e+01
1.000000e+00 6.000000e+00 5.300000e+01 5.000000e+00 7.000000e+00 4.100000e+01 4.111332e+01
1.000000e+00 4.000000e+00 5.600000e+01 8.000000e+00 8.000000e+00 3.700000e+01 4.009321e+01
1.000000e+00 7.000000e+00 8.900000e+01 9.000000e+00 2.000000e+00 8.500000e+01 8.149659e+01
1.000000e+00 3.000000e+00 8.300000e+01 6.000000e+00 3.000000e+00 6.700000e+01 6.276980e+01
1.000000e+00 1.000000e+00 6.100000e+01 4.000000e+00 0.000000e+00 3.000000e+01 3.316029e+01
1.000000e+00 4.000000e+00 8.500000e+01 7.000000e+00 2.000000e+00 6.900000e+01 6.793205e+01
1.000000e+00 3.000000e+00 6.500000e+01 9.000000e+00 9.000000e+00 4.300000e+01 4.707004e+01
1.000000e+00 1.000000e+00 9.700000e+01 5.000000e+00 4.000000e+00 7.200000e+01 7.103060e+01
1.000000e+00 2.000000e+00 6.700000e+01 8.000000e+00 7.000000e+00 4.700000e+01 4.538751e+01
1.000000e+00 5.000000e+00 8.400000e+01 5.000000e+00 0.000000e+00 6.900000e+01 6.841837e+01
1.000000e+00 8.000000e+00 5.300000e+01 9.000000e+00 0.000000e+00 4.800000e+01 4.734269e+01
1.000000e+00 1.000000e+00 4.800000e+01 7.000000e+00 2.000000e+00 2.000000e+01 2.176117e+01
1.000000e+00 4.000000e+00 9.000000e+01 4.000000e+00 8.000000e+00 7.300000e+01 7.276377e+01
1.000000e+00 4.000000e+00 6.500000e+01 5.000000e+00 8.000000e+00 4.900000e+01 4.781660e+01
1.000000e+00 5.000000e+00 4.100000e+01 8.000000e+00 0.000000e+00 2.600000e+01 2.611898e+01
1.000000e+00 7.000000e+00 5.000000e+01 8.000000e+00 3.000000e+00 4.400000e+01 4.155553e+01
1.000000e+00 8.000000e+00 5.600000e+01 6.000000e+00 7.000000e+00 4.900000e+01 5.033654e+01
1.000000e+00 6.000000e+00 7.300000e+01 8.000000e+00 1.000000e+00 6.100000e+01 6.170513e+01
1.000000e+00 1.000000e+00 5.800000e+01 6.000000e+00 3.000000e+00 2.800000e+01 3.165024e+01
1.000000e+00 7.000000e+00 7.800000e+01 4.000000e+00 6.000000e+00 7.400000e+01 6.871250e+01
1.000000e+00 3.000000e+00 5.700000e+01 7.000000e+00 6.000000e+00 3.300000e+01 3.739374e+01
1.000000e+00 6.000000e+00 5.200000e+01 6.000000e+00 4.000000e+00 4.200000e+01 3.998469e+01
1.000000e+00 8.000000e+00 4.400000e+01 5.000000e+00 6.000000e+00 3.900000e+01 3.746087e+01
1.000000e+00 7.000000e+00 8.900000e+01 9.000000e+00 5.000000e+00 8.200000e+01 8.208463e+01
1.000000e+00 6.000000e+00 6.200000e+01 5.000000e+00 1.000000e+00 4.800000e+01 4.908970e+01
1.000000e+00 9.000000e+00 9.700000e+01 7.000000e+00 8.000000e+00 9.500000e+01 9.555153e+01
1.000000e+00 9.000000e+00 9.500000e+01 8.000000e+00 4.000000e+00 9.200000e+01 9.320994e+01
1.000000e+00 1.000000e+00 6.300000e+01 9.000000e+00 1.000000e+00 3.600000e+01 3.777199e+01
1.000000e+00 1.000000e+00 6.800000e+01 5.000000e+00 5.000000e+00 3.700000e+01 4.173532e+01
1.000000e+00 1.000000e+00 8.700000e+01 9.000000e+00 9.000000e+00 6.500000e+01 6.374671e+01
1.000000e+00 8.000000e+00 8.600000e+01 6.000000e+00 4.000000e+00 8.200000e+01 8.025673e+01
1.000000e+00 7.000000e+00 4.700000e+01 7.000000e+00 1.000000e+00 3.700000e+01 3.763632e+01
1.000000e+00 3.000000e+00 6.500000e+01 5.000000e+00 9.000000e+00 4.500000e+01 4.516460e+01
1.000000e+00 2.000000e+00 5.400000e+01 8.000000e+00 9.000000e+00 3.400000e+01 3.255930e+01
1.000000e+00 4.000000e+00 9.600000e+01 9.000000e+00 6.000000e+00 7.800000e+01 8.085519e+01
1.000000e+00 3.000000e+00 4.000000e+01 8.000000e+00 9.000000e+00 1.800000e+01 2.117014e+01
1.000000e+00 7.000000e+00 6.700000e+01 9.000000e+00 1.000000e+00 5.900000e+01 5.892786e+01
1.000000e+00 8.000000e+00 8.800000e+01 5.000000e+00 6.000000e+00 8.200000e+01 8.220629e+01
1.000000e+00 6.000000e+00 8.600000e+01 7.000000e+00 5.000000e+00 7.500000e+01 7.523307e+01
1.000000e+00 3.000000e+00 8.500000e+01 4.000000e+00 3.000000e+00 6.500000e+01 6.385097e+01
1.000000e+00 6.000000e+00 5.300000e+01 5.000000e+00 3.000000e+00 4.000000e+01 4.032926e+01
1.000000e+00 2.000000e+00 8.100000e+01 8.000000e+00 5.000000e+00 6.000000e+01 5.923266e+01
1.000000e+00 7.000000e+00 7.300000e+01 4.000000e+00 8.000000e+00 6.700000e+01 6.401982e+01
1.000000e+00 7.000000e+00 9.800000e+01 7.000000e+00 9.000000e+00 9.500000e+01 9.106845e+01
1.000000e+00 4.000000e+00 7.000000e+01 8.000000e+00 5.000000e+00 5.600000e+01 5.374234e+01
1.000000e+00 8.000000e+00 4.500000e+01 7.000000e+00 5.000000e+00 3.500000e+01 3.923452e+01
1.000000e+00 4.000000e+00 8.800000e+01 9.000000e+00 0.000000e+00 7.300000e+01 7.154356e+01
1.000000e+00 7.000000e+00 4.400000e+01 5.000000e+00 4.000000e+00 3.700000e+01 3.422082e+01
1.000000e+00 4.000000e+00 7.000000e+01 7.000000e+00 0.000000e+00 5.300000e+01 5.228590e+01
1.000000e+00 5.000000e+00 7.600000e+01 8.000000e+00 8.000000e+00 6.200000e+01 6.328005e+01
1.000000e+00 7.000000e+00 5.400000e+01 5.000000e+00 9.000000e+00 4.400000e+01 4.537031e+01
1.000000e+00 3.000000e+00 5.400000e+01 8.000000e+00 3.000000e+00 3.600000e+01 3.423123e+01
1.000000e+00 5.000000e+00 9.100000e+01 8.000000e+00 1.000000e+00 7.600000e+01 7.716206e+01
1.000000e+00 3.000000e+00 8.200000e+01 4.000000e+00 8.000000e+00 6.000000e+01 6.178022e+01
1.000000e+00 5.000000e+00 4.400000e+01 6.000000e+00 5.000000e+00 2.800000e+01 2.919716e+01
1.000000e+00 3.000000e+00 6.700000e+01 7.000000e+00 9.000000e+00 4.800000e+01 4.815120e+01
1.000000e+00 7.000000e+00 7.200000e+01 7.000000e+00 2.000000e+00 6.200000e+01 6.325587e+01
1.000000e+00 1.000000e+00 5.000000e+01 4.000000e+00 1.000000e+00 1.900000e+01 2.216995e+01
1.000000e+00 9.000000e+00 8.200000e+01 9.000000e+00 5.000000e+00 8.000000e+01 8.066208e+01
1.000000e+00 9.000000e+00 4.500000e+01 7.000000e+00 9.000000e+00 4.600000e+01 4.286660e+01
1.000000e+00 5.000000e+00 6.200000e+01 4.000000e+00 5.000000e+00 4.700000e+01 4.654938e+01
1.000000e+00 9.000000e+00 7.900000e+01 7.000000e+00 8.000000e+00 7.900000e+01 7.724659e+01
1.000000e+00 6.000000e+00 4.100000e+01 7.000000e+00 4.000000e+00 2.700000e+01 2.927470e+01
1.000000e+00 5.000000e+00 5.400000e+01 8.000000e+00 8.000000e+00 4.300000e+01 4.090734e+01
1.000000e+00 3.000000e+00 6.200000e+01 4.000000e+00 4.000000e+00 4.300000e+01 4.065733e+01
1.000000e+00 8.000000e+00 6.100000e+01 9.000000e+00 1.000000e+00 5.600000e+01 5.567423e+01
1.000000e+00 4.000000e+00 4.800000e+01 7.000000e+00 0.000000e+00 2.700000e+01 2.991319e+01
1.000000e+00 3.000000e+00 8.600000e+01 9.000000e+00 8.000000e+00 7.000000e+01 6.822979e+01
1.000000e+00 6.000000e+00 7.900000e+01 6.000000e+00 9.000000e+00 7.000000e+01 6.842219e+01
1.000000e+00 8.000000e+00 6.900000e+01 4.000000e+00 6.000000e+00 6.100000e+01 6.240804e+01
1.000000e+00 9.000000e+00 5.500000e+01 4.000000e+00 2.000000e+00 5.300000e+01 5.023482e+01
1.000000e+00 6.000000e+00 9.800000e+01 4.000000e+00 5.000000e+00 8.700000e+01 8.600729e+01
1.000000e+00 5.000000e+00 8.500000e+01 8.000000e+00 9.000000e+00 6.800000e+01 7.262854e+01
1.000000e+00 2.000000e+00 8.600000e+01 4.000000e+00 3.000000e+00 6.100000e+01 6.201989e+01
1.000000e+00 2.000000e+00 9.100000e+01 8.000000e+00 8.000000e+00 7.000000e+01 6.999012e+01
1.000000e+00 9.000000e+00 6.900000e+01 6.000000e+00 1.000000e+00 6.500000e+01 6.522870e+01
1.000000e+00 2.000000e+00 8.400000e+01 5.000000e+00 3.000000e+00 6.100000e+01 6.046237e+01
1.000000e+00 2.000000e+00 4.800000e+01 8.000000e+00 0.000000e+00 2.700000e+01 2.469351e+01
1.000000e+00 3.000000e+00 4.000000e+01 7.000000e+00 6.000000e+00 2.200000e+01 2.010574e+01
1.000000e+00 3.000000e+00 9.800000e+01 4.000000e+00 3.000000e+00 8.100000e+01 7.707120e+01
1.000000e+00 4.000000e+00 7.700000e+01 5.000000e+00 4.000000e+00 6.000000e+01 5.923583e+01
1.000000e+00 7.000000e+00 4.700000e+01 8.000000e+00 0.000000e+00 4.100000e+01 3.791666e+01
1.000000e+00 9.000000e+00 9.800000e+01 9.000000e+00 1.000000e+00 9.800000e+01 9.614908e+01
1.000000e+00 2.000000e+00 9.800000e+01 9.000000e+00 3.000000e+00 7.900000e+01 7.660499e+01
1.000000e+00 4.000000e+00 9.100000e+01 7.000000e+00 1.000000e+00 7.700000e+01 7.383768e+01
1.000000e+00 9.000000e+00 5.700000e+01 5.000000e+00 0.000000e+00 5.100000e+01 5.235303e+01
1.000000e+00 2.000000e+00 6.600000e+01 6.000000e+00 9.000000e+00 4.300000e+01 4.380988e+01
1.000000e+00 1.000000e+00 5.700000e+01 8.000000e+00 0.000000e+00 2.700000e+01 3.099797e+01
1.000000e+00 8.000000e+00 7.100000e+01 9.000000e+00 5.000000e+00 6.900000e+01 6.662771e+01
1.000000e+00 9.000000e+00 9.700000e+01 9.000000e+00 1.000000e+00 9.800000e+01 9.513214e+01
1.000000e+00 7.000000e+00 8.800000e+01 8.000000e+00 2.000000e+00 8.000000e+01 8.000329e+01
1.000000e+00 8.000000e+00 7.100000e+01 9.000000e+00 4.000000e+00 6.800000e+01 6.643169e+01
1.000000e+00 4.000000e+00 9.200000e+01 6.000000e+00 2.000000e+00 7.600000e+01 7.457428e+01
1.000000e+00 4.000000e+00 8.700000e+01 9.000000e+00 5.000000e+00 7.200000e+01 7.150670e+01
1.000000e+00 2.000000e+00 8.400000e+01 8.000000e+00 6.000000e+00 6.400000e+01 6.247950e+01
1.000000e+00 8.000000e+00 9.300000e+01 4.000000e+00 9.000000e+00 8.700000e+01 8.740268e+01
1.000000e+00 2.000000e+00 7.500000e+01 9.000000e+00 5.000000e+00 5.300000e+01 5.360737e+01
1.000000e+00 9.000000e+00 7.500000e+01 8.000000e+00 1.000000e+00 7.100000e+01 7.228307e+01
1.000000e+00 4.000000e+00 6.000000e+01 4.000000e+00 8.000000e+00 4.000000e+01 4.225553e+01
1.000000e+00 1.000000e+00 8.500000e+01 9.000000e+00 1.000000e+00 5.800000e+01 6.014470e+01
1.000000e+00 4.000000e+00 7.100000e+01 9.000000e+00 5.000000e+00 5.500000e+01 5.523564e+01
1.000000e+00 3.000000e+00 7.000000e+01 8.000000e+00 8.000000e+00 5.000000e+01 5.148237e+01
1.000000e+00 6.000000e+00 7.600000e+01 7.000000e+00 8.000000e+00 6.400000e+01 6.565171e+01
1.000000e+00 7.000000e+00 5.500000e+01 7.000000e+00 1.000000e+00 4.400000e+01 4.577185e+01
1.000000e+00 8.000000e+00 8.500000e+01 5.000000e+00 8.000000e+00 7.900000e+01 7.954750e+01
1.000000e+00 2.000000e+00 8.500000e+01 7.000000e+00 7.000000e+00 6.500000e+01 6.321609e+01
1.000000e+00 6.000000e+00 5.300000e+01 6.000000e+00 6.000000e+00 3.700000e+01 4.139367e+01
1.000000e+00 6.000000e+00 9.600000e+01 5.000000e+00 7.000000e+00 8.500000e+01 8.484180e+01
1.000000e+00 5.000000e+00 6.300000e+01 7.000000e+00 9.000000e+00 4.800000e+01 4.977947e+01
1.000000e+00 7.000000e+00 6.400000e+01 4.000000e+00 7.000000e+00 5.500000e+01 5.467133e+01
1.000000e+00 3.000000e+00 8.500000e+01 8.000000e+00 0.000000e+00 6.400000e+01 6.516836e+01
1.000000e+00 4.000000e+00 9.000000e+01 7.000000e+00 8.000000e+00 7.400000e+01 7.419285e+01
1.000000e+00 9.000000e+00 7.400000e+01 4.000000e+00 5.000000e+00 6.700000e+01 7.014475e+01
1.000000e+00 4.000000e+00 5.600000e+01 5.000000e+00 0.000000e+00 3.800000e+01 3.709600e+01
1.000000e+00 3.000000e+00 8.500000e+01 8.000000e+00 0.000000e+00 6.500000e+01 6.516836e+01
1.000000e+00 2.000000e+00 8.100000e+01 7.000000e+00 6.000000e+00 6.000000e+01 5.895231e+01
1.000000e+00 5.000000e+00 8.400000e+01 5.000000e+00 9.000000e+00 7.200000e+01 7.018252e+01
1.000000e+00 4.000000e+00 9.300000e+01 7.000000e+00 1.000000e+00 7.300000e+01 7.587156e+01
1.000000e+00 8.000000e+00 4.300000e+01 5.000000e+00 5.000000e+00 3.400000e+01 3.624791e+01
1.000000e+00 7.000000e+00 5.000000e+01 7.000000e+00 4.000000e+00 4.500000e+01 4.127519e+01
1.000000e+00 6.000000e+00 8.600000e+01 4.000000e+00 4.000000e+00 7.500000e+01 7.360798e+01
1.000000e+00 2.000000e+00 5.400000e+01 6.000000e+00 9.000000e+00 2.800000e+01 3.160658e+01
1.000000e+00 3.000000e+00 6.900000e+01 4.000000e+00 5.000000e+00 4.800000e+01 4.797194e+01
1.000000e+00 9.000000e+00 6.300000e+01 8.000000e+00 7.000000e+00 6.400000e+01 6.125587e+01
1.000000e+00 9.000000e+00 4.100000e+01 7.000000e+00 4.000000e+00 4.200000e+01 3.781875e+01
1.000000e+00 5.000000e+00 8.200000e+01 6.000000e+00 7.000000e+00 7.200000e+01 6.823296e+01
1.000000e+00 3.000000e+00 7.300000e+01 6.000000e+00 4.000000e+00 5.200000e+01 5.279641e+01
1.000000e+00 2.000000e+00 6.200000e+01 8.000000e+00 9.000000e+00 4.000000e+01 4.069483e+01
1.000000e+00 8.000000e+00 7.000000e+01 8.000000e+00 5.000000e+00 6.100000e+01 6.513441e+01
1.000000e+00 6.000000e+00 7.600000e+01 6.000000e+00 7.000000e+00 6.600000e+01 6.497933e+01
1.000000e+00 7.000000e+00 5.200000e+01 8.000000e+00 1.000000e+00 4.300000e+01 4.319738e+01
1.000000e+00 1.000000e+00 7.200000e+01 8.000000e+00 6.000000e+00 4.900000e+01 4.742818e+01
1.000000e+00 1.000000e+00 4.600000e+01 7.000000e+00 2.000000e+00 1.600000e+01 1.972728e+01
1.000000e+00 2.000000e+00 7.100000e+01 4.000000e+00 8.000000e+00 4.600000e+01 4.774585e+01
1.000000e+00 3.000000e+00 4.600000e+01 9.000000e+00 9.000000e+00 2.800000e+01 2.774815e+01
1.000000e+00 1.000000e+00 8.100000e+01 5.000000e+00 6.000000e+00 5.700000e+01 5.515157e+01
1.000000e+00 5.000000e+00 7.700000e+01 6.000000e+00 2.000000e+00 6.200000e+01 6.216818e+01
1.000000e+00 3.000000e+00 9.100000e+01 5.000000e+00 7.000000e+00 7.600000e+01 7.121304e+01
1.000000e+00 1.000000e+00 8.300000e+01 6.000000e+00 9.000000e+00 5.600000e+01 5.824986e+01
1.000000e+00 8.000000e+00 5.200000e+01 6.000000e+00 1.000000e+00 4.400000e+01 4.509268e+01
1.000000e+00 6.000000e+00 6.300000e+01 4.000000e+00 9.000000e+00 4.900000e+01 5.119841e+01
1.000000e+00 9.000000e+00 6.700000e+01 6.000000e+00 7.000000e+00 6.400000e+01 6.437091e+01
1.000000e+00 3.000000e+00 7.100000e+01 6.000000e+00 6.000000e+00 5.200000e+01 5.115456e+01
1.000000e+00 9.000000e+00 8.200000e+01 4.000000e+00 4.000000e+00 7.900000e+01 7.808427e+01
1.000000e+00 9.000000e+00 5.700000e+01 8.000000e+00 3.000000e+00 5.200000e+01 5.437016e+01
1.000000e+00 1.000000e+00 7.300000e+01 9.000000e+00 9.000000e+00 5.200000e+01 4.950953e+01
1.000000e+00 3.000000e+00 8.700000e+01 5.000000e+00 9.000000e+00 7.100000e+01 6.753731e+01
1.000000e+00 6.000000e+00 7.300000e+01 6.000000e+00 0.000000e+00 5.900000e+01 6.055640e+01
1.000000e+00 8.000000e+00 9.000000e+01 4.000000e+00 3.000000e+00 9.000000e+01 8.317576e+01
1.000000e+00 4.000000e+00 7.700000e+01 6.000000e+00 5.000000e+00 5.800000e+01 5.990821e+01
1.000000e+00 5.000000e+00 4.000000e+01 4.000000e+00 5.000000e+00 2.500000e+01 2.417668e+01
1.000000e+00 9.000000e+00 8.200000e+01 5.000000e+00 1.000000e+00 7.800000e+01 7.797258e+01
1.000000e+00 6.000000e+00 8.900000e+01 7.000000e+00 8.000000e+00 7.700000e+01 7.887194e+01
1.000000e+00 7.000000e+00 8.100000e+01 8.000000e+00 0.000000e+00 7.300000e+01 7.249266e+01
1.000000e+00 7.000000e+00 7.000000e+01 7.000000e+00 3.000000e+00 6.100000e+01 6.141800e+01
1.000000e+00 4.000000e+00 8.900000e+01 4.000000e+00 3.000000e+00 7.100000e+01 7.076675e+01
1.000000e+00 4.000000e+00 9.900000e+01 6.000000e+00 1.000000e+00 8.200000e+01 8.149685e+01
1.000000e+00 4.000000e+00 4.000000e+01 8.000000e+00 7.000000e+00 2.500000e+01 2.362613e+01
1.000000e+00 5.000000e+00 9.000000e+01 5.000000e+00 1.000000e+00 7.600000e+01 7.471604e+01
1.000000e+00 5.000000e+00 5.500000e+01 9.000000e+00 1.000000e+00 3.900000e+01 4.102853e+01
1.000000e+00 8.000000e+00 9.700000e+01 8.000000e+00 1.000000e+00 9.100000e+01 9.180776e+01
1.000000e+00 9.000000e+00 7.800000e+01 6.000000e+00 0.000000e+00 7.300000e+01 7.418516e+01
1.000000e+00 2.000000e+00 5.400000e+01 7.000000e+00 4.000000e+00 3.400000e+01 3.110286e+01
1.000000e+00 7.000000e+00 7.200000e+01 4.000000e+00 3.000000e+00 6.400000e+01 6.202280e+01
1.000000e+00 1.000000e+00 6.200000e+01 7.000000e+00 1.000000e+00 3.600000e+01 3.580233e+01
1.000000e+00 1.000000e+00 9.200000e+01 8.000000e+00 0.000000e+00 6.700000e+01 6.659091e+01
1.000000e+00 4.000000e+00 8.000000e+01 9.000000e+00 0.000000e+00 6.300000e+01 6.340803e+01
1.000000e+00 7.000000e+00 7.300000e+01 6.000000e+00 1.000000e+00 6.400000e+01 6.360043e+01
1.000000e+00 2.000000e+00 5.600000e+01 4.000000e+00 0.000000e+00 2.900000e+01 3.092360e+01
1.000000e+00 2.000000e+00 6.400000e+01 6.000000e+00 8.000000e+00 4.100000e+01 4.157998e+01
1.000000e+00 1.000000e+00 9.500000e+01 6.000000e+00 1.000000e+00 7.000000e+01 6.888503e+01
1.000000e+00 2.000000e+00 8.100000e+01 9.000000e+00 2.000000e+00 5.700000e+01 5.912097e+01
1.000000e+00 7.000000e+00 4.500000e+01 8.000000e+00 8.000000e+00 3.600000e+01 3.745090e+01
1.000000e+00 9.000000e+00 7.000000e+01 7.000000e+00 4.000000e+00 6.700000e+01 6.731005e+01
1.000000e+00 6.000000e+00 4.400000e+01 6.000000e+00 7.000000e+00 2.900000e+01 3.243721e+01
1.000000e+00 2.000000e+00 7.900000e+01 6.000000e+00 6.000000e+00 5.800000e+01 5.644207e+01
1.000000e+00 9.000000e+00 7.900000e+01 6.000000e+00 5.000000e+00 7.700000e+01 7.618218e+01
1.000000e+00 7.000000e+00 6.900000e+01 4.000000e+00 1.000000e+00 6.000000e+01 5.857995e+01
1.000000e+00 1.000000e+00 4.400000e+01 6.000000e+00 3.000000e+00 1.600000e+01 1.741306e+01
1.000000e+00 9.000000e+00 5.100000e+01 6.000000e+00 8.000000e+00 5.000000e+01 4.829587e+01
1.000000e+00 2.000000e+00 4.600000e+01 8.000000e+00 6.000000e+00 2.500000e+01 2.383573e+01
1.000000e+00 4.000000e+00 8.400000e+01 6.000000e+00 2.000000e+00 6.800000e+01 6.643875e+01
1.000000e+00 9.000000e+00 5.200000e+01 9.000000e+00 5.000000e+00 5.200000e+01 5.015384e+01
1.000000e+00 4.000000e+00 8.800000e+01 9.000000e+00 7.000000e+00 7.200000e+01 7.291567e+01
1.000000e+00 3.000000e+00 4.300000e+01 6.000000e+00 7.000000e+00 2.100000e+01 2.287622e+01
1.000000e+00 1.000000e+00 8.900000e+01 9.000000e+00 7.000000e+00 6.300000e+01 6.538856e+01
1.000000e+00 7.000000e+00 8.100000e+01 8.000000e+00 7.000000e+00 7.400000e+01 7.386478e+01
1.000000e+00 6.000000e+00 4.200000e+01 4.000000e+00 9.000000e+00 2.400000e+01 2.984264e+01
1.000000e+00 4.000000e+00 5.100000e+01 9.000000e+00 5.000000e+00 3.300000e+01 3.489681e+01
1.000000e+00 6.000000e+00 4.000000e+01 9.000000e+00 9.000000e+00 2.900000e+01 3.019056e+01
1.000000e+00 6.000000e+00 6.600000e+01 7.000000e+00 2.000000e+00 5.300000e+01 5.430620e+01
1.000000e+00 4.000000e+00 8.200000e+01 8.000000e+00 8.000000e+00 6.800000e+01 6.653368e+01
1.000000e+00 6.000000e+00 8.900000e+01 9.000000e+00 2.000000e+00 7.500000e+01 7.864857e+01
1.000000e+00 8.000000e+00 5.200000e+01 4.000000e+00 3.000000e+00 4.100000e+01 4.453199e+01
1.000000e+00 3.000000e+00 5.600000e+01 7.000000e+00 9.000000e+00 3.400000e+01 3.696484e+01
1.000000e+00 4.000000e+00 4.700000e+01 6.000000e+00 0.000000e+00 2.900000e+01 2.841989e+01
1.000000e+00 1.000000e+00 7.100000e+01 8.000000e+00 1.000000e+00 4.400000e+01 4.543116e+01
1.000000e+00 4.000000e+00 5.900000e+01 9.000000e+00 5.000000e+00 4.200000e+01 4.303234e+01
1.000000e+00 9.000000e+00 9.000000e+01 6.000000e+00 0.000000e+00 9.000000e+01 8.638845e+01
1.000000e+00 8.000000e+00 5.600000e+01 8.000000e+00 8.000000e+00 5.200000e+01 5.148528e+01
1.000000e+00 4.000000e+00 7.300000e+01 7.000000e+00 7.000000e+00 5.500000e+01 5.670883e+01
1.000000e+00 7.000000e+00 7.400000e+01 9.000000e+00 1.000000e+00 6.300000e+01 6.604645e+01
1.000000e+00 3.000000e+00 7.400000e+01 4.000000e+00 1.000000e+00 5.600000e+01 5.227258e+01
1.000000e+00 9.000000e+00 7.700000e+01 8.000000e+00 7.000000e+00 7.600000e+01 7.549305e+01
1.000000e+00 4.000000e+00 8.100000e+01 4.000000e+00 7.000000e+00 6.200000e+01 6.341528e+01
1.000000e+00 2.000000e+00 6.300000e+01 6.000000e+00 0.000000e+00 3.900000e+01 3.899491e+01
1.000000e+00 5.000000e+00 9.300000e+01 6.000000e+00 4.000000e+00 7.800000e+01 7.883127e+01
1.000000e+00 2.000000e+00 5.700000e+01 7.000000e+00 1.000000e+00 3.500000e+01 3.356564e+01
1.000000e+00 6.000000e+00 8.900000e+01 7.000000e+00 0.000000e+00 7.400000e+01 7.730382e+01
1.000000e+00 1.000000e+00 8.500000e+01 5.000000e+00 2.000000e+00 5.800000e+01 5.843528e+01
1.000000e+00 6.000000e+00 8.700000e+01 5.000000e+00 2.000000e+00 7.200000e+01 7.470925e+01
1.000000e+00 4.000000e+00 7.800000e+01 7.000000e+00 9.000000e+00 6.200000e+01 6.218557e+01
1.000000e+00 3.000000e+00 7.200000e+01 9.000000e+00 8.000000e+00 5.200000e+01 5.399261e+01
1.000000e+00 2.000000e+00 8.800000e+01 6.000000e+00 9.000000e+00 6.500000e+01 6.618259e+01
1.000000e+00 7.000000e+00 6.200000e+01 4.000000e+00 0.000000e+00 5.000000e+01 5.126534e+01
1.000000e+00 9.000000e+00 6.400000e+01 7.000000e+00 1.000000e+00 6.100000e+01 6.062035e+01
1.000000e+00 3.000000e+00 7.600000e+01 9.000000e+00 8.000000e+00 5.700000e+01 5.806037e+01
1.000000e+00 6.000000e+00 6.600000e+01 4.000000e+00 4.000000e+00 5.100000e+01 5.326915e+01
1.000000e+00 9.000000e+00 4.000000e+01 5.000000e+00 8.000000e+00 3.700000e+01 3.663315e+01
1.000000e+00 2.000000e+00 6.000000e+01 4.000000e+00 5.000000e+00 4.000000e+01 3.597145e+01
1.000000e+00 7.000000e+00 9.800000e+01 7.000000e+00 9.000000e+00 9.100000e+01 9.106845e+01
1.000000e+00 5.000000e+00 8.800000e+01 6.000000e+00 9.000000e+00 7.700000e+01 7.472664e+01
1.000000e+00 5.000000e+00 4.900000e+01 7.000000e+00 2.000000e+00 3.100000e+01 3.417018e+01
1.000000e+00 7.000000e+00 7.000000e+01 8.000000e+00 7.000000e+00 6.100000e+01 6.267842e+01
1.000000e+00 9.000000e+00 8.300000e+01 9.000000e+00 8.000000e+00 8.500000e+01 8.226707e+01
1.000000e+00 4.000000e+00 6.400000e+01 9.000000e+00 1.000000e+00 4.700000e+01 4.733298e+01
1.000000e+00 9.000000e+00 5.900000e+01 9.000000e+00 8.000000e+00 5.700000e+01 5.786048e+01
1.000000e+00 9.000000e+00 9.600000e+01 8.000000e+00 3.000000e+00 9.500000e+01 9.403087e+01
1.000000e+00 4.000000e+00 4.100000e+01 8.000000e+00 7.000000e+00 2.300000e+01 2.464307e+01
1.000000e+00 3.000000e+00 9.400000e+01 6.000000e+00 4.000000e+00 7.400000e+01 7.415217e+01
1.000000e+00 2.000000e+00 8.700000e+01 9.000000e+00 5.000000e+00 6.700000e+01 6.581066e+01
1.000000e+00 9.000000e+00 5.400000e+01 7.000000e+00 3.000000e+00 5.200000e+01 5.084297e+01
1.000000e+00 2.000000e+00 6.700000e+01 8.000000e+00 4.000000e+00 5.000000e+01 4.479946e+01
1.000000e+00 6.000000e+00 5.200000e+01 7.000000e+00 0.000000e+00 3.800000e+01 3.967699e+01
1.000000e+00 5.000000e+00 8.900000e+01 5.000000e+00 2.000000e+00 7.600000e+01 7.389511e+01
1.000000e+00 5.000000e+00 9.900000e+01 9.000000e+00 3.000000e+00 8.800000e+01 8.616598e+01
1.000000e+00 4.000000e+00 9.100000e+01 8.000000e+00 0.000000e+00 7.300000e+01 7.411802e+01
1.000000e+00 6.000000e+00 9.300000e+01 8.000000e+00 2.000000e+00 8.100000e+01 8.223997e+01
1.000000e+00 5.000000e+00 5.300000e+01 6.000000e+00 3.000000e+00 4.100000e+01 3.795760e+01
1.000000e+00 4.000000e+00 8.900000e+01 7.000000e+00 8.000000e+00 7.200000e+01 7.317591e+01
1.000000e+00 9.000000e+00 4.100000e+01 6.000000e+00 2.000000e+00 3.900000e+01 3.695036e+01
1.000000e+00 6.000000e+00 7.300000e+01 6.000000e+00 2.000000e+00 6.200000e+01 6.094843e+01
1.000000e+00 3.000000e+00 7.400000e+01 7.000000e+00 3.000000e+00 5.400000e+01 5.409369e+01
1.000000e+00 6.000000e+00 7.600000e+01 5.000000e+00 8.000000e+00 6.800000e+01 6.469899e+01
1.000000e+00 1.000000e+00 6.400000e+01 7.000000e+00 8.000000e+00 4.000000e+01 3.920832e+01
1.000000e+00 5.000000e+00 8.700000e+01 5.000000e+00 0.000000e+00 7.200000e+01 7.146920e+01
1.000000e+00 6.000000e+00 9.300000e+01 6.000000e+00 7.000000e+00 8.300000e+01 8.226733e+01
1.000000e+00 8.000000e+00 5.400000e+01 5.000000e+00 9.000000e+00 4.900000e+01 4.821833e+01
1.000000e+00 9.000000e+00 5.100000e+01 9.000000e+00 0.000000e+00 4.700000e+01 4.815682e+01
1.000000e+00 3.000000e+00 4.800000e+01 5.000000e+00 1.000000e+00 2.700000e+01 2.630847e+01
1.000000e+00 2.000000e+00 9.700000e+01 5.000000e+00 9.000000e+00 7.600000e+01 7.485870e+01
1.000000e+00 4.000000e+00 7.000000e+01 8.000000e+00 4.000000e+00 5.500000e+01 5.354632e+01
1.000000e+00 8.000000e+00 5.300000e+01 8.000000e+00 5.000000e+00 4.900000e+01 4.784641e+01
1.000000e+00 8.000000e+00 6.800000e+01 6.000000e+00 1.000000e+00 6.900000e+01 6.136374e+01
1.000000e+00 3.000000e+00 9.200000e+01 7.000000e+00 9.000000e+00 7.200000e+01 7.357473e+01
1.000000e+00 4.000000e+00 8.700000e+01 5.000000e+00 4.000000e+00 6.600000e+01 6.940524e+01
1.000000e+00 3.000000e+00 8.200000e+01 9.000000e+00 2.000000e+00 6.200000e+01 6.298593e+01
1.000000e+00 2.000000e+00 7.700000e+01 8.000000e+00 6.000000e+00 5.500000e+01 5.536091e+01
1.000000e+00 4.000000e+00 8.100000e+01 7.000000e+00 0.000000e+00 6.500000e+01 6.347225e+01
1.000000e+00 6.000000e+00 9.900000e+01 9.000000e+00 4.000000e+00 8.800000e+01 8.921001e+01
1.000000e+00 5.000000e+00 4.700000e+01 5.000000e+00 2.000000e+00 3.200000e+01 3.118358e+01
1.000000e+00 3.000000e+00 8.700000e+01 7.000000e+00 1.000000e+00 6.600000e+01 6.692190e+01
1.000000e+00 2.000000e+00 4.200000e+01 9.000000e+00 2.000000e+00 2.000000e+01 1.946026e+01
1.000000e+00 9.000000e+00 4.100000e+01 4.000000e+00 9.000000e+00 3.500000e+01 3.736975e+01
1.000000e+00 1.000000e+00 5.500000e+01 9.000000e+00 3.000000e+00 3.000000e+01 3.002849e+01
1.000000e+00 9.000000e+00 5.800000e+01 9.000000e+00 1.000000e+00 5.400000e+01 5.547143e+01
1.000000e+00 1.000000e+00 6.900000e+01 5.000000e+00 1.000000e+00 4.200000e+01 4.196820e+01
1.000000e+00 7.000000e+00 8.000000e+01 7.000000e+00 2.000000e+00 6.700000e+01 7.139140e+01
1.000000e+00 6.000000e+00 5.500000e+01 5.000000e+00 1.000000e+00 4.300000e+01 4.197111e+01
1.000000e+00 7.000000e+00 7.000000e+01 5.000000e+00 5.000000e+00 6.000000e+01 6.085731e+01
1.000000e+00 3.000000e+00 9.300000e+01 4.000000e+00 1.000000e+00 7.200000e+01 7.159447e+01
1.000000e+00 3.000000e+00 9.700000e+01 9.000000e+00 0.000000e+00 7.900000e+01 7.784801e+01
1.000000e+00 1.000000e+00 6.700000e+01 7.000000e+00 7.000000e+00 4.100000e+01 4.206313e+01
1.000000e+00 4.000000e+00 4.300000e+01 6.000000e+00 9.000000e+00 2.500000e+01 2.611627e+01
1.000000e+00 2.000000e+00 4.900000e+01 8.000000e+00 3.000000e+00 2.300000e+01 2.629850e+01
1.000000e+00 8.000000e+00 9.000000e+01 5.000000e+00 1.000000e+00 8.200000e+01 8.326009e+01
1.000000e+00 3.000000e+00 8.400000e+01 5.000000e+00 3.000000e+00 6.700000e+01 6.331039e+01
1.000000e+00 7.000000e+00 5.700000e+01 5.000000e+00 1.000000e+00 4.800000e+01 4.685301e+01
1.000000e+00 7.000000e+00 8.600000e+01 5.000000e+00 4.000000e+00 7.400000e+01 7.693236e+01
1.000000e+00 9.000000e+00 7.100000e+01 8.000000e+00 6.000000e+00 7.000000e+01 6.919538e+01
1.000000e+00 6.000000e+00 6.900000e+01 6.000000e+00 5.000000e+00 6.000000e+01 5.746871e+01
1.000000e+00 1.000000e+00 7.500000e+01 4.000000e+00 1.000000e+00 4.600000e+01 4.759349e+01
1.000000e+00 8.000000e+00 4.800000e+01 6.000000e+00 3.000000e+00 4.100000e+01 4.141695e+01
1.000000e+00 1.000000e+00 7.500000e+01 8.000000e+00 7.000000e+00 5.000000e+01 5.067502e+01
1.000000e+00 3.000000e+00 6.800000e+01 7.000000e+00 6.000000e+00 4.900000e+01 4.858009e+01
1.000000e+00 5.000000e+00 5.500000e+01 4.000000e+00 6.000000e+00 4.000000e+01 3.962681e+01
1.000000e+00 8.000000e+00 6.700000e+01 4.000000e+00 3.000000e+00 6.100000e+01 5.978611e+01
1.000000e+00 9.000000e+00 6.000000e+01 7.000000e+00 0.000000e+00 5.600000e+01 5.635657e+01
1.000000e+00 7.000000e+00 8.600000e+01 9.000000e+00 6.000000e+00 8.200000e+01 7.922983e+01
1.000000e+00 9.000000e+00 9.500000e+01 5.000000e+00 5.000000e+00 8.800000e+01 9.197688e+01
1.000000e+00 3.000000e+00 4.100000e+01 8.000000e+00 7.000000e+00 1.900000e+01 2.179505e+01
1.000000e+00 5.000000e+00 9.900000e+01 7.000000e+00 4.000000e+00 8.900000e+01 8.540928e+01
1.000000e+00 8.000000e+00 9.800000e+01 6.000000e+00 7.000000e+00 9.200000e+01 9.304808e+01
1.000000e+00 1.000000e+00 8.500000e+01 6.000000e+00 9.000000e+00 6.200000e+01 6.028375e+01
1.000000e+00 8.000000e+00 7.400000e+01 9.000000e+00 7.000000e+00 7.000000e+01 7.007056e+01
1.000000e+00 7.000000e+00 9.300000e+01 7.000000e+00 8.000000e+00 8.800000e+01 8.578773e+01
1.000000e+00 1.000000e+00 6.700000e+01 8.000000e+00 0.000000e+00 4.200000e+01 4.116738e+01
1.000000e+00 6.000000e+00 9.400000e+01 9.000000e+00 2.000000e+00 8.900000e+01 8.373328e+01
1.000000e+00 1.000000e+00 7.500000e+01 9.000000e+00 5.000000e+00 5.100000e+01 5.075935e+01
1.000000e+00 2.000000e+00 7.000000e+01 9.000000e+00 3.000000e+00 4.800000e+01 4.813063e+01
1.000000e+00 5.000000e+00 7.200000e+01 4.000000e+00 7.000000e+00 5.900000e+01 5.711083e+01
1.000000e+00 2.000000e+00 6.200000e+01 4.000000e+00 9.000000e+00 4.000000e+01 3.878940e+01
1.000000e+00 1.000000e+00 9.900000e+01 5.000000e+00 0.000000e+00 7.100000e+01 7.228042e+01
1.000000e+00 6.000000e+00 8.000000e+01 8.000000e+00 4.000000e+00 7.100000e+01 6.941177e+01
1.000000e+00 8.000000e+00 5.600000e+01 6.000000e+00 3.000000e+00 5.000000e+01 4.955248e+01
1.000000e+00 8.000000e+00 8.500000e+01 6.000000e+00 0.000000e+00 7.800000e+01 7.845573e+01
1.000000e+00 8.000000e+00 8.800000e+01 5.000000e+00 9.000000e+00 8.400000e+01 8.279434e+01
1.000000e+00 6.000000e+00 4.000000e+01 6.000000e+00 5.000000e+00 2.900000e+01 2.797741e+01
1.000000e+00 3.000000e+00 8.100000e+01 9.000000e+00 9.000000e+00 6.300000e+01 6.334110e+01
1.000000e+00 1.000000e+00 6.200000e+01 5.000000e+00 2.000000e+00 3.400000e+01 3.504563e+01
1.000000e+00 2.000000e+00 8.700000e+01 5.000000e+00 4.000000e+00 6.800000e+01 6.370921e+01
1.000000e+00 5.000000e+00 6.600000e+01 7.000000e+00 5.000000e+00 5.200000e+01 5.204623e+01
1.000000e+00 5.000000e+00 6.400000e+01 4.000000e+00 3.000000e+00 5.100000e+01 4.819124e+01
1.000000e+00 1.000000e+00 7.100000e+01 8.000000e+00 9.000000e+00 4.600000e+01 4.699929e+01
1.000000e+00 1.000000e+00 5.800000e+01 8.000000e+00 9.000000e+00 3.200000e+01 3.377905e+01
1.000000e+00 9.000000e+00 6.300000e+01 4.000000e+00 5.000000e+00 6.100000e+01 5.895840e+01
1.000000e+00 2.000000e+00 9.600000e+01 9.000000e+00 6.000000e+00 7.400000e+01 7.515915e+01
1.000000e+00 7.000000e+00 4.200000e+01 8.000000e+00 1.000000e+00 2.900000e+01 3.302797e+01
1.000000e+00 4.000000e+00 9.900000e+01 6.000000e+00 6.000000e+00 8.200000e+01 8.247693e+01
1.000000e+00 7.000000e+00 5.100000e+01 6.000000e+00 6.000000e+00 4.300000e+01 4.220780e+01
1.000000e+00 8.000000e+00 7.400000e+01 8.000000e+00 1.000000e+00 6.700000e+01 6.841811e+01
1.000000e+00 5.000000e+00 5.400000e+01 7.000000e+00 2.000000e+00 3.800000e+01 3.925489e+01
1.000000e+00 1.000000e+00 5.600000e+01 8.000000e+00 2.000000e+00 3.000000e+01 3.037306e+01
1.000000e+00 4.000000e+00 8.900000e+01 5.000000e+00 0.000000e+00 6.900000e+01 7.065506e+01
1.000000e+00 3.000000e+00 7.100000e+01 9.000000e+00 0.000000e+00 5.200000e+01 5.140754e+01
1.000000e+00 5.000000e+00 4.600000e+01 5.000000e+00 9.000000e+00 3.300000e+01 3.153875e+01
1.000000e+00 6.000000e+00 5.800000e+01 4.000000e+00 5.000000e+00 4.800000e+01 4.532964e+01
1.000000e+00 2.000000e+00 4.600000e+01 9.000000e+00 8.000000e+00 2.300000e+01 2.470412e+01
1.000000e+00 7.000000e+00 4.400000e+01 9.000000e+00 8.000000e+00 4.100000e+01 3.691032e+01
1.000000e+00 3.000000e+00 9.700000e+01 6.000000e+00 0.000000e+00 7.800000e+01 7.641894e+01
1.000000e+00 1.000000e+00 7.900000e+01 9.000000e+00 6.000000e+00 5.300000e+01 5.502313e+01
1.000000e+00 3.000000e+00 6.000000e+01 7.000000e+00 5.000000e+00 3.900000e+01 4.024855e+01
1.000000e+00 9.000000e+00 8.700000e+01 8.000000e+00 3.000000e+00 8.400000e+01 8.487840e+01
1.000000e+00 6.000000e+00 8.700000e+01 5.000000e+00 2.000000e+00 7.000000e+01 7.470925e+01
1.000000e+00 6.000000e+00 9.000000e+01 6.000000e+00 8.000000e+00 8.300000e+01 7.941253e+01
1.000000e+00 4.000000e+00 9.600000e+01 6.000000e+00 9.000000e+00 8.100000e+01 8.001415e+01
1.000000e+00 8.000000e+00 8.600000e+01 7.000000e+00 4.000000e+00 8.200000e+01 8.073309e+01
1.000000e+00 5.000000e+00 4.600000e+01 7.000000e+00 7.000000e+00 3.300000e+01 3.209943e+01
1.000000e+00 7.000000e+00 7.600000e+01 7.000000e+00 3.000000e+00 6.400000e+01 6.751965e+01
1.000000e+00 9.000000e+00 6.200000e+01 7.000000e+00 3.000000e+00 5.900000e+01 5.897850e+01
1.000000e+00 5.000000e+00 5.000000e+01 5.000000e+00 5.000000e+00 3.600000e+01 3.482245e+01
1.000000e+00 5.000000e+00 4.900000e+01 7.000000e+00 5.000000e+00 3.600000e+01 3.475823e+01
1.000000e+00 4.000000e+00 9.600000e+01 6.000000e+00 2.000000e+00 8.100000e+01 7.864204e+01
1.000000e+00 6.000000e+00 6.000000e+01 6.000000e+00 1.000000e+00 4.700000e+01 4.753218e+01
1.000000e+00 2.000000e+00 9.400000e+01 9.000000e+00 8.000000e+00 6.900000e+01 7.351730e+01
1.000000e+00 3.000000e+00 9.800000e+01 8.000000e+00 1.000000e+00 8.000000e+01 7.858461e+01
1.000000e+00 1.000000e+00 8.000000e+01 6.000000e+00 8.000000e+00 5.500000e+01 5.500302e+01
1.000000e+00 2.000000e+00 7.200000e+01 6.000000e+00 7.000000e+00 5.400000e+01 4.951950e+01
1.000000e+00 2.000000e+00 5.900000e+01 5.000000e+00 9.000000e+00 4.000000e+01 3.621493e+01
1.000000e+00 8.000000e+00 7.200000e+01 9.000000e+00 6.000000e+00 7.000000e+01 6.784067e+01
1.000000e+00 8.000000e+00 7.900000e+01 6.000000e+00 4.000000e+00 7.100000e+01 7.313814e+01
1.000000e+00 2.000000e+00 7.400000e+01 4.000000e+00 2.000000e+00 4.700000e+01 4.962058e+01
1.000000e+00 6.000000e+00 7.300000e+01 6.000000e+00 1.000000e+00 6.200000e+01 6.075241e+01
1.000000e+00 5.000000e+00 7.500000e+01 8.000000e+00 7.000000e+00 5.900000e+01 6.206709e+01
1.000000e+00 3.000000e+00 6.600000e+01 8.000000e+00 1.000000e+00 4.800000e+01 4.604249e+01
1.000000e+00 5.000000e+00 5.800000e+01 9.000000e+00 7.000000e+00 4.700000e+01 4.525545e+01
1.000000e+00 5.000000e+00 8.200000e+01 9.000000e+00 4.000000e+00 7.200000e+01 6.907399e+01
1.000000e+00 5.000000e+00 4.400000e+01 7.000000e+00 8.000000e+00 3.200000e+01 3.026157e+01
1.000000e+00 3.000000e+00 6.800000e+01 5.000000e+00 3.000000e+00 4.700000e+01 4.703933e+01
1.000000e+00 3.000000e+00 9.500000e+01 8.000000e+00 7.000000e+00 7.600000e+01 7.670988e+01
1.000000e+00 4.000000e+00 4.900000e+01 4.000000e+00 6.000000e+00 2.900000e+01 3.067715e+01
1.000000e+00 7.000000e+00 9.500000e+01 4.000000e+00 7.000000e+00 8.700000e+01 8.619652e+01
1.000000e+00 2.000000e+00 9.800000e+01 7.000000e+00 4.000000e+00 7.100000e+01 7.584828e+01
1.000000e+00 4.000000e+00 9.400000e+01 5.000000e+00 1.000000e+00 7.500000e+01 7.593579e+01
1.000000e+00 4.000000e+00 7.900000e+01 5.000000e+00 6.000000e+00 6.300000e+01 6.166174e+01
1.000000e+00 1.000000e+00 5.200000e+01 9.000000e+00 2.000000e+00 2.800000e+01 2.678165e+01
1.000000e+00 8.000000e+00 6.800000e+01 6.000000e+00 9.000000e+00 6.400000e+01 6.293187e+01
1.000000e+00 1.000000e+00 4.400000e+01 4.000000e+00 9.000000e+00 1.600000e+01 1.763643e+01
1.000000e+00 8.000000e+00 9.700000e+01 4.000000e+00 9.000000e+00 8.900000e+01 9.147045e+01
1.000000e+00 7.000000e+00 9.700000e+01 4.000000e+00 9.000000e+00 9.000000e+01 8.862243e+01
1.000000e+00 9.000000e+00 9.800000e+01 4.000000e+00 1.000000e+00 9.100000e+01 9.376728e+01
1.000000e+00 8.000000e+00 5.100000e+01 8.000000e+00 2.000000e+00 4.300000e+01 4.522448e+01
1.000000e+00 5.000000e+00 9.800000e+01 5.000000e+00 3.000000e+00 8.400000e+01 8.324360e+01
1.000000e+00 8.000000e+00 5.200000e+01 6.000000e+00 9.000000e+00 4.700000e+01 4.666081e+01
1.000000e+00 3.000000e+00 6.100000e+01 8.000000e+00 6.000000e+00 4.700000e+01 4.193786e+01
1.000000e+00 7.000000e+00 7.900000e+01 5.000000e+00 9.000000e+00 7.100000e+01 7.079385e+01
1.000000e+00 4.000000e+00 5.400000e+01 7.000000e+00 0.000000e+00 3.700000e+01 3.601484e+01
1.000000e+00 5.000000e+00 5.200000e+01 4.000000e+00 5.000000e+00 3.500000e+01 3.637997e+01
1.000000e+00 9.000000e+00 4.000000e+01 6.000000e+00 5.000000e+00 3.800000e+01 3.652147e+01
1.000000e+00 7.000000e+00 9.300000e+01 5.000000e+00 7.000000e+00 8.500000e+01 8.463899e+01
1.000000e+00 4.000000e+00 7.700000e+01 7.000000e+00 1.000000e+00 5.800000e+01 5.960050e+01
1.000000e+00 6.000000e+00 8.200000e+01 4.000000e+00 1.000000e+00 6.900000e+01 6.895217e+01
1.000000e+00 7.000000e+00 8.400000e+01 7.000000e+00 0.000000e+00 7.400000e+01 7.506713e+01
1.000000e+00 9.000000e+00 9.200000e+01 7.000000e+00 2.000000e+00 8.900000e+01 8.929073e+01
1.000000e+00 4.000000e+00 9.100000e+01 8.000000e+00 6.000000e+00 8.000000e+01 7.529412e+01
1.000000e+00 3.000000e+00 4.000000e+01 7.000000e+00 7.000000e+00 2.100000e+01 2.030175e+01
1.000000e+00 8.000000e+00 5.000000e+01 8.000000e+00 6.000000e+00 4.500000e+01 4.499160e+01
1.000000e+00 1.000000e+00 9.700000e+01 9.000000e+00 8.000000e+00 7.400000e+01 7.372011e+01
1.000000e+00 9.000000e+00 8.200000e+01 8.000000e+00 7.000000e+00 7.700000e+01 8.057775e+01
1.000000e+00 1.000000e+00 7.900000e+01 7.000000e+00 7.000000e+00 5.100000e+01 5.426643e+01
1.000000e+00 2.000000e+00 6.100000e+01 5.000000e+00 1.000000e+00 3.800000e+01 3.668069e+01
1.000000e+00 8.000000e+00 7.400000e+01 7.000000e+00 0.000000e+00 6.900000e+01 6.774573e+01
1.000000e+00 9.000000e+00 9.900000e+01 7.000000e+00 5.000000e+00 9.800000e+01 9.699736e+01
1.000000e+00 7.000000e+00 9.000000e+01 5.000000e+00 6.000000e+00 8.500000e+01 8.139215e+01
1.000000e+00 3.000000e+00 8.300000e+01 4.000000e+00 5.000000e+00 6.200000e+01 6.220912e+01
1.000000e+00 7.000000e+00 4.500000e+01 6.000000e+00 6.000000e+00 3.800000e+01 3.610615e+01
1.000000e+00 6.000000e+00 6.700000e+01 9.000000e+00 7.000000e+00 5.700000e+01 5.725594e+01
1.000000e+00 2.000000e+00 7.000000e+01 4.000000e+00 1.000000e+00 4.100000e+01 4.535680e+01
1.000000e+00 3.000000e+00 9.400000e+01 7.000000e+00 0.000000e+00 7.600000e+01 7.384447e+01
1.000000e+00 5.000000e+00 4.700000e+01 4.000000e+00 9.000000e+00 3.000000e+01 3.207933e+01
1.000000e+00 4.000000e+00 4.400000e+01 6.000000e+00 7.000000e+00 2.800000e+01 2.674117e+01
1.000000e+00 2.000000e+00 8.100000e+01 4.000000e+00 7.000000e+00 5.600000e+01 5.771925e+01
1.000000e+00 4.000000e+00 9.300000e+01 6.000000e+00 7.000000e+00 7.700000e+01 7.657130e+01
1.000000e+00 8.000000e+00 8.700000e+01 4.000000e+00 9.000000e+00 8.500000e+01 8.130103e+01
1.000000e+00 5.000000e+00 8.300000e+01 8.000000e+00 6.000000e+00 7.200000e+01 7.000661e+01
1.000000e+00 5.000000e+00 5.600000e+01 7.000000e+00 1.000000e+00 4.200000e+01 4.109275e+01
1.000000e+00 3.000000e+00 7.700000e+01 6.000000e+00 3.000000e+00 5.600000e+01 5.666816e+01
1.000000e+00 8.000000e+00 4.800000e+01 9.000000e+00 8.000000e+00 4.300000e+01 4.382611e+01
1.000000e+00 6.000000e+00 4.900000e+01 7.000000e+00 7.000000e+00 3.800000e+01 3.799828e+01
1.000000e+00 2.000000e+00 5.900000e+01 8.000000e+00 3.000000e+00 3.800000e+01 3.646791e+01
1.000000e+00 2.000000e+00 5.300000e+01 4.000000e+00 7.000000e+00 3.000000e+01 2.924489e+01
1.000000e+00 9.000000e+00 5.300000e+01 7.000000e+00 9.000000e+00 5.200000e+01 5.100213e+01
1.000000e+00 7.000000e+00 6.500000e+01 4.000000e+00 5.000000e+00 5.500000e+01 5.529624e+01
1.000000e+00 9.000000e+00 6.800000e+01 4.000000e+00 8.000000e+00 6.700000e+01 6.463115e+01
1.000000e+00 6.000000e+00 8.800000e+01 7.000000e+00 0.000000e+00 7.800000e+01 7.628688e+01
1.000000e+00 5.000000e+00 6.600000e+01 6.000000e+00 5.000000e+00 5.100000e+01 5.156987e+01
1.000000e+00 1.000000e+00 6.400000e+01 6.000000e+00 3.000000e+00 3.900000e+01 3.775188e+01
1.000000e+00 6.000000e+00 5.500000e+01 7.000000e+00 2.000000e+00 4.600000e+01 4.311985e+01
1.000000e+00 6.000000e+00 7.500000e+01 6.000000e+00 4.000000e+00 6.700000e+01 6.337434e+01
1.000000e+00 3.000000e+00 7.300000e+01 5.000000e+00 9.000000e+00 5.200000e+01 5.330013e+01
1.000000e+00 3.000000e+00 5.500000e+01 4.000000e+00 7.000000e+00 3.600000e+01 3.412679e+01
1.000000e+00 3.000000e+00 7.200000e+01 7.000000e+00 9.000000e+00 5.400000e+01 5.323591e+01
1.000000e+00 3.000000e+00 4.200000e+01 9.000000e+00 5.000000e+00 2.500000e+01 2.289632e+01
1.000000e+00 7.000000e+00 6.200000e+01 8.000000e+00 0.000000e+00 5.300000e+01 5.317078e+01
1.000000e+00 2.000000e+00 5.000000e+01 7.000000e+00 5.000000e+00 2.800000e+01 2.723112e+01
1.000000e+00 2.000000e+00 8.700000e+01 7.000000e+00 6.000000e+00 6.400000e+01 6.505396e+01
1.000000e+00 3.000000e+00 9.700000e+01 4.000000e+00 5.000000e+00 7.700000e+01 7.644630e+01
1.000000e+00 7.000000e+00 5.700000e+01 8.000000e+00 2.000000e+00 4.600000e+01 4.847811e+01
1.000000e+00 3.000000e+00 8.600000e+01 4.000000e+00 8.000000e+00 6.900000e+01 6.584799e+01
1.000000e+00 7.000000e+00 8.000000e+01 9.000000e+00 9.000000e+00 7.400000e+01 7.371623e+01
1.000000e+00 9.000000e+00 8.300000e+01 6.000000e+00 9.000000e+00 8.500000e+01 8.103401e+01
1.000000e+00 4.000000e+00 6.800000e+01 7.000000e+00 3.000000e+00 4.900000e+01 5.084006e+01
1.000000e+00 7.000000e+00 9.800000e+01 4.000000e+00 4.000000e+00 8.900000e+01 8.865929e+01
1.000000e+00 9.000000e+00 8.900000e+01 9.000000e+00 4.000000e+00 8.800000e+01 8.758465e+01
1.000000e+00 8.000000e+00 4.400000e+01 9.000000e+00 2.000000e+00 4.000000e+01 3.858225e+01
1.000000e+00 8.000000e+00 6.300000e+01 5.000000e+00 1.000000e+00 5.800000e+01 5.580268e+01
1.000000e+00 9.000000e+00 6.800000e+01 7.000000e+00 7.000000e+00 6.300000e+01 6.586421e+01
1.000000e+00 5.000000e+00 6.800000e+01 9.000000e+00 6.000000e+00 5.700000e+01 5.522885e+01
1.000000e+00 5.000000e+00 9.900000e+01 6.000000e+00 4.000000e+00 8.700000e+01 8.493292e+01
1.000000e+00 3.000000e+00 6.500000e+01 4.000000e+00 0.000000e+00 4.000000e+01 4.292409e+01
1.000000e+00 5.000000e+00 7.900000e+01 4.000000e+00 9.000000e+00 6.700000e+01 6.462145e+01
1.000000e+00 8.000000e+00 4.200000e+01 5.000000e+00 0.000000e+00 3.200000e+01 3.425089e+01
1.000000e+00 5.000000e+00 4.100000e+01 6.000000e+00 7.000000e+00 2.700000e+01 2.653837e+01
1.000000e+00 4.000000e+00 6.400000e+01 9.000000e+00 3.000000e+00 4.700000e+01 4.772502e+01
1.000000e+00 8.000000e+00 5.800000e+01 5.000000e+00 3.000000e+00 5.100000e+01 5.111000e+01
1.000000e+00 7.000000e+00 7.900000e+01 9.000000e+00 8.000000e+00 7.200000e+01 7.250327e+01
1.000000e+00 6.000000e+00 4.100000e+01 9.000000e+00 1.000000e+00 3.100000e+01 2.963937e+01
1.000000e+00 5.000000e+00 5.800000e+01 7.000000e+00 4.000000e+00 4.200000e+01 4.371468e+01
1.000000e+00 5.000000e+00 4.000000e+01 8.000000e+00 5.000000e+00 2.800000e+01 2.608212e+01
1.000000e+00 2.000000e+00 6.600000e+01 9.000000e+00 5.000000e+00 4.500000e+01 4.445490e+01
1.000000e+00 4.000000e+00 9.300000e+01 4.000000e+00 9.000000e+00 7.500000e+01 7.601061e+01
1.000000e+00 8.000000e+00 8.400000e+01 9.000000e+00 2.000000e+00 8.100000e+01 7.925990e+01
1.000000e+00 8.000000e+00 9.400000e+01 5.000000e+00 9.000000e+00 8.800000e+01 8.889598e+01
1.000000e+00 1.000000e+00 9.100000e+01 9.000000e+00 5.000000e+00 6.700000e+01 6.703041e+01
1.000000e+00 2.000000e+00 8.800000e+01 4.000000e+00 9.000000e+00 6.200000e+01 6.522987e+01
1.000000e+00 5.000000e+00 7.400000e+01 4.000000e+00 9.000000e+00 5.900000e+01 5.953674e+01
1.000000e+00 9.000000e+00 8.000000e+01 5.000000e+00 4.000000e+00 7.500000e+01 7.652674e+01
1.000000e+00 7.000000e+00 4.400000e+01 4.000000e+00 7.000000e+00 3.000000e+01 3.433251e+01
1.000000e+00 5.000000e+00 7.700000e+01 6.000000e+00 3.000000e+00 6.200000e+01 6.236419e+01
1.000000e+00 1.000000e+00 4.300000e+01 6.000000e+00 9.000000e+00 1.700000e+01 1.757221e+01
1.000000e+00 6.000000e+00 5.600000e+01 8.000000e+00 9.000000e+00 4.700000e+01 4.598526e+01
1.000000e+00 8.000000e+00 9.200000e+01 6.000000e+00 2.000000e+00 8.700000e+01 8.596635e+01
1.000000e+00 7.000000e+00 6.000000e+01 5.000000e+00 5.000000e+00 5.100000e+01 5.068790e+01
1.000000e+00 2.000000e+00 9.200000e+01 9.000000e+00 9.000000e+00 7.200000e+01 7.167943e+01
1.000000e+00 5.000000e+00 8.700000e+01 6.000000e+00 8.000000e+00 7.600000e+01 7.351368e+01
1.000000e+00 4.000000e+00 7.000000e+01 8.000000e+00 7.000000e+00 5.600000e+01 5.413437e+01
1.000000e+00 9.000000e+00 8.700000e+01 7.000000e+00 9.000000e+00 8.600000e+01 8.557813e+01
1.000000e+00 1.000000e+00 6.100000e+01 7.000000e+00 7.000000e+00 3.700000e+01 3.596148e+01
1.000000e+00 6.000000e+00 5.000000e+01 5.000000e+00 2.000000e+00 3.500000e+01 3.708242e+01
1.000000e+00 3.000000e+00 7.300000e+01 8.000000e+00 0.000000e+00 5.400000e+01 5.296506e+01
1.000000e+00 9.000000e+00 8.800000e+01 6.000000e+00 2.000000e+00 8.300000e+01 8.474660e+01
1.000000e+00 5.000000e+00 5.400000e+01 8.000000e+00 2.000000e+00 4.000000e+01 3.973125e+01
1.000000e+00 6.000000e+00 8.900000e+01 4.000000e+00 5.000000e+00 7.800000e+01 7.685482e+01
1.000000e+00 9.000000e+00 4.900000e+01 8.000000e+00 2.000000e+00 4.700000e+01 4.603861e+01
1.000000e+00 9.000000e+00 7.700000e+01 6.000000e+00 1.000000e+00 6.800000e+01 7.336423e+01
1.000000e+00 8.000000e+00 7.100000e+01 5.000000e+00 8.000000e+00 6.700000e+01 6.531032e+01
1.000000e+00 9.000000e+00 9.200000e+01 4.000000e+00 5.000000e+00 9.200000e+01 8.844970e+01
1.000000e+00 4.000000e+00 8.700000e+01 8.000000e+00 4.000000e+00 6.700000e+01 7.083432e+01
1.000000e+00 6.000000e+00 7.000000e+01 7.000000e+00 2.000000e+00 5.900000e+01 5.837396e+01
1.000000e+00 5.000000e+00 7.600000e+01 6.000000e+00 6.000000e+00 6.100000e+01 6.193530e+01
1.000000e+00 5.000000e+00 8.300000e+01 5.000000e+00 6.000000e+00 6.900000e+01 6.857753e+01
1.000000e+00 4.000000e+00 6.700000e+01 9.000000e+00 3.000000e+00 5.300000e+01 5.077584e+01
1.000000e+00 2.000000e+00 7.000000e+01 6.000000e+00 9.000000e+00 4.800000e+01 4.787765e+01
1.000000e+00 6.000000e+00 4.500000e+01 8.000000e+00 1.000000e+00 3.200000e+01 3.323078e+01
1.000000e+00 9.000000e+00 5.300000e+01 5.000000e+00 1.000000e+00 4.700000e+01 4.848128e+01
1.000000e+00 1.000000e+00 9.700000e+01 7.000000e+00 7.000000e+00 7.100000e+01 7.257137e+01
1.000000e+00 7.000000e+00 6.200000e+01 4.000000e+00 3.000000e+00 4.800000e+01 5.185339e+01
1.000000e+00 6.000000e+00 5.500000e+01 8.000000e+00 6.000000e+00 4.300000e+01 4.438027e+01
1.000000e+00 3.000000e+00 6.400000e+01 5.000000e+00 2.000000e+00 4.400000e+01 4.277554e+01
1.000000e+00 1.000000e+00 7.800000e+01 4.000000e+00 8.000000e+00 5.300000e+01 5.201642e+01
1.000000e+00 4.000000e+00 4.100000e+01 5.000000e+00 9.000000e+00 2.400000e+01 2.360602e+01
1.000000e+00 9.000000e+00 7.700000e+01 9.000000e+00 8.000000e+00 7.600000e+01 7.616542e+01
1.000000e+00 2.000000e+00 8.000000e+01 8.000000e+00 6.000000e+00 5.800000e+01 5.841173e+01
1.000000e+00 3.000000e+00 7.800000e+01 5.000000e+00 6.000000e+00 5.900000e+01 5.779679e+01
1.000000e+00 2.000000e+00 7.300000e+01 7.000000e+00 0.000000e+00 5.100000e+01 4.964069e+01
1.000000e+00 2.000000e+00 9.000000e+01 5.000000e+00 9.000000e+00 6.800000e+01 6.774011e+01
1.000000e+00 8.000000e+00 7.900000e+01 8.000000e+00 7.000000e+00 7.300000e+01 7.467891e+01
1.000000e+00 3.000000e+00 8.200000e+01 5.000000e+00 1.000000e+00 6.000000e+01 6.088447e+01
1.000000e+00 7.000000e+00 6.400000e+01 4.000000e+00 7.000000e+00 5.600000e+01 5.467133e+01
1.000000e+00 8.000000e+00 7.500000e+01 4.000000e+00 1.000000e+00 6.600000e+01 6.752961e+01
1.000000e+00 3.000000e+00 5.500000e+01 9.000000e+00 0.000000e+00 3.400000e+01 3.513648e+01
1.000000e+00 2.000000e+00 9.600000e+01 6.000000e+00 7.000000e+00 7.500000e+01 7.392609e+01
1.000000e+00 8.000000e+00 5.700000e+01 9.000000e+00 3.000000e+00 5.300000e+01 5.199850e+01
1.000000e+00 3.000000e+00 5.200000e+01 6.000000e+00 9.000000e+00 3.100000e+01 3.242072e+01
1.000000e+00 7.000000e+00 9.800000e+01 7.000000e+00 5.000000e+00 8.800000e+01 9.028439e+01
1.000000e+00 1.000000e+00 7.600000e+01 4.000000e+00 9.000000e+00 4.800000e+01 5.017856e+01
1.000000e+00 6.000000e+00 6.600000e+01 6.000000e+00 9.000000e+00 5.600000e+01 5.520195e+01
1.000000e+00 9.000000e+00 7.300000e+01 5.000000e+00 0.000000e+00 6.700000e+01 6.862409e+01
1.000000e+00 3.000000e+00 5.000000e+01 7.000000e+00 8.000000e+00 2.900000e+01 3.066718e+01
1.000000e+00 7.000000e+00 4.000000e+01 8.000000e+00 6.000000e+00 3.000000e+01 3.197417e+01
1.000000e+00 6.000000e+00 5.200000e+01 6.000000e+00 4.000000e+00 4.000000e+01 3.998469e+01
1.000000e+00 8.000000e+00 6.900000e+01 9.000000e+00 5.000000e+00 6.400000e+01 6.459383e+01
1.000000e+00 3.000000e+00 4.400000e+01 6.000000e+00 2.000000e+00 2.300000e+01 2.291308e+01
1.000000e+00 3.000000e+00 5.700000e+01 9.000000e+00 8.000000e+00 3.900000e+01 3.873849e+01
1.000000e+00 4.000000e+00 5.300000e+01 9.000000e+00 1.000000e+00 3.300000e+01 3.614663e+01
1.000000e+00 3.000000e+00 5.200000e+01 4.000000e+00 9.000000e+00 3.300000e+01 3.146800e+01
1.000000e+00 9.000000e+00 7.100000e+01 7.000000e+00 0.000000e+00 6.800000e+01 6.754293e+01
1.000000e+00 4.000000e+00 4.600000e+01 9.000000e+00 0.000000e+00 3.200000e+01 2.883203e+01
1.000000e+00 6.000000e+00 4.700000e+01 4.000000e+00 9.000000e+00 3.300000e+01 3.492735e+01
1.000000e+00 8.000000e+00 8.900000e+01 4.000000e+00 1.000000e+00 8.300000e+01 8.176679e+01
1.000000e+00 8.000000e+00 4.600000e+01 9.000000e+00 5.000000e+00 4.100000e+01 4.120418e+01
1.000000e+00 5.000000e+00 9.100000e+01 7.000000e+00 5.000000e+00 7.600000e+01 7.746976e+01
1.000000e+00 5.000000e+00 8.800000e+01 5.000000e+00 8.000000e+00 7.600000e+01 7.405427e+01
1.000000e+00 6.000000e+00 5.500000e+01 6.000000e+00 9.000000e+00 4.500000e+01 4.401560e+01
1.000000e+00 7.000000e+00 8.200000e+01 4.000000e+00 3.000000e+00 7.200000e+01 7.219221e+01
1.000000e+00 7.000000e+00 7.000000e+01 6.000000e+00 7.000000e+00 6.000000e+01 6.172570e+01
1.000000e+00 4.000000e+00 9.000000e+01 7.000000e+00 3.000000e+00 7.500000e+01 7.321277e+01
1.000000e+00 6.000000e+00 6.600000e+01 5.000000e+00 2.000000e+00 5.500000e+01 5.335348e+01
1.000000e+00 7.000000e+00 9.900000e+01 8.000000e+00 3.000000e+00 9.100000e+01 9.138566e+01
1.000000e+00 5.000000e+00 7.200000e+01 5.000000e+00 0.000000e+00 5.600000e+01 5.621508e+01
1.000000e+00 5.000000e+00 9.200000e+01 7.000000e+00 8.000000e+00 7.700000e+01 7.907475e+01
1.000000e+00 2.000000e+00 6.800000e+01 5.000000e+00 4.000000e+00 4.700000e+01 4.438732e+01
1.000000e+00 7.000000e+00 4.700000e+01 8.000000e+00 6.000000e+00 3.700000e+01 3.909276e+01
1.000000e+00 6.000000e+00 7.200000e+01 4.000000e+00 2.000000e+00 6.100000e+01 5.897877e+01
1.000000e+00 1.000000e+00 8.000000e+01 5.000000e+00 4.000000e+00 5.800000e+01 5.374260e+01
1.000000e+00 4.000000e+00 5.800000e+01 9.000000e+00 9.000000e+00 4.200000e+01 4.279946e+01
1.000000e+00 3.000000e+00 6.000000e+01 9.000000e+00 3.000000e+00 4.000000e+01 4.080923e+01
1.000000e+00 3.000000e+00 8.000000e+01 7.000000e+00 6.000000e+00 5.900000e+01 6.078339e+01
1.000000e+00 7.000000e+00 6.000000e+01 5.000000e+00 4.000000e+00 5.300000e+01 5.049188e+01
1.000000e+00 4.000000e+00 6.400000e+01 8.000000e+00 1.000000e+00 4.700000e+01 4.685663e+01
1.000000e+00 8.000000e+00 8.100000e+01 7.000000e+00 2.000000e+00 7.200000e+01 7.525635e+01
1.000000e+00 9.000000e+00 9.500000e+01 5.000000e+00 7.000000e+00 9.000000e+01 9.236891e+01
1.000000e+00 3.000000e+00 6.200000e+01 7.000000e+00 2.000000e+00 4.300000e+01 4.169438e+01
1.000000e+00 5.000000e+00 5.000000e+01 9.000000e+00 6.000000e+00 3.500000e+01 3.692390e+01
1.000000e+00 4.000000e+00 7.200000e+01 8.000000e+00 4.000000e+00 5.200000e+01 5.558020e+01
1.000000e+00 6.000000e+00 5.900000e+01 4.000000e+00 6.000000e+00 4.700000e+01 4.654259e+01
1.000000e+00 4.000000e+00 6.400000e+01 8.000000e+00 9.000000e+00 5.000000e+01 4.842475e+01
1.000000e+00 8.000000e+00 6.500000e+01 4.000000e+00 8.000000e+00 5.700000e+01 5.873231e+01
1.000000e+00 3.000000e+00 7.900000e+01 6.000000e+00 6.000000e+00 5.800000e+01 5.929009e+01
1.000000e+00 5.000000e+00 9.100000e+01 9.000000e+00 5.000000e+00 7.800000e+01 7.842248e+01
1.000000e+00 1.000000e+00 5.100000e+01 9.000000e+00 0.000000e+00 2.500000e+01 2.537268e+01
1.000000e+00 6.000000e+00 7.100000e+01 9.000000e+00 3.000000e+00 6.400000e+01 6.053964e+01
1.000000e+00 5.000000e+00 7.200000e+01 8.000000e+00 7.000000e+00 6.100000e+01 5.901627e+01
1.000000e+00 8.000000e+00 4.900000e+01 4.000000e+00 0.000000e+00 4.200000e+01 4.089312e+01
1.000000e+00 9.000000e+00 4.300000e+01 6.000000e+00 5.000000e+00 3.900000e+01 3.957229e+01
1.000000e+00 8.000000e+00 5.400000e+01 6.000000e+00 1.000000e+00 4.600000e+01 4.712656e+01
1.000000e+00 8.000000e+00 9.000000e+01 6.000000e+00 8.000000e+00 8.800000e+01 8.510856e+01
1.000000e+00 3.000000e+00 4.500000e+01 7.000000e+00 7.000000e+00 2.600000e+01 2.538646e+01
1.000000e+00 4.000000e+00 6.600000e+01 8.000000e+00 8.000000e+00 4.900000e+01 5.026262e+01
1.000000e+00 4.000000e+00 4.400000e+01 8.000000e+00 8.000000e+00 3.400000e+01 2.788991e+01
1.000000e+00 5.000000e+00 4.400000e+01 9.000000e+00 1.000000e+00 3.100000e+01 2.984218e+01
1.000000e+00 9.000000e+00 5.700000e+01 8.000000e+00 1.000000e+00 5.200000e+01 5.397812e+01
1.000000e+00 9.000000e+00 6.700000e+01 8.000000e+00 8.000000e+00 6.800000e+01 6.551965e+01
1.000000e+00 1.000000e+00 7.400000e+01 7.000000e+00 1.000000e+00 5.000000e+01 4.800563e+01
1.000000e+00 8.000000e+00 9.800000e+01 8.000000e+00 3.000000e+00 9.300000e+01 9.321673e+01
1.000000e+00 1.000000e+00 6.100000e+01 4.000000e+00 1.000000e+00 3.200000e+01 3.335631e+01
1.000000e+00 2.000000e+00 7.300000e+01 6.000000e+00 0.000000e+00 4.800000e+01 4.916433e+01
1.000000e+00 7.000000e+00 4.300000e+01 7.000000e+00 9.000000e+00 3.600000e+01 3.513668e+01
1.000000e+00 8.000000e+00 5.700000e+01 7.000000e+00 6.000000e+00 5.400000e+01 5.163383e+01
1.000000e+00 1.000000e+00 8.000000e+01 9.000000e+00 4.000000e+00 5.500000e+01 5.564804e+01
1.000000e+00 3.000000e+00 9.000000e+01 8.000000e+00 2.000000e+00 7.400000e+01 7.064510e+01
1.000000e+00 7.000000e+00 6.500000e+01 6.000000e+00 7.000000e+00 5.300000e+01 5.664100e+01
1.000000e+00 9.000000e+00 8.100000e+01 4.000000e+00 4.000000e+00 7.600000e+01 7.706732e+01
1.000000e+00 8.000000e+00 6.100000e+01 6.000000e+00 0.000000e+00 5.400000e+01 5.404914e+01
1.000000e+00 8.000000e+00 8.600000e+01 5.000000e+00 8.000000e+00 8.000000e+01 8.056444e+01
1.000000e+00 9.000000e+00 7.200000e+01 6.000000e+00 4.000000e+00 6.800000e+01 6.886757e+01
1.000000e+00 3.000000e+00 8.200000e+01 4.000000e+00 2.000000e+00 6.300000e+01 6.060413e+01
1.000000e+00 8.000000e+00 5.300000e+01 4.000000e+00 5.000000e+00 4.600000e+01 4.594097e+01
1.000000e+00 1.000000e+00 7.000000e+01 4.000000e+00 7.000000e+00 4.500000e+01 4.368488e+01
1.000000e+00 8.000000e+00 4.900000e+01 7.000000e+00 1.000000e+00 4.300000e+01 4.251822e+01
1.000000e+00 7.000000e+00 9.000000e+01 7.000000e+00 2.000000e+00 8.300000e+01 8.156081e+01
1.000000e+00 8.000000e+00 6.300000e+01 5.000000e+00 6.000000e+00 5.600000e+01 5.678276e+01
1.000000e+00 1.000000e+00 6.000000e+01 6.000000e+00 1.000000e+00 2.900000e+01 3.329209e+01
1.000000e+00 6.000000e+00 8.700000e+01 8.000000e+00 4.000000e+00 7.900000e+01 7.653036e+01
1.000000e+00 7.000000e+00 4.700000e+01 9.000000e+00 8.000000e+00 4.000000e+01 3.996115e+01
1.000000e+00 5.000000e+00 7.100000e+01 5.000000e+00 6.000000e+00 5.500000e+01 5.637423e+01
1.000000e+00 5.000000e+00 7.000000e+01 8.000000e+00 2.000000e+00 5.500000e+01 5.600231e+01
1.000000e+00 7.000000e+00 7.300000e+01 8.000000e+00 1.000000e+00 6.500000e+01 6.455315e+01
1.000000e+00 3.000000e+00 6.200000e+01 5.000000e+00 9.000000e+00 4.100000e+01 4.211377e+01
1.000000e+00 6.000000e+00 6.400000e+01 6.000000e+00 8.000000e+00 5.300000e+01 5.297205e+01
1.000000e+00 7.000000e+00 4.600000e+01 9.000000e+00 8.000000e+00 4.100000e+01 3.894421e+01
1.000000e+00 1.000000e+00 5.800000e+01 8.000000e+00 8.000000e+00 3.400000e+01 3.358304e+01
1.000000e+00 2.000000e+00 4.600000e+01 7.000000e+00 9.000000e+00 2.300000e+01 2.394741e+01
1.000000e+00 4.000000e+00 8.600000e+01 7.000000e+00 2.000000e+00 7.000000e+01 6.894899e+01
1.000000e+00 8.000000e+00 4.700000e+01 5.000000e+00 0.000000e+00 3.800000e+01 3.933560e+01
1.000000e+00 6.000000e+00 5.300000e+01 9.000000e+00 8.000000e+00 4.500000e+01 4.321478e+01
1.000000e+00 1.000000e+00 4.000000e+01 9.000000e+00 6.000000e+00 1.400000e+01 1.536242e+01
1.000000e+00 5.000000e+00 5.200000e+01 8.000000e+00 1.000000e+00 3.700000e+01 3.750135e+01
1.000000e+00 7.000000e+00 4.200000e+01 5.000000e+00 5.000000e+00 3.300000e+01 3.238295e+01
1.000000e+00 6.000000e+00 9.200000e+01 9.000000e+00 8.000000e+00 8.100000e+01 8.287549e+01
1.000000e+00 9.000000e+00 6.700000e+01 9.000000e+00 7.000000e+00 6.800000e+01 6.579999e+01
1.000000e+00 8.000000e+00 7.700000e+01 7.000000e+00 5.000000e+00 7.600000e+01 7.177664e+01
1.000000e+00 4.000000e+00 9.000000e+01 5.000000e+00 5.000000e+00 7.400000e+01 7.265208e+01
1.000000e+00 5.000000e+00 5.400000e+01 8.000000e+00 7.000000e+00 4.100000e+01 4.071133e+01
1.000000e+00 7.000000e+00 7.500000e+01 8.000000e+00 8.000000e+00 7.000000e+01 6.795914e+01
1.000000e+00 8.000000e+00 9.200000e+01 7.000000e+00 7.000000e+00 8.900000e+01 8.742279e+01
1.000000e+00 5.000000e+00 4.200000e+01 4.000000e+00 0.000000e+00 2.500000e+01 2.523048e+01
1.000000e+00 9.000000e+00 4.300000e+01 4.000000e+00 1.000000e+00 3.600000e+01 3.783551e+01
1.000000e+00 4.000000e+00 4.400000e+01 9.000000e+00 5.000000e+00 2.700000e+01 2.777822e+01
1.000000e+00 4.000000e+00 8.900000e+01 6.000000e+00 7.000000e+00 7.100000e+01 7.250353e+01
1.000000e+00 8.000000e+00 6.500000e+01 7.000000e+00 3.000000e+00 5.600000e+01 5.918131e+01
1.000000e+00 1.000000e+00 6.400000e+01 6.000000e+00 3.000000e+00 4.100000e+01 3.775188e+01
1.000000e+00 8.000000e+00 4.900000e+01 9.000000e+00 1.000000e+00 4.100000e+01 4.347094e+01
1.000000e+00 5.000000e+00 4.700000e+01 7.000000e+00 9.000000e+00 3.400000e+01 3.350841e+01
1.000000e+00 1.000000e+00 5.100000e+01 8.000000e+00 0.000000e+00 2.300000e+01 2.489632e+01
1.000000e+00 4.000000e+00 9.300000e+01 7.000000e+00 9.000000e+00 7.800000e+01 7.743969e+01
1.000000e+00 2.000000e+00 9.700000e+01 5.000000e+00 8.000000e+00 7.600000e+01 7.466268e+01
1.000000e+00 4.000000e+00 9.800000e+01 6.000000e+00 6.000000e+00 7.800000e+01 8.145999e+01
1.000000e+00 8.000000e+00 4.200000e+01 7.000000e+00 8.000000e+00 3.800000e+01 3.677174e+01
1.000000e+00 5.000000e+00 6.600000e+01 6.000000e+00 1.000000e+00 4.800000e+01 5.078581e+01
1.000000e+00 1.000000e+00 8.900000e+01 9.000000e+00 9.000000e+00 6.500000e+01 6.578059e+01
1.000000e+00 7.000000e+00 6.200000e+01 7.000000e+00 4.000000e+00 5.900000e+01 5.347848e+01
1.000000e+00 1.000000e+00 7.900000e+01 4.000000e+00 1.000000e+00 5.200000e+01 5.166125e+01
1.000000e+00 9.000000e+00 9.700000e+01 6.000000e+00 9.000000e+00 9.700000e+01 9.527118e+01
1.000000e+00 3.000000e+00 7.200000e+01 8.000000e+00 6.000000e+00 5.400000e+01 5.312422e+01
1.000000e+00 3.000000e+00 5.300000e+01 8.000000e+00 8.000000e+00 3.400000e+01 3.419436e+01
1.000000e+00 6.000000e+00 9.300000e+01 7.000000e+00 2.000000e+00 8.000000e+01 8.176361e+01
1.000000e+00 6.000000e+00 6.200000e+01 8.000000e+00 0.000000e+00 5.400000e+01 5.032276e+01
1.000000e+00 6.000000e+00 7.000000e+01 8.000000e+00 3.000000e+00 6.300000e+01 5.904634e+01
1.000000e+00 1.000000e+00 5.200000e+01 6.000000e+00 3.000000e+00 2.600000e+01 2.554859e+01
1.000000e+00 5.000000e+00 9.600000e+01 7.000000e+00 5.000000e+00 8.500000e+01 8.255447e+01
1.000000e+00 6.000000e+00 5.100000e+01 6.000000e+00 4.000000e+00 4.000000e+01 3.896775e+01
1.000000e+00 8.000000e+00 7.400000e+01 7.000000e+00 4.000000e+00 6.800000e+01 6.852980e+01
1.000000e+00 1.000000e+00 5.700000e+01 8.000000e+00 8.000000e+00 3.200000e+01 3.256609e+01
1.000000e+00 5.000000e+00 6.000000e+01 7.000000e+00 0.000000e+00 4.400000e+01 4.496450e+01
1.000000e+00 3.000000e+00 8.400000e+01 9.000000e+00 7.000000e+00 7.000000e+01 6.599989e+01
1.000000e+00 2.000000e+00 8.600000e+01 7.000000e+00 7.000000e+00 6.600000e+01 6.423303e+01
1.000000e+00 8.000000e+00 8.100000e+01 5.000000e+00 7.000000e+00 7.600000e+01 7.528371e+01
1.000000e+00 7.000000e+00 4.000000e+01 7.000000e+00 2.000000e+00 2.900000e+01 3.071374e+01
1.000000e+00 7.000000e+00 7.700000e+01 5.000000e+00 9.000000e+00 7.000000e+01 6.875996e+01
1.000000e+00 5.000000e+00 8.000000e+01 6.000000e+00 7.000000e+00 6.400000e+01 6.619908e+01
1.000000e+00 9.000000e+00 8.100000e+01 5.000000e+00 1.000000e+00 7.600000e+01 7.695564e+01
1.000000e+00 5.000000e+00 8.600000e+01 6.000000e+00 7.000000e+00 7.200000e+01 7.230073e+01
1.000000e+00 2.000000e+00 4.800000e+01 7.000000e+00 7.000000e+00 2.400000e+01 2.558926e+01
1.000000e+00 3.000000e+00 6.200000e+01 6.000000e+00 2.000000e+00 4.000000e+01 4.121802e+01
1.000000e+00 4.000000e+00 5.300000e+01 8.000000e+00 3.000000e+00 3.700000e+01 3.606230e+01
1.000000e+00 5.000000e+00 5.000000e+01 9.000000e+00 8.000000e+00 4.200000e+01 3.731594e+01
1.000000e+00 3.000000e+00 4.600000e+01 7.000000e+00 8.000000e+00 2.800000e+01 2.659942e+01
1.000000e+00 7.000000e+00 7.000000e+01 5.000000e+00 9.000000e+00 6.100000e+01 6.164137e+01
1.000000e+00 5.000000e+00 6.300000e+01 9.000000e+00 8.000000e+00 5.300000e+01 5.053617e+01
1.000000e+00 5.000000e+00 6.500000e+01 4.000000e+00 9.000000e+00 5.000000e+01 5.038427e+01
1.000000e+00 6.000000e+00 6.900000e+01 9.000000e+00 5.000000e+00 5.500000e+01 5.889779e+01
1.000000e+00 7.000000e+00 7.300000e+01 7.000000e+00 0.000000e+00 6.700000e+01 6.388077e+01
1.000000e+00 8.000000e+00 8.500000e+01 9.000000e+00 7.000000e+00 7.900000e+01 8.125692e+01
1.000000e+00 9.000000e+00 7.700000e+01 9.000000e+00 8.000000e+00 7.700000e+01 7.616542e+01
1.000000e+00 4.000000e+00 4.400000e+01 8.000000e+00 7.000000e+00 2.600000e+01 2.769389e+01
1.000000e+00 5.000000e+00 4.400000e+01 6.000000e+00 0.000000e+00 2.600000e+01 2.821708e+01
1.000000e+00 5.000000e+00 5.800000e+01 9.000000e+00 5.000000e+00 4.400000e+01 4.486342e+01
1.000000e+00 8.000000e+00 9.000000e+01 5.000000e+00 8.000000e+00 8.000000e+01 8.463220e+01
1.000000e+00 9.000000e+00 7.700000e+01 5.000000e+00 8.000000e+00 7.300000e+01 7.425998e+01
1.000000e+00 7.000000e+00 6.700000e+01 8.000000e+00 6.000000e+00 6.100000e+01 5.943158e+01
1.000000e+00 5.000000e+00 6.500000e+01 9.000000e+00 6.000000e+00 5.300000e+01 5.217802e+01
1.000000e+00 3.000000e+00 8.100000e+01 9.000000e+00 3.000000e+00 5.900000e+01 6.216500e+01
1.000000e+00 1.000000e+00 6.200000e+01 8.000000e+00 6.000000e+00 4.000000e+01 3.725877e+01
1.000000e+00 9.000000e+00 8.500000e+01 7.000000e+00 9.000000e+00 8.800000e+01 8.354425e+01
1.000000e+00 5.000000e+00 8.800000e+01 4.000000e+00 4.000000e+00 7.600000e+01 7.279384e+01
1.000000e+00 9.000000e+00 6.900000e+01 4.000000e+00 9.000000e+00 6.500000e+01 6.584411e+01
1.000000e+00 4.000000e+00 4.200000e+01 6.000000e+00 4.000000e+00 2.300000e+01 2.411924e+01
1.000000e+00 5.000000e+00 6.700000e+01 5.000000e+00 0.000000e+00 5.000000e+01 5.113037e+01
1.000000e+00 4.000000e+00 7.200000e+01 7.000000e+00 1.000000e+00 5.900000e+01 5.451580e+01
1.000000e+00 2.000000e+00 8.100000e+01 5.000000e+00 8.000000e+00 5.700000e+01 5.839162e+01
1.000000e+00 1.000000e+00 4.200000e+01 7.000000e+00 1.000000e+00 1.400000e+01 1.546350e+01
1.000000e+00 8.000000e+00 4.400000e+01 8.000000e+00 9.000000e+00 4.100000e+01 3.947800e+01
1.000000e+00 4.000000e+00 9.600000e+01 6.000000e+00 1.000000e+00 8.100000e+01 7.844603e+01
1.000000e+00 5.000000e+00 5.800000e+01 8.000000e+00 8.000000e+00 4.700000e+01 4.497511e+01
1.000000e+00 6.000000e+00 8.100000e+01 5.000000e+00 2.000000e+00 6.700000e+01 6.860760e+01
1.000000e+00 8.000000e+00 9.700000e+01 6.000000e+00 1.000000e+00 9.200000e+01 9.085504e+01
1.000000e+00 8.000000e+00 9.600000e+01 9.000000e+00 6.000000e+00 9.500000e+01 9.224726e+01
1.000000e+00 7.000000e+00 8.700000e+01 7.000000e+00 8.000000e+00 7.900000e+01 7.968608e+01
1.000000e+00 4.000000e+00 4.000000e+01 7.000000e+00 5.000000e+00 2.400000e+01 2.275774e+01
1.000000e+00 6.000000e+00 7.700000e+01 6.000000e+00 6.000000e+00 6.700000e+01 6.580026e+01
1.000000e+00 4.000000e+00 4.800000e+01 8.000000e+00 2.000000e+00 3.000000e+01 3.078158e+01
1.000000e+00 7.000000e+00 9.900000e+01 6.000000e+00 2.000000e+00 9.100000e+01 9.023692e+01
1.000000e+00 1.000000e+00 4.400000e+01 8.000000e+00 7.000000e+00 2.100000e+01 1.914984e+01
1.000000e+00 5.000000e+00 9.800000e+01 6.000000e+00 6.000000e+00 8.700000e+01 8.430801e+01
1.000000e+00 4.000000e+00 8.500000e+01 8.000000e+00 4.000000e+00 6.900000e+01 6.880044e+01
1.000000e+00 7.000000e+00 8.100000e+01 4.000000e+00 5.000000e+00 7.200000e+01 7.156731e+01
1.000000e+00 9.000000e+00 7.300000e+01 6.000000e+00 8.000000e+00 7.000000e+01 7.066858e+01
1.000000e+00 5.000000e+00 7.600000e+01 8.000000e+00 2.000000e+00 6.600000e+01 6.210395e+01
1.000000e+00 4.000000e+00 7.200000e+01 9.000000e+00 2.000000e+00 5.500000e+01 5.566453e+01
1.000000e+00 9.000000e+00 6.400000e+01 5.000000e+00 5.000000e+00 6.000000e+01 6.045170e+01
1.000000e+00 5.000000e+00 8.100000e+01 5.000000e+00 7.000000e+00 6.700000e+01 6.673966e+01
1.000000e+00 9.000000e+00 6.800000e+01 6.000000e+00 4.000000e+00 6.500000e+01 6.479981e+01
1.000000e+00 8.000000e+00 9.700000e+01 6.000000e+00 0.000000e+00 8.700000e+01 9.065902e+01
1.000000e+00 4.000000e+00 6.400000e+01 7.000000e+00 2.000000e+00 4.800000e+01 4.657628e+01
1.000000e+00 7.000000e+00 9.300000e+01 8.000000e+00 7.000000e+00 8.700000e+01 8.606807e+01
1.000000e+00 5.000000e+00 9.800000e+01 6.000000e+00 3.000000e+00 8.400000e+01 8.371996e+01
1.000000e+00 4.000000e+00 4.800000e+01 5.000000e+00 8.000000e+00 3.200000e+01 3.052860e+01
1.000000e+00 5.000000e+00 4.200000e+01 5.000000e+00 5.000000e+00 2.700000e+01 2.668692e+01
1.000000e+00 5.000000e+00 5.400000e+01 5.000000e+00 9.000000e+00 3.700000e+01 3.967428e+01
1.000000e+00 9.000000e+00 4.300000e+01 8.000000e+00 3.000000e+00 4.300000e+01 4.013298e+01
1.000000e+00 9.000000e+00 8.400000e+01 4.000000e+00 3.000000e+00 7.700000e+01 7.992213e+01
1.000000e+00 6.000000e+00 7.700000e+01 6.000000e+00 9.000000e+00 6.500000e+01 6.638831e+01
1.000000e+00 4.000000e+00 5.900000e+01 4.000000e+00 4.000000e+00 4.300000e+01 4.045453e+01
1.000000e+00 2.000000e+00 8.800000e+01 8.000000e+00 6.000000e+00 6.400000e+01 6.654726e+01
1.000000e+00 3.000000e+00 6.200000e+01 9.000000e+00 6.000000e+00 4.300000e+01 4.343116e+01
1.000000e+00 2.000000e+00 7.600000e+01 6.000000e+00 9.000000e+00 5.700000e+01 5.397929e+01
1.000000e+00 5.000000e+00 8.600000e+01 7.000000e+00 6.000000e+00 7.300000e+01 7.258107e+01
1.000000e+00 6.000000e+00 4.700000e+01 6.000000e+00 4.000000e+00 3.200000e+01 3.489999e+01
1.000000e+00 5.000000e+00 9.600000e+01 6.000000e+00 8.000000e+00 8.500000e+01 8.266616e+01
1.000000e+00 2.000000e+00 7.600000e+01 6.000000e+00 1.000000e+00 5.400000e+01 5.241117e+01
1.000000e+00 5.000000e+00 9.500000e+01 6.000000e+00 7.000000e+00 8.100000e+01 8.145320e+01
1.000000e+00 9.000000e+00 8.400000e+01 9.000000e+00 9.000000e+00 7.900000e+01 8.348003e+01
1.000000e+00 4.000000e+00 7.200000e+01 6.000000e+00 7.000000e+00 5.800000e+01 5.521553e+01
1.000000e+00 2.000000e+00 7.200000e+01 8.000000e+00 2.000000e+00 5.300000e+01 4.949214e+01
1.000000e+00 3.000000e+00 4.600000e+01 6.000000e+00 4.000000e+00 2.500000e+01 2.533899e+01
1.000000e+00 3.000000e+00 6.100000e+01 9.000000e+00 7.000000e+00 4.100000e+01 4.261024e+01
1.000000e+00 9.000000e+00 4.400000e+01 8.000000e+00 9.000000e+00 4.400000e+01 4.232601e+01
1.000000e+00 4.000000e+00 8.500000e+01 6.000000e+00 8.000000e+00 7.000000e+01 6.863178e+01
1.000000e+00 1.000000e+00 5.400000e+01 6.000000e+00 6.000000e+00 2.900000e+01 2.817052e+01
1.000000e+00 1.000000e+00 6.000000e+01 8.000000e+00 3.000000e+00 3.400000e+01 3.463684e+01
1.000000e+00 7.000000e+00 6.400000e+01 6.000000e+00 3.000000e+00 5.600000e+01 5.483999e+01
1.000000e+00 7.000000e+00 5.600000e+01 9.000000e+00 2.000000e+00 4.900000e+01 4.793752e+01
1.000000e+00 2.000000e+00 9.500000e+01 5.000000e+00 7.000000e+00 7.800000e+01 7.243279e+01
1.000000e+00 9.000000e+00 8.900000e+01 6.000000e+00 5.000000e+00 8.800000e+01 8.635159e+01
1.000000e+00 9.000000e+00 4.600000e+01 7.000000e+00 9.000000e+00 4.500000e+01 4.388354e+01
1.000000e+00 5.000000e+00 9.300000e+01 8.000000e+00 5.000000e+00 7.700000e+01 7.998000e+01
1.000000e+00 3.000000e+00 9.700000e+01 9.000000e+00 9.000000e+00 7.600000e+01 7.961216e+01
1.000000e+00 3.000000e+00 8.900000e+01 6.000000e+00 9.000000e+00 7.000000e+01 7.004755e+01
1.000000e+00 3.000000e+00 9.900000e+01 6.000000e+00 8.000000e+00 8.000000e+01 8.002094e+01
1.000000e+00 6.000000e+00 5.800000e+01 8.000000e+00 2.000000e+00 4.500000e+01 4.664703e+01
1.000000e+00 4.000000e+00 9.100000e+01 4.000000e+00 3.000000e+00 7.100000e+01 7.280063e+01
1.000000e+00 8.000000e+00 4.600000e+01 9.000000e+00 2.000000e+00 4.200000e+01 4.061613e+01
1.000000e+00 5.000000e+00 7.900000e+01 9.000000e+00 2.000000e+00 6.500000e+01 6.563114e+01
1.000000e+00 1.000000e+00 8.400000e+01 5.000000e+00 0.000000e+00 5.600000e+01 5.702630e+01
1.000000e+00 9.000000e+00 9.800000e+01 5.000000e+00 9.000000e+00 9.300000e+01 9.581177e+01
1.000000e+00 1.000000e+00 8.900000e+01 6.000000e+00 5.000000e+00 6.200000e+01 6.356745e+01
1.000000e+00 6.000000e+00 6.300000e+01 8.000000e+00 8.000000e+00 5.200000e+01 5.290783e+01
1.000000e+00 1.000000e+00 5.000000e+01 7.000000e+00 4.000000e+00 2.400000e+01 2.418708e+01
1.000000e+00 3.000000e+00 8.000000e+01 6.000000e+00 9.000000e+00 6.100000e+01 6.089508e+01
1.000000e+00 5.000000e+00 9.400000e+01 5.000000e+00 1.000000e+00 7.800000e+01 7.878380e+01
1.000000e+00 7.000000e+00 4.000000e+01 6.000000e+00 9.000000e+00 2.800000e+01 3.160949e+01
1.000000e+00 8.000000e+00 9.300000e+01 8.000000e+00 3.000000e+00 8.600000e+01 8.813203e+01
1.000000e+00 9.000000e+00 7.100000e+01 9.000000e+00 5.000000e+00 6.900000e+01 6.947573e+01
1.000000e+00 6.000000e+00 7.900000e+01 9.000000e+00 6.000000e+00 7.100000e+01 6.926322e+01
1.000000e+00 9.000000e+00 9.200000e+01 9.000000e+00 6.000000e+00 9.100000e+01 9.102751e+01
1.000000e+00 8.000000e+00 8.300000e+01 9.000000e+00 3.000000e+00 7.900000e+01 7.843897e+01
1.000000e+00 9.000000e+00 4.100000e+01 7.000000e+00 9.000000e+00 4.100000e+01 3.879883e+01
1.000000e+00 4.000000e+00 5.400000e+01 4.000000e+00 9.000000e+00 3.600000e+01 3.634990e+01
1.000000e+00 9.000000e+00 6.000000e+01 7.000000e+00 4.000000e+00 5.700000e+01 5.714064e+01
1.000000e+00 7.000000e+00 6.300000e+01 6.000000e+00 3.000000e+00 5.400000e+01 5.382305e+01
1.000000e+00 5.000000e+00 8.900000e+01 5.000000e+00 9.000000e+00 7.500000e+01 7.526722e+01
1.000000e+00 5.000000e+00 5.600000e+01 8.000000e+00 5.000000e+00 4.000000e+01 4.235318e+01
1.000000e+00 1.000000e+00 8.600000e+01 6.000000e+00 6.000000e+00 6.100000e+01 6.071264e+01
1.000000e+00 2.000000e+00 9.100000e+01 4.000000e+00 1.000000e+00 6.700000e+01 6.671257e+01
1.000000e+00 3.000000e+00 9.100000e+01 8.000000e+00 9.000000e+00 7.200000e+01 7.303415e+01
1.000000e+00 8.000000e+00 4.800000e+01 8.000000e+00 2.000000e+00 4.200000e+01 4.217365e+01
1.000000e+00 6.000000e+00 7.400000e+01 8.000000e+00 7.000000e+00 6.000000e+01 6.389817e+01
1.000000e+00 5.000000e+00 5.900000e+01 6.000000e+00 6.000000e+00 4.100000e+01 4.464730e+01
1.000000e+00 1.000000e+00 5.800000e+01 4.000000e+00 0.000000e+00 3.200000e+01 3.010947e+01
1.000000e+00 9.000000e+00 5.700000e+01 6.000000e+00 3.000000e+00 5.300000e+01 5.341744e+01
1.000000e+00 3.000000e+00 5.900000e+01 8.000000e+00 4.000000e+00 4.200000e+01 3.951195e+01
1.000000e+00 3.000000e+00 6.900000e+01 8.000000e+00 2.000000e+00 4.900000e+01 4.928933e+01
1.000000e+00 2.000000e+00 7.900000e+01 5.000000e+00 3.000000e+00 5.600000e+01 5.537766e+01
1.000000e+00 4.000000e+00 4.000000e+01 7.000000e+00 9.000000e+00 2.400000e+01 2.354180e+01
1.000000e+00 2.000000e+00 6.300000e+01 6.000000e+00 9.000000e+00 3.900000e+01 4.075906e+01
1.000000e+00 9.000000e+00 6.300000e+01 4.000000e+00 9.000000e+00 6.100000e+01 5.974246e+01
1.000000e+00 7.000000e+00 8.600000e+01 8.000000e+00 6.000000e+00 7.800000e+01 7.875347e+01
1.000000e+00 8.000000e+00 5.800000e+01 6.000000e+00 7.000000e+00 5.300000e+01 5.237042e+01
1.000000e+00 3.000000e+00 6.900000e+01 7.000000e+00 8.000000e+00 4.800000e+01 4.998907e+01
1.000000e+00 6.000000e+00 6.500000e+01 6.000000e+00 1.000000e+00 5.400000e+01 5.261688e+01
1.000000e+00 6.000000e+00 8.100000e+01 7.000000e+00 3.000000e+00 7.000000e+01 6.975633e+01
1.000000e+00 1.000000e+00 8.300000e+01 6.000000e+00 0.000000e+00 5.900000e+01 5.648572e+01
1.000000e+00 6.000000e+00 9.900000e+01 5.000000e+00 2.000000e+00 8.900000e+01 8.691254e+01
1.000000e+00 3.000000e+00 7.700000e+01 6.000000e+00 7.000000e+00 5.800000e+01 5.745222e+01
1.000000e+00 3.000000e+00 6.800000e+01 9.000000e+00 6.000000e+00 5.200000e+01 4.953281e+01
1.000000e+00 3.000000e+00 5.200000e+01 5.000000e+00 7.000000e+00 3.200000e+01 3.155233e+01
1.000000e+00 8.000000e+00 4.300000e+01 7.000000e+00 5.000000e+00 3.200000e+01 3.720063e+01
1.000000e+00 5.000000e+00 8.400000e+01 8.000000e+00 4.000000e+00 6.900000e+01 7.063152e+01
1.000000e+00 4.000000e+00 5.600000e+01 8.000000e+00 9.000000e+00 4.000000e+01 4.028922e+01
1.000000e+00 9.000000e+00 7.200000e+01 6.000000e+00 8.000000e+00 7.300000e+01 6.965164e+01
1.000000e+00 9.000000e+00 4.400000e+01 4.000000e+00 4.000000e+00 3.900000e+01 3.944050e+01
1.000000e+00 1.000000e+00 6.700000e+01 6.000000e+00 8.000000e+00 4.000000e+01 4.178279e+01
1.000000e+00 2.000000e+00 6.300000e+01 5.000000e+00 3.000000e+00 3.500000e+01 3.910660e+01
1.000000e+00 8.000000e+00 5.600000e+01 5.000000e+00 4.000000e+00 5.200000e+01 4.927213e+01
1.000000e+00 5.000000e+00 8.900000e+01 7.000000e+00 0.000000e+00 7.700000e+01 7.445580e+01
1.000000e+00 7.000000e+00 7.800000e+01 6.000000e+00 5.000000e+00 6.700000e+01 6.946920e+01
1.000000e+00 1.000000e+00 8.700000e+01 7.000000e+00 2.000000e+00 5.800000e+01 6.142188e+01
1.000000e+00 5.000000e+00 7.900000e+01 4.000000e+00 9.000000e+00 6.600000e+01 6.462145e+01
1.000000e+00 3.000000e+00 8.300000e+01 8.000000e+00 1.000000e+00 6.600000e+01 6.333049e+01
1.000000e+00 2.000000e+00 8.500000e+01 8.000000e+00 5.000000e+00 6.200000e+01 6.330042e+01
1.000000e+00 2.000000e+00 9.000000e+01 6.000000e+00 0.000000e+00 6.600000e+01 6.645233e+01
1.000000e+00 9.000000e+00 5.000000e+01 7.000000e+00 8.000000e+00 4.900000e+01 4.775529e+01
1.000000e+00 4.000000e+00 5.100000e+01 7.000000e+00 4.000000e+00 3.200000e+01 3.374808e+01
1.000000e+00 4.000000e+00 5.200000e+01 4.000000e+00 6.000000e+00 3.200000e+01 3.372797e+01
1.000000e+00 7.000000e+00 4.700000e+01 7.000000e+00 9.000000e+00 3.800000e+01 3.920444e+01
1.000000e+00 2.000000e+00 4.000000e+01 9.000000e+00 8.000000e+00 1.600000e+01 1.860247e+01
1.000000e+00 3.000000e+00 4.800000e+01 9.000000e+00 8.000000e+00 3.500000e+01 2.958602e+01
1.000000e+00 3.000000e+00 6.700000e+01 5.000000e+00 6.000000e+00 4.900000e+01 4.661043e+01
1.000000e+00 6.000000e+00 4.100000e+01 9.000000e+00 3.000000e+00 2.900000e+01 3.003140e+01
1.000000e+00 3.000000e+00 5.300000e+01 9.000000e+00 3.000000e+00 3.400000e+01 3.369064e+01
1.000000e+00 5.000000e+00 5.200000e+01 5.000000e+00 6.000000e+00 3.300000e+01 3.705235e+01
1.000000e+00 4.000000e+00 8.700000e+01 9.000000e+00 7.000000e+00 7.300000e+01 7.189873e+01
1.000000e+00 3.000000e+00 4.100000e+01 9.000000e+00 6.000000e+00 2.300000e+01 2.207540e+01
1.000000e+00 8.000000e+00 4.300000e+01 5.000000e+00 9.000000e+00 3.500000e+01 3.703198e+01
1.000000e+00 3.000000e+00 5.100000e+01 6.000000e+00 3.000000e+00 3.000000e+01 3.022768e+01
1.000000e+00 6.000000e+00 8.700000e+01 5.000000e+00 3.000000e+00 7.300000e+01 7.490526e+01
1.000000e+00 7.000000e+00 4.900000e+01 5.000000e+00 7.000000e+00 4.300000e+01 3.989357e+01
1.000000e+00 7.000000e+00 4.200000e+01 9.000000e+00 8.000000e+00 3.800000e+01 3.487644e+01
1.000000e+00 2.000000e+00 4.300000e+01 8.000000e+00 6.000000e+00 2.100000e+01 2.078490e+01
1.000000e+00 3.000000e+00 4.500000e+01 9.000000e+00 2.000000e+00 2.600000e+01 2.535910e+01
1.000000e+00 4.000000e+00 6.200000e+01 6.000000e+00 9.000000e+00 4.300000e+01 4.543815e+01
1.000000e+00 7.000000e+00 4.400000e+01 5.000000e+00 0.000000e+00 3.200000e+01 3.343676e+01
1.000000e+00 2.000000e+00 8.900000e+01 4.000000e+00 4.000000e+00 6.400000e+01 6.526673e+01
1.000000e+00 3.000000e+00 4.200000e+01 5.000000e+00 5.000000e+00 2.000000e+01 2.099088e+01
1.000000e+00 7.000000e+00 4.900000e+01 6.000000e+00 8.000000e+00 4.100000e+01 4.056595e+01
1.000000e+00 7.000000e+00 8.200000e+01 7.000000e+00 4.000000e+00 7.000000e+01 7.381731e+01
1.000000e+00 3.000000e+00 5.800000e+01 9.000000e+00 0.000000e+00 3.600000e+01 3.818730e+01
1.000000e+00 1.000000e+00 5.300000e+01 8.000000e+00 3.000000e+00 2.600000e+01 2.751825e+01
1.000000e+00 3.000000e+00 6.000000e+01 8.000000e+00 1.000000e+00 3.700000e+01 3.994084e+01
1.000000e+00 5.000000e+00 9.900000e+01 9.000000e+00 3.000000e+00 8.900000e+01 8.616598e+01
1.000000e+00 7.000000e+00 8.200000e+01 9.000000e+00 6.000000e+00 7.700000e+01 7.516206e+01
1.000000e+00 4.000000e+00 6.700000e+01 6.000000e+00 8.000000e+00 4.700000e+01 5.032684e+01
1.000000e+00 1.000000e+00 6.000000e+01 5.000000e+00 2.000000e+00 3.300000e+01 3.301174e+01
1.000000e+00 6.000000e+00 7.500000e+01 4.000000e+00 2.000000e+00 6.100000e+01 6.202959e+01
1.000000e+00 2.000000e+00 6.300000e+01 5.000000e+00 3.000000e+00 3.900000e+01 3.910660e+01
1.000000e+00 3.000000e+00 9.300000e+01 5.000000e+00 6.000000e+00 7.400000e+01 7.305091e+01
1.000000e+00 4.000000e+00 7.700000e+01 4.000000e+00 5.000000e+00 5.400000e+01 5.895549e+01
1.000000e+00 6.000000e+00 5.600000e+01 8.000000e+00 4.000000e+00 4.700000e+01 4.500518e+01
1.000000e+00 6.000000e+00 6.100000e+01 5.000000e+00 3.000000e+00 4.900000e+01 4.846479e+01
1.000000e+00 7.000000e+00 5.800000e+01 7.000000e+00 7.000000e+00 5.300000e+01 4.999877e+01
1.000000e+00 5.000000e+00 8.400000e+01 7.000000e+00 3.000000e+00 6.600000e+01 6.995914e+01
1.000000e+00 7.000000e+00 9.300000e+01 6.000000e+00 2.000000e+00 8.400000e+01 8.413527e+01
1.000000e+00 2.000000e+00 4.900000e+01 6.000000e+00 6.000000e+00 2.700000e+01 2.593383e+01
1.000000e+00 1.000000e+00 5.000000e+01 4.000000e+00 1.000000e+00 2.300000e+01 2.216995e+01
1.000000e+00 8.000000e+00 7.700000e+01 4.000000e+00 3.000000e+00 7.200000e+01 6.995553e+01
1.000000e+00 1.000000e+00 4.100000e+01 6.000000e+00 7.000000e+00 1.600000e+01 1.514630e+01
1.000000e+00 2.000000e+00 7.200000e+01 9.000000e+00 3.000000e+00 4.700000e+01 5.016451e+01
1.000000e+00 6.000000e+00 8.200000e+01 5.000000e+00 9.000000e+00 7.300000e+01 7.099665e+01
1.000000e+00 1.000000e+00 7.000000e+01 9.000000e+00 6.000000e+00 4.500000e+01 4.587066e+01
1.000000e+00 3.000000e+00 8.700000e+01 8.000000e+00 1.000000e+00 6.800000e+01 6.739826e+01
1.000000e+00 7.000000e+00 7.400000e+01 7.000000e+00 4.000000e+00 6.900000e+01 6.568178e+01
1.000000e+00 8.000000e+00 7.600000e+01 4.000000e+00 3.000000e+00 6.900000e+01 6.893858e+01
1.000000e+00 4.000000e+00 8.600000e+01 6.000000e+00 8.000000e+00 6.900000e+01 6.964873e+01
1.000000e+00 3.000000e+00 8.600000e+01 7.000000e+00 6.000000e+00 6.500000e+01 6.688504e+01
1.000000e+00 1.000000e+00 7.500000e+01 9.000000e+00 8.000000e+00 4.800000e+01 5.134740e+01
1.000000e+00 9.000000e+00 6.200000e+01 4.000000e+00 9.000000e+00 5.700000e+01 5.872552e+01
1.000000e+00 6.000000e+00 7.500000e+01 4.000000e+00 6.000000e+00 6.200000e+01 6.281366e+01
1.000000e+00 6.000000e+00 7.900000e+01 5.000000e+00 1.000000e+00 7.000000e+01 6.637770e+01
1.000000e+00 9.000000e+00 7.800000e+01 4.000000e+00 1.000000e+00 7.300000e+01 7.342845e+01
1.000000e+00 1.000000e+00 6.500000e+01 8.000000e+00 1.000000e+00 3.900000e+01 3.932951e+01
1.000000e+00 6.000000e+00 6.400000e+01 4.000000e+00 4.000000e+00 5.300000e+01 5.123527e+01
1.000000e+00 5.000000e+00 5.600000e+01 8.000000e+00 0.000000e+00 4.000000e+01 4.137310e+01
1.000000e+00 6.000000e+00 5.400000e+01 9.000000e+00 6.000000e+00 4.700000e+01 4.383969e+01
1.000000e+00 8.000000e+00 7.600000e+01 5.000000e+00 1.000000e+00 6.800000e+01 6.902291e+01
1.000000e+00 5.000000e+00 8.400000e+01 8.000000e+00 3.000000e+00 7.300000e+01 7.043550e+01
1.000000e+00 2.000000e+00 4.300000e+01 9.000000e+00 8.000000e+00 2.300000e+01 2.165329e+01
1.000000e+00 2.000000e+00 6.100000e+01 7.000000e+00 7.000000e+00 3.900000e+01 3.880950e+01
1.000000e+00 5.000000e+00 5.600000e+01 4.000000e+00 9.000000e+00 4.000000e+01 4.123180e+01
1.000000e+00 3.000000e+00 6.100000e+01 6.000000e+00 1.000000e+00 4.200000e+01 4.000506e+01
1.000000e+00 3.000000e+00 5.600000e+01 6.000000e+00 3.000000e+00 3.500000e+01 3.531239e+01
1.000000e+00 8.000000e+00 5.300000e+01 8.000000e+00 3.000000e+00 4.700000e+01 4.745437e+01
1.000000e+00 7.000000e+00 5.300000e+01 5.000000e+00 1.000000e+00 4.600000e+01 4.278524e+01
1.000000e+00 1.000000e+00 5.600000e+01 8.000000e+00 1.000000e+00 2.600000e+01 3.017704e+01
1.000000e+00 5.000000e+00 4.700000e+01 9.000000e+00 4.000000e+00 3.600000e+01 3.348105e+01
1.000000e+00 9.000000e+00 7.300000e+01 9.000000e+00 3.000000e+00 7.500000e+01 7.111758e+01
1.000000e+00 4.000000e+00 6.500000e+01 8.000000e+00 7.000000e+00 4.800000e+01 4.904966e+01
1.000000e+00 1.000000e+00 8.400000e+01 8.000000e+00 3.000000e+00 5.700000e+01 5.904343e+01
1.000000e+00 8.000000e+00 6.900000e+01 7.000000e+00 7.000000e+00 6.200000e+01 6.403314e+01
1.000000e+00 5.000000e+00 6.100000e+01 9.000000e+00 4.000000e+00 5.000000e+01 4.771823e+01
1.000000e+00 2.000000e+00 5.500000e+01 7.000000e+00 0.000000e+00 3.000000e+01 3.133574e+01
1.000000e+00 1.000000e+00 6.900000e+01 8.000000e+00 8.000000e+00 4.400000e+01 4.476939e+01
1.000000e+00 3.000000e+00 5.500000e+01 5.000000e+00 7.000000e+00 3.600000e+01 3.460315e+01
1.000000e+00 9.000000e+00 7.700000e+01 4.000000e+00 0.000000e+00 6.900000e+01 7.221550e+01
1.000000e+00 1.000000e+00 9.300000e+01 9.000000e+00 2.000000e+00 6.600000e+01 6.847625e+01
1.000000e+00 4.000000e+00 6.300000e+01 6.000000e+00 2.000000e+00 4.600000e+01 4.508298e+01
1.000000e+00 8.000000e+00 7.500000e+01 7.000000e+00 4.000000e+00 6.800000e+01 6.954674e+01
1.000000e+00 8.000000e+00 7.400000e+01 9.000000e+00 6.000000e+00 6.800000e+01 6.987455e+01
1.000000e+00 8.000000e+00 4.500000e+01 4.000000e+00 0.000000e+00 3.700000e+01 3.682536e+01
1.000000e+00 8.000000e+00 4.300000e+01 7.000000e+00 0.000000e+00 3.600000e+01 3.622055e+01
1.000000e+00 4.000000e+00 5.700000e+01 9.000000e+00 9.000000e+00 4.000000e+01 4.178252e+01
1.000000e+00 8.000000e+00 4.500000e+01 7.000000e+00 5.000000e+00 4.000000e+01 3.923452e+01
1.000000e+00 9.000000e+00 6.500000e+01 7.000000e+00 4.000000e+00 6.000000e+01 6.222534e+01
1.000000e+00 7.000000e+00 7.600000e+01 8.000000e+00 2.000000e+00 7.000000e+01 6.779999e+01
1.000000e+00 2.000000e+00 6.600000e+01 8.000000e+00 2.000000e+00 4.300000e+01 4.339049e+01
1.000000e+00 9.000000e+00 8.000000e+01 7.000000e+00 3.000000e+00 8.100000e+01 7.728345e+01
1.000000e+00 8.000000e+00 5.000000e+01 7.000000e+00 9.000000e+00 4.200000e+01 4.510329e+01
1.000000e+00 5.000000e+00 7.700000e+01 6.000000e+00 1.000000e+00 6.000000e+01 6.197216e+01
1.000000e+00 3.000000e+00 5.500000e+01 4.000000e+00 8.000000e+00 3.600000e+01 3.432281e+01
1.000000e+00 7.000000e+00 5.800000e+01 4.000000e+00 3.000000e+00 4.600000e+01 4.778562e+01
1.000000e+00 2.000000e+00 8.200000e+01 5.000000e+00 9.000000e+00 6.000000e+01 5.960458e+01
1.000000e+00 3.000000e+00 9.200000e+01 5.000000e+00 2.000000e+00 6.700000e+01 7.124990e+01
1.000000e+00 9.000000e+00 5.400000e+01 5.000000e+00 9.000000e+00 4.900000e+01 5.106635e+01
1.000000e+00 4.000000e+00 6.500000e+01 8.000000e+00 6.000000e+00 4.700000e+01 4.885365e+01
1.000000e+00 4.000000e+00 9.500000e+01 8.000000e+00 8.000000e+00 7.900000e+01 7.975392e+01
1.000000e+00 3.000000e+00 8.000000e+01 6.000000e+00 1.000000e+00 6.100000e+01 5.932695e+01
1.000000e+00 5.000000e+00 9.500000e+01 8.000000e+00 5.000000e+00 8.200000e+01 8.201389e+01
1.000000e+00 3.000000e+00 7.000000e+01 5.000000e+00 4.000000e+00 4.800000e+01 4.926922e+01
1.000000e+00 9.000000e+00 5.800000e+01 9.000000e+00 0.000000e+00 5.400000e+01 5.527541e+01
1.000000e+00 3.000000e+00 9.600000e+01 7.000000e+00 6.000000e+00 7.500000e+01 7.705445e+01
1.000000e+00 2.000000e+00 9.000000e+01 5.000000e+00 0.000000e+00 6.800000e+01 6.597597e+01
1.000000e+00 5.000000e+00 6.300000e+01 6.000000e+00 9.000000e+00 5.000000e+01 4.930311e+01
1.000000e+00 6.000000e+00 9.700000e+01 7.000000e+00 8.000000e+00 8.700000e+01 8.700748e+01
1.000000e+00 1.000000e+00 4.800000e+01 8.000000e+00 3.000000e+00 2.500000e+01 2.243354e+01
1.000000e+00 6.000000e+00 6.200000e+01 7.000000e+00 7.000000e+00 4.500000e+01 5.121851e+01
1.000000e+00 3.000000e+00 4.300000e+01 9.000000e+00 0.000000e+00 2.500000e+01 2.293318e+01
1.000000e+00 4.000000e+00 4.900000e+01 6.000000e+00 4.000000e+00 2.800000e+01 3.123783e+01
1.000000e+00 6.000000e+00 4.800000e+01 8.000000e+00 2.000000e+00 3.600000e+01 3.647762e+01
1.000000e+00 8.000000e+00 5.800000e+01 4.000000e+00 3.000000e+00 5.300000e+01 5.063364e+01
1.000000e+00 9.000000e+00 5.400000e+01 5.000000e+00 3.000000e+00 4.700000e+01 4.989025e+01
1.000000e+00 6.000000e+00 9.000000e+01 9.000000e+00 7.000000e+00 8.400000e+01 8.064559e+01
1.000000e+00 7.000000e+00 7.300000e+01 9.000000e+00 9.000000e+00 6.600000e+01 6.659764e+01
1.000000e+00 5.000000e+00 8.100000e+01 5.000000e+00 9.000000e+00 6.600000e+01 6.713169e+01
1.000000e+00 9.000000e+00 5.800000e+01 6.000000e+00 2.000000e+00 5.500000e+01 5.423836e+01
1.000000e+00 4.000000e+00 8.800000e+01 6.000000e+00 0.000000e+00 7.100000e+01 7.011448e+01
1.000000e+00 6.000000e+00 9.100000e+01 9.000000e+00 4.000000e+00 8.600000e+01 8.107448e+01
1.000000e+00 5.000000e+00 9.500000e+01 5.000000e+00 1.000000e+00 8.000000e+01 7.980074e+01
1.000000e+00 1.000000e+00 6.000000e+01 7.000000e+00 5.000000e+00 3.600000e+01 3.455251e+01
1.000000e+00 5.000000e+00 7.300000e+01 4.000000e+00 3.000000e+00 5.700000e+01 5.734371e+01
1.000000e+00 5.000000e+00 9.000000e+01 4.000000e+00 8.000000e+00 7.700000e+01 7.561179e+01
1.000000e+00 9.000000e+00 5.600000e+01 6.000000e+00 6.000000e+00 5.200000e+01 5.298854e+01
1.000000e+00 1.000000e+00 5.700000e+01 6.000000e+00 1.000000e+00 2.900000e+01 3.024126e+01
1.000000e+00 5.000000e+00 5.600000e+01 7.000000e+00 6.000000e+00 4.300000e+01 4.207283e+01
1.000000e+00 7.000000e+00 4.100000e+01 6.000000e+00 9.000000e+00 3.000000e+01 3.262644e+01
1.000000e+00 6.000000e+00 9.000000e+01 4.000000e+00 7.000000e+00 7.400000e+01 7.826379e+01
1.000000e+00 6.000000e+00 4.000000e+01 5.000000e+00 2.000000e+00 2.700000e+01 2.691301e+01
1.000000e+00 7.000000e+00 8.200000e+01 9.000000e+00 2.000000e+00 7.200000e+01 7.437800e+01
1.000000e+00 6.000000e+00 9.600000e+01 4.000000e+00 1.000000e+00 8.200000e+01 8.318934e+01
1.000000e+00 5.000000e+00 4.900000e+01 7.000000e+00 0.000000e+00 3.100000e+01 3.377815e+01
1.000000e+00 5.000000e+00 7.600000e+01 5.000000e+00 2.000000e+00 6.200000e+01 6.067488e+01
1.000000e+00 9.000000e+00 8.700000e+01 5.000000e+00 9.000000e+00 7.900000e+01 8.462541e+01
1.000000e+00 8.000000e+00 9.500000e+01 9.000000e+00 6.000000e+00 9.200000e+01 9.123032e+01
1.000000e+00 4.000000e+00 4.400000e+01 4.000000e+00 8.000000e+00 2.700000e+01 2.598447e+01
1.000000e+00 4.000000e+00 9.500000e+01 5.000000e+00 8.000000e+00 7.900000e+01 7.832484e+01
1.000000e+00 5.000000e+00 9.400000e+01 5.000000e+00 5.000000e+00 8.200000e+01 7.956787e+01
1.000000e+00 3.000000e+00 5.100000e+01 6.000000e+00 5.000000e+00 2.800000e+01 3.061971e+01
1.000000e+00 8.000000e+00 7.500000e+01 5.000000e+00 4.000000e+00 7.300000e+01 6.859402e+01
1.000000e+00 7.000000e+00 7.000000e+01 7.000000e+00 1.000000e+00 5.900000e+01 6.102597e+01
1.000000e+00 5.000000e+00 9.400000e+01 5.000000e+00 6.000000e+00 8.100000e+01 7.976388e+01
1.000000e+00 3.000000e+00 7.700000e+01 6.000000e+00 0.000000e+00 5.900000e+01 5.608011e+01
1.000000e+00 5.000000e+00 9.000000e+01 8.000000e+00 5.000000e+00 7.700000e+01 7.692918e+01
1.000000e+00 3.000000e+00 4.800000e+01 8.000000e+00 3.000000e+00 2.600000e+01 2.812958e+01
1.000000e+00 5.000000e+00 8.300000e+01 7.000000e+00 2.000000e+00 7.000000e+01 6.874618e+01
1.000000e+00 1.000000e+00 6.500000e+01 9.000000e+00 0.000000e+00 3.800000e+01 3.960986e+01
1.000000e+00 6.000000e+00 5.400000e+01 9.000000e+00 5.000000e+00 4.200000e+01 4.364367e+01
1.000000e+00 4.000000e+00 5.500000e+01 7.000000e+00 6.000000e+00 4.000000e+01 3.820787e+01
1.000000e+00 4.000000e+00 5.200000e+01 5.000000e+00 0.000000e+00 3.500000e+01 3.302823e+01
1.000000e+00 8.000000e+00 6.400000e+01 5.000000e+00 0.000000e+00 5.600000e+01 5.662360e+01
1.000000e+00 2.000000e+00 6.900000e+01 8.000000e+00 6.000000e+00 4.800000e+01 4.722538e+01
1.000000e+00 4.000000e+00 9.200000e+01 8.000000e+00 5.000000e+00 7.600000e+01 7.611505e+01
1.000000e+00 2.000000e+00 9.500000e+01 4.000000e+00 6.000000e+00 7.100000e+01 7.176041e+01
1.000000e+00 1.000000e+00 4.600000e+01 8.000000e+00 7.000000e+00 2.000000e+01 2.118372e+01
1.000000e+00 3.000000e+00 9.600000e+01 8.000000e+00 7.000000e+00 7.500000e+01 7.772682e+01
1.000000e+00 8.000000e+00 9.400000e+01 7.000000e+00 8.000000e+00 8.900000e+01 8.965269e+01
1.000000e+00 6.000000e+00 9.100000e+01 4.000000e+00 8.000000e+00 7.900000e+01 7.947675e+01
1.000000e+00 7.000000e+00 4.300000e+01 9.000000e+00 6.000000e+00 4.000000e+01 3.550135e+01
1.000000e+00 2.000000e+00 8.200000e+01 4.000000e+00 8.000000e+00 5.700000e+01 5.893221e+01
1.000000e+00 6.000000e+00 7.900000e+01 5.000000e+00 5.000000e+00 6.600000e+01 6.716176e+01
1.000000e+00 8.000000e+00 7.700000e+01 5.000000e+00 8.000000e+00 6.900000e+01 7.141197e+01
1.000000e+00 8.000000e+00 9.600000e+01 4.000000e+00 1.000000e+00 8.500000e+01 8.888538e+01
1.000000e+00 4.000000e+00 6.900000e+01 4.000000e+00 1.000000e+00 5.300000e+01 5.003589e+01
1.000000e+00 6.000000e+00 4.900000e+01 5.000000e+00 5.000000e+00 3.700000e+01 3.665353e+01
1.000000e+00 5.000000e+00 6.900000e+01 7.000000e+00 2.000000e+00 5.800000e+01 5.450901e+01
1.000000e+00 9.000000e+00 7.800000e+01 7.000000e+00 1.000000e+00 7.100000e+01 7.485753e+01
1.000000e+00 8.000000e+00 4.600000e+01 7.000000e+00 7.000000e+00 4.200000e+01 4.064349e+01
1.000000e+00 2.000000e+00 7.500000e+01 7.000000e+00 6.000000e+00 5.800000e+01 5.285066e+01
1.000000e+00 7.000000e+00 7.400000e+01 5.000000e+00 7.000000e+00 6.800000e+01 6.531711e+01
1.000000e+00 7.000000e+00 6.300000e+01 6.000000e+00 5.000000e+00 5.600000e+01 5.421508e+01
1.000000e+00 1.000000e+00 7.800000e+01 8.000000e+00 8.000000e+00 5.200000e+01 5.392186e+01
1.000000e+00 1.000000e+00 7.500000e+01 8.000000e+00 8.000000e+00 5.400000e+01 5.087104e+01
1.000000e+00 4.000000e+00 8.400000e+01 8.000000e+00 1.000000e+00 6.600000e+01 6.719545e+01
1.000000e+00 5.000000e+00 5.900000e+01 8.000000e+00 9.000000e+00 4.800000e+01 4.618806e+01
1.000000e+00 4.000000e+00 8.800000e+01 5.000000e+00 4.000000e+00 6.900000e+01 7.042219e+01
1.000000e+00 7.000000e+00 7.100000e+01 6.000000e+00 8.000000e+00 6.200000e+01 6.293866e+01
1.000000e+00 3.000000e+00 9.800000e+01 5.000000e+00 2.000000e+00 8.000000e+01 7.735155e+01
1.000000e+00 7.000000e+00 7.800000e+01 6.000000e+00 4.000000e+00 7.100000e+01 6.927318e+01
1.000000e+00 8.000000e+00 8.800000e+01 5.000000e+00 7.000000e+00 8.200000e+01 8.240230e+01
1.000000e+00 6.000000e+00 6.500000e+01 4.000000e+00 1.000000e+00 5.600000e+01 5.166416e+01
1.000000e+00 6.000000e+00 6.500000e+01 6.000000e+00 5.000000e+00 5.300000e+01 5.340095e+01
1.000000e+00 8.000000e+00 7.500000e+01 8.000000e+00 3.000000e+00 7.200000e+01 6.982708e+01
1.000000e+00 8.000000e+00 8.200000e+01 6.000000e+00 5.000000e+00 7.600000e+01 7.638498e+01
1.000000e+00 7.000000e+00 7.400000e+01 9.000000e+00 2.000000e+00 6.300000e+01 6.624247e+01
1.000000e+00 6.000000e+00 8.200000e+01 7.000000e+00 5.000000e+00 7.000000e+01 7.116531e+01
1.000000e+00 6.000000e+00 7.400000e+01 6.000000e+00 6.000000e+00 5.900000e+01 6.274943e+01
1.000000e+00 6.000000e+00 5.100000e+01 9.000000e+00 9.000000e+00 4.200000e+01 4.137691e+01
1.000000e+00 8.000000e+00 7.200000e+01 7.000000e+00 2.000000e+00 6.700000e+01 6.610388e+01
1.000000e+00 1.000000e+00 7.500000e+01 9.000000e+00 4.000000e+00 5.200000e+01 5.056333e+01
1.000000e+00 5.000000e+00 5.300000e+01 7.000000e+00 7.000000e+00 4.000000e+01 3.921802e+01
1.000000e+00 3.000000e+00 7.200000e+01 4.000000e+00 1.000000e+00 5.000000e+01 5.023870e+01
1.000000e+00 8.000000e+00 8.500000e+01 6.000000e+00 6.000000e+00 7.900000e+01 7.963182e+01
1.000000e+00 6.000000e+00 8.400000e+01 9.000000e+00 0.000000e+00 7.500000e+01 7.317183e+01
1.000000e+00 2.000000e+00 8.400000e+01 4.000000e+00 6.000000e+00 6.300000e+01 6.057406e+01
1.000000e+00 7.000000e+00 6.300000e+01 8.000000e+00 0.000000e+00 5.600000e+01 5.418772e+01
1.000000e+00 7.000000e+00 5.400000e+01 6.000000e+00 3.000000e+00 4.000000e+01 4.467058e+01
1.000000e+00 5.000000e+00 7.000000e+01 5.000000e+00 3.000000e+00 5.700000e+01 5.476924e+01
1.000000e+00 8.000000e+00 5.600000e+01 5.000000e+00 4.000000e+00 5.000000e+01 4.927213e+01
1.000000e+00 5.000000e+00 5.100000e+01 5.000000e+00 1.000000e+00 3.900000e+01 3.505533e+01
1.000000e+00 1.000000e+00 6.100000e+01 9.000000e+00 5.000000e+00 3.600000e+01 3.652217e+01
1.000000e+00 9.000000e+00 6.200000e+01 9.000000e+00 5.000000e+00 5.900000e+01 6.032325e+01
1.000000e+00 4.000000e+00 6.500000e+01 7.000000e+00 7.000000e+00 4.900000e+01 4.857330e+01
1.000000e+00 2.000000e+00 5.300000e+01 5.000000e+00 9.000000e+00 2.600000e+01 3.011328e+01
1.000000e+00 4.000000e+00 5.100000e+01 8.000000e+00 0.000000e+00 2.800000e+01 3.344037e+01
1.000000e+00 9.000000e+00 8.900000e+01 9.000000e+00 3.000000e+00 8.800000e+01 8.738864e+01
1.000000e+00 2.000000e+00 4.300000e+01 6.000000e+00 1.000000e+00 1.700000e+01 1.885210e+01
1.000000e+00 4.000000e+00 9.800000e+01 9.000000e+00 7.000000e+00 8.100000e+01 8.308508e+01
1.000000e+00 2.000000e+00 8.500000e+01 6.000000e+00 3.000000e+00 6.300000e+01 6.195567e+01
1.000000e+00 5.000000e+00 9.000000e+01 9.000000e+00 7.000000e+00 7.400000e+01 7.779757e+01
1.000000e+00 3.000000e+00 5.200000e+01 7.000000e+00 1.000000e+00 3.200000e+01 3.132895e+01
1.000000e+00 2.000000e+00 9.600000e+01 7.000000e+00 3.000000e+00 7.200000e+01 7.361838e+01
1.000000e+00 9.000000e+00 9.400000e+01 7.000000e+00 8.000000e+00 9.100000e+01 9.250070e+01
1.000000e+00 5.000000e+00 5.700000e+01 8.000000e+00 4.000000e+00 4.400000e+01 4.317410e+01
1.000000e+00 5.000000e+00 8.200000e+01 9.000000e+00 5.000000e+00 6.600000e+01 6.927001e+01
1.000000e+00 1.000000e+00 6.700000e+01 6.000000e+00 9.000000e+00 4.500000e+01 4.197880e+01
1.000000e+00 6.000000e+00 7.700000e+01 9.000000e+00 8.000000e+00 6.800000e+01 6.762137e+01
1.000000e+00 7.000000e+00 8.000000e+01 4.000000e+00 8.000000e+00 7.100000e+01 7.113841e+01
1.000000e+00 1.000000e+00 8.300000e+01 7.000000e+00 6.000000e+00 5.900000e+01 5.813818e+01
1.000000e+00 9.000000e+00 5.800000e+01 5.000000e+00 1.000000e+00 5.600000e+01 5.356599e+01
1.000000e+00 8.000000e+00 8.500000e+01 4.000000e+00 6.000000e+00 7.800000e+01 7.867910e+01
1.000000e+00 8.000000e+00 8.600000e+01 4.000000e+00 8.000000e+00 8.100000e+01 8.008808e+01
1.000000e+00 7.000000e+00 8.200000e+01 7.000000e+00 1.000000e+00 7.400000e+01 7.322926e+01
1.000000e+00 5.000000e+00 7.700000e+01 5.000000e+00 6.000000e+00 6.500000e+01 6.247588e+01
1.000000e+00 3.000000e+00 8.500000e+01 7.000000e+00 6.000000e+00 6.500000e+01 6.586809e+01
1.000000e+00 9.000000e+00 4.200000e+01 7.000000e+00 2.000000e+00 4.000000e+01 3.844366e+01
1.000000e+00 7.000000e+00 5.800000e+01 5.000000e+00 5.000000e+00 4.900000e+01 4.865401e+01
1.000000e+00 8.000000e+00 5.900000e+01 4.000000e+00 7.000000e+00 5.400000e+01 5.243465e+01
1.000000e+00 6.000000e+00 6.400000e+01 4.000000e+00 9.000000e+00 4.800000e+01 5.221535e+01
1.000000e+00 5.000000e+00 5.000000e+01 9.000000e+00 7.000000e+00 4.000000e+01 3.711992e+01
1.000000e+00 8.000000e+00 9.500000e+01 5.000000e+00 2.000000e+00 9.000000e+01 8.854081e+01
1.000000e+00 3.000000e+00 5.600000e+01 4.000000e+00 5.000000e+00 3.600000e+01 3.475170e+01
1.000000e+00 7.000000e+00 9.900000e+01 8.000000e+00 1.000000e+00 8.900000e+01 9.099362e+01
1.000000e+00 2.000000e+00 9.800000e+01 7.000000e+00 1.000000e+00 7.800000e+01 7.526023e+01
1.000000e+00 3.000000e+00 8.800000e+01 8.000000e+00 7.000000e+00 6.900000e+01 6.959129e+01
1.000000e+00 2.000000e+00 9.400000e+01 8.000000e+00 9.000000e+00 7.500000e+01 7.323696e+01
1.000000e+00 5.000000e+00 7.400000e+01 9.000000e+00 4.000000e+00 5.800000e+01 6.093846e+01
1.000000e+00 7.000000e+00 5.300000e+01 9.000000e+00 4.000000e+00 4.400000e+01 4.527873e+01
1.000000e+00 1.000000e+00 9.800000e+01 9.000000e+00 3.000000e+00 7.400000e+01 7.375697e+01
1.000000e+00 9.000000e+00 7.800000e+01 8.000000e+00 9.000000e+00 7.500000e+01 7.690202e+01
1.000000e+00 1.000000e+00 9.600000e+01 6.000000e+00 3.000000e+00 6.900000e+01 7.029401e+01
1.000000e+00 1.000000e+00 5.800000e+01 6.000000e+00 7.000000e+00 3.400000e+01 3.243430e+01
1.000000e+00 8.000000e+00 4.200000e+01 8.000000e+00 2.000000e+00 3.800000e+01 3.607200e+01
1.000000e+00 6.000000e+00 7.300000e+01 7.000000e+00 2.000000e+00 5.800000e+01 6.142479e+01
1.000000e+00 6.000000e+00 9.700000e+01 8.000000e+00 7.000000e+00 9.200000e+01 8.728782e+01
1.000000e+00 9.000000e+00 8.800000e+01 8.000000e+00 2.000000e+00 8.400000e+01 8.569932e+01
1.000000e+00 4.000000e+00 8.000000e+01 9.000000e+00 1.000000e+00 6.200000e+01 6.360405e+01
1.000000e+00 8.000000e+00 6.100000e+01 9.000000e+00 4.000000e+00 5.900000e+01 5.626228e+01
1.000000e+00 4.000000e+00 7.700000e+01 9.000000e+00 2.000000e+00 6.200000e+01 6.074924e+01
1.000000e+00 2.000000e+00 9.500000e+01 6.000000e+00 5.000000e+00 7.500000e+01 7.251711e+01
1.000000e+00 8.000000e+00 6.600000e+01 8.000000e+00 6.000000e+00 5.900000e+01 6.126266e+01
1.000000e+00 7.000000e+00 6.000000e+01 7.000000e+00 2.000000e+00 5.200000e+01 5.105257e+01
1.000000e+00 4.000000e+00 8.000000e+01 7.000000e+00 8.000000e+00 6.900000e+01 6.402344e+01
1.000000e+00 9.000000e+00 7.000000e+01 9.000000e+00 9.000000e+00 6.700000e+01 6.924285e+01
1.000000e+00 9.000000e+00 6.600000e+01 9.000000e+00 0.000000e+00 6.500000e+01 6.341094e+01
1.000000e+00 8.000000e+00 7.600000e+01 8.000000e+00 6.000000e+00 7.000000e+01 7.143207e+01
1.000000e+00 1.000000e+00 4.100000e+01 7.000000e+00 3.000000e+00 1.200000e+01 1.483859e+01
1.000000e+00 7.000000e+00 9.300000e+01 8.000000e+00 6.000000e+00 8.600000e+01 8.587206e+01
1.000000e+00 5.000000e+00 8.600000e+01 6.000000e+00 8.000000e+00 7.300000e+01 7.249674e+01
1.000000e+00 7.000000e+00 4.800000e+01 8.000000e+00 8.000000e+00 4.100000e+01 4.050173e+01
1.000000e+00 9.000000e+00 5.800000e+01 9.000000e+00 0.000000e+00 5.500000e+01 5.527541e+01
1.000000e+00 2.000000e+00 8.100000e+01 4.000000e+00 9.000000e+00 6.200000e+01 5.811128e+01
1.000000e+00 4.000000e+00 7.500000e+01 6.000000e+00 3.000000e+00 6.100000e+01 5.748229e+01
1.000000e+00 4.000000e+00 4.900000e+01 7.000000e+00 6.000000e+00 3.300000e+01 3.210623e+01
1.000000e+00 2.000000e+00 9.800000e+01 7.000000e+00 9.000000e+00 7.700000e+01 7.682836e+01
1.000000e+00 3.000000e+00 7.900000e+01 9.000000e+00 5.000000e+00 6.300000e+01 6.052315e+01
1.000000e+00 8.000000e+00 9.300000e+01 9.000000e+00 8.000000e+00 9.100000e+01 8.958846e+01
1.000000e+00 9.000000e+00 8.400000e+01 6.000000e+00 6.000000e+00 8.200000e+01 8.146290e+01
1.000000e+00 6.000000e+00 7.800000e+01 9.000000e+00 2.000000e+00 7.200000e+01 6.746221e+01
1.000000e+00 2.000000e+00 4.600000e+01 4.000000e+00 6.000000e+00 2.000000e+01 2.193029e+01
1.000000e+00 2.000000e+00 4.300000e+01 6.000000e+00 9.000000e+00 2.000000e+01 2.042023e+01
1.000000e+00 7.000000e+00 5.400000e+01 9.000000e+00 4.000000e+00 4.600000e+01 4.629567e+01
1.000000e+00 8.000000e+00 5.100000e+01 5.000000e+00 1.000000e+00 4.400000e+01 4.359938e+01
1.000000e+00 8.000000e+00 8.700000e+01 4.000000e+00 9.000000e+00 7.900000e+01 8.130103e+01
1.000000e+00 6.000000e+00 4.500000e+01 6.000000e+00 2.000000e+00 3.400000e+01 3.247407e+01
1.000000e+00 8.000000e+00 9.900000e+01 5.000000e+00 5.000000e+00 9.200000e+01 9.319663e+01
1.000000e+00 1.000000e+00 4.800000e+01 8.000000e+00 5.000000e+00 2.500000e+01 2.282557e+01
1.000000e+00 9.000000e+00 7.400000e+01 4.000000e+00 6.000000e+00 6.900000e+01 7.034077e+01
1.000000e+00 1.000000e+00 4.700000e+01 8.000000e+00 5.000000e+00 2.000000e+01 2.180863e+01
1.000000e+00 3.000000e+00 4.600000e+01 5.000000e+00 8.000000e+00 2.700000e+01 2.564670e+01
1.000000e+00 9.000000e+00 4.300000e+01 7.000000e+00 4.000000e+00 4.000000e+01 3.985263e+01
1.000000e+00 5.000000e+00 9.700000e+01 7.000000e+00 4.000000e+00 8.300000e+01 8.337539e+01
1.000000e+00 9.000000e+00 5.200000e+01 9.000000e+00 7.000000e+00 5.000000e+01 5.054587e+01
1.000000e+00 9.000000e+00 5.800000e+01 7.000000e+00 7.000000e+00 5.500000e+01 5.569480e+01
1.000000e+00 6.000000e+00 4.600000e+01 8.000000e+00 0.000000e+00 3.900000e+01 3.405170e+01
1.000000e+00 1.000000e+00 4.900000e+01 4.000000e+00 2.000000e+00 2.300000e+01 2.134903e+01
1.000000e+00 7.000000e+00 6.400000e+01 8.000000e+00 5.000000e+00 5.800000e+01 5.618474e+01
1.000000e+00 6.000000e+00 8.300000e+01 8.000000e+00 5.000000e+00 7.400000e+01 7.265861e+01
1.000000e+00 9.000000e+00 9.700000e+01 7.000000e+00 0.000000e+00 9.500000e+01 9.398340e+01
1.000000e+00 7.000000e+00 7.400000e+01 8.000000e+00 1.000000e+00 6.400000e+01 6.557009e+01
